day,p09,p16,overnight,intraday,gap_days
2017-08-18,4331.71,4136.28,0.001498186223622966,-0.045116131966359774,1.0
2017-08-19,4095.0,4076.12,-0.009979982012823019,-0.004610500610500612,1.0
2017-08-20,4108.47,4164.6,0.007936468995024759,0.013662020168091704,1.0
2017-08-21,4000.0,4027.05,-0.039523603707439015,0.006762500000000005,1.0
2017-08-22,3934.01,3984.24,-0.023103760817471786,0.012768142429734342,1.0
2017-08-23,4215.68,4117.07,0.05808887014838482,-0.023391244117200727,1.0
2017-08-24,4150.89,4216.07,0.008214579786110177,0.015702656538718163,1.0
2017-08-25,4309.69,4307.17,0.02220551366557011,-0.0005847288320040001,1.0
2017-08-26,4243.98,4293.52,-0.014670885987783322,0.011673005056574537,1.0
2017-08-27,4298.66,4368.41,0.001197152918817057,0.01622598670283293,1.0
2017-08-28,4280.0,4321.65,-0.020238484940744983,0.009731308411214945,1.0
2017-08-29,4408.08,4555.55,0.019999305820693536,0.03345447451044459,1.0
2017-08-30,4570.0,4536.82,0.0031719550877500335,-0.007260393873085413,1.0
2017-08-31,4673.87,4698.77,0.030208383845953923,0.005327490922939715,1.0
2017-09-01,4793.0,4813.24,0.020054184392936714,0.004222824953056481,1.0
2017-09-02,4604.97,4509.77,-0.04327022961664062,-0.02067331600423017,1.0
2017-09-03,4510.99,4529.0,0.0002705237739395461,0.003992471719068469,1.0
2017-09-04,4106.81,4203.67,-0.09321925369838813,0.023585215775747903,1.0
2017-09-05,4221.83,4442.48,0.00432003463640096,0.05226406558293428,1.0
2017-09-07,4674.0,4754.21,0.05211503484540181,0.017160890029952913,2.0
2017-09-08,4647.01,4190.01,-0.02254843601776102,-0.09834280537377793,1.0
2017-09-09,4326.8,4253.7,0.03264670012720727,-0.016894702782657034,1.0
2017-09-10,4059.99,4274.32,-0.045539177657098584,0.05279077042061675,1.0
2017-09-11,4198.99,4182.27,-0.01762385595837468,-0.003981909935484307,1.0
2017-09-12,4314.81,4165.5,0.03169092382844729,-0.03460407294875101,1.0
2017-09-13,3904.99,3879.81,-0.06253991117512914,-0.006448159918463259,1.0
2017-09-14,3489.99,3370.0,-0.10047399228312726,-0.03438118733864559,1.0
2017-09-15,3330.0,3702.66,-0.011869436201780381,0.1119099099099099,1.0
2017-09-16,3630.0,3664.0,-0.01962372996710471,0.009366391184572942,1.0
2017-09-17,3538.31,3720.0,-0.034304039301310096,0.05134937300575704,1.0
2017-09-18,4040.01,3969.48,0.0860241935483872,-0.017457877579511005,1.0
2017-09-19,4016.26,3890.01,0.011784918931446953,-0.031434717871850926,1.0
2017-09-20,3912.16,3962.93,0.005694072765879632,0.012977485583411719,1.0
2017-09-21,3858.08,3605.03,-0.02645769670420617,-0.06558961970721178,1.0
2017-09-22,3592.12,3590.0,-0.0035811075081206845,-0.0005901807289288019,1.0
2017-09-23,3768.01,3779.5,0.04958495821727027,0.0030493549645569384,1.0
2017-09-24,3674.65,3687.36,-0.027741764783701495,0.0034588328140094937,1.0
2017-09-25,3791.99,3930.36,0.02837531458821485,0.03649007513205471,1.0
2017-09-26,3941.0,3906.13,0.0027071311533803932,-0.008848008119766493,1.0
2017-09-27,4096.63,4190.0,0.04876949819898457,0.022791904565459875,1.0
2017-09-28,4189.02,4149.99,-0.00023389021479702787,-0.009317215004941648,1.0
2017-09-29,4247.0,4179.99,0.0233759599420722,-0.01577819637391109,1.0
2017-09-30,4306.0,4368.98,0.03014600513398369,0.014626103111936795,1.0
2017-10-01,4280.0,4329.52,-0.020366309756510548,0.01157009345794413,1.0
2017-10-02,4400.03,4419.94,0.016285870027162197,0.004524969147937652,1.0
2017-10-03,4212.11,4235.01,-0.04702100028507172,0.005436705119287177,1.0
2017-10-04,4161.0,4173.11,-0.017475755665275927,0.0029103580869982437,1.0
2017-10-05,4312.28,4327.63,0.03334922875265689,0.0035596018811394625,1.0
2017-10-06,4405.88,4379.73,0.01808149033073536,-0.005935250165687744,1.0
2017-10-07,4342.49,4335.38,-0.008502807250675204,-0.0016373094699123625,1.0
2017-10-08,4508.99,4575.01,0.04004493262412967,0.014641859928720358,1.0
2017-10-09,4634.63,4787.49,0.013031665504556145,0.03298213665384275,1.0
2017-10-10,4839.11,4911.0,0.010782267952517799,0.01485603757715781,1.0
2017-10-11,4772.0,4872.1,-0.028303807778456536,0.02097652975691533,1.0
2017-10-12,5230.0,5312.43,0.07345908335214779,0.01576099426386235,1.0
2017-10-13,5577.97,5558.99,0.049984658621384126,-0.0034026715812384145,1.0
2017-10-14,5719.37,5750.0,0.028850564580976013,0.005355484957259238,1.0
2017-10-15,5471.14,5533.56,-0.048497391304347715,0.01140895681704368,1.0
2017-10-16,5748.95,5703.27,0.03892430912468625,-0.007945798798041248,1.0
2017-10-17,5567.51,5622.06,-0.023803887944986002,0.009797916842538168,1.0
2017-10-18,5277.98,5382.98,-0.061201765900755434,0.019893974588763186,1.0
2017-10-19,5642.05,5609.0,0.048127617044833926,-0.005857799913152162,1.0
2017-10-20,5660.93,6060.54,0.009258334819040925,0.07059087464427227,1.0
2017-10-21,6095.01,6024.07,0.005687611994970698,-0.01163902930429983,1.0
2017-10-22,5800.0,5866.99,-0.03719578291752912,0.01154999999999995,1.0
2017-10-23,5767.03,5880.82,-0.017037697354179926,0.01973112676715738,1.0
2017-10-24,5629.0,5635.07,-0.042820559037685224,0.0010783442885058392,1.0
2017-10-25,5434.02,5580.07,-0.035678350047115504,0.026876971376623482,1.0
2017-10-26,5904.99,5834.38,0.05822866021393991,-0.011957683247558415,1.0
2017-10-27,5790.0,5740.0,-0.007606635152321295,-0.008635578583765069,1.0
2017-10-28,5689.99,5726.02,-0.008712543554006968,0.006332172815769477,1.0
2017-10-29,5758.75,6085.0,0.005716012169010964,0.0566529194703711,1.0
2017-10-30,6147.08,6111.58,0.010202136400986106,-0.005775099722144517,1.0
2017-10-31,6214.97,6329.98,0.016917065636054884,0.018505318609743693,1.0
2017-11-01,6518.99,6622.99,0.029859494026837297,0.01595339155298592,1.0
2017-11-02,6909.03,6981.9,0.04318895242179144,0.010547066664929883,1.0
2017-11-03,7298.98,7234.0,0.045414571964651484,-0.008902613789872005,1.0
2017-11-04,7149.0,7360.04,-0.011750069118053652,0.02952021261714921,1.0
2017-11-05,7566.01,7521.92,0.02798490225596595,-0.005827377970687331,1.0
2017-11-06,7325.27,7081.03,-0.026143590998042976,-0.03334211571723644,1.0
2017-11-07,7014.99,7018.0,-0.009326326819685815,0.00042908115335871244,1.0
2017-11-08,7430.0,6989.0,0.05870618409803363,-0.05935397039030954,1.0
2017-11-09,7119.98,7149.99,0.01874087852339379,0.004214899480054823,1.0
2017-11-10,6780.0,6279.97,-0.05174692552017557,-0.07375073746312677,1.0
2017-11-11,6355.0,6370.21,0.011947509303388282,0.0023933910306845885,1.0
2017-11-12,6118.01,5947.9,-0.03959053155233494,-0.02780479273489267,1.0
2017-11-13,6561.81,6336.54,0.10321457993577576,-0.03433046674621798,1.0
2017-11-14,6379.0,6578.33,0.006700817796463143,0.031247844489731946,1.0
2017-11-15,7065.0,7244.98,0.07398078235661631,0.025474876150035408,1.0
2017-11-16,7340.6,7769.82,0.013198104066539873,0.0584720595046726,1.0
2017-11-17,7747.03,7696.63,-0.002933143882355105,-0.006505718965848839,1.0
2017-11-18,7655.33,7745.5,-0.005365984853111017,0.011778721492084587,1.0
2017-11-19,7778.8,8062.27,0.004299270544186884,0.036441353422121736,1.0
2017-11-20,8138.01,8238.48,0.009394376521748793,0.012345770034688952,1.0
2017-11-21,8224.31,8220.18,-0.001719977471572487,-0.0005021697868877739,1.0
2017-11-22,8150.22,8189.35,-0.008510762538046612,0.004801097393690057,1.0
2017-11-23,8164.95,8165.01,-0.0029794794458657403,7.348483456848243e-06,1.0
2017-11-24,8150.0,8189.54,-0.0018383321024714183,0.004851533742331382,1.0
2017-11-25,8535.0,8570.18,0.04218307743780492,0.004121851200937332,1.0
2017-11-26,8961.99,9130.0,0.04571782623002085,0.01874695240677582,1.0
2017-11-27,9510.0,9568.2,0.041621029572836754,0.0061198738170347156,1.0
2017-11-28,9725.01,9840.01,0.01638866244434678,0.011825180642487831,1.0
2017-11-29,11249.99,9200.0,0.14329050478607241,-0.1822214953079958,1.0
2017-11-30,9035.01,9358.92,-0.017933695652173842,0.035850541393977364,1.0
2017-12-01,10659.63,10700.53,0.1389807798335705,0.003836906159031983,1.0
2017-12-02,11000.0,10935.0,0.02798646422186568,-0.005909090909090864,1.0
2017-12-03,11642.97,11350.0,0.06474348422496568,-0.02516282357508426,1.0
2017-12-04,11210.0,11305.21,-0.012334801762114544,0.00849330954504901,1.0
2017-12-05,11715.0,11732.46,0.03624788924752398,0.0014903969270165796,1.0
2017-12-06,12678.97,13095.0,0.0806744706566227,0.032812602285516856,1.0
2017-12-07,14826.0,15207.02,0.1321878579610538,0.025699446917577307,1.0
2017-12-08,15020.55,15017.37,-0.012262100003814114,-0.0002117099573583081,1.0
2017-12-09,14954.32,14299.94,-0.004198471503332524,-0.04375859283471262,1.0
2017-12-10,14676.5,15215.01,0.026332977620885156,0.036691990597213175,1.0
2017-12-11,16239.42,17205.0,0.06732890744074438,0.059459020088155956,1.0
2017-12-12,16727.6,16400.02,-0.027747747747747797,-0.019583203806881944,1.0
2017-12-13,16210.02,15451.99,-0.011585351725180826,-0.04676305149530968,1.0
2017-12-14,16338.0,16227.95,0.057339540085128204,-0.006735830579018165,1.0
2017-12-15,17744.09,17709.99,0.0934276972753798,-0.0019217666276488687,1.0
2017-12-16,18220.0,19125.0,0.02879787058038974,0.049670691547749835,1.0
2017-12-17,19540.02,19025.0,0.021700392156862813,-0.02635718898957118,1.0
2017-12-18,18606.0,18588.05,-0.022023653088041995,-0.0009647425561647438,1.0
2017-12-19,17440.0,17327.56,-0.06176279921777694,-0.00644724770642191,1.0
2017-12-20,16891.0,16800.01,-0.02519454556787004,-0.005386892427920342,1.0
2017-12-21,16010.0,14816.98,-0.04702437677120419,-0.07451717676452219,1.0
2017-12-22,12020.04,14086.95,-0.18876586186928768,0.17195533459123258,1.0
2017-12-23,14429.88,14700.02,0.02434380756657739,0.018720876403684583,1.0
2017-12-24,12899.89,12760.0,-0.12245765652019525,-0.010844278517103567,1.0
2017-12-25,13477.98,13475.41,0.05626802507836981,-0.00019068139290900898,1.0
2017-12-26,15109.92,15700.01,0.12129575278229021,0.03905315183667413,1.0
2017-12-27,15780.23,14771.92,0.005109550885636249,-0.06389704079091363,1.0
2017-12-28,13877.69,13742.94,-0.060535800356351754,-0.009709829229504363,1.0
2017-12-29,14195.0,14335.02,0.03289398047288272,0.009864036632617257,1.0
2017-12-30,12451.88,12776.03,-0.13136640200013683,0.026032213609511246,1.0
2017-12-31,13157.94,13971.95,0.029892697496796794,0.0618645471859578,1.0
2018-01-01,13017.0,13399.24,-0.06834765369186124,0.029364676960897285,1.0
2018-01-02,13864.98,14751.0,0.03475868780617408,0.0639034459479928,1.0
2018-01-03,14855.02,14926.01,0.007051725306758794,0.004778855901910628,1.0
2018-01-04,14518.95,14799.02,-0.027271856309891263,0.01928996242841241,1.0
2018-01-05,16093.94,16668.36,0.08750038853924114,0.03569169513493908,1.0
2018-01-06,16168.0,16784.0,-0.030018550115308296,0.038099950519544734,1.0
2018-01-07,16386.0,16145.01,-0.02371306005719731,-0.014707067008421837,1.0
2018-01-08,14609.88,14899.7,-0.09508386801866342,0.01983726081254611,1.0
2018-01-09,14041.03,14755.03,-0.057630019396363696,0.05085097033479746,1.0
2018-01-10,13861.94,14480.16,-0.06052783355913205,0.044598375119211164,1.0
2018-01-11,13754.95,13400.0,-0.05008301013248462,-0.025805255562542984,1.0
2018-01-12,13811.74,13899.98,0.030726865671641734,0.006388767816364993,1.0
2018-01-13,14527.86,14143.0,0.04517128801624182,-0.026491169380762236,1.0
2018-01-14,13398.01,13357.98,-0.05267552853001478,-0.0029877571370674483,1.0
2018-01-15,14085.48,13635.73,0.05446182731221327,-0.03193004427254165,1.0
2018-01-16,11288.82,10650.18,-0.17211473093116392,-0.056572786172514045,1.0
2018-01-17,9720.0,10901.06,-0.08733936891207472,0.12150823045267489,1.0
2018-01-18,11380.0,11510.34,0.04393517694609517,0.01145342706502639,1.0
2018-01-19,11570.0,11284.63,0.005183165744886864,-0.024664649956784856,1.0
2018-01-20,12451.06,12784.81,0.10336448780332197,0.02680494672742717,1.0
2018-01-21,11995.96,11029.96,-0.061702129323783494,-0.08052711079396735,1.0
2018-01-22,10519.97,10349.93,-0.04623679505637368,-0.016163544192616452,1.0
2018-01-23,10300.13,11100.33,-0.004811626745301778,0.07768833985590473,1.0
2018-01-24,11333.77,11190.05,0.021030005414253594,-0.012680687891143072,1.0
2018-01-25,11252.35,11251.0,0.005567446079329574,-0.00011997493856841235,1.0
2018-01-26,10549.09,11026.32,-0.06238645453737446,0.045238973219490886,1.0
2018-01-27,11091.99,11549.99,0.005955749515704323,0.041291057781335905,1.0
2018-01-28,11850.13,11939.99,0.025986169684995453,0.007583039173409967,1.0
2018-01-29,11359.47,11298.99,-0.04861980621424311,-0.005324192061777477,1.0
2018-01-30,10620.76,10174.21,-0.060025719112947185,-0.042045013727831204,1.0
2018-01-31,10140.0,10185.58,-0.0033624232249972463,0.004495069033530585,1.0
2018-02-01,9294.95,9399.96,-0.08744028322393027,0.011297532531105325,1.0
2018-02-02,8878.06,8668.0,-0.05552151285750151,-0.02366057449487835,1.0
2018-02-03,9260.0,9298.75,0.06829718504845417,0.004184665226781847,1.0
2018-02-04,8681.0,8204.02,-0.06643366043823096,-0.054945282801520556,1.0
2018-02-05,7636.18,7188.38,-0.06921484833045266,-0.05864188638822032,1.0
2018-02-06,7177.13,7486.0,-0.0015650257777134469,0.04303530798522526,1.0
2018-02-07,8195.48,8126.84,0.09477424525781464,-0.008375348362755997,1.0
2018-02-09,8390.04,8499.0,0.03238651185454633,0.0129868272380107,2.0
2018-02-10,8702.64,8141.07,0.02396046593716905,-0.06452869474090617,1.0
2018-02-11,8229.92,8246.92,0.01091379880040333,0.0020656336878122072,1.0
2018-02-12,8670.75,8872.02,0.05139251987408633,0.023212524868091,1.0
2018-02-13,8604.9,8700.01,-0.030108137718355077,0.01105300468337811,1.0
2018-02-14,9226.85,9283.0,0.06055625223419292,0.006085500468740568,1.0
2018-02-15,9638.76,10087.0,0.03832381773133697,0.04650390714158248,1.0
2018-02-16,9829.9,10014.74,-0.025488252205809525,0.018803853548866156,1.0
2018-02-17,10660.0,10745.0,0.06443102866374972,0.00797373358348974,1.0
2018-02-18,10688.33,10765.49,-0.005274080967892059,0.007219088482484981,1.0
2018-02-19,10945.22,11202.02,0.016695013417874938,0.023462296783436143,1.0
2018-02-20,11542.32,11723.98,0.03037844960105396,0.01573860367759683,1.0
2018-02-21,10739.45,10379.56,-0.0839757488497932,-0.0335110271010155,1.0
2018-02-22,9894.35,10065.02,-0.04674668290370687,0.017249238201599848,1.0
2018-02-23,10218.0,9950.18,0.015199174964381612,-0.02621060872969272,1.0
2018-02-24,9630.14,9386.0,-0.0321642422549141,-0.025351656362212704,1.0
2018-02-25,9465.93,9562.0,0.008515874707010429,0.010149029202624504,1.0
2018-02-26,10114.94,10295.0,0.05782681447395954,0.01780139081398402,1.0
2018-02-27,10851.04,10675.22,0.05401068479844584,-0.016203055191023275,1.0
2018-02-28,10456.12,10670.0,-0.020524167183439634,0.020455006254709973,1.0
2018-03-01,10780.0,11028.0,0.010309278350515427,0.023005565862708632,1.0
2018-03-02,10967.0,11064.86,-0.005531374682625989,0.00892313303547021,1.0
2018-03-03,11470.22,11327.99,0.03663489641983708,-0.012399936531295785,1.0
2018-03-04,11208.78,11478.09,-0.0105234909282228,0.024026700497288722,1.0
2018-03-05,11526.0,11620.0,0.0041740394089957444,0.008155474579212285,1.0
2018-03-06,10813.73,10655.83,-0.06938640275387264,-0.014601807147025081,1.0
2018-03-07,10520.0,9755.0,-0.012747012668182567,-0.07271863117870725,1.0
2018-03-08,9870.0,9332.25,0.01178882624295241,-0.05448328267477198,1.0
2018-03-09,8914.0,8935.16,-0.04481770205470281,0.0023737940318599993,1.0
2018-03-10,9244.99,8825.0,0.03467537234923612,-0.04542892961485079,1.0
2018-03-11,9170.0,9639.57,0.03909348441926341,0.05120719738276991,1.0
2018-03-12,9788.0,8927.0,0.015397989744355911,-0.0879648549243972,1.0
2018-03-13,8940.0,9069.3,0.0014562563011089047,0.014463087248322015,1.0
2018-03-14,8688.99,8285.97,-0.04193377658694708,-0.04638283620996231,1.0
2018-03-15,8240.0,8203.03,-0.005547932227608743,-0.004486650485436838,1.0
2018-03-16,8182.12,8536.17,-0.0025490580919490524,0.04327118155196952,1.0
2018-03-17,8034.07,7820.0,-0.05882029059871119,-0.02664527443748932,1.0
2018-03-18,7701.0,7463.53,-0.01521739130434785,-0.030836255031814086,1.0
2018-03-19,8269.93,8395.81,0.108045388710168,0.015221410580258832,1.0
2018-03-20,8539.0,8950.0,0.017054935735801635,0.048132099777491444,1.0
2018-03-21,9030.0,8862.92,0.00893854748603351,-0.018502768549280124,1.0
2018-03-22,8715.0,8610.99,-0.016689759131302107,-0.011934595524957015,1.0
2018-03-23,8299.0,8623.99,-0.036231606354205526,0.03916013977587651,1.0
2018-03-24,8860.26,8892.56,0.027396831397068055,0.003645491215833241,1.0
2018-03-25,8505.0,8612.09,-0.04358250042732348,0.012591416813638956,1.0
2018-03-26,8106.99,7910.03,-0.05865010700073969,-0.024295083625365255,1.0
2018-03-27,7940.96,7886.0,0.0039102253720908475,-0.0069210775523362855,1.0
2018-03-28,8012.45,7899.94,0.01603474511793057,-0.014041897297331074,1.0
2018-03-29,7500.0,7341.0,-0.05062570095469077,-0.021199999999999997,1.0
2018-03-30,7030.99,6800.63,-0.04222994142487402,-0.032763522633370235,1.0
2018-03-31,7170.0,7048.23,0.054314085606774754,-0.01698326359832647,1.0
2018-04-01,6684.99,6900.99,-0.051536343167007836,0.03231119268689997,1.0
2018-04-02,6990.26,6989.8,0.012935825149724911,-6.580584985393934e-05,1.0
2018-04-03,7362.91,7467.11,0.053379209705570974,0.014152013266493846,1.0
2018-04-04,7049.0,6854.41,-0.055993550382945956,-0.027605334089941813,1.0
2018-04-05,6652.98,6760.96,-0.029386920245506265,0.016230320848702462,1.0
2018-04-06,6598.97,6618.39,-0.023959615202574724,0.0029428835106084517,1.0
2018-04-07,6887.99,6988.99,0.0407349823748675,0.014663203634151634,1.0
2018-04-08,7084.97,6994.42,0.013733028663655222,-0.012780576346830053,1.0
2018-04-09,6740.0,6672.08,-0.03637471012607196,-0.010077151335311618,1.0
2018-04-10,6758.0,6844.93,0.01287754343473102,0.012863273157738941,1.0
2018-04-11,6855.0,6910.63,0.0014711618672507143,0.008115244347191908,1.0
2018-04-12,7686.93,7700.0,0.11233418660816752,0.0017002886718104904,1.0
2018-04-13,8193.49,8094.0,0.06408961038961025,-0.012142566842700653,1.0
2018-04-14,7878.0,8022.0,-0.026686434395848724,0.018278750952018363,1.0
2018-04-15,8350.53,8300.01,0.04095362752430831,-0.006049915394591765,1.0
2018-04-16,7935.37,7983.99,-0.043932477189786545,0.0061269984890433005,1.0
2018-04-17,8105.13,7874.01,0.015172864695471855,-0.028515273660015272,1.0
2018-04-18,8095.04,8116.65,0.028070830491706333,0.0026695359133492857,1.0
2018-04-19,8237.68,8249.95,0.014911324253232605,0.0014894970428567245,1.0
2018-04-20,8519.62,8518.0,0.032687470833156596,-0.0001901493259089948,1.0
2018-04-21,8755.01,8792.47,0.02782460671519149,0.004278692999779565,1.0
2018-04-22,8853.97,8881.0,0.006994621534108125,0.003052867809581583,1.0
2018-04-23,8940.74,8847.37,0.006726719963968009,-0.010443207161823231,1.0
2018-04-24,9380.0,9449.9,0.06020207135001687,0.007452025586353939,1.0
2018-04-25,9129.89,8969.98,-0.033863850411115504,-0.01751499744246643,1.0
2018-04-26,8900.01,8881.54,-0.007800463323218043,-0.0020752785671026563,1.0
2018-04-27,9290.07,9089.0,0.045997653560080565,-0.02164353982262779,1.0
2018-04-28,9378.07,9393.0,0.031804378919572995,0.0015920120024697226,1.0
2018-04-29,9247.48,9320.07,-0.015492387948472297,0.007849706082089458,1.0
2018-04-30,9309.98,9337.55,-0.001082609894560882,0.00296133826281042,1.0
2018-05-01,8896.63,8979.52,-0.04722009520698689,0.009317011048003643,1.0
2018-05-02,9085.01,9138.94,0.01174784398275186,0.0059361519690126485,1.0
2018-05-03,9320.0,9666.01,0.01981192567190493,0.037125536480686616,1.0
2018-05-04,9717.0,9671.23,0.005275185935044613,-0.004710301533395134,1.0
2018-05-05,9952.15,9870.0,0.029046977478562663,-0.008254497771838176,1.0
2018-05-06,9535.0,9548.01,-0.03394123606889565,0.0013644467750393297,1.0
2018-05-07,9362.01,9430.49,-0.019480499077818347,0.007314668538059621,1.0
2018-05-08,9140.0,9255.01,-0.030803277454299782,0.012583150984682767,1.0
2018-05-09,9277.05,9289.25,0.0023814128779979793,0.0013150732183184743,1.0
2018-05-10,9360.04,9085.0,0.007620636757542432,-0.029384489809872738,1.0
2018-05-11,8521.0,8600.96,-0.06208035222894881,0.009383875132026764,1.0
2018-05-12,8631.32,8480.02,0.003529838529652496,-0.017529184412117593,1.0
2018-05-13,8571.93,8632.0,0.010838417833920255,0.007007756712898994,1.0
2018-05-14,8420.01,8747.49,-0.02455861909175161,0.038893065447665576,1.0
2018-05-15,8762.18,8554.99,0.0016793388732083692,-0.023645941991604857,1.0
2018-05-16,8332.67,8218.22,-0.025987172398798775,-0.013735093313427815,1.0
2018-05-17,8265.04,8172.0,0.0056970974249899164,-0.011257053807362194,1.0
2018-05-18,8108.99,8231.1,-0.007710474791972621,0.015058595460100577,1.0
2018-05-19,8344.02,8305.37,0.013718701024164393,-0.004632059846452874,1.0
2018-05-20,8301.71,8528.0,-0.00044067874158548737,0.027258239567510945,1.0
2018-05-21,8493.71,8368.18,-0.004020872420262722,-0.014779171881309727,1.0
2018-05-22,8172.5,8171.09,-0.023383818225707453,-0.0001725298256347596,1.0
2018-05-23,7909.32,7589.99,-0.03203611758039626,-0.04037388802071484,1.0
2018-05-24,7530.0,7579.58,-0.007903831230344105,0.006584329349269558,1.0
2018-05-25,7504.71,7416.01,-0.009877856028961962,-0.011819244181320743,1.0
2018-05-26,7520.42,7533.35,0.014078999354100175,0.0017193188678292781,1.0
2018-05-27,7308.06,7287.5,-0.029905686049367164,-0.0028133321291834434,1.0
2018-05-28,7278.89,7214.99,-0.00118147512864486,-0.00877881105498235,1.0
2018-05-29,7411.98,7473.01,0.027302879144669667,0.008233967172064816,1.0
2018-05-30,7524.22,7314.98,0.006852660440705982,-0.027808862579775773,1.0
2018-05-31,7539.25,7544.9,0.03065900385236886,0.0007494114136021857,1.0
2018-06-01,7418.0,7440.14,-0.016819308407003408,0.002984631976274077,1.0
2018-06-02,7636.28,7665.0,0.026362407159004952,0.003760993572786697,1.0
2018-06-03,7718.83,7699.57,0.007022831050228273,-0.0024951968109157008,1.0
2018-06-04,7525.74,7494.99,-0.022576585445680752,-0.00408597692718593,1.0
2018-06-05,7407.96,7621.01,-0.011611756653444494,0.028759604533501903,1.0
2018-06-06,7658.37,7526.87,0.0049022373674880715,-0.01717075565688264,1.0
2018-06-07,7705.85,7695.12,0.02377880845557323,-0.0013924485942499176,1.0
2018-06-08,7551.99,7641.13,-0.01860009980351185,0.011803511392361576,1.0
2018-06-09,7603.15,7613.86,-0.004970469027486879,0.0014086266876229825,1.0
2018-06-10,7228.47,6839.0,-0.05061690128266072,-0.05388000503564383,1.0
2018-06-11,6756.9,6747.65,-0.012004679046644262,-0.001368970977815298,1.0
2018-06-12,6715.0,6497.97,-0.004838721629011555,-0.03232017870439308,1.0
2018-06-13,6455.0,6273.87,-0.006612834469842177,-0.028060418280402843,1.0
2018-06-14,6478.8,6642.0,0.03266404946229362,0.02518984997221696,1.0
2018-06-15,6499.64,6536.8,-0.021433303221921052,0.0057172397240461414,1.0
2018-06-16,6433.0,6488.19,-0.01587932933545466,0.008579200994870195,1.0
2018-06-17,6455.37,6523.81,-0.005058421532045054,0.01060202591021131,1.0
2018-06-18,6418.94,6694.63,-0.016074962330294817,0.04294945894493485,1.0
2018-06-19,6765.82,6742.03,0.01063389612271326,-0.0035162035052661578,1.0
2018-06-20,6612.0,6748.93,-0.01928647603169964,0.020709316394434296,1.0
2018-06-21,6714.67,6714.04,-0.0050763602526623375,-9.382441728333912e-05,1.0
2018-06-22,6324.0,6192.39,-0.05809318979332856,-0.02081119544592025,1.0
2018-06-23,6117.57,6135.61,-0.012082572318604101,0.002948883298433902,1.0
2018-06-24,5894.29,6178.0,-0.03933105265817083,0.04813302365509675,1.0
2018-06-25,6110.0,6255.7,-0.011006798316607336,0.02384615384615385,1.0
2018-06-26,6209.99,6161.6,-0.007306936074300219,-0.007792283079360751,1.0
2018-06-27,6087.84,6133.0,-0.011970916645027252,0.007418066177823368,1.0
2018-06-28,6104.13,6088.1,-0.004707321050057001,-0.0026260908597949273,1.0
2018-06-29,5861.43,5883.02,-0.03723164862600814,0.0036834014907625168,1.0
2018-06-30,6392.02,6325.91,0.0865201886106115,-0.010342583408687767,1.0
2018-07-01,6350.48,6326.92,0.0038840261717285607,-0.0037099557828699226,1.0
2018-07-02,6350.0,6629.0,0.00364790450961916,0.04393700787401578,1.0
2018-07-03,6585.0,6601.54,-0.006637501885653929,0.002511769172361511,1.0
2018-07-04,6556.12,6683.07,-0.006880212798831775,0.019363586999627813,1.0
2018-07-05,6641.06,6510.32,-0.0062860332152737675,-0.019686616293182246,1.0
2018-07-06,6587.0,6570.01,0.011778222883053413,-0.002579322908759618,1.0
2018-07-07,6557.12,6537.84,-0.0019619452634014323,-0.002940315260358206,1.0
2018-07-08,6728.01,6765.18,0.029087588561359734,0.005524664796871637,1.0
2018-07-09,6709.63,6709.0,-0.008211163634966101,-9.389489435340792e-05,1.0
2018-07-10,6375.03,6376.13,-0.04977940080488896,0.00017254820761625211,1.0
2018-07-11,6369.85,6344.59,-0.000984923456704867,-0.0039655564887713934,1.0
2018-07-12,6171.99,6173.98,-0.027204279551555022,0.00032242437204210717,1.0
2018-07-13,6277.48,6178.0,0.016763902701336875,-0.01584712336797567,1.0
2018-07-14,6226.0,6270.01,0.0077695046940757795,0.0070687439768712945,1.0
2018-07-15,6333.14,6361.66,0.010068564483948217,0.004503295363753157,1.0
2018-07-16,6603.89,6676.48,0.038076539771066065,0.010992006226632878,1.0
2018-07-17,6694.37,7289.64,0.002679555694018454,0.08892098883091326,1.0
2018-07-18,7435.89,7396.99,0.020062719146624497,-0.005231384541729445,1.0
2018-07-19,7428.83,7448.78,0.00430445356827569,0.002685483447595338,1.0
2018-07-20,7462.33,7350.05,0.0018190898375305409,-0.015046238909295018,1.0
2018-07-21,7337.05,7422.92,-0.0017686954510514052,0.011703613850253092,1.0
2018-07-22,7439.99,7528.05,0.0022996341062546666,0.011836037414028944,1.0
2018-07-23,7710.13,7755.0,0.02418687442299139,0.005819616530460481,1.0
2018-07-24,8219.54,8266.24,0.059901998710509385,0.005681583154288239,1.0
2018-07-25,8201.02,8166.98,-0.007889923350882566,-0.004150703205211159,1.0
2018-07-26,8236.42,8264.27,0.00850253092330333,0.003381323439066941,1.0
2018-07-27,7841.57,8221.63,-0.0511478932803503,0.048467334985213384,1.0
2018-07-28,8177.01,8187.64,-0.0054271476580677325,0.0012999861807678759,1.0
2018-07-29,8212.12,8221.01,0.0029898725395840486,0.0010825462852466217,1.0
2018-07-30,8138.93,8120.0,-0.00998417469386359,-0.0023258585588031844,1.0
2018-07-31,7800.01,7750.65,-0.03940763546798032,-0.006328197015132098,1.0
2018-08-01,7574.94,7564.84,-0.02267035667976236,-0.001333343894473038,1.0
2018-08-02,7510.0,7537.43,-0.007249327150342877,0.0036524633821570784,1.0
2018-08-03,7394.0,7375.85,-0.01902903244209242,-0.0024546929943196627,1.0
2018-08-04,7255.0,6995.0,-0.0163845522888888,-0.03583735354927631,1.0
2018-08-05,7041.78,7017.18,0.006687634024302946,-0.003493434898562464,1.0
2018-08-06,6965.27,6942.89,-0.00739755856341151,-0.003213084345617623,1.0
2018-08-07,7123.66,7002.06,0.026036708056731417,-0.017069877001428924,1.0
2018-08-08,6494.83,6335.0,-0.07244011048177257,-0.024608804233521075,1.0
2018-08-09,6254.13,6466.21,-0.01276558800315708,0.03391039201295776,1.0
2018-08-10,6503.0,6399.0,0.005689577047451211,-0.015992618791327073,1.0
2018-08-11,6111.85,6387.85,-0.04487419909360835,0.045158176329589184,1.0
2018-08-12,6260.02,6324.95,-0.0200114279452398,0.010372171334915858,1.0
2018-08-13,6443.96,6234.76,0.018815959019439,-0.0324645094010515,1.0
2018-08-14,6095.84,6073.56,-0.0222815312858875,-0.003654951573532017,1.0
2018-08-15,6385.3,6369.97,0.05132739283056398,-0.0024008268992843362,1.0
2018-08-16,6310.8,6409.31,-0.00928889774991093,0.01560974836787743,1.0
2018-08-17,6474.56,6493.48,0.010180503049470158,0.002922206296643859,1.0
2018-08-18,6474.94,6370.19,-0.0028551716491003187,-0.016177756087315087,1.0
2018-08-19,6417.3,6375.48,0.007395383811158007,-0.006516759384788129,1.0
2018-08-20,6445.33,6449.96,0.010956037819897624,0.0007183495647236082,1.0
2018-08-21,6432.01,6436.29,-0.0027829629951193757,0.0006654218510231402,1.0
2018-08-22,6661.02,6438.2,0.03491607742969949,-0.03345133327928762,1.0
2018-08-23,6435.75,6417.3,-0.00038054114504049164,-0.0028667987414053853,1.0
2018-08-24,6553.12,6623.56,0.021164664266903443,0.010749078301633519,1.0
2018-08-25,6685.02,6711.53,0.009278998001075012,0.003965582750687258,1.0
2018-08-26,6690.0,6708.4,-0.0032079123538150123,0.0027503736920777566,1.0
2018-08-27,6686.29,6744.77,-0.003295867867151636,0.00874625539723839,1.0
2018-08-28,7040.0,7088.97,0.043771692733777456,0.0069559659090909776,1.0
2018-08-29,7092.5,6999.99,0.0004979566848215544,-0.01304335565738457,1.0
2018-08-30,6831.49,6809.98,-0.024071462959232792,-0.003148654246730942,1.0
2018-08-31,6904.99,7047.48,0.01395158282403175,0.020635801065606252,1.0
2018-09-01,7035.01,7247.56,-0.0017694268022043769,0.0302131766692586,1.0
2018-09-02,7259.83,7310.26,0.0016929835696426476,0.006946443649507028,1.0
2018-09-03,7254.53,7316.19,-0.00762353185796405,0.00849951685360728,1.0
2018-09-04,7363.9,7356.0,0.006521153769926791,-0.0010728010972446134,1.0
2018-09-05,6986.75,6912.76,-0.050197117998912466,-0.010590045443160223,1.0
2018-09-06,6403.02,6474.88,-0.07373899860547739,0.01122282922745832,1.0
2018-09-07,6428.2,6418.99,-0.007209400019768775,-0.0014327494477458513,1.0
2018-09-08,6407.31,6176.04,-0.0018196009029456395,-0.036094710572767696,1.0
2018-09-09,6392.6,6384.19,0.03506453973743695,-0.0013155836435879698,1.0
2018-09-10,6296.98,6296.73,-0.013660307728936671,-3.97015712293447e-05,1.0
2018-09-11,6276.79,6268.0,-0.0031667230451360995,-0.0014003973368552636,1.0
2018-09-12,6252.49,6312.77,-0.002474473516273168,0.009640959041917752,1.0
2018-09-13,6458.08,6447.76,0.023018421390292865,-0.0015979981666377485,1.0
2018-09-14,6465.96,6531.0,0.002822685707904782,0.01005883117124129,1.0
2018-09-15,6531.02,6530.0,3.0623181748179462e-06,-0.0001561777486518423,1.0
2018-09-16,6502.73,6505.75,-0.004176110260336929,0.00046442032807769706,1.0
2018-09-17,6452.74,6270.0,-0.008148176612996272,-0.028319752539231358,1.0
2018-09-18,6328.92,6302.0,0.009397129186602848,-0.004253490326943665,1.0
2018-09-19,6300.91,6410.2,-0.00017296096477315004,0.017345113642315058,1.0
2018-09-20,6425.0,6420.01,0.0023088203176189204,-0.0007766536964980419,1.0
2018-09-21,6732.02,6749.13,0.048599612773188916,0.0025415848437764232,1.0
2018-09-22,6685.0,6725.54,-0.009501965438508342,0.006064323111443448,1.0
2018-09-23,6738.8,6693.3,0.0019715888984379593,-0.006751943966284757,1.0
2018-09-24,6629.96,6619.9,-0.009463194537821407,-0.001517354554175343,1.0
2018-09-25,6443.23,6363.92,-0.026687714315926203,-0.012309043756004279,1.0
2018-09-26,6494.24,6492.11,0.02047794441162054,-0.0003279829510458576,1.0
2018-09-27,6518.29,6669.36,0.004032587248213648,0.02317632385180768,1.0
2018-09-28,6608.9,6684.0,-0.00906533760360817,0.011363464419192448,1.0
2018-09-29,6583.0,6588.59,-0.015110712148414085,0.0008491569193376236,1.0
2018-09-30,6632.0,6603.95,0.0065886631282261465,-0.004229493365500603,1.0
2018-10-01,6604.0,6587.91,7.571226311453572e-06,-0.0024364021804966773,1.0
2018-10-02,6577.68,6564.11,-0.0015528445288414128,-0.0020630374235293125,1.0
2018-10-03,6474.27,6478.89,-0.01368654699570837,0.0007135939650337875,1.0
2018-10-04,6578.1,6611.09,0.015312808212517792,0.005015125948222066,1.0
2018-10-05,6589.0,6595.5,-0.0033413552076889674,0.0009864926392473272,1.0
2018-10-06,6587.81,6593.34,-0.0011659464786596407,0.0008394291881519411,1.0
2018-10-07,6561.85,6584.0,-0.004776031571252171,0.0033755724376509644,1.0
2018-10-08,6666.09,6695.33,0.012468104495747312,0.004386379421819964,1.0
2018-10-09,6634.1,6656.49,-0.009145180297311595,0.003374986810569469,1.0
2018-10-10,6595.06,6635.96,-0.009228587438725122,0.006201611509220495,1.0
2018-10-11,6288.21,6298.12,-0.05240387223551679,0.0015759651792799367,1.0
2018-10-12,6323.01,6320.52,0.003951972969711726,-0.0003937997883919353,1.0
2018-10-13,6325.28,6326.01,0.0007531025928244617,0.00011540991070768669,1.0
2018-10-14,6379.98,6404.33,0.008531443990761778,0.0038166263844088277,1.0
2018-10-15,6934.97,6741.0,0.08285644243816304,-0.027969839811852193,1.0
2018-10-16,6759.04,6729.01,0.0026761608070018372,-0.0044429386421740436,1.0
2018-10-17,6727.27,6716.96,-0.00025858187162741686,-0.0015325681888790355,1.0
2018-10-18,6717.41,6636.03,6.699459279202458e-05,-0.01211478828893875,1.0
2018-10-19,6572.61,6555.38,-0.009556918820439297,-0.002621485224286735,1.0
2018-10-20,6592.5,6582.16,0.005662524521843126,-0.0015684489950701375,1.0
2018-10-21,6622.73,6625.6,0.0061636301761123224,0.0004333560329352615,1.0
2018-10-22,6583.77,6560.14,-0.006313390485390036,-0.0035891290248596386,1.0
2018-10-23,6567.99,6576.52,0.001196620803824322,0.0012987230492129687,1.0
2018-10-24,6606.95,6578.82,0.004627067202715107,-0.004257637790508473,1.0
2018-10-25,6552.34,6551.28,-0.004025037924734187,-0.00016177426690322516,1.0
2018-10-26,6543.29,6544.99,-0.0012196089924411124,0.0002598081393305751,1.0
2018-10-27,6535.98,6489.92,-0.0013766254799473243,-0.007047145187102699,1.0
2018-10-28,6498.6,6468.65,0.001337458705192196,-0.004608684947527308,1.0
2018-10-29,6352.01,6336.1,-0.018031583096936643,-0.0025047189787169577,1.0
2018-10-30,6364.4,6332.0,0.004466469910512583,-0.005090817673307768,1.0
2018-10-31,6334.73,6371.37,0.0004311433986101676,0.005783987636410748,1.0
2018-11-01,6367.49,6379.68,-0.0006089742080588323,0.0019144121152920857,1.0
2018-11-02,6415.96,6430.99,0.005686805607804768,0.002342595652092605,1.0
2018-11-03,6370.62,6375.34,-0.009387357156518616,0.0007409011995693771,1.0
2018-11-04,6412.88,6473.13,0.005888313407598655,0.009395154751063561,1.0
2018-11-05,6475.34,6456.16,0.0003414113419628606,-0.0029620066282234347,1.0
2018-11-06,6484.64,6488.53,0.004411290922158084,0.000599879098916789,1.0
2018-11-07,6576.0,6574.13,0.013480711347562568,-0.0002843673965936544,1.0
2018-11-08,6551.73,6495.38,-0.003407294957659901,-0.008600781778247746,1.0
2018-11-09,6436.37,6429.38,-0.009084918819222354,-0.0010860158754080196,1.0
2018-11-10,6457.65,6457.76,0.0043970025103508,1.7034060378007254e-05,1.0
2018-11-11,6408.08,6426.63,-0.007693070042863237,0.0028947828366687745,1.0
2018-11-12,6468.49,6455.48,0.006513522639392644,-0.0020112885696662586,1.0
2018-11-13,6451.1,6489.1,-0.0006784933111092517,0.005890468292229167,1.0
2018-11-14,6363.4,5767.89,-0.019370945123360794,-0.09358361882012756,1.0
2018-11-15,5596.3,5639.01,-0.029749180376186124,0.007631828172185218,1.0
2018-11-16,5677.32,5633.97,0.006793745710683252,-0.007635644987423529,1.0
2018-11-17,5622.61,5629.18,-0.0020163401651056567,0.001168496481171566,1.0
2018-11-18,5624.28,5649.78,-0.0008704642594481449,0.004533913674283685,1.0
2018-11-19,5227.93,5014.99,-0.07466662418713643,-0.04073122631710835,1.0
2018-11-20,4597.68,4495.26,-0.08321252883854191,-0.02227645247168142,1.0
2018-11-21,4562.52,4552.68,0.014962427089868058,-0.0021567028747271344,1.0
2018-11-22,4529.36,4516.82,-0.005122257659225027,-0.0027686030697493536,1.0
2018-11-23,4379.53,4343.11,-0.030395278093880207,-0.008315960845113546,1.0
2018-11-24,4379.53,4276.11,0.008385695964412632,-0.02361440611207144,1.0
2018-11-25,3965.28,4056.2,-0.07268989806155579,0.02292902392769225,1.0
2018-11-26,3944.99,3776.34,-0.027417287116019984,-0.04275042522287753,1.0
2018-11-27,3818.43,3837.52,0.011145712515292505,0.004999436941360846,1.0
2018-11-28,4195.62,4354.43,0.09331547457733125,0.03785137834217589,1.0
2018-11-29,4280.53,4241.98,-0.01697122241028115,-0.009005894129932579,1.0
2018-11-30,4038.84,4025.1,-0.047888014559238745,-0.0034019669013876097,1.0
2018-12-01,4178.99,4195.13,0.03823259049464611,0.0038621772246405506,1.0
2018-12-02,4151.43,4220.42,-0.01041684047931768,0.01661837005561928,1.0
2018-12-03,4029.55,3897.58,-0.045225356718051724,-0.03275055527292137,1.0
2018-12-04,3992.24,3920.02,0.02428686518301104,-0.018090094783880684,1.0
2018-12-05,3890.02,3814.01,-0.007653022178458313,-0.019539745296939248,1.0
2018-12-06,3728.81,3687.12,-0.022338693396189435,-0.011180510672305632,1.0
2018-12-07,3401.88,3357.75,-0.07736119247542794,-0.012972238879678355,1.0
2018-12-08,3322.99,3355.11,-0.010352170352170398,0.009665993578072962,1.0
2018-12-09,3488.55,3594.88,0.039772168423688026,0.030479712201344267,1.0
2018-12-10,3510.05,3417.87,-0.023597449706248885,-0.026261734163331107,1.0
2018-12-11,3377.23,3383.98,-0.011890446389125398,0.0019986793910986567,1.0
2018-12-12,3418.37,3451.55,0.010162589613413653,0.009706380526391278,1.0
2018-12-13,3414.99,3289.71,-0.010592342570729163,-0.036685319722751686,1.0
2018-12-14,3282.98,3204.84,-0.002045773031665421,-0.023801546156236086,1.0
2018-12-15,3175.99,3223.2,-0.009002009460690852,0.014864656374862673,1.0
2018-12-16,3253.88,3249.61,0.009518490940680246,-0.0013122794940194638,1.0
2018-12-17,3405.08,3552.02,0.04784266419662653,0.04315317114429029,1.0
2018-12-18,3536.03,3513.5,-0.004501663841982806,-0.00637155227755426,1.0
2018-12-19,3849.52,3722.76,0.09563682937242057,-0.03292878073110406,1.0
2018-12-20,3971.41,3868.0,0.06679184261139581,-0.026038610971921727,1.0
2018-12-21,4007.79,3790.07,0.03614012409513956,-0.054324203613462685,1.0
2018-12-22,3829.85,3871.85,0.010495848361639748,0.010966486938130737,1.0
2018-12-23,3996.8,3938.97,0.03227139481126606,-0.014469075260208242,1.0
2018-12-24,4119.01,4005.5,0.04570738035577837,-0.027557592722523228,1.0
2018-12-25,3732.87,3754.92,-0.06806391212083385,0.005906983098795449,1.0
2018-12-26,3736.0,3737.52,-0.005038722529374762,0.00040685224839398515,1.0
2018-12-27,3734.8,3559.32,-0.0007277553029816364,-0.046985112991324796,1.0
2018-12-28,3581.01,3846.44,0.006093860625063119,0.07412154671447446,1.0
2018-12-29,3828.49,3810.13,-0.004666652801031623,-0.0047956243845483915,1.0
2018-12-30,3762.95,3784.44,-0.012382779590197734,0.00571094487038093,1.0
2018-12-31,3732.23,3672.0,-0.013795964528437454,-0.016137805012017004,1.0
2019-01-01,3715.93,3719.0,0.011963507625272207,0.0008261727212299785,1.0
2019-01-02,3825.65,3849.0,0.02867706372680834,0.006103537960869376,1.0
2019-01-03,3817.36,3780.03,-0.008220316965445562,-0.009779009577299491,1.0
2019-01-04,3744.0,3764.24,-0.009531670383568391,0.005405982905982931,1.0
2019-01-05,3793.84,3803.68,0.007863473104796848,0.0025936781730382386,1.0
2019-01-06,3798.61,3977.16,-0.0013329196988178804,0.047004035686738055,1.0
2019-01-07,3980.26,3970.96,0.0007794506632874398,-0.0023365307793963286,1.0
2019-01-08,4026.72,3965.4,0.014041944517194871,-0.015228275122183721,1.0
2019-01-09,3968.09,3967.0,0.0006783678821808969,-0.00027469135024660307,1.0
2019-01-10,3725.62,3585.62,-0.06084698764809682,-0.0375776380843994,1.0
2019-01-11,3569.67,3610.7,-0.004448324139200377,0.011494059674983959,1.0
2019-01-12,3587.73,3594.62,-0.006361647326003195,0.0019204343693643988,1.0
2019-01-13,3590.48,3462.32,-0.0011517211833239616,-0.03569439183618894,1.0
2019-01-14,3496.8,3629.45,0.00995864044917849,0.03793468313886961,1.0
2019-01-15,3624.78,3532.59,-0.0012866963313999946,-0.025433267674176085,1.0
2019-01-16,3592.1,3577.91,0.016845996846506228,-0.0039503354583669825,1.0
2019-01-17,3568.2,3605.46,-0.002713874859904264,0.010442239784765439,1.0
2019-01-18,3587.05,3593.95,-0.005106144569624882,0.0019235862338131682,1.0
2019-01-19,3686.36,3683.4,0.025712655991318778,-0.0008029601015636656,1.0
2019-01-20,3526.38,3534.0,-0.04262909268610526,0.002160856175454695,1.0
2019-01-21,3536.41,3530.4,0.0006819468024901187,-0.001699463580297489,1.0
2019-01-22,3550.51,3584.28,0.005696238386585062,0.009511309642840082,1.0
2019-01-23,3586.75,3534.11,0.0006891202696217569,-0.014676238934968944,1.0
2019-01-24,3560.15,3568.05,0.00736819170880354,0.0022190076260832914,1.0
2019-01-25,3553.14,3558.06,-0.004178753100433141,0.0013846907242607287,1.0
2019-01-26,3586.76,3563.71,0.008066193375041442,-0.006426412695580419,1.0
2019-01-27,3543.56,3568.68,-0.0056542199000479965,0.007088916231134723,1.0
2019-01-28,3427.92,3428.0,-0.03944315545243615,2.3337767509179486e-05,1.0
2019-01-29,3409.4,3412.95,-0.00542590431738621,0.0010412389276703848,1.0
2019-01-30,3458.82,3453.7,0.013439985935920662,-0.0014802736193268995,1.0
2019-01-31,3441.62,3447.5,-0.0034976981208558744,0.0017084977423422743,1.0
2019-02-01,3469.83,3476.15,0.006477157360406105,0.0018214148819970521,1.0
2019-02-02,3465.55,3460.0,-0.003049350574629961,-0.001601477398969875,1.0
2019-02-03,3469.36,3443.0,0.002705202312138777,-0.007597943136486318,1.0
2019-02-04,3451.79,3462.0,0.002553006099331956,0.0029578856187659763,1.0
2019-02-05,3465.64,3462.44,0.0010514153668399473,-0.0009233503768423246,1.0
2019-02-06,3404.31,3402.0,-0.01678873857741947,-0.0006785516007649095,1.0
2019-02-07,3407.04,3401.22,0.001481481481481417,-0.0017082276697661936,1.0
2019-02-08,3447.0,3660.53,0.013459876162082995,0.06194662024949227,1.0
2019-02-09,3664.0,3656.62,0.0009479501602227547,-0.002014192139737969,1.0
2019-02-10,3630.78,3639.73,-0.0070666353080166555,0.0024650350613366623,1.0
2019-02-11,3642.0,3643.41,0.0006236726350581367,0.00038714991762756057,1.0
2019-02-12,3622.34,3647.64,-0.005783043906669727,0.006984435475410944,1.0
2019-02-13,3614.75,3601.16,-0.009016788937504794,-0.00375959609931531,1.0
2019-02-14,3591.4,3597.75,-0.00271023781226043,0.0017681127137050279,1.0
2019-02-15,3618.74,3601.62,0.005834201931762761,-0.004730928444707239,1.0
2019-02-16,3632.37,3636.17,0.008537824645576064,0.0010461489330657603,1.0
2019-02-17,3613.33,3624.03,-0.006281334481061163,0.00296125734433339,1.0
2019-02-18,3820.82,3899.98,0.05430142686456785,0.020718065755518378,1.0
2019-02-19,3970.04,3949.57,0.017964194688177892,-0.005156119333810216,1.0
2019-02-20,3949.19,3963.88,-9.621300546647227e-05,0.003719750125975141,1.0
2019-02-21,3946.07,3925.77,-0.004493072444170854,-0.0051443588177605415,1.0
2019-02-22,3976.0,3955.99,0.012794942138739662,-0.005032696177062479,1.0
2019-02-23,3950.25,4142.41,-0.0014509642339843865,0.048645022466932364,1.0
2019-02-24,4105.11,3793.5,-0.009004420132241897,-0.0759078319460379,1.0
2019-02-25,3807.29,3839.39,0.003635165414524799,0.008431193841288653,1.0
2019-02-26,3801.98,3806.99,-0.009743735332956471,0.0013177344436319238,1.0
2019-02-27,3823.45,3741.75,0.004323625751577964,-0.02136813610744215,1.0
2019-02-28,3829.5,3821.1,0.023451593505712465,-0.002193497845671799,1.0
2019-03-01,3834.92,3842.8,0.003616759571851036,0.0020548016647023992,1.0
2019-03-02,3821.12,3811.11,-0.005641719579473348,-0.002619650783016403,1.0
2019-03-03,3821.95,3814.57,0.002844315698051103,-0.001930951477648768,1.0
2019-03-04,3709.02,3714.79,-0.027670222331743877,0.0015556669955945068,1.0
2019-03-05,3846.97,3848.05,0.03558209212364627,0.00028074042688142065,1.0
2019-03-06,3849.99,3853.24,0.0005041514533334901,0.0008441580367741786,1.0
2019-03-07,3873.02,3887.42,0.005133342330090995,0.003718028825051345,1.0
2019-03-08,3908.1,3915.07,0.005319723621322048,0.0017834753460761466,1.0
2019-03-09,3921.96,3913.36,0.0017598663625426614,-0.0021927811604401937,1.0
2019-03-10,3905.01,3904.32,-0.0021337162949485178,-0.0001766960904069359,1.0
2019-03-11,3848.34,3855.66,-0.014337964101303169,0.001902118835653832,1.0
2019-03-12,3897.11,3881.33,0.010750429239092751,-0.004049154373369057,1.0
2019-03-13,3877.83,3870.12,-0.000901752749701723,-0.00198822537346921,1.0
2019-03-14,3865.2,3873.47,-0.0012712784099717656,0.0021396046776362976,1.0
2019-03-15,3915.33,3932.37,0.010806847606926073,0.004352123575790623,1.0
2019-03-16,3985.98,3993.61,0.013632999946597169,0.0019142093036090824,1.0
2019-03-17,3979.45,3990.94,-0.0035456641985572857,0.0028873336767645252,1.0
2019-03-18,3985.0,3979.17,-0.001488371160678903,-0.0014629861982433656,1.0
2019-03-19,3983.57,4006.62,0.0011057582360141094,0.0057862670920807435,1.0
2019-03-20,4012.89,4022.45,0.0015649100738277522,0.002382322964247674,1.0
2019-03-21,4039.34,3979.42,0.004198933485811018,-0.014834106561963156,1.0
2019-03-22,3994.81,3996.38,0.003867397761482705,0.00039300993038482446,1.0
2019-03-23,3990.62,3990.99,-0.0014413043804644143,9.271742235550384e-05,1.0
2019-03-24,3993.3,3983.45,0.0005788037554592673,-0.0024666316079433592,1.0
2019-03-25,3978.18,3922.22,-0.0013229738041145023,-0.01406673403415637,1.0
2019-03-26,3903.13,3933.02,-0.00486714156778556,0.007657956563066115,1.0
2019-03-27,4016.46,4020.12,0.02121524935037189,0.0009112502054047233,1.0
2019-03-28,4016.56,4024.89,-0.0008855457051033522,0.002073913996056387,1.0
2019-03-29,4097.36,4085.0,0.01800546101881051,-0.003016576527324788,1.0
2019-03-30,4093.62,4087.45,0.0021101591187269175,-0.0015072234354923664,1.0
2019-03-31,4099.67,4106.17,0.002989639016991008,0.0015854934665473497,1.0
2019-04-01,4139.99,4137.45,0.008236385731715812,-0.0006135280520001007,1.0
2019-04-02,4766.12,4729.0,0.15194624708455695,-0.00778830579171319,1.0
2019-04-03,4953.46,5108.57,0.04746458024952416,0.03131346573909943,1.0
2019-04-04,4995.26,4813.73,-0.022180375330082436,-0.03634045074730863,1.0
2019-04-05,5005.45,4978.62,0.03982774272757306,-0.005360157428403012,1.0
2019-04-06,4989.42,5140.0,0.0021692758234210796,0.030179860584997886,1.0
2019-04-07,5144.48,5121.16,0.0008715953307392166,-0.004533014026684823,1.0
2019-04-08,5125.8,5155.05,0.000906044724242161,0.0057064263139412486,1.0
2019-04-09,5142.41,5165.8,-0.002451964578423116,0.004548451018102417,1.0
2019-04-10,5234.42,5363.83,0.013283518525688098,0.024722891934541025,1.0
2019-04-11,5018.56,5043.82,-0.06437004901348464,0.005033316329783766,1.0
2019-04-12,5048.02,5031.79,0.0008327021979375182,-0.00321512196861351,1.0
2019-04-13,5040.82,5048.49,0.0017945899968003776,0.0015215778385262446,1.0
2019-04-14,5046.97,5066.43,-0.00030108012494811653,0.00385577881382293,1.0
2019-04-15,5123.27,5005.84,0.011218945095461619,-0.022920907935752077,1.0
2019-04-16,5027.95,5158.14,0.004416841129560645,0.025893256695074696,1.0
2019-04-17,5163.43,5210.49,0.001025563478308067,0.009114096637312663,1.0
2019-04-18,5230.01,5264.38,0.003746288736759862,0.0065716891554701284,1.0
2019-04-19,5225.37,5272.12,-0.0074101793563534635,0.008946734872363082,1.0
2019-04-20,5287.93,5295.29,0.0029987936541657767,0.0013918489843851578,1.0
2019-04-21,5207.31,5218.37,-0.016614765196995784,0.0021239373112027504,1.0
2019-04-22,5278.04,5354.67,0.01143460505866778,0.014518647073534785,1.0
2019-04-23,5530.05,5568.08,0.032752718654931234,0.006876972179274965,1.0
2019-04-24,5414.93,5399.75,-0.027504992744357026,-0.0028033603389148176,1.0
2019-04-25,5431.81,5468.38,0.0059373119125887275,0.006732562442353318,1.0
2019-04-26,5330.22,5260.61,-0.02526525223192244,-0.013059498482239085,1.0
2019-04-27,5264.6,5328.9,0.0007584671739591098,0.01221365345895209,1.0
2019-04-28,5320.47,5290.0,-0.0015819399876145779,-0.005726937657763331,1.0
2019-04-29,5241.03,5239.89,-0.009257088846880923,-0.00021751449619622498,1.0
2019-04-30,5284.07,5292.53,0.00843147470652994,0.0016010385933569182,1.0
2019-05-01,5353.99,5367.41,0.011612593598902654,0.0025065418500969106,1.0
2019-05-02,5453.48,5506.98,0.01603566710946236,0.009810249602088872,1.0
2019-05-03,5766.99,5757.84,0.047214625802163734,-0.0015866162417482732,1.0
2019-05-04,5773.85,5681.14,0.0027805565976131152,-0.016056877127046953,1.0
2019-05-05,5792.26,5768.63,0.01955945461650299,-0.004079582062959886,1.0
2019-05-06,5680.0,5790.41,-0.015364133251742684,0.019438380281690204,1.0
2019-05-07,5973.17,5922.87,0.03156253184144142,-0.008420989189994676,1.0
2019-05-08,5928.52,5951.65,0.0009539294294826917,0.0039014796272929253,1.0
2019-05-09,6057.08,6135.25,0.017714415330202682,0.012905558453908395,1.0
2019-05-10,6326.23,6410.57,0.03112831587954834,0.013331794765602867,1.0
2019-05-11,6770.03,6900.0,0.05607301690801281,0.019197846981475752,1.0
2019-05-12,7161.43,7032.64,0.0378884057971014,-0.017983838423331622,1.0
2019-05-13,7298.91,7844.36,0.037862026209218635,0.07473033644749694,1.0
2019-05-14,8200.0,7740.75,0.0453370319567179,-0.05600609756097563,1.0
2019-05-16,7789.35,7858.68,0.006278461389400247,0.00890061430029454,2.0
2019-05-17,7129.08,7136.72,-0.09284001893447758,0.0010716670313701826,1.0
2019-05-18,7300.81,7237.98,0.022992355031443035,-0.008605894414455473,1.0
2019-05-19,7913.58,7952.48,0.09334095977054369,0.004915600777397833,1.0
2019-05-20,7703.58,7801.0,-0.03129841257066979,0.012646068451291459,1.0
2019-05-21,7866.21,7966.45,0.00835918471990782,0.0127431126298434,1.0
2019-05-22,7773.04,7901.69,-0.024278066139874044,0.016550796084929376,1.0
2019-05-23,7629.63,7759.18,-0.03443060914816953,0.016979853544667245,1.0
2019-05-24,7986.06,8023.88,0.029240203217350214,0.004735752047943409,1.0
2019-05-25,8046.99,7967.77,0.0028801527440589503,-0.009844674841151702,1.0
2019-05-26,7928.4,8480.0,-0.00494115668499473,0.06957267544523482,1.0
2019-05-27,8779.48,8762.57,0.035316037735849015,-0.0019260821825438645,1.0
2019-05-28,8695.15,8689.64,-0.0076940897476425185,-0.0006336865954008619,1.0
2019-05-29,8640.0,8677.51,-0.005712549656832655,0.00434143518518515,1.0
2019-05-30,8713.78,8620.22,0.004179770464107779,-0.010737016541615851,1.0
2019-05-31,8333.86,8442.75,-0.033219569802162674,0.013065974230428656,1.0
2019-06-01,8544.16,8530.11,0.012011489147493393,-0.0016443980449803997,1.0
2019-06-02,8785.19,8669.18,0.029903483073489,-0.013205178260231154,1.0
2019-06-03,8530.82,8570.88,-0.015959986988388852,0.004695914343521457,1.0
2019-06-04,7965.07,7621.46,-0.07068235700418157,-0.043139608314804456,1.0
2019-06-05,7758.68,7783.05,0.018004424349140402,0.0031409982110359724,1.0
2019-06-06,7745.46,7595.86,-0.004829726135640922,-0.01931454038882141,1.0
2019-06-07,7902.0,7937.85,0.040303533767078514,0.004536826119969639,1.0
2019-06-08,7922.88,7809.25,-0.0018859010941250087,-0.014342006946968744,1.0
2019-06-09,7742.76,7732.06,-0.008514261932964118,-0.0013819361571325572,1.0
2019-06-10,7950.5,7945.81,0.0282512034309097,-0.0005899000062888904,1.0
2019-06-11,7764.88,7868.87,-0.0227704916175947,0.013392351201821473,1.0
2019-06-12,7974.51,8118.56,0.013425053406651788,0.018063805801234123,1.0
2019-06-13,8077.41,8225.41,-0.005068632861000011,0.01832270492645538,1.0
2019-06-14,8355.18,8385.88,0.015776721160404295,0.003674367278741819,1.0
2019-06-15,8597.21,8810.0,0.025200694500756127,0.024751052957878272,1.0
2019-06-16,9040.64,8924.39,0.02617934165720759,-0.012858602930766017,1.0
2019-06-17,9250.0,9278.2,0.03648540684573409,0.003048648648648733,1.0
2019-06-18,9161.81,9073.65,-0.012544459054558144,-0.009622552748856372,1.0
2019-06-19,9085.27,9132.33,0.0012806312784823248,0.005179813038027392,1.0
2019-06-20,9248.14,9497.5,0.012681320101222804,0.026963259639235737,1.0
2019-06-21,9825.84,9890.28,0.0345712029481442,0.0065582179233532045,1.0
2019-06-22,11089.98,10684.7,0.12130091362428552,-0.036544700711813594,1.0
2019-06-23,10751.35,11058.32,0.00623789156457355,0.028551763266938535,1.0
2019-06-24,10901.66,10944.73,-0.014166708867169642,0.003950774469209328,1.0
2019-06-25,11236.19,11411.95,0.026630168126577924,0.0156423129192369,1.0
2019-06-26,12864.98,13960.76,0.12732530373862483,0.08517541418641938,1.0
2019-06-27,11894.43,11022.01,-0.14800985046659354,-0.07334693633910994,1.0
2019-06-28,11764.53,12368.43,0.06736702289328367,0.051332267417397937,1.0
2019-06-29,12100.0,11900.0,-0.02170283536390638,-0.016528925619834656,1.0
2019-06-30,11648.09,11301.0,-0.021168907563025252,-0.029798018387564018,1.0
2019-07-01,10666.14,10258.02,-0.056177329439872636,-0.03826313924250002,1.0
2019-07-02,10058.46,10784.0,-0.019454046687372495,0.07213231448949453,1.0
2019-07-03,11370.0,11257.82,0.05433976261127604,-0.009866314863676395,1.0
2019-07-04,11717.34,11805.42,0.04081784928165488,0.007517064453194999,1.0
2019-07-05,11162.05,11111.55,-0.05449784929295198,-0.004524258536738324,1.0
2019-07-06,11380.43,11493.34,0.024198244169355343,0.009921417732018822,1.0
2019-07-07,11300.0,11474.18,-0.01682191599656846,0.015414159292035379,1.0
2019-07-08,11826.59,12185.57,0.030713305874580987,0.030353635325144346,1.0
2019-07-09,12332.09,12494.73,0.012024057963640589,0.013188356555944747,1.0
2019-07-10,13028.38,12070.96,0.04271000653875667,-0.07348726395760641,1.0
2019-07-11,11576.51,11562.07,-0.040961945031712355,-0.0012473534769978922,1.0
2019-07-12,11627.81,11590.0,0.00568583307314352,-0.0032516871190705343,1.0
2019-07-13,11312.5,11187.4,-0.023943054357204452,-0.011058563535911614,1.0
2019-07-14,10698.21,10488.17,-0.04372687130164299,-0.01963319097306926,1.0
2019-07-15,10100.37,10844.45,-0.03697499182412178,0.07366858837844559,1.0
2019-07-16,10497.61,9694.73,-0.031983180336485506,-0.0764821707036174,1.0
2019-07-17,9450.03,9731.54,-0.025240517270723295,0.029789323420137404,1.0
2019-07-18,9390.86,10486.53,-0.03500781993394675,0.11667408522755096,1.0
2019-07-19,10474.71,10393.6,-0.0011271602713196494,-0.00774341246678889,1.0
2019-07-20,10520.01,10898.66,0.012162292179803025,0.035993311793429905,1.0
2019-07-21,10564.83,10406.53,-0.03063037107314115,-0.014983676973505444,1.0
2019-07-22,10530.0,10162.66,0.01186466574352818,-0.034885090218423565,1.0
2019-07-23,9991.32,10149.29,-0.016859759157543452,0.01581072370817882,1.0
2019-07-24,9752.1,9650.99,-0.03913475720961768,-0.01036802329754627,1.0
2019-07-25,10125.24,9857.82,0.04914003641077236,-0.02641122580798083,1.0
2019-07-26,9773.68,9839.0,-0.008535355687160018,0.006683255437051283,1.0
2019-07-27,9428.55,9411.61,-0.041716637869702256,-0.0017966707500091106,1.0
2019-07-28,9515.49,9555.68,0.01103743142777902,0.0042236395603378885,1.0
2019-07-29,9550.36,9487.63,-0.0005567369355189422,-0.006568338785134964,1.0
2019-07-30,9536.53,9598.52,0.005154079575194315,0.00650026791715641,1.0
2019-07-31,9829.57,9979.89,0.024071419343815403,0.01529263233284861,1.0
2019-08-01,10024.33,10283.73,0.004452954892288474,0.02587704115886047,1.0
2019-08-02,10554.78,10444.41,0.026357168070340276,-0.010456873568184366,1.0
2019-08-03,10731.85,10850.6,0.027520941824382694,0.011065193792309858,1.0
2019-08-04,10648.53,10921.14,-0.018622933294011323,0.02560071671864561,1.0
2019-08-05,11755.05,11752.44,0.07635741323707967,-0.0002220322329551383,1.0
2019-08-06,11704.05,11710.0,-0.004117442845911201,0.0005083710339583991,1.0
2019-08-07,11783.59,11792.77,0.006284372331340826,0.0007790495086812399,1.0
2019-08-08,11843.21,11615.82,0.004277196960510432,-0.019200031072656776,1.0
2019-08-09,11768.77,11837.18,0.013167387235683892,0.005812841953747094,1.0
2019-08-10,11449.35,11329.1,-0.032763715682282424,-0.010502779633778325,1.0
2019-08-11,11458.91,11383.14,0.011458103468060088,-0.006612321765333773,1.0
2019-08-12,11397.54,11443.89,0.0012650288057602932,0.004066667017619485,1.0
2019-08-13,11253.83,10936.18,-0.016607989066654727,-0.02822594618898633,1.0
2019-08-14,10633.17,10137.77,-0.027707115281569994,-0.04659005733943877,1.0
2019-08-15,9997.09,10106.68,-0.013876819063758594,0.010962189997289151,1.0
2019-08-16,10200.17,10451.75,0.00925031761171824,0.024664294810772702,1.0
2019-08-17,10331.97,10167.24,-0.01146028177099534,-0.015943716445169676,1.0
2019-08-18,10375.15,10371.0,0.020449010744312046,-0.0003999942169510273,1.0
2019-08-19,10681.53,10685.88,0.02994214636968473,0.0004072450295040664,1.0
2019-08-20,10644.99,10734.1,-0.0038265449359340398,0.00837107409213167,1.0
2019-08-21,9981.38,10106.28,-0.07012418367632134,0.012513299764161046,1.0
2019-08-22,10043.08,10161.22,-0.006253537404465437,0.011763323601922782,1.0
2019-08-23,10196.75,10403.81,0.003496627373484662,0.0203064701988378,1.0
2019-08-24,9982.08,10101.93,-0.040536111289998566,0.012006515676091567,1.0
2019-08-25,10295.98,10061.23,0.01920920061809972,-0.022800160839473227,1.0
2019-08-26,10365.32,10325.0,0.030223938822589336,-0.003889894378562353,1.0
2019-08-27,10129.37,10164.01,-0.01894721549636791,0.003419758583208976,1.0
2019-08-28,10158.01,9683.94,-0.0005903181913438083,-0.04666957406027361,1.0
2019-08-29,9460.35,9509.04,-0.023088742805097984,0.005146744042239471,1.0
2019-08-30,9580.6,9571.66,0.007525470499650799,-0.0009331357117509098,1.0
2019-08-31,9591.3,9569.34,0.002051890685628166,-0.002289574927277771,1.0
2019-09-01,9577.31,9616.96,0.0008328683064871001,0.0041399933801871125,1.0
2019-09-02,9829.89,10163.68,0.02214109240342066,0.03395663634079327,1.0
2019-09-03,10570.0,10647.37,0.039977645892039115,0.007319772942289582,1.0
2019-09-04,10476.4,10695.23,-0.016057486496665496,0.020887900423809613,1.0
2019-09-05,10557.24,10533.0,-0.012902013327436568,-0.0022960546506473056,1.0
2019-09-06,10821.0,10372.75,0.027342637425235017,-0.041424082801959194,1.0
2019-09-07,10371.84,10465.72,-8.772986912819469e-05,0.009051431568554813,1.0
2019-09-08,10380.51,10340.06,-0.008141819196385791,-0.0038967256907416203,1.0
2019-09-09,10351.5,10312.7,0.0011063765587433494,-0.003748249046031882,1.0
2019-09-10,10254.93,10026.31,-0.005601830752373305,-0.022293667533566874,1.0
2019-09-11,10097.41,10074.46,0.007091342677415735,-0.0022728600700576695,1.0
2019-09-12,10234.64,10300.63,0.015899611492824484,0.006447710911180016,1.0
2019-09-13,10324.16,10210.6,0.002284326298488626,-0.010999442085360855,1.0
2019-09-14,10272.71,10363.73,0.006082894247154691,0.0088603688802662,1.0
2019-09-15,10310.41,10295.88,-0.005144865796387954,-0.0014092553060450763,1.0
2019-09-16,10148.3,10121.39,-0.014333888895363911,-0.00265167565010882,1.0
2019-09-17,10216.41,10257.94,0.009388038599441373,0.004065028713608809,1.0
2019-09-18,10190.58,10171.84,-0.006566620588539296,-0.0018389532293549005,1.0
2019-09-19,9874.22,10086.42,-0.02925920973983087,0.02149030505700722,1.0
2019-09-20,10217.72,10161.53,0.013017502741309528,-0.005499269895827941,1.0
2019-09-21,9979.71,10016.73,-0.01789297477840457,0.003709526629531279,1.0
2019-09-22,10033.47,9990.04,0.0016712040755815227,-0.004328512468766865,1.0
2019-09-23,9921.86,9806.08,-0.006824797498308333,-0.011669182995930227,1.0
2019-09-24,9684.49,8367.78,-0.012399450137057788,-0.1359606959168732,1.0
2019-09-25,8304.71,8348.64,-0.0075372440480033776,0.005289769299590352,1.0
2019-09-26,8420.12,8131.0,0.008561873550662291,-0.03433680280091034,1.0
2019-09-27,7991.66,7991.24,-0.017136883532160918,-5.255478836685423e-05,1.0
2019-09-28,8082.17,8146.83,0.011378709687107413,0.008000326644947986,1.0
2019-09-29,7995.96,7950.69,-0.018518859482768102,-0.00566160911260194,1.0
2019-09-30,7998.49,8269.53,0.006012056815194677,0.03388639605725596,1.0
2019-10-01,8314.32,8302.6,0.005416269122912487,-0.001409616180276796,1.0
2019-10-02,8229.1,8257.26,-0.008852648567918453,0.003422002406095359,1.0
2019-10-03,8227.25,8146.04,-0.0036343775053711003,-0.009870855996839789,1.0
2019-10-04,8125.97,8183.5,-0.0024637738091145556,0.007079770168976651,1.0
2019-10-05,8072.27,8066.36,-0.013591983869982283,-0.0007321360658155696,1.0
2019-10-06,7938.14,7892.11,-0.015895645619585452,-0.00579858757845042,1.0
2019-10-07,8110.0,8211.0,0.02760858629694729,0.012453760789149282,1.0
2019-10-08,8227.53,8163.38,0.0020131530873219727,-0.007796993751466141,1.0
2019-10-09,8169.09,8581.98,0.0006994651725142909,0.050542961333514436,1.0
2019-10-10,8461.22,8554.13,-0.014071344841167233,0.01098068600036406,1.0
2019-10-11,8337.63,8344.01,-0.02530941194487346,0.0007652054600648661,1.0
2019-10-12,8331.91,8309.86,-0.001450142077969785,-0.0026464520140039305,1.0
2019-10-13,8393.07,8434.02,0.01001340576134857,0.004879025195786646,1.0
2019-10-14,8256.0,8327.96,-0.02110737228510251,0.00871608527131773,1.0
2019-10-15,8316.55,8177.59,-0.001370083429795499,-0.016708851627177057,1.0
2019-10-16,7984.95,7957.69,-0.023557062655378935,-0.00341392244159322,1.0
2019-10-17,8046.48,8059.92,0.011157760606407052,0.0016702955826648491,1.0
2019-10-18,7920.0,7941.55,-0.01735997379626597,0.0027209595959596378,1.0
2019-10-19,8039.22,7971.81,0.01229860669516647,-0.008385141842119026,1.0
2019-10-20,7950.06,8235.0,-0.00272836407290189,0.03584123893404567,1.0
2019-10-21,8232.33,8183.16,-0.00032422586520952645,-0.0059727926358637,1.0
2019-10-22,8242.03,8167.91,0.007194042399268907,-0.00899293013978364,1.0
2019-10-23,7550.59,7482.9,-0.07557869761052705,-0.008964862348505243,1.0
2019-10-24,7442.77,7471.3,-0.005362894065135015,0.0038332502549454084,1.0
2019-10-25,7619.04,8634.87,0.01977433646085691,0.13332782082782102,1.0
2019-10-26,9269.09,8996.16,0.07344870275985627,-0.029445177466180583,1.0
2019-10-27,9301.0,9712.73,0.03388556895386485,0.04426728308783989,1.0
2019-10-28,9323.07,9397.73,-0.04011848368069537,0.008008091755183688,1.0
2019-10-29,9395.0,9225.09,-0.0002904956835320105,-0.01808515167642366,1.0
2019-10-30,9123.32,9202.09,-0.011031870691776469,0.008633918354283399,1.0
2019-10-31,9303.88,9211.04,0.011061617523844935,-0.009978632570497248,1.0
2019-11-01,9188.64,9170.49,-0.002431864371450043,-0.0019752651099618213,1.0
2019-11-02,9323.54,9315.92,0.016689402638245143,-0.0008172861380978391,1.0
2019-11-03,9163.76,9151.73,-0.01633333047084984,-0.0013127799069377888,1.0
2019-11-04,9243.94,9446.75,0.010075690607131316,0.021939778925436526,1.0
2019-11-05,9237.82,9351.25,-0.022116600947415854,0.0122788709890429,1.0
2019-11-06,9319.55,9293.01,-0.0033899211335384205,-0.002847776984940209,1.0
2019-11-07,9202.82,9196.61,-0.009705143973804065,-0.000674793161226539,1.0
2019-11-08,8810.59,8810.28,-0.041974162218469724,-3.5184930861520414e-05,1.0
2019-11-09,8859.32,8782.14,0.0055662249099914796,-0.008711729568409377,1.0
2019-11-10,8812.2,9033.0,0.003422855932608826,0.025056172125008436,1.0
2019-11-11,8723.7,8726.84,-0.034241115908336006,0.00035993901670150485,1.0
2019-11-12,8672.9,8794.21,-0.00618093147118548,0.013987247633432842,1.0
2019-11-13,8758.36,8763.32,-0.004076545818214372,0.0005663160683049284,1.0
2019-11-14,8680.93,8666.45,-0.009401687944751491,-0.0016680240481146136,1.0
2019-11-15,8645.47,8481.0,-0.0024208297515131427,-0.019023835604079276,1.0
2019-11-16,8488.98,8455.18,0.0009409267775026819,-0.003981632657869327,1.0
2019-11-17,8530.31,8531.34,0.0088856771825081,0.00012074590489685733,1.0
2019-11-18,8445.94,8217.89,-0.010010150808665408,-0.027001139008801966,1.0
2019-11-19,8055.12,8114.68,-0.0198067873870299,0.00739405496131651,1.0
2019-11-20,8086.08,8098.07,-0.003524476627544182,0.0014827951244607007,1.0
2019-11-21,7884.89,7600.0,-0.02632479096871221,-0.036131131823018525,1.0
2019-11-22,7034.0,7314.4,-0.07447368421052636,0.03986352004549332,1.0
2019-11-23,7170.31,7270.46,-0.0196994968828611,0.013967318009960428,1.0
2019-11-24,7136.86,7047.58,-0.018375728633401534,-0.01250970314676203,1.0
2019-11-25,7122.78,7160.61,0.010670329389662836,0.005311128520044228,1.0
2019-11-26,7055.27,7104.5,-0.01471103718817246,0.006977762722050196,1.0
2019-11-27,7255.16,7553.79,0.021206277711309784,0.0411610495151038,1.0
2019-11-28,7455.67,7564.93,-0.012989505930135703,0.01465461856546768,1.0
2019-11-29,7743.03,7730.69,0.023542848380619485,-0.0015936913585509194,1.0
2019-11-30,7635.06,7503.6,-0.012370176530167365,-0.01721793934821736,1.0
2019-12-01,7440.06,7350.9,-0.008467935391012316,-0.011983774324400676,1.0
2019-12-02,7307.13,7293.51,-0.005954372933926422,-0.0018639328984156878,1.0
2019-12-03,7289.16,7301.76,-0.0005964206534302408,0.001728594241311887,1.0
2019-12-04,7497.83,7193.16,0.026852430099044478,-0.04063442355988334,1.0
2019-12-05,7378.73,7376.94,0.025798119324469404,-0.00024258917184938333,1.0
2019-12-06,7352.26,7425.99,-0.0033455606254082504,0.01002820901328283,1.0
2019-12-07,7517.14,7502.86,0.01227445768173685,-0.0018996586467726617,1.0
2019-12-08,7513.67,7523.0,0.0014407839144006118,0.0012417367278574343,1.0
2019-12-09,7496.87,7300.65,-0.003473348398245424,-0.02617358977813411,1.0
2019-12-10,7321.14,7207.45,0.00280659941238115,-0.015529002313847351,1.0
2019-12-11,7240.51,7171.7,0.004586920478116374,-0.009503474202784079,1.0
2019-12-12,7192.67,7250.08,0.0029239929166027245,0.007981736962769048,1.0
2019-12-13,7234.7,7257.31,-0.002121355902279687,0.0031252159730190687,1.0
2019-12-14,7144.18,7072.33,-0.015588420502913647,-0.010057137418150175,1.0
2019-12-15,7080.52,7134.69,0.0011580341980648168,0.007650568037375738,1.0
2019-12-16,7135.46,6860.64,0.00010792339961507302,-0.03851468580862338,1.0
2019-12-17,6773.62,6584.0,-0.012683947853261546,-0.027993893959212368,1.0
2019-12-18,6674.55,7108.95,0.01375303766707181,0.06508303930602066,1.0
2019-12-19,7088.03,7151.07,-0.0029427693259904686,0.008893867548529055,1.0
2019-12-20,7180.59,7203.49,0.004128053564012246,0.003189152980465293,1.0
2019-12-21,7129.66,7154.79,-0.01024919865231988,0.0035247122583685897,1.0
2019-12-22,7170.05,7409.55,0.0021328368827038258,0.03340283540561084,1.0
2019-12-23,7520.56,7401.69,0.014982016451741353,-0.015806003808227165,1.0
2019-12-24,7383.99,7220.52,-0.0023913457602250388,-0.022138437348912854,1.0
2019-12-25,7191.54,7244.04,-0.004013561350152184,0.0073002444539000955,1.0
2019-12-26,7209.45,7255.91,-0.004774959829045744,0.0064443196082919485,1.0
2019-12-27,7193.79,7223.81,-0.008561296928986106,0.004173043694631229,1.0
2019-12-28,7304.94,7339.84,0.011230915541798447,0.004777588864521842,1.0
2019-12-29,7392.84,7397.54,0.007220865849936864,0.000635750266474,1.0
2019-12-30,7320.17,7265.23,-0.01045888227708125,-0.007505290177687196,1.0
2019-12-31,7239.43,7176.41,-0.003551160802892528,-0.008705105236185728,1.0
2020-01-01,7221.2,7236.73,0.006241282200988962,0.0021506120866336964,1.0
2020-01-02,7131.15,6948.49,-0.014589462367671557,-0.025614381972052125,1.0
2020-01-03,7348.87,7316.99,0.05762115222156172,-0.0043380819091914935,1.0
2020-01-04,7303.88,7341.06,-0.0017917203658881498,0.0050904450785063116,1.0
2020-01-05,7431.15,7431.6,0.012272069701105837,6.055590319142823e-05,1.0
2020-01-06,7528.64,7551.25,0.013057753377469172,0.0030031984528413602,1.0
2020-01-07,7847.99,8162.66,0.03929680516470779,0.04009561683947105,1.0
2020-01-08,8384.99,8046.03,0.027237444656521337,-0.04042461589101476,1.0
2020-01-09,7897.52,7818.3,-0.01845754987242143,-0.01003099707249877,1.0
2020-01-10,7870.4,8073.16,0.006663852755714128,0.025762350071152795,1.0
2020-01-11,8090.02,8161.81,0.002088401567663878,0.008873896479860477,1.0
2020-01-12,8165.0,8138.74,0.0003908446778349006,-0.003216166564604994,1.0
2020-01-13,8086.78,8156.84,-0.00638428061346108,0.008663522440328641,1.0
2020-01-14,8587.4,8688.19,0.052785147189352566,0.011736963458089944,1.0
2020-01-15,8889.96,8814.21,0.02322347922870005,-0.008520848237787315,1.0
2020-01-16,8695.29,8744.0,-0.013491850092066993,0.005601883318440137,1.0
2020-01-17,8850.99,8879.64,0.01223581884720959,0.0032369260387821175,1.0
2020-01-18,8919.97,8907.58,0.004541850795752866,-0.0013890181245003186,1.0
2020-01-19,8629.0,8647.63,-0.0312744875712595,0.0021589987252288445,1.0
2020-01-20,8606.61,8676.07,-0.004743496194911101,0.008070541130596132,1.0
2020-01-21,8662.35,8718.71,-0.0015813611462331956,0.006506317569712428,1.0
2020-01-22,8645.0,8666.32,-0.008454232334829226,0.0024661654135338384,1.0
2020-01-23,8350.0,8372.39,-0.03649992153532289,0.0026814371257484204,1.0
2020-01-24,8466.27,8486.63,0.011213046692760464,0.002404837077012445,1.0
2020-01-25,8324.26,8368.25,-0.019132447155113308,0.005284553822201499,1.0
2020-01-26,8454.21,8568.23,0.010272159651061985,0.013486771679435572,1.0
2020-01-27,8739.6,8986.71,0.020000630235182948,0.02827474941644903,1.0
2020-01-28,9086.36,9061.5,0.011088596382881066,-0.0027359690789271474,1.0
2020-01-29,9324.07,9386.46,0.028976438779451552,0.0066912839564696736,1.0
2020-01-30,9386.97,9575.38,5.433358262862953e-05,0.020071439452773454,1.0
2020-01-31,9271.85,9321.0,-0.031699003068285436,0.005300991711470804,1.0
2020-02-01,9345.35,9381.43,0.0026123806458535626,0.0038607435783570843,1.0
2020-02-02,9421.99,9437.55,0.004323434700253426,0.001651455796493062,1.0
2020-02-03,9331.05,9318.04,-0.01128470842538587,-0.0013942696695440349,1.0
2020-02-04,9157.85,9204.64,-0.017191383595691834,0.0051092778326788935,1.0
2020-02-05,9448.87,9672.87,0.026533357089468135,0.023706538453804438,1.0
2020-02-06,9744.19,9783.43,0.007373199474406178,0.004027015072571416,1.0
2020-02-07,9782.04,9741.49,-0.00014207696073864629,-0.0041453520942462685,1.0
2020-02-08,9793.51,9856.87,0.005340045516651015,0.006469590575799655,1.0
2020-02-09,10098.36,10064.3,0.0244996636863426,-0.0033728248943394323,1.0
2020-02-10,9822.61,9852.43,-0.024014586210665323,0.0030358529963012693,1.0
2020-02-11,9871.43,10222.04,0.0019284582585210597,0.035517650431599046,1.0
2020-02-12,10370.0,10377.9,0.014474605851669375,0.0007618129218900371,1.0
2020-02-13,10199.0,10226.61,-0.01723855500631144,0.0027071281498187716,1.0
2020-02-14,10252.9,10354.47,0.0025707443620124337,0.009906465487813154,1.0
2020-02-15,10236.06,9892.89,-0.01143564083917381,-0.03352559480894013,1.0
2020-02-16,9938.11,9781.18,0.004570959547715692,-0.01579072882067112,1.0
2020-02-17,9532.77,9625.04,-0.025396731273731765,0.009679243283956307,1.0
2020-02-18,9627.27,10155.01,0.0002316873488317217,0.05481720155350378,1.0
2020-02-20,9589.38,9582.8,-0.05569960049276179,-0.0006861757485885356,2.0
2020-02-21,9726.37,9695.41,0.014982051175022049,-0.0031830991418176913,1.0
2020-02-22,9653.67,9676.46,-0.004305129953245945,0.0023607602082937884,1.0
2020-02-23,9867.84,9865.0,0.019777893981890227,-0.0002878036125434358,1.0
2020-02-24,9751.01,9594.81,-0.01155499239736435,-0.01601885343159326,1.0
2020-02-25,9567.8,9329.86,-0.002815063560404063,-0.024868830870210412,1.0
2020-02-26,9092.67,8804.35,-0.025422675152681817,-0.03170905795547396,1.0
2020-02-27,8821.59,8883.71,0.0019581229733030003,0.007041814457484197,1.0
2020-02-28,8660.44,8614.39,-0.02513251783320236,-0.0053172818009248335,1.0
2020-02-29,8634.09,8654.96,0.0022868711539645314,0.0024171626656659395,1.0
2020-03-01,8609.34,8492.2,-0.0052709660125521696,-0.013606153317211267,1.0
2020-03-02,8829.41,8882.24,0.03970820282141241,0.005983412255178955,1.0
2020-03-03,8798.14,8704.78,-0.009468332312569827,-0.010611333759180774,1.0
2020-03-04,8756.45,8702.85,0.005935819170616696,-0.006121202085319966,1.0
2020-03-05,9081.95,9110.53,0.04356044284343641,0.003146901271202651,1.0
2020-03-06,9060.87,9097.88,-0.005450835461822678,0.004084596732984558,1.0
2020-03-07,9087.79,8877.4,-0.001109049580781285,-0.02315084305425208,1.0
2020-03-08,8679.72,8280.11,-0.02226778110708094,-0.04603950357845632,1.0
2020-03-09,7881.45,7842.03,-0.048146703365052,-0.005001617722627194,1.0
2020-03-10,8133.82,7978.8,0.03720847790686843,-0.019058695668209946,1.0
2020-03-11,7840.86,7828.23,-0.017288314032185337,-0.0016107926936586026,1.0
2020-03-12,6028.1,6037.45,-0.229953642138772,0.00155106915943648,1.0
2020-03-13,5525.06,5391.08,-0.08486861174833737,-0.02424951041255674,1.0
2020-03-14,5425.53,5386.85,0.006390185268999815,-0.007129257418169166,1.0
2020-03-15,5307.78,5312.35,-0.014678337061548197,0.0008610002675319972,1.0
2020-03-16,4763.32,4939.25,-0.10334974163976407,0.036934323119169,1.0
2020-03-17,5206.25,5375.11,0.054056789998481625,0.032434093637454975,1.0
2020-03-18,5112.98,5328.51,-0.048767374063042435,0.042153499524739235,1.0
2020-03-19,5848.68,6215.57,0.09762016023241027,0.06273039386665014,1.0
2020-03-20,6613.52,6187.59,0.06402469926330179,-0.06440292007886883,1.0
2020-03-21,6130.3,6216.27,-0.009258855224732132,0.014023783501623033,1.0
2020-03-22,6018.05,5911.03,-0.03188728932301854,-0.017783168966691965,1.0
2020-03-23,6323.91,6266.28,0.06984907875615587,-0.009113032917925756,1.0
2020-03-24,6661.58,6697.39,0.06308367963129635,0.005375601584008738,1.0
2020-03-25,6588.78,6622.38,-0.016216765038321035,0.005099578374145208,1.0
2020-03-26,6626.87,6657.93,0.0006780039804421545,0.00468697892066694,1.0
2020-03-27,6632.22,6657.02,-0.00386156057513376,0.0037393210719789405,1.0
2020-03-28,6233.1,6210.77,-0.06368014517006104,-0.003582487044969551,1.0
2020-03-29,6122.16,5905.29,-0.01426715206005058,-0.0354237720020385,1.0
2020-03-30,6302.75,6366.74,0.06730575467081201,0.010152711118162738,1.0
2020-03-31,6447.37,6463.47,0.012664252034793266,0.0024971422455979386,1.0
2020-04-01,6219.29,6200.81,-0.037778468841040524,-0.0029714002723782995,1.0
2020-04-02,6656.76,6803.25,0.07353071614837403,0.022006201215005516,1.0
2020-04-03,6917.32,6768.15,0.016766986366809844,-0.021564710032209056,1.0
2020-04-04,6710.08,6747.35,-0.008579892585122928,0.005554330201726465,1.0
2020-04-05,6789.0,6792.99,0.006172793763477458,0.0005877154220061964,1.0
2020-04-06,7134.54,7265.86,0.050279773707895936,0.018406232216793272,1.0
2020-04-07,7336.26,7287.55,0.009689148978923479,-0.006639622914127896,1.0
2020-04-08,7279.0,7306.09,-0.001173233802855611,0.0037216650638824955,1.0
2020-04-09,7303.03,7262.85,-0.00041882867580333993,-0.005501825954432493,1.0
2020-04-10,6921.53,6900.31,-0.04699532552648078,-0.003065796146227706,1.0
2020-04-11,6874.56,6803.22,-0.0037317164011472226,-0.010377391425778537,1.0
2020-04-12,6910.03,7112.13,0.01569991856797226,0.029247340460171634,1.0
2020-04-13,6696.76,6772.74,-0.0584030381896844,0.011345785125941532,1.0
2020-04-14,6839.39,6918.18,0.009840921104309341,0.011520033219336812,1.0
2020-04-15,6713.67,6730.01,-0.029561242985872038,0.002433840209602245,1.0
2020-04-16,7057.38,7070.79,0.04864331553742107,0.001900138578339261,1.0
2020-04-17,7099.98,7072.71,0.004128251581506426,-0.0038408558897348177,1.0
2020-04-18,7133.34,7211.2,0.008572385973693253,0.01091494307014651,1.0
2020-04-19,7155.33,7134.28,-0.007747670290658926,-0.0029418629189709167,1.0
2020-04-20,7034.11,6768.88,-0.014040660024557505,-0.03770626276813971,1.0
2020-04-21,6809.23,6864.92,0.0059611043481342385,0.008178604629304642,1.0
2020-04-22,6954.42,7085.57,0.013037296865804793,0.018858510127372163,1.0
2020-04-23,7167.7,7522.01,0.011591163449094388,0.04943147732187447,1.0
2020-04-24,7505.45,7521.58,-0.002201539216246773,0.0021491049837119025,1.0
2020-04-25,7551.56,7542.81,0.00398586467205031,-0.0011587009836377948,1.0
2020-04-26,7645.0,7646.63,0.013548001341675109,0.00021321124918238787,1.0
2020-04-27,7697.0,7698.32,0.006587215544625602,0.0001714953878133585,1.0
2020-04-28,7753.77,7717.04,0.007202870236623138,-0.004737050492857109,1.0
2020-04-29,8242.56,8721.22,0.068098649223018,0.05807176411212045,1.0
2020-04-30,8759.67,8836.01,0.004408786844042556,0.00871494017468688,1.0
2020-05-01,8878.53,8727.82,0.004812126740463274,-0.016974656840715863,1.0
2020-05-02,8859.35,8878.11,0.01507020080615784,0.0021175368396102456,1.0
2020-05-03,8958.85,8872.34,0.009094277948797691,-0.009656373306841881,1.0
2020-05-04,8714.58,8830.14,-0.017781103970316736,0.013260535791742134,1.0
2020-05-05,8869.62,8905.0,0.004471050289123646,0.003988896931322872,1.0
2020-05-06,9224.98,9237.73,0.035932622122403,0.0013821168175973675,1.0
2020-05-07,9368.96,9863.93,0.014205870922834984,0.052830837147346266,1.0
2020-05-08,9829.12,9945.99,-0.0035290193665201697,0.011890179385336541,1.0
2020-05-09,9670.57,9744.77,-0.027691562127048153,0.007672763859834619,1.0
2020-05-10,8717.18,8502.94,-0.10545041083576112,-0.02457675532683734,1.0
2020-05-11,8856.34,8746.86,0.04156209499302599,-0.012361765695535598,1.0
2020-05-12,8769.49,8792.19,0.0025872141545650873,0.0025885199709447804,1.0
2020-05-13,9089.3,9151.24,0.03379249083561642,0.006814606185294947,1.0
2020-05-14,9586.0,9660.0,0.04750831581293902,0.007719591070310949,1.0
2020-05-15,9520.13,9337.83,-0.014479296066252645,-0.019148898176810536,1.0
2020-05-16,9471.45,9329.78,0.014309534442156435,-0.014957583052225387,1.0
2020-05-17,9767.5,9771.0,0.04691643318491967,0.00035833120040962285,1.0
2020-05-18,9665.0,9701.7,-0.010848429024664874,0.0037972064148992235,1.0
2020-05-19,9619.54,9644.13,-0.008468618901841918,0.002556255288714171,1.0
2020-05-20,9766.0,9531.99,0.012636702325663496,-0.023961703870571394,1.0
2020-05-21,9362.64,9065.53,-0.017766489473866498,-0.03173357087317241,1.0
2020-05-22,9173.03,9173.72,0.011858104269689695,7.522051056185752e-05,1.0
2020-05-23,9132.19,9180.98,-0.004527062086045697,0.0053426396078049,1.0
2020-05-24,9159.9,9018.45,-0.002296051184078385,-0.015442308322143106,1.0
2020-05-25,8761.01,8928.06,-0.028545925297584485,0.019067436288738415,1.0
2020-05-26,8817.21,8800.0,-0.01241591118339258,-0.0019518645920874045,1.0
2020-05-27,9145.0,9159.99,0.03920454545454555,0.0016391470749042014,1.0
2020-05-28,9423.62,9452.25,0.028780599105457716,0.003038110619910217,1.0
2020-05-29,9398.18,9404.98,-0.005720331138088786,0.0007235443458200042,1.0
2020-05-30,9544.52,9535.14,0.014836820492972969,-0.0009827628838329217,1.0
2020-05-31,9576.22,9514.74,0.004308274445891769,-0.006420069714354937,1.0
2020-06-01,9555.01,9572.48,0.00423238049594632,0.0018283602005648714,1.0
2020-06-02,10123.71,9508.83,0.05758486828909537,-0.060736627185093095,1.0
2020-06-03,9598.29,9577.18,0.009408097526194092,-0.0021993500925686638,1.0
2020-06-04,9642.02,9817.64,0.006770260139205897,0.01821402569171182,1.0
2020-06-05,9672.88,9725.0,-0.01474488777343641,0.005388260786859833,1.0
2020-06-06,9648.06,9657.39,-0.007911568123393331,0.0009670337871032775,1.0
2020-06-07,9512.28,9773.81,-0.015025798895974884,0.027493934156689992,1.0
2020-06-08,9719.5,9694.65,-0.005556686696385538,-0.0025567158804465917,1.0
2020-06-09,9720.57,9731.15,0.002673639584719334,0.00108841353953526,1.0
2020-06-10,9763.98,9852.18,0.0033737019776696187,0.009033201624747411,1.0
2020-06-11,9721.37,9280.93,-0.013277264524196641,-0.04530637142707261,1.0
2020-06-12,9459.66,9431.21,0.01925776834864612,-0.0030075076694089375,1.0
2020-06-13,9420.89,9404.08,-0.0010942392333539441,-0.0017843324781415815,1.0
2020-06-14,9410.57,9394.04,0.0006901259878691057,-0.0017565354702211433,1.0
2020-06-15,9099.44,9418.57,-0.031360309302494005,0.03507138900855433,1.0
2020-06-16,9565.0,9507.52,0.015546946086295588,-0.0060094093047569075,1.0
2020-06-17,9499.25,9300.83,-0.0008698377705227411,-0.02088796483932942,1.0
2020-06-18,9426.0,9397.99,0.013457938700094596,-0.002971568003394931,1.0
2020-06-19,9384.0,9307.37,-0.0014886161828220335,-0.008166027280477328,1.0
2020-06-20,9305.0,9286.54,-0.00025463691676608224,-0.0019838796346050014,1.0
2020-06-21,9347.06,9351.13,0.0065169589534959105,0.00043543103392940097,1.0
2020-06-22,9493.5,9563.47,0.015224897953509453,0.007370305998841253,1.0
2020-06-23,9631.07,9640.48,0.007068564025400903,0.0009770461641334105,1.0
2020-06-24,9392.71,9299.0,-0.025701002439712628,-0.009976886329930212,1.0
2020-06-25,9185.82,9287.06,-0.012171201204430604,0.011021335057730175,1.0
2020-06-26,9207.99,9166.8,-0.008513996894603859,-0.004473288958828259,1.0
2020-06-27,9164.38,8938.04,-0.00026399616005590154,-0.024697797341445726,1.0
2020-06-28,9049.99,9112.64,0.012525117363538119,0.006922659583049162,1.0
2020-06-29,9103.1,9158.1,-0.0010468974962248856,0.006041897815030062,1.0
2020-06-30,9121.77,9134.73,-0.003966980050447155,0.001420776888695796,1.0
2020-07-01,9165.44,9240.01,0.003361894659174469,0.008135997835346576,1.0
2020-07-02,9242.58,9055.15,0.00027813822712308145,-0.020278969724903728,1.0
2020-07-03,9107.98,9085.72,0.00583424901851437,-0.0024440106368261993,1.0
2020-07-04,9069.12,9129.31,-0.0018270428760734925,0.006636807099255293,1.0
2020-07-05,9042.49,9029.23,-0.009510028687819694,-0.0014664102476198426,1.0
2020-07-06,9270.44,9289.65,0.026714348842592495,0.002072177803858155,1.0
2020-07-07,9267.05,9238.5,-0.0024328150145592753,-0.0030808078083099932,1.0
2020-07-08,9297.47,9430.0,0.006383070844834027,0.01425441544850381,1.0
2020-07-09,9422.61,9218.14,-0.0007836691410392227,-0.021699932396650357,1.0
2020-07-10,9186.11,9235.57,-0.003474670595152496,0.005384215952127569,1.0
2020-07-11,9208.94,9205.11,-0.0028834170495161127,-0.0004159002013260915,1.0
2020-07-12,9267.28,9220.28,0.006753857368352989,-0.005071606771350434,1.0
2020-07-13,9315.75,9235.07,0.010354349325616852,-0.008660601669216117,1.0
2020-07-14,9205.17,9268.92,-0.0032376581877560096,0.0069254560209099925,1.0
2020-07-15,9245.46,9185.46,-0.002531039214924813,-0.006489671687509357,1.0
2020-07-16,9080.0,9126.13,-0.011481188748304283,0.005080396475770854,1.0
2020-07-17,9162.87,9164.75,0.004025802832087866,0.00020517588921364904,1.0
2020-07-18,9165.69,9163.84,0.0001025669003520413,-0.0002018396869194472,1.0
2020-07-19,9132.32,9165.44,-0.0034396061039914105,0.003626679748410133,1.0
2020-07-20,9162.38,9158.65,-0.0003338628587390424,-0.00040709946542272224,1.0
2020-07-21,9367.57,9354.35,0.02281122217794107,-0.0014112517974244065,1.0
2020-07-22,9328.99,9373.88,-0.002711038180098102,0.00481188210084893,1.0
2020-07-23,9489.33,9595.8,0.012316138034623947,0.011219970219182862,1.0
2020-07-24,9521.35,9581.76,-0.0077586027220241105,0.00634468851580916,1.0
2020-07-25,9603.79,9674.14,0.0022991600708013316,0.007325233059031655,1.0
2020-07-26,9878.29,9866.0,0.021102650984997195,-0.0012441424578546467,1.0
2020-07-27,10292.08,10792.0,0.04318670180417605,0.048573271875072876,1.0
2020-07-28,10992.45,10993.97,0.018573943661971848,0.00013827672629829202,1.0
2020-07-29,11100.45,11204.59,0.009685309310467627,0.009381601646780036,1.0
2020-07-30,10932.71,11116.82,-0.024265055660225077,0.016840289370156247,1.0
2020-07-31,11238.0,11317.26,0.01090059927209408,0.007052856380138861,1.0
2020-08-01,11666.78,11769.59,0.0308838004958798,0.008812200110056123,1.0
2020-08-02,10996.25,11202.8,-0.06570662189591991,0.018783676253268045,1.0
2020-08-03,11218.01,11399.46,0.0013576962902133172,0.016174883067495927,1.0
2020-08-04,11150.86,11221.37,-0.02180805055678059,0.0063232791013427825,1.0
2020-08-05,11562.86,11645.0,0.030432113012938578,0.007103778822886264,1.0
2020-08-06,11760.39,11863.72,0.00990897380850142,0.008786273244339782,1.0
2020-08-07,11753.85,11489.0,-0.009261007508606034,-0.022533042364842215,1.0
2020-08-08,11772.56,11713.42,0.024680999216641908,-0.005023546280503055,1.0
2020-08-09,11654.63,11628.98,-0.005019029455103685,-0.0022008420687743557,1.0
2020-08-10,11870.56,11863.03,0.02077396297869627,-0.0006343424404576803,1.0
2020-08-11,11662.86,11387.05,-0.01687342946953685,-0.023648573334499545,1.0
2020-08-12,11509.8,11568.98,0.01077978932208068,0.0051417053293714154,1.0
2020-08-13,11466.38,11506.17,-0.008868543294223041,0.003470144893157334,1.0
2020-08-14,11739.0,11801.94,0.02023523031556107,0.005361615129056974,1.0
2020-08-15,11749.33,11837.11,-0.0044577416933149205,0.0074710643074966665,1.0
2020-08-16,11770.71,11818.3,-0.005609477313297084,0.004043086610748148,1.0
2020-08-17,11880.9,12328.53,0.005296870108222107,0.037676438653637456,1.0
2020-08-18,12247.62,11982.0,-0.006562826225024354,-0.021687478873446464,1.0
2020-08-19,11855.51,11649.84,-0.010556668335837016,-0.017348051665428188,1.0
2020-08-20,11783.26,11843.09,0.011452517802819528,0.005077542208183461,1.0
2020-08-21,11760.24,11670.83,-0.00699564049585033,-0.007602735998585075,1.0
2020-08-22,11588.92,11590.26,-0.007018352593603061,0.00011562768575501536,1.0
2020-08-23,11561.0,11684.97,-0.002524533530740447,0.010723120837297762,1.0
2020-08-24,11775.37,11748.39,0.007736434068722486,-0.0022912231208023215,1.0
2020-08-25,11491.77,11294.0,-0.021842992954779206,-0.017209707468910374,1.0
2020-08-26,11310.53,11460.05,0.0014636089959270127,0.013219539667902236,1.0
2020-08-27,11352.63,11244.09,-0.009373432053088826,-0.009560780189259988,1.0
2020-08-28,11440.88,11498.13,0.017501638638609096,0.005003985707393133,1.0
2020-08-29,11464.3,11522.11,-0.002942217560594651,0.005042610538803283,1.0
2020-08-30,11598.75,11642.59,0.006651559479990965,0.003779717641987368,1.0
2020-08-31,11719.83,11725.0,0.006634262651179723,0.00044113267854561933,1.0
2020-09-01,11899.94,11957.41,0.014920255863539511,0.004829436114803798,1.0
2020-09-02,11428.65,11389.21,-0.044220278471675756,-0.0034509762745381645,1.0
2020-09-03,10818.93,10682.69,-0.050071954068807156,-0.012592742535537216,1.0
2020-09-04,10464.47,10570.13,-0.020427439156242566,0.010097023547298578,1.0
2020-09-05,10001.75,9956.66,-0.05377228094640263,-0.004508211063063983,1.0
2020-09-06,10245.73,10258.3,0.029032828277755662,0.0012268525522338702,1.0
2020-09-07,9946.14,10148.47,-0.030429993273739298,0.02034256505538834,1.0
2020-09-08,10007.26,9991.21,-0.013914412714428837,-0.0016038356153433853,1.0
2020-09-09,10190.6,10276.77,0.019956541800242533,0.008455831845033623,1.0
2020-09-10,10362.04,10270.01,0.008297354129750856,-0.008881455775117675,1.0
2020-09-11,10289.42,10323.2,0.001889968948423526,0.003282983880529722,1.0
2020-09-12,10319.74,10461.39,-0.00033516738995664763,0.013726121006924608,1.0
2020-09-13,10290.05,10309.05,-0.016378320662932988,0.001846443894830463,1.0
2020-09-14,10504.26,10665.0,0.018935789427735994,0.015302363041280298,1.0
2020-09-15,10907.94,10783.36,0.022779184247538664,-0.011421038252868998,1.0
2020-09-16,10925.23,10982.2,0.013156381684372942,0.005214535529229236,1.0
2020-09-17,10803.95,10916.63,-0.016230809855948714,0.010429518833389606,1.0
2020-09-18,10990.49,10866.55,0.006765824251623531,-0.011277022225578692,1.0
2020-09-19,11098.98,11054.2,0.02138949344548191,-0.0040346049817189256,1.0
2020-09-20,10850.64,10871.03,-0.018414720196848422,0.0018791518288323594,1.0
2020-09-21,10570.3,10498.55,-0.027663432075893613,-0.0067878868149438,1.0
2020-09-22,10487.47,10491.97,-0.0010553838387206138,0.0004290834681768274,1.0
2020-09-23,10505.43,10293.0,0.001282885864141825,-0.020220971440483626,1.0
2020-09-24,10377.47,10653.82,0.00820654813951216,0.02662980475973442,1.0
2020-09-25,10615.48,10718.31,-0.003598709195387184,0.00968679701718611,1.0
2020-09-26,10686.37,10718.55,-0.0029799473984236657,0.0030113125411153074,1.0
2020-09-27,10666.97,10732.0,-0.004812218070541219,0.006096389133934066,1.0
2020-09-28,10901.08,10869.0,0.015754752143123385,-0.0029428276831285904,1.0
2020-09-29,10762.24,10737.49,-0.009822430766399881,-0.002299707124167494,1.0
2020-09-30,10728.0,10706.48,-0.0008838192165953052,-0.0020059656972408746,1.0
2020-10-01,10885.96,10617.74,0.016763679566019762,-0.024639076388301984,1.0
2020-10-02,10489.27,10515.04,-0.012099561676967019,0.00245679632615059,1.0
2020-10-03,10535.54,10582.62,0.001949588399093205,0.004468684092129971,1.0
2020-10-04,10606.4,10673.26,0.002247080590628725,0.0063037411374264885,1.0
2020-10-05,10695.61,10730.78,0.0020940181350403986,0.0032882649984433687,1.0
2020-10-06,10699.56,10571.36,-0.002909387761187987,-0.011981801120793611,1.0
2020-10-07,10625.3,10650.34,0.005102465529505995,0.0023566393419480747,1.0
2020-10-08,10639.85,10878.83,-0.000984945081565436,0.022460842963011762,1.0
2020-10-09,11067.68,11034.28,0.01735940353879961,-0.0030177959608517213,1.0
2020-10-10,11340.0,11351.09,0.02770638410480797,0.000977954144620874,1.0
2020-10-11,11355.74,11334.02,0.0004096522888989984,-0.0019126890893943482,1.0
2020-10-12,11290.88,11546.93,-0.003806239974872172,0.02267759466046937,1.0
2020-10-13,11447.96,11387.83,-0.008571109377124575,-0.005252464194493989,1.0
2020-10-14,11406.17,11342.25,0.0016104911998160443,-0.005603984510137994,1.0
2020-10-15,11376.21,11520.93,0.002994114924287361,0.012721284153510037,1.0
2020-10-16,11368.15,11308.11,-0.013261082221661002,-0.005281422219094445,1.0
2020-10-17,11345.39,11342.21,0.0032967489704289754,-0.0002802900561373889,1.0
2020-10-18,11417.7,11432.24,0.006655669397763075,0.0012734613801377304,1.0
2020-10-19,11515.0,11689.99,0.007239176224431931,0.015196699956578463,1.0
2020-10-20,11878.41,11912.35,0.016118063402962735,0.0028572847712784455,1.0
2020-10-21,12410.05,12680.75,0.04178016932007522,0.02181296610408512,1.0
2020-10-22,12850.0,13072.48,0.013347002346075776,0.01731361867704284,1.0
2020-10-23,12974.01,12918.99,-0.0075326181413166715,-0.004240786002169039,1.0
2020-10-24,12976.66,13118.24,0.004463971254718757,0.010910357518806757,1.0
2020-10-25,12972.35,13042.16,-0.011121156496603168,0.005381445921517569,1.0
2020-10-26,13138.54,13004.5,0.007389880203892751,-0.010202046802765041,1.0
2020-10-27,13383.01,13656.89,0.029106078665077417,0.020464753444852768,1.0
2020-10-28,13293.51,13165.31,-0.02660781480996033,-0.009643803630493442,1.0
2020-10-29,13130.3,13492.51,-0.00265926134667549,0.027585812966954393,1.0
2020-10-30,13328.81,13536.44,-0.012132657303941308,0.01557753467863976,1.0
2020-10-31,13878.5,13781.87,0.025269568660593045,-0.0069625680008645885,1.0
2020-11-01,13793.75,13817.46,0.0008620020360081693,0.0017188944268236028,1.0
2020-11-02,13392.19,13663.37,-0.03077772615227392,0.02024911534259899,1.0
2020-11-03,13699.71,13731.63,0.0026596659535675915,0.0023299763279660546,1.0
2020-11-04,13835.13,14035.0,0.007537342617009113,0.01444655742302392,1.0
2020-11-05,14812.19,15066.61,0.0553751335945849,0.01717639322747,1.0
2020-11-06,15685.04,15484.02,0.041046393316081176,-0.012816033621846024,1.0
2020-11-07,15505.09,14852.26,0.0013607577360401635,-0.042104238027641294,1.0
2020-11-08,15204.8,15375.3,0.023736454923358297,0.011213564137640741,1.0
2020-11-09,15278.58,15373.76,-0.006290608963727462,0.006229636523813031,1.0
2020-11-10,15306.83,15280.63,-0.004353521845013808,-0.001711654209264779,1.0
2020-11-11,15557.85,15713.09,0.018141922158968704,0.009978242494946166,1.0
2020-11-12,15996.02,16145.35,0.01800600645703687,0.009335447192489132,1.0
2020-11-13,16230.57,16201.94,0.005278299943946685,-0.0017639553016314258,1.0
2020-11-14,15929.38,15990.95,-0.016822676790557267,0.0038651849601178956,1.0
2020-11-15,16052.57,15845.1,0.003853429596115232,-0.012924410234622874,1.0
2020-11-16,16322.83,16825.56,0.03015001483108337,0.03079919352220184,1.0
2020-11-17,16947.38,17677.64,0.007240175066981491,0.04308984633612978,1.0
2020-11-18,17882.89,17642.93,0.011610712742198714,-0.013418412795694556,1.0
2020-11-19,18000.56,18023.99,0.020270442607888794,0.0013016261716303212,1.0
2020-11-20,18242.84,18623.35,0.012142150544912633,0.020858046225258775,1.0
2020-11-21,18794.82,18652.09,0.009207258629623682,-0.007594113697284688,1.0
2020-11-22,18196.37,18550.21,-0.024432650710992765,0.019445636684679357,1.0
2020-11-23,18594.27,18373.0,0.0023751752675575943,-0.011899902496844472,1.0
2020-11-24,19167.81,19057.68,0.043259674522396985,-0.00574557030771905,1.0
2020-11-25,19198.55,18902.39,0.007391770666733688,-0.01542616499683569,1.0
2020-11-26,17054.57,17136.33,-0.09775589224431402,0.004794022951033261,1.0
2020-11-27,16944.79,17069.73,-0.011177422470272314,0.007373357828571514,1.0
2020-11-28,17356.02,17673.21,0.016771794281456254,0.018275503254778336,1.0
2020-11-29,18097.46,18207.4,0.02400525993863023,0.006074885646936146,1.0
2020-11-30,19151.49,19439.48,0.051851994244098476,0.015037472280224673,1.0
2020-12-01,18759.73,19024.32,-0.03496749913063524,0.0141041475543624,1.0
2020-12-02,19124.51,19083.4,0.005266416881128944,-0.0021495975583163407,1.0
2020-12-03,19281.0,19369.44,0.010354548979741418,0.004586899019760393,1.0
2020-12-04,19005.34,18962.53,-0.018797652384374475,-0.002252524816709456,1.0
2020-12-05,18983.13,19054.9,0.0010863529286442297,0.0037807253071542313,1.0
2020-12-06,18953.07,19168.73,-0.005344032243674968,0.011378631535682526,1.0
2020-12-07,19187.67,19050.63,0.0009880675454241317,-0.0071420865587117355,1.0
2020-12-08,18922.84,18742.63,-0.00670791464639231,-0.009523411919141078,1.0
2020-12-09,18483.5,18341.02,-0.013825701088908016,-0.007708496767387052,1.0
2020-12-10,18233.65,18365.78,-0.005854090993848704,0.0072464920627519636,1.0
2020-12-11,17972.01,17982.89,-0.0214404179947707,0.0006053858193937334,1.0
2020-12-12,18400.21,18770.68,0.02320650351528597,0.02013400934011078,1.0
2020-12-13,19321.13,19154.57,0.029324989824556225,-0.008620613804679156,1.0
2020-12-14,19184.19,19208.07,0.001546367263791204,0.0012447749944095587,1.0
2020-12-15,19349.0,19491.87,0.007337020325311139,0.007383844126311434,1.0
2020-12-16,20319.51,20802.82,0.04246077980204044,0.02378551451289934,1.0
2020-12-17,22831.84,22791.55,0.09753581485587048,-0.0017646409575400313,1.0
2020-12-18,22571.78,22755.66,-0.009642608773865802,0.008146455441263356,1.0
2020-12-19,23172.74,23902.17,0.018328626811966897,0.03147793484930994,1.0
2020-12-20,23561.36,24172.25,-0.0142585380323208,0.025927620476916324,1.0
2020-12-21,22681.32,22829.79,-0.061679405102958995,0.006545915317097917,1.0
2020-12-22,23487.2,23423.77,0.028796147489749124,-0.0027006199121223373,1.0
2020-12-23,23617.34,23501.99,0.008263827727133632,-0.004884123275525454,1.0
2020-12-24,23379.65,23525.42,-0.005205516639229302,0.006234909419088774,1.0
2020-12-25,24500.0,24455.05,0.04142667803592892,-0.0018346938775510857,1.0
2020-12-26,24942.42,26417.3,0.019929217073774153,0.059131391420720325,1.0
2020-12-27,27519.48,26223.51,0.041721901935474204,-0.04709282297485273,1.0
2020-12-28,27249.22,26866.97,0.03911413842006661,-0.014027924469030673,1.0
2020-12-29,26880.0,26989.63,0.00048498211744751885,0.004078497023809469,1.0
2020-12-30,27869.61,28785.67,0.032604374346739906,0.03286949476508627,1.0
2020-12-31,28519.0,29126.7,-0.009263984475608833,0.02130860128335499,1.0
2021-01-01,29464.79,29200.96,0.011607562820367567,-0.008954077052644949,1.0
2021-01-02,31541.17,30667.22,0.0801415432917274,-0.02770823022735036,1.0
2021-01-03,33880.0,33726.21,0.10476267493434355,-0.0045392561983471635,1.0
2021-01-04,31400.0,31244.97,-0.06897335929533732,-0.00493726114649673,1.0
2021-01-05,31460.01,33969.17,0.006882387789138411,0.07975712658705447,1.0
2021-01-06,34550.0,36015.88,0.01709873982790877,0.042427785817655606,1.0
2021-01-07,38161.6,39109.38,0.05957705323318496,0.024835960756362407,1.0
2021-01-08,41311.18,39059.15,0.05629851457629864,-0.054513814420212636,1.0
2021-01-09,41051.65,40606.22,0.05101237482126475,-0.010850477386414425,1.0
2021-01-10,39800.9,37718.88,-0.019832429613000135,-0.052310877392219846,1.0
2021-01-11,32813.71,33409.8,-0.13004548385317904,0.01816588249240958,1.0
2021-01-12,33291.06,34287.95,-0.0035540470161451454,0.029944675837897616,1.0
2021-01-13,34575.5,36222.07,0.008386328141519295,0.04762244942227878,1.0
2021-01-14,38977.66,39312.86,0.07607489025337322,0.008599797935535225,1.0
2021-01-15,37683.94,35605.7,-0.041434787497017456,-0.05514922271928058,1.0
2021-01-16,37143.51,36711.16,0.04318999486037356,-0.011639987712523614,1.0
2021-01-17,34841.83,36072.99,-0.05091993824221308,0.0353356870175876,1.0
2021-01-18,36766.78,36102.79,0.01923294963905131,-0.018059509154731423,1.0
2021-01-19,37082.52,36436.26,0.02713723786998168,-0.017427618187760507,1.0
2021-01-20,34958.56,34957.15,-0.04055575407574774,-4.033346911302971e-05,1.0
2021-01-21,32304.44,31883.01,-0.07588461874037222,-0.013045575159327916,1.0
2021-01-22,32141.8,33503.2,0.00811686224104946,0.042356059710408234,1.0
2021-01-23,31865.19,32191.33,-0.048891150696052876,0.010234993106898349,1.0
2021-01-24,32227.29,31673.26,0.0011170709628958164,-0.017191330701402552,1.0
2021-01-25,34544.49,33470.2,0.09065154644643458,-0.031098736730517662,1.0
2021-01-26,31718.97,31986.99,-0.052322065598651823,0.008449833017907027,1.0
2021-01-27,30275.3,31520.2,-0.05351206850034973,0.04111932829732501,1.0
2021-01-28,31775.12,32577.96,0.008087512135075192,0.02526630898640203,1.0
2021-01-29,38250.03,34574.61,0.17410758684705852,-0.09608933640052042,1.0
2021-01-30,34237.69,34154.63,-0.009744723078582762,-0.002425981425733026,1.0
2021-01-31,33692.92,32853.73,-0.01351822578666495,-0.02490701310542376,1.0
2021-02-01,33702.25,33831.55,0.02582720439962216,0.0038365391034724805,1.0
2021-02-02,34844.73,35786.51,0.029947785425143092,0.027027903502193862,1.0
2021-02-03,36537.42,37039.88,0.020983046404916106,0.013751928844455863,1.0
2021-02-04,37587.58,37613.31,0.014786764967921195,0.0006845346255330842,1.0
2021-02-05,38272.32,37740.39,0.01752065957502813,-0.013898556450196886,1.0
2021-02-06,40130.47,40087.4,0.06332949924470843,-0.0010732493290011025,1.0
2021-02-07,38629.26,38471.95,-0.0363740227602688,-0.004072301669770684,1.0
2021-02-08,42897.12,44151.07,0.11502328319723865,0.02923156612844857,1.0
2021-02-09,46285.14,47084.17,0.0483356349008075,0.017263208018815535,1.0
2021-02-10,45626.32,44555.59,-0.03096263563741275,-0.023467375847975536,1.0
2021-02-11,47555.46,47027.49,0.06732870106758782,-0.0111021952053455,1.0
2021-02-12,47871.4,47577.49,0.017945035977892987,-0.006139573941852605,1.0
2021-02-13,46971.43,46934.06,-0.012738376908912108,-0.0007955900001341831,1.0
2021-02-14,48759.63,48929.5,0.038896485835659744,0.0034838246311550414,1.0
2021-02-15,47960.73,48580.99,-0.01979930307891964,0.01293266386896108,1.0
2021-02-16,48950.89,48769.27,0.007614089379405442,-0.003710249190566395,1.0
2021-02-17,51149.96,52240.0,0.04881537082675225,0.021310671601698195,1.0
2021-02-18,51796.24,52111.89,-0.008494640122511554,0.006094071693234948,1.0
2021-02-19,52800.04,55348.33,0.013205239725521345,0.04826303161891543,1.0
2021-02-20,57274.34,56719.52,0.03479797854786204,-0.009687060558009053,1.0
2021-02-21,57154.19,57654.8,0.0076634992679769365,0.008758937883644347,1.0
2021-02-22,52070.47,53771.34,-0.09685802396331267,0.0326647714145849,1.0
2021-02-23,48750.0,47814.5,-0.09338320376616982,-0.01918974358974357,1.0
2021-02-24,49481.61,49101.18,0.03486620167522414,-0.007688310869432113,1.0
2021-02-25,51347.6,49152.75,0.045750835315974125,-0.04274493841971194,1.0
2021-02-26,45958.41,46270.0,-0.06498802203335519,0.00677982549874967,1.0
2021-02-27,47441.91,47081.07,0.025327642100713366,-0.007605933234981599,1.0
2021-02-28,44178.8,44860.38,-0.06164409602415566,0.015427761731871215,1.0
2021-03-01,47799.33,48512.4,0.06551326582610328,0.014917991528333063,1.0
2021-03-02,49000.0,47529.57,0.010051038497373765,-0.03000877551020409,1.0
2021-03-03,51559.5,50521.4,0.08478784891174063,-0.020134019918734647,1.0
2021-03-04,49633.44,48221.0,-0.017575918323720185,-0.028457427089478404,1.0
2021-03-05,48056.18,49173.85,-0.003418012898944389,0.023257570618388623,1.0
2021-03-06,47320.3,48518.5,-0.03769381490365298,0.025321056713503376,1.0
2021-03-07,50764.44,50036.64,0.046290384080299285,-0.014336807418736441,1.0
2021-03-08,50978.43,51759.63,0.01882200723309957,0.015324128263659587,1.0
2021-03-09,54779.99,54326.14,0.05835358560329751,-0.0082849595262795,1.0
2021-03-10,56262.56,56266.0,0.0356443509514941,6.114190324790769e-05,1.0
2021-03-11,56921.18,57457.36,0.011644332278818448,0.009419692283259007,1.0
2021-03-12,55689.99,56696.8,-0.03075967987391004,0.018078832479589302,1.0
2021-03-13,59915.25,61648.26,0.056765990320441384,0.02892435565235907,1.0
2021-03-14,60427.82,59931.7,-0.019796828004553624,-0.008210125733478457,1.0
2021-03-15,56439.53,56570.36,-0.058269163063954466,0.002318056156739745,1.0
2021-03-16,55091.95,55731.36,-0.026134003743303102,0.01160623285253104,1.0
2021-03-17,55151.01,57867.42,-0.010413347171143839,0.0492540390466103,1.0
2021-03-18,58051.31,57293.79,0.0031777812109128334,-0.01304914566096782,1.0
2021-03-19,58849.99,58826.56,0.027161756972265083,-0.0003981309087732754,1.0
2021-03-20,59144.54,59272.82,0.005405381514744345,0.002168923792458255,1.0
2021-03-21,56191.64,57513.18,-0.05198301683638473,0.023518445092544082,1.0
2021-03-22,57259.48,55524.99,-0.004411162797814283,-0.03029175256219585,1.0
2021-03-23,55110.0,55008.46,-0.007473932007912132,-0.0018424968245327467,1.0
2021-03-24,56900.01,54736.53,0.03438652890846239,-0.038022488923991404,1.0
2021-03-25,51076.92,52195.19,-0.06685864083821169,0.021893841680352022,1.0
2021-03-26,53001.57,53778.55,0.015449316306732408,0.014659565744939318,1.0
2021-03-27,54291.28,55765.01,0.0095340986322614,0.027144874830727916,1.0
2021-03-28,55525.24,55208.69,-0.0042996495472699126,-0.005701010927642969,1.0
2021-03-29,58035.18,57676.42,0.05119646925148924,-0.006181767679535155,1.0
2021-03-30,59112.81,59060.0,0.02490428497469166,-0.00089337657945876,1.0
2021-03-31,58159.98,58553.12,-0.015239078902810621,0.006759630935223804,1.0
2021-04-01,58730.06,58918.99,0.003021871422052236,0.0032169216241222376,1.0
2021-04-02,59491.3,58850.0,0.009713506630035562,-0.010779727455947352,1.0
2021-04-03,59254.76,58597.04,0.00687782497875955,-0.011099867757459525,1.0
2021-04-04,57755.08,57953.86,-0.014368643876892073,0.003441775165059058,1.0
2021-04-05,57959.23,59005.2,9.26599194601696e-05,0.018046651068345687,1.0
2021-04-06,58471.92,58225.0,-0.009037847511744745,-0.00422288168406304,1.0
2021-04-07,56463.22,56153.83,-0.030258136539287217,-0.005479496210099244,1.0
2021-04-08,57472.09,57734.94,0.023475869767030977,0.004573524296749953,1.0
2021-04-09,58504.18,58370.59,0.013323647690635765,-0.0022834265859295044,1.0
2021-04-10,60088.62,59567.38,0.029433144328333993,-0.00867452106571931,1.0
2021-04-11,59724.45,59705.53,0.0026368458710119835,-0.0003167881830640207,1.0
2021-04-12,60421.84,60090.41,0.011997381147106356,-0.005485268240755237,1.0
2021-04-13,62973.25,62997.02,0.047975042939464085,0.00037746185880505045,1.0
2021-04-14,63871.42,62150.04,0.01388002162641988,-0.026950708157106873,1.0
2021-04-15,62635.71,63363.29,0.00781447606469765,0.011616057357695775,1.0
2021-04-16,60716.32,61713.43,-0.04177450381758907,0.016422437987019034,1.0
2021-04-17,61061.52,60705.02,-0.010563502952274817,-0.005838374151183934,1.0
2021-04-18,54947.24,55720.66,-0.09484849852615151,0.014075684238189279,1.0
2021-04-19,56515.7,55930.94,0.014268316276224935,-0.010346859368281613,1.0
2021-04-20,55801.14,56572.44,-0.0023207190867881033,0.013822298254121845,1.0
2021-04-21,55433.39,55478.7,-0.020134362244230597,0.000817377396547414,1.0
2021-04-22,54990.48,52923.54,-0.008800134105521495,-0.037587233281106136,1.0
2021-04-23,49249.3,50876.72,-0.06942543903903631,0.0330445305821605,1.0
2021-04-24,49549.87,50667.75,-0.026079707968595378,0.022560705002858672,1.0
2021-04-25,49859.54,49333.01,-0.015951172096649202,-0.010560265898963306,1.0
2021-04-26,53484.75,54036.19,0.0841574434643253,0.010310228616568384,1.0
2021-04-27,54838.53,54761.7,0.014848197106420713,-0.0014010222374669645,1.0
2021-04-28,55175.25,55411.97,0.007551810845901397,0.004290329450251651,1.0
2021-04-29,54330.01,52860.02,-0.01952574506916105,-0.027056685614451514,1.0
2021-04-30,54655.81,57007.38,0.03397255619653561,0.043025069064020816,1.0
2021-05-01,57764.15,57770.31,0.013274947910253188,0.0001066405374265944,1.0
2021-05-02,56839.66,56836.4,-0.016109485997218842,-5.7354319149771626e-05,1.0
2021-05-03,58558.27,57564.87,0.03029519814766579,-0.016964298979460835,1.0
2021-05-04,56020.57,54541.13,-0.02682712564103773,-0.026408870884391256,1.0
2021-05-05,55573.09,57136.04,0.018920766768125263,0.028124223432600237,1.0
2021-05-06,57616.97,56128.42,0.008417279181406334,-0.025835270407312372,1.0
2021-05-07,57459.27,57584.01,0.0237108046155583,0.00217092907724048,1.0
2021-05-08,58862.79,59030.56,0.022207206479715413,0.0028501876992239605,1.0
2021-05-09,56433.53,57266.97,-0.043994669879465764,0.01476852502404169,1.0
2021-05-10,57654.57,55733.76,0.006768299422861057,-0.033315832552389124,1.0
2021-05-11,55374.08,56608.94,-0.006453539111662354,0.02230032535077786,1.0
2021-05-12,56316.76,54432.39,-0.005161375570713722,-0.033460199059747064,1.0
2021-05-13,50158.05,48568.85,-0.07852567193907889,-0.03168384735849983,1.0
2021-05-14,50310.83,50138.09,0.03586619819081571,-0.003433455580041267,1.0
2021-05-15,49167.21,48108.4,-0.01936412017290645,-0.021534880665386447,1.0
2021-05-16,48622.62,45549.26,0.010688777843370412,-0.0632084408450223,1.0
2021-05-17,44919.14,44197.73,-0.013833814204665562,-0.01606019171337647,1.0
2021-05-18,43955.47,43262.71,-0.0054812769796096505,-0.015760495792673912,1.0
2021-05-19,35234.62,39342.93,-0.1855660452153829,0.1165986748260659,1.0
2021-05-20,41699.99,40116.04,0.059910637057280614,-0.03798442157899795,1.0
2021-05-21,40508.0,36062.12,0.009770655328890765,-0.10975313518317364,1.0
2021-05-22,38151.81,37286.65,0.057946953756462305,-0.022676774706101632,1.0
2021-05-23,33944.77,33051.73,-0.08962671626440033,-0.026308618382154147,1.0
2021-05-24,38211.21,39606.1,0.1561031752347002,0.03650473251174202,1.0
2021-05-25,37119.86,37292.69,-0.06277416862553997,0.004655998163786146,1.0
2021-05-26,40119.99,38485.1,0.07581378548986395,-0.04075001015703139,1.0
2021-05-27,39316.81,38768.35,0.021611220966036182,-0.013949758385789712,1.0
2021-05-28,36589.74,35789.3,-0.056195582221064355,-0.021876077829467877,1.0
2021-05-29,34778.18,34025.43,-0.02825201945832978,-0.021644318362835535,1.0
2021-05-30,35524.92,36077.59,0.04406968552638424,0.015557248264035373,1.0
2021-05-31,36777.0,36863.67,0.019386272752697886,0.002356635940941265,1.0
2021-06-01,36164.95,35973.87,-0.018954162729863833,-0.005283568759254287,1.0
2021-06-02,37276.59,37884.57,0.03621295123377033,0.016309968266947195,1.0
2021-06-03,38999.01,38596.64,0.029416725595671434,-0.010317441391461069,1.0
2021-06-04,36878.96,36800.99,-0.044503355732519734,-0.0021142136329224126,1.0
2021-06-05,36009.8,35778.94,-0.02149914988700019,-0.006411032552249729,1.0
2021-06-06,35869.81,35747.15,0.002539762217661945,-0.0034195887851091733,1.0
2021-06-07,36611.31,35634.46,0.02417423486907344,-0.026681645644474283,1.0
2021-06-08,32882.06,32864.18,-0.07723984031187792,-0.0005437615526520112,1.0
2021-06-09,34891.62,36260.45,0.0616914829458699,0.039230909886098564,1.0
2021-06-10,37771.9,36675.09,0.04168315616601581,-0.029037723810557692,1.0
2021-06-11,37308.28,37246.77,0.017264851974460038,-0.0016486956782784112,1.0
2021-06-12,36044.35,35730.0,-0.032282530807369314,-0.008721200410050312,1.0
2021-06-13,35886.14,37650.0,0.004369997201231435,0.04915156659367659,1.0
2021-06-14,39590.87,39716.06,0.051550332005312116,0.0031620926743967104,1.0
2021-06-15,40417.84,39958.01,0.01766992999809136,-0.011376906831240707,1.0
2021-06-16,39063.55,38680.11,-0.02238499865233523,-0.00981580015129202,1.0
2021-06-17,38782.92,37702.53,0.0026579552126402284,-0.02785736607764444,1.0
2021-06-18,37433.91,35327.24,-0.007124720807860752,-0.056277049338420815,1.0
2021-06-19,35743.01,35943.65,0.011769105087179321,0.005613405250425085,1.0
2021-06-20,33922.17,35502.82,-0.05624025384177744,0.04659637045625331,1.0
2021-06-21,32285.19,32563.89,-0.09063026542680275,0.008632441066631413,1.0
2021-06-22,29895.08,32404.06,-0.08195611765056321,0.08392618450929046,1.0
2021-06-23,34199.98,32879.97,0.055422684688276824,-0.03859680619696271,1.0
2021-06-24,34064.92,34857.73,0.03603865818612362,0.02327350247703519,1.0
2021-06-25,33093.89,32220.74,-0.050601114874663455,-0.026384024362200886,1.0
2021-06-26,31283.9,31573.98,-0.029075682308972395,0.009272501190708216,1.0
2021-06-27,33313.42,32815.19,0.055090932470344134,-0.01495583461559924,1.0
2021-06-28,34425.09,34441.77,0.04905959709512553,0.00048453032366801985,1.0
2021-06-29,35822.33,36382.39,0.040083886513381906,0.015634382241467737,1.0
2021-06-30,34638.23,34743.56,-0.04793967631043472,0.0030408597667950232,1.0
2021-07-01,33655.24,33091.48,-0.03132436629982649,-0.01675103193440297,1.0
2021-07-02,33238.22,33327.71,0.004434374044315792,0.0026923824440658883,1.0
2021-07-03,34543.97,34745.98,0.03649395653046672,0.005847909200940249,1.0
2021-07-04,35248.11,35575.01,0.014451455966992377,0.00927425612323618,1.0
2021-07-05,33468.11,34117.97,-0.05922415763200073,0.019417290071055637,1.0
2021-07-06,34387.55,34019.99,0.00790140796770733,-0.010688752179204508,1.0
2021-07-07,34853.85,34628.72,0.024510883160165475,-0.006459257729059975,1.0
2021-07-08,32604.72,33003.52,-0.05844859411494274,0.012231357913823349,1.0
2021-07-09,32996.5,33445.31,-0.00021270458423816585,0.013601745639689078,1.0
2021-07-10,33861.02,33409.92,0.012429545428043642,-0.013322103114436601,1.0
2021-07-11,33738.01,33894.57,0.00982013725264852,0.004640463382398652,1.0
2021-07-12,33566.19,32822.85,-0.009688277502856613,-0.022145498193271385,1.0
2021-07-13,32352.61,32309.69,-0.014326604789041686,-0.001326631761703334,1.0
2021-07-14,32313.18,32729.76,0.00010801713046459938,0.012891953066828998,1.0
2021-07-15,31723.25,31533.62,-0.030752135059957664,-0.005977634700101708,1.0
2021-07-16,31714.06,31911.34,0.005722146711985676,0.006220584813171115,1.0
2021-07-17,31501.41,31834.33,-0.012845903681888649,0.010568415826466282,1.0
2021-07-18,31745.05,31643.8,-0.0028045195234202014,-0.0031894736344721952,1.0
2021-07-19,30713.15,30744.97,-0.02941018461752376,0.0010360383093235281,1.0
2021-07-20,29709.03,29780.86,-0.033694617363425716,0.0024177834146723587,1.0
2021-07-21,31441.9,31627.57,0.0557754208575576,0.005905177486093427,1.0
2021-07-22,32187.54,32376.93,0.0177051224611946,0.005883953852950485,1.0
2021-07-23,32431.97,32248.63,0.0016999758778859508,-0.005653063936603253,1.0
2021-07-24,33816.58,33846.16,0.04862067008738058,0.0008747188509306003,1.0
2021-07-25,34294.43,34353.25,0.01324433850102924,0.0017151473285894614,1.0
2021-07-26,38643.61,39365.15,0.12488949371602387,0.018671651018111524,1.0
2021-07-27,38350.03,37800.49,-0.025787276309121254,-0.014329584618317126,1.0
2021-07-28,39682.09,40388.61,0.049777132518652456,0.017804505760659284,1.0
2021-07-29,39717.45,39659.84,-0.016617556286289692,-0.0014504959407011242,1.0
2021-07-30,38708.44,39853.72,-0.023989002477064814,0.029587345808820942,1.0
2021-07-31,41654.98,41303.63,0.04519678464143384,-0.008434765783106979,1.0
2021-08-01,41553.69,41263.35,0.006054189425965806,-0.0069871051162966324,1.0
2021-08-02,39271.73,39177.85,-0.0482660763122722,-0.0023905236667700613,1.0
2021-08-03,38394.77,38011.37,-0.019987824753017414,-0.009985735036308174,1.0
2021-08-04,38860.28,39752.17,0.022333054557097,0.022951198498827097,1.0
2021-08-05,38037.84,40692.24,-0.043125444472591146,0.0697831422604438,1.0
2021-08-06,40762.86,42901.17,0.0017354660249719878,0.05245731040461821,1.0
2021-08-07,43528.22,43931.41,0.014616151494236673,0.00926272657140581,1.0
2021-08-08,45006.56,43715.1,0.024473377931643725,-0.028694928028269673,1.0
2021-08-09,45675.34,45979.85,0.0448412562249656,0.006666835977575669,1.0
2021-08-10,45914.35,45495.73,-0.0014245370526436707,-0.009117411005491682,1.0
2021-08-11,45980.33,46448.0,0.010651549057461018,0.010171088376268678,1.0
2021-08-12,44602.55,44371.32,-0.03973152772993449,-0.005184232740056416,1.0
2021-08-13,46524.98,46459.86,0.04853720826876473,-0.0013996781943808045,1.0
2021-08-14,46269.35,47033.76,-0.004100528929704139,0.016520871808227255,1.0
2021-08-15,45808.0,46341.8,-0.0260612802378547,0.011652986377925334,1.0
2021-08-16,47304.68,46092.99,0.020777785929765313,-0.025614590353428057,1.0
2021-08-17,46655.24,45465.01,0.012198167226730172,-0.02551117516489032,1.0
2021-08-18,44995.7,44901.12,-0.01032244356704215,-0.0021019786335138013,1.0
2021-08-19,44577.56,46710.0,-0.007206056329998156,0.047836624525882554,1.0
2021-08-20,47164.32,48684.16,0.009726396917148383,0.03222435943102764,1.0
2021-08-21,49204.56,48978.68,0.010689308391065966,-0.004590631437411452,1.0
2021-08-22,48861.55,48647.85,-0.002391448687469655,-0.004373582090621442,1.0
2021-08-23,50273.71,49239.69,0.03342100421704153,-0.020567807707050023,1.0
2021-08-24,49333.33,48243.2,0.001901717902773159,-0.02209723122278595,1.0
2021-08-25,47770.01,48652.14,-0.009808428959936166,0.018466188305173104,1.0
2021-08-26,46943.76,46939.75,-0.03511417997235056,-8.542136377664988e-05,1.0
2021-08-27,47338.57,48293.69,0.00849642360685765,0.020176359361932628,1.0
2021-08-28,48866.0,48651.93,0.011850616509113232,-0.004380755535546177,1.0
2021-08-29,48360.71,48799.27,-0.005985785147680667,0.00906851863837388,1.0
2021-08-30,47584.0,48619.99,-0.024903446301553167,0.02177181405514461,1.0
2021-08-31,47810.0,47300.01,-0.01665960852727444,-0.010667015268772229,1.0
2021-09-01,47707.02,48150.0,0.00860486076007172,0.00928542591844983,1.0
2021-09-02,50010.0,49340.05,0.038629283489096666,-0.01339632073585273,1.0
2021-09-03,50645.85,50528.49,0.026465315701949876,-0.0023172678511664824,1.0
2021-09-04,50234.12,49974.82,-0.005825822224253985,-0.005161830246055876,1.0
2021-09-05,50110.1,50684.56,0.0027069632266809585,0.0114639563680774,1.0
2021-09-06,51368.83,51715.39,0.01350056111762643,0.006746503667691028,1.0
2021-09-07,50984.89,46694.59,-0.014125388979953524,-0.08414846045563706,1.0
2021-09-08,46254.25,46436.32,-0.009430214506648382,0.003936286935795064,1.0
2021-09-09,46670.7,46574.75,0.005047342252788356,-0.0020558937406123245,1.0
2021-09-10,45914.88,45649.78,-0.014167977283828792,-0.005773727384237981,1.0
2021-09-11,45569.28,45357.06,-0.001763425804023555,-0.004657084772899611,1.0
2021-09-12,45995.06,45902.87,0.014066167427959408,-0.0020043456840799223,1.0
2021-09-13,44629.42,44741.66,-0.027742274066959283,0.0025149329747060634,1.0
2021-09-14,46532.99,46474.89,0.04003718234862075,-0.0012485765475203081,1.0
2021-09-15,47397.8,48075.44,0.019858250336902472,0.014296866099270389,1.0
2021-09-16,48037.0,47430.01,-0.0007995766653410286,-0.012635884838770095,1.0
2021-09-17,47464.92,47501.68,0.0007360318920446307,0.0007744667008815487,1.0
2021-09-18,48360.0,48266.0,0.018069255655799976,-0.0019437551695615785,1.0
2021-09-19,47274.52,47376.72,-0.020541996436414967,0.002161841093257122,1.0
2021-09-20,43532.0,43850.25,-0.08115209326437123,0.007310713957548565,1.0
2021-09-21,43116.0,42013.63,-0.016744488343852115,-0.025567538732721107,1.0
2021-09-22,42184.75,43384.9,0.004072963940511709,0.02844985450903459,1.0
2021-09-23,43509.0,44767.57,0.0028604422275952945,0.028926658852191478,1.0
2021-09-24,41182.76,42371.43,-0.08007604611999264,0.028863291338414365,1.0
2021-09-25,42344.98,42665.95,-0.0006242413815157333,0.007579883140811372,1.0
2021-09-26,43262.2,43252.54,0.01397484410870975,-0.00022328961541473458,1.0
2021-09-27,43544.33,43011.82,0.006746193402745737,-0.012229146710949546,1.0
2021-09-28,41827.41,41601.99,-0.02753684917308763,-0.005389288985380825,1.0
2021-09-29,42050.31,41207.86,0.010776407570887825,-0.020034335061976938,1.0
2021-09-30,43419.53,43532.31,0.05367107148975947,0.0025974486596238577,1.0
2021-10-01,47214.37,48030.0,0.08458223328833236,0.01727503723972168,1.0
2021-10-02,47729.23,48239.99,-0.006262127836768605,0.010701199244152804,1.0
2021-10-03,47964.43,48774.76,-0.0057122731576021435,0.016894394450220673,1.0
2021-10-04,47707.37,49380.0,-0.021884064626868427,0.03506020139026722,1.0
2021-10-05,50000.0,51190.11,0.012555690562980892,0.023802199999999996,1.0
2021-10-06,52741.68,55049.99,0.030309956356804113,0.043766334329888634,1.0
2021-10-07,53983.13,53962.76,-0.01937984003266846,-0.0003773401060663817,1.0
2021-10-08,54841.01,54686.48,0.016275112688824755,-0.002817781802340935,1.0
2021-10-09,54979.26,54656.81,0.005353791284427034,-0.005864938887864324,1.0
2021-10-10,54941.73,55450.25,0.005212891129211528,0.00925562409483649,1.0
2021-10-11,56462.83,57488.33,0.01826105382753007,0.018162391080999596,1.0
2021-10-12,56884.27,55329.78,-0.010507523874845659,-0.027327238268153864,1.0
2021-10-13,55056.5,57259.77,-0.0049391123550464044,0.040018344791259874,1.0
2021-10-14,57563.02,57833.12,0.005296039435715549,0.004692248599882376,1.0
2021-10-15,59270.01,61446.32,0.024845451879476732,0.03671856981296262,1.0
2021-10-16,60679.14,60834.34,-0.012485369343518071,0.002557715880614042,1.0
2021-10-17,60861.23,60519.48,0.0004420200827361942,-0.005615233211685,1.0
2021-10-18,60617.01,61434.63,0.0016115472241333695,0.013488293137520202,1.0
2021-10-19,62223.65,64177.15,0.012843244925541342,0.03139481531539867,1.0
2021-10-20,64374.29,66397.59,0.003071809826394656,0.03143024956081053,1.0
2021-10-21,65060.14,62802.07,-0.020143050372761984,-0.0347074260830057,1.0
2021-10-22,63641.97,61032.7,0.0133737629985764,-0.040999202255995626,1.0
2021-10-23,61535.31,61008.02,0.008235093646520752,-0.008568901334859658,1.0
2021-10-24,60390.59,60643.09,-0.01012047268539451,0.0041811149717199125,1.0
2021-10-25,62726.3,62688.0,0.03435197645766408,-0.0006105891787018258,1.0
2021-10-26,62484.0,62000.0,-0.0032542113323124067,-0.0077459829716407524,1.0
2021-10-27,59029.03,59062.32,-0.047918870967741944,0.0005639598007962654,1.0
2021-10-28,61095.28,61289.13,0.03442059167333755,0.003172912866591382,1.0
2021-10-29,60974.39,62545.11,-0.0051353315016871015,0.025760323309507394,1.0
2021-10-30,61633.96,61730.85,-0.01456788548297383,0.001572022956175534,1.0
2021-10-31,60283.88,60689.95,-0.02343998179192419,0.006735963245895871,1.0
2021-11-01,61842.67,61435.98,0.018993589548187195,-0.006576203776453959,1.0
2021-11-02,62998.32,63576.05,0.025430374838978587,0.00917056200863775,1.0
2021-11-03,62470.01,62800.0,-0.017397117310685384,0.0052823746946735195,1.0
2021-11-04,61865.06,61249.34,-0.014887579617834379,-0.00995262915771844,1.0
2021-11-05,61500.01,61090.69,0.004092615528591859,-0.006655608673884816,1.0
2021-11-06,60264.34,61175.4,-0.013526611010614031,0.015117729655713452,1.0
2021-11-07,61842.94,62653.99,0.010911902496755221,0.013114674043633645,1.0
2021-11-08,65377.49,66036.89,0.043468899586442955,0.010086040317546674,1.0
2021-11-09,68080.37,67348.99,0.0309445220694069,-0.010742891085932516,1.0
2021-11-10,67983.45,65840.26,0.009420482771901773,-0.03152517267070154,1.0
2021-11-11,64747.73,64796.1,-0.01659364650139583,0.0007470532171551802,1.0
2021-11-12,63982.09,64119.43,-0.012562638800792003,0.0021465381952980866,1.0
2021-11-13,63594.82,64359.29,-0.008181763312618329,0.012020947618060829,1.0
2021-11-14,64630.66,64221.78,0.004216485296839156,-0.00632640916865157,1.0
2021-11-15,65489.09,63903.43,0.01973333657210996,-0.024212582584366316,1.0
2021-11-16,60534.45,59719.92,-0.052719861829013004,-0.013455643852384847,1.0
2021-11-17,60103.08,60395.51,0.006415949652980091,0.004865474448231266,1.0
2021-11-18,59191.62,57961.23,-0.019933435449092096,-0.020786557286318508,1.0
2021-11-19,57605.78,57767.88,-0.006132547566709778,0.002813953738669994,1.0
2021-11-20,58467.96,59408.03,0.012118845282188095,0.01607837865388162,1.0
2021-11-21,58833.25,59585.0,-0.009675123043130673,0.012777638495238719,1.0
2021-11-22,58853.92,55850.59,-0.012269530922211946,-0.05103024573384407,1.0
2021-11-23,56789.71,57831.77,0.016814862654092044,0.018349450983285553,1.0
2021-11-24,56025.8,57388.78,-0.031227991119759824,0.024327720443081402,1.0
2021-11-25,58548.62,58864.05,0.02021022227689806,0.005387488210653046,1.0
2021-11-26,54595.12,54515.7,-0.07252185332133965,-0.0014547087725057528,1.0
2021-11-27,54979.92,54254.59,0.008515345120763351,-0.013192634692811511,1.0
2021-11-28,54274.2,54918.51,0.0003614440732111479,0.011871386404590067,1.0
2021-11-29,57293.88,58038.63,0.04325263012416025,0.012998770549315308,1.0
2021-11-30,58316.91,57400.41,0.0047947375739227915,-0.01571585325765712,1.0
2021-12-01,57646.5,56788.54,0.004287251606739373,-0.014883123867017067,1.0
2021-12-02,56450.65,57028.13,-0.00594996807454462,0.010229820205790219,1.0
2021-12-03,56863.2,53454.0,-0.002892081504338284,-0.05995441691638881,1.0
2021-12-04,47387.01,49251.94,-0.11349927040071839,0.03935530011283683,1.0
2021-12-05,49297.52,48814.66,0.0009254457793945736,-0.009794813207641972,1.0
2021-12-06,48312.0,48834.1,-0.010297316420927682,0.010806838880609293,1.0
2021-12-07,50912.54,50441.59,0.04256124306580866,-0.009250176871945626,1.0
2021-12-08,49047.53,50689.01,-0.027637114531877338,0.03346712872187463,1.0
2021-12-09,49338.38,47683.61,-0.026645420772668515,-0.03353920416519551,1.0
2021-12-10,49610.99,48430.69,0.04042017791857622,-0.023791099512426528,1.0
2021-12-11,48353.48,48564.07,-0.0015942370426685892,0.004355219107290642,1.0
2021-12-12,49795.44,50270.58,0.02535557666398236,0.009541837565849365,1.0
2021-12-13,48420.97,46659.99,-0.03679309051138857,-0.03636812728039118,1.0
2021-12-14,47168.15,47785.2,0.010890701005293879,0.01308192074524861,1.0
2021-12-15,47652.58,49211.84,-0.0027753362965938777,0.03272141823170949,1.0
2021-12-16,49006.79,47929.53,-0.004166680213542051,-0.021981851902562966,1.0
2021-12-17,46950.03,46183.92,-0.020436252973897284,-0.01631756145842722,1.0
2021-12-18,46639.22,46864.56,0.009858409593642259,0.00483155593082385,1.0
2021-12-19,47629.95,46776.39,0.016331957453564083,-0.017920657065564782,1.0
2021-12-20,45713.94,47021.02,-0.022713381686786827,0.028592591231471065,1.0
2021-12-21,48909.49,48608.95,0.04016225084015623,-0.006144819747660457,1.0
2021-12-22,48560.0,48974.34,-0.001007016197634325,0.00853253706754531,1.0
2021-12-23,48614.97,50929.71,-0.007337924308933985,0.04761372885759263,1.0
2021-12-24,51040.49,51109.18,0.0021751547377748537,0.0013457942899843811,1.0
2021-12-25,50847.48,50852.83,-0.005120410853783897,0.00010521662037121793,1.0
2021-12-26,49841.99,50269.44,-0.019877753116198327,0.008576102198166735,1.0
2021-12-27,51300.0,51225.88,0.020500725689404975,-0.0014448343079922488,1.0
2021-12-28,49024.57,47804.6,-0.04297261462370183,-0.024884868954485495,1.0
2021-12-29,47402.65,47369.97,-0.008408186659861094,-0.00068941293366509,1.0
2021-12-30,47321.49,47203.16,-0.0010234332004011026,-0.0025005552445621637,1.0
2021-12-31,47936.44,45879.24,0.015534553195167389,-0.042915160157909193,1.0
2022-01-01,47023.24,47391.82,0.0249350250788809,0.007838251894169757,1.0
2022-01-02,47137.35,47007.14,-0.005369492034701384,-0.002762352996084849,1.0
2022-01-03,47153.5,45922.0,0.0031135695556037124,-0.026116831200229007,1.0
2022-01-04,46955.22,46264.92,0.022499455598623763,-0.014701240884400169,1.0
2022-01-05,46440.01,43967.01,0.0037845088676258243,-0.05325149585454436,1.0
2022-01-06,43150.01,43221.5,-0.01858211418060951,0.001656778295068717,1.0
2022-01-07,41489.22,41922.2,-0.040079127286188565,0.01043596384795853,1.0
2022-01-08,41905.0,40975.37,-0.0004102838114411478,-0.022184226225987258,1.0
2022-01-09,41470.0,42439.38,0.012071398013001389,0.02337545213407277,1.0
2022-01-10,40774.0,41714.72,-0.03924138382794462,0.023071565213126144,1.0
2022-01-11,41701.52,42800.38,-0.00031643506177203573,0.026350598251574597,1.0
2022-01-12,43920.97,43819.17,0.02618177689076595,-0.0023177994475077623,1.0
2022-01-13,43924.62,42796.18,0.0024064809990695935,-0.025690375921294306,1.0
2022-01-14,42165.0,43100.94,-0.01474851260089105,0.022197082888651742,1.0
2022-01-15,42906.51,43485.0,-0.004511038506352816,0.013482569428275415,1.0
2022-01-16,43129.54,43029.01,-0.008174312981487852,-0.002330885050014442,1.0
2022-01-17,42646.38,42083.47,-0.008892372843344654,-0.013199479064811559,1.0
2022-01-18,41654.09,41784.27,-0.01020305597423421,0.0031252633294833743,1.0
2022-01-19,42191.85,41631.4,0.009754388433733663,-0.01328337107758959,1.0
2022-01-20,42375.14,42723.71,0.017864880835138708,0.008225813531235415,1.0
2022-01-21,38491.01,38355.16,-0.09907145236216608,-0.003529395565354032,1.0
2022-01-22,35576.3,35287.51,-0.07245074717456534,-0.00811748270618362,1.0
2022-01-23,35969.27,35300.13,0.019320150387488244,-0.018603102036822028,1.0
2022-01-24,33335.23,37220.05,-0.0556626845283571,0.11653796898956448,1.0
2022-01-25,36498.0,36859.79,-0.019399490328465552,0.009912597950572755,1.0
2022-01-26,38193.48,37015.05,0.036182788887294315,-0.030854219097081526,1.0
2022-01-27,36830.89,35583.5,-0.0049752735711555696,-0.03386803848617281,1.0
2022-01-28,36910.46,37758.01,0.037291441257886415,0.022962325584671817,1.0
2022-01-29,38161.69,38340.03,0.010691241408114394,0.004673273117621335,1.0
2022-01-30,37963.22,37684.45,-0.009828109159017329,-0.007343160037531216,1.0
2022-01-31,37251.08,38450.62,-0.01149996882003046,0.032201482480507915,1.0
2022-02-01,38872.21,38512.08,0.010964452588800855,-0.009264459108447864,1.0
2022-02-02,38361.61,37566.0,-0.0039070857767226075,-0.020739744760451928,1.0
2022-02-03,36585.08,36367.4,-0.026111909705584746,-0.005949966489071534,1.0
2022-02-04,37421.4,40588.0,0.02898200036296239,0.08462003025007081,1.0
2022-02-05,41510.69,41644.0,0.022733073814920735,0.0032114619149909984,1.0
2022-02-06,41692.35,41569.99,0.001161031601190965,-0.0029348309701899833,1.0
2022-02-07,42799.47,44131.88,0.02957614375177875,0.031131460272755707,1.0
2022-02-08,43624.95,44271.95,-0.011486707568315713,0.014830962556977134,1.0
2022-02-09,43938.87,44765.18,-0.007523499642550058,0.018805900106215745,1.0
2022-02-10,43642.98,44102.4,-0.025068591257758732,0.01052677887715281,1.0
2022-02-11,43765.14,42338.66,-0.007647202873313108,-0.03259397776403772,1.0
2022-02-12,42099.17,42622.67,-0.005656532351283827,0.012434924489010069,1.0
2022-02-13,42506.34,42441.44,-0.0027292987511106093,-0.0015268310562611687,1.0
2022-02-14,42491.0,42180.5,0.0011677266369849448,-0.007307429808665389,1.0
2022-02-15,44240.69,44140.76,0.048842237526819376,-0.002258780321916287,1.0
2022-02-16,43637.97,44093.62,-0.011390605870854942,0.010441594785458586,1.0
2022-02-17,42239.99,40882.85,-0.042038508065339264,-0.03212926896999735,1.0
2022-02-18,40387.81,40025.79,-0.012108744864900545,-0.008963595698801119,1.0
2022-02-19,40017.88,40061.87,-0.00019762258283984036,0.0010992586313918196,1.0
2022-02-20,38204.92,38317.72,-0.046352054958992306,0.0029524993116070153,1.0
2022-02-21,37562.74,38249.99,-0.019703155615730883,0.018296056144998962,1.0
2022-02-22,37836.84,37908.98,-0.010801310013414445,0.0019066074228186736,1.0
2022-02-23,38960.24,37677.98,0.027731160268622324,-0.032912014915719046,1.0
2022-02-24,35475.7,38418.97,-0.05845005491271049,0.08296580476213311,1.0
2022-02-25,39359.98,39109.06,0.024493368770688084,-0.006375003239331045,1.0
2022-02-26,39088.2,39322.55,-0.0005333802448844738,0.005995415496236944,1.0
2022-02-27,39058.97,37966.6,-0.006703024091774368,-0.02796719933987002,1.0
2022-02-28,38002.5,41908.07,0.0009455679465635303,0.10277139661864343,1.0
2022-03-01,44416.04,44084.63,0.05984455977094627,-0.007461493640585792,1.0
2022-03-02,43525.3,43803.31,-0.012687641928717408,0.006387319558968985,1.0
2022-03-03,43987.36,42030.31,0.004201737265973726,-0.04449119019645653,1.0
2022-03-04,41315.76,39469.36,-0.017000826308442574,-0.044689968186474194,1.0
2022-03-05,39008.04,39451.91,-0.011688053720658287,0.011378936239811122,1.0
2022-03-06,38878.04,38854.99,-0.01454606380274115,-0.0005928796822062266,1.0
2022-03-07,39025.77,37590.01,0.004395317049367353,-0.03679004924182139,1.0
2022-03-08,38877.0,38512.51,0.03423755407354245,-0.009375466213956796,1.0
2022-03-09,41869.16,41841.64,0.08715739379230292,-0.0006572856966799989,1.0
2022-03-10,38864.68,39612.11,-0.07114826283099795,0.019231600517487957,1.0
2022-03-11,39258.6,38364.9,-0.008924291081692015,-0.022764438874539494,1.0
2022-03-12,39074.74,39128.08,0.0185023289517241,0.0013650762615440293,1.0
2022-03-13,38498.8,38869.02,-0.01608256781319195,0.00961640362816496,1.0
2022-03-14,38845.11,38813.0,-0.0006151428567017225,-0.0008266162716491499,1.0
2022-03-15,38857.07,39735.71,0.0011354443098960942,0.02261210122121926,1.0
2022-03-16,40360.41,40880.17,0.01572137505533444,0.012877966304108313,1.0
2022-03-17,41038.8,40871.85,0.0038803654681476285,-0.004068101406473956,1.0
2022-03-18,40445.0,42042.72,-0.010443618284956435,0.039503523303251464,1.0
2022-03-19,41849.06,42034.88,-0.00460626714922352,0.0044402431022345645,1.0
2022-03-20,41632.99,41379.03,-0.009560869449371512,-0.006099970239946684,1.0
2022-03-21,41222.5,41180.55,-0.003782833962033383,-0.0010176481290556927,1.0
2022-03-22,42950.41,42284.41,0.04297805638827068,-0.015506254771491146,1.0
2022-03-23,42359.04,42216.79,0.0017649530879111364,-0.00335819697519113,1.0
2022-03-24,42810.84,43908.3,0.014071415661872866,0.02563509615788906,1.0
2022-03-25,44835.23,44444.95,0.021110587292151983,-0.008704761858030041,1.0
2022-03-26,44350.01,44367.49,-0.0021361257015700685,0.00039413745340755035,1.0
2022-03-27,44436.1,44830.66,0.0015464025573679319,0.008879267082394726,1.0
2022-03-28,47210.53,47956.28,0.053085767642055526,0.015796264096166635,1.0
2022-03-29,47843.32,47701.49,-0.002355478781923881,-0.0029644681849002597,1.0
2022-03-30,47294.98,47073.89,-0.008521956022757293,-0.004674703319464402,1.0
2022-03-31,47395.76,45581.97,0.006837548373418878,-0.038269035036045396,1.0
2022-04-01,45245.66,46361.68,-0.007378136574614835,0.02466579114991352,1.0
2022-04-02,46717.49,46120.24,0.007674657173769361,-0.012784291279347437,1.0
2022-04-03,46383.12,46405.5,0.005699883608584866,0.0004825031175132999,1.0
2022-04-04,46006.58,45925.76,-0.008596394823889408,-0.0017567052365118352,1.0
2022-04-05,46767.99,46032.5,0.018338945289092523,-0.01572635471398276,1.0
2022-04-06,44751.0,43754.57,-0.027839026774561404,-0.022266094612410914,1.0
2022-04-07,43554.97,43388.92,-0.004561809200730349,-0.0038124237027370445,1.0
2022-04-08,43151.75,42730.84,-0.005466142047324429,-0.009754181464251221,1.0
2022-04-09,42506.35,42511.94,-0.005253582658332867,0.00013150976265907666,1.0
2022-04-10,42590.0,43235.77,0.0018361900209682425,0.01516247945527116,1.0
2022-04-11,41145.46,39985.33,-0.04834677397904552,-0.02819582038941837,1.0
2022-04-12,40618.37,39303.1,0.015831806314966057,-0.03238116152863846,1.0
2022-04-13,39700.01,41059.3,0.010098694505013661,0.03423903419671692,1.0
2022-04-14,41149.98,39775.82,0.0022085130530720143,-0.03339394089620462,1.0
2022-04-15,40149.99,40313.35,0.009406971371048956,0.004068743230073002,1.0
2022-04-16,40449.11,40210.0,0.0033676189153222236,-0.00591137851982404,1.0
2022-04-17,40421.72,40370.46,0.005265356876398952,-0.001268130104310261,1.0
2022-04-18,39400.02,40680.68,-0.024038368648759523,0.032504044414190636,1.0
2022-04-19,40975.11,41417.24,0.007237587965589487,0.010790208982965455,1.0
2022-04-20,42102.57,41193.89,0.01654697415858708,-0.021582530472605388,1.0
2022-04-21,42666.02,41218.81,0.03573661045363763,-0.03391949846739861,1.0
2022-04-22,40409.49,39502.92,-0.019634725019960553,-0.022434581579723,1.0
2022-04-23,39695.13,39755.32,0.004865716255912256,0.0015163069122081652,1.0
2022-04-24,39582.37,39703.74,-0.004350361159210836,0.0030662640968692756,1.0
2022-04-25,38802.63,40225.97,-0.022695846789244523,0.03668153421559328,1.0
2022-04-26,40286.35,38270.03,0.001501020360727079,-0.05004970666243036,1.0
2022-04-27,38893.18,38858.26,0.01628297652235977,-0.0008978437864941569,1.0
2022-04-28,39560.12,39983.77,0.018062054245352233,0.010709017060615444,1.0
2022-04-29,38916.71,38331.54,-0.026687328383491526,-0.015036471479731972,1.0
2022-04-30,38536.23,38466.83,0.005339988949048191,-0.001800902683007699,1.0
2022-05-01,37969.99,37807.87,-0.012916063008051482,-0.00426968771916969,1.0
2022-05-02,38500.41,38563.38,0.01831735032944204,0.001635566997857829,1.0
2022-05-03,38446.62,37717.49,-0.0030277429001294154,-0.018964736041816033,1.0
2022-05-04,38964.28,39859.22,0.033056017248231484,0.022968216017337006,1.0
2022-05-05,39503.95,36316.0,-0.008913119724871743,-0.0806995249842104,1.0
2022-05-06,35826.22,36001.35,-0.013486617468884243,0.004888319225416327,1.0
2022-05-07,36033.4,35876.36,0.0008902443936131821,-0.0043581788007792666,1.0
2022-05-08,34627.6,34587.64,-0.03480732159003874,-0.001153992768774037,1.0
2022-05-09,32858.81,30944.82,-0.049984040541650177,-0.05824891406596888,1.0
2022-05-10,32158.11,31330.03,0.039208177652996445,-0.0257502695276558,1.0
2022-05-11,29329.3,29372.22,-0.0638598175616174,0.0014633830333490305,1.0
2022-05-12,28506.3,28641.15,-0.029480917683443852,0.004730533250544733,1.0
2022-05-13,30719.31,30084.11,0.07255853902514398,-0.020677547770441507,1.0
2022-05-14,29102.21,29338.78,-0.0326384925463975,0.008128935912427249,1.0
2022-05-15,30310.0,30457.88,0.03310362598581129,0.004878917848894826,1.0
2022-05-16,29893.45,29576.7,-0.01853149332783499,-0.010595966674973978,1.0
2022-05-17,30585.44,30097.09,0.03410590092877164,-0.01596674757662464,1.0
2022-05-18,29549.51,29276.55,-0.018193785512154226,-0.009237378217100689,1.0
2022-05-19,29498.45,29967.4,0.0075794449824178045,0.015897445458998627,1.0
2022-05-20,30250.25,29291.55,0.009438589934395392,-0.03169230006363588,1.0
2022-05-21,29293.05,29464.31,5.120930780377897e-05,0.005846437977609087,1.0
2022-05-22,30170.1,29936.01,0.02395406510452802,-0.007759006433521898,1.0
2022-05-23,30385.02,29089.9,0.01499899285175288,-0.04262363493589927,1.0
2022-05-24,29258.03,29391.62,0.005779669232276463,0.004565926003903931,1.0
2022-05-25,29567.64,29599.1,0.005988781836455459,0.0010640010497962038,1.0
2022-05-26,28951.46,29379.76,-0.021880395012010445,0.01479372715572902,1.0
2022-05-27,29259.9,28880.0,-0.004079679343874765,-0.012983639725357987,1.0
2022-05-28,28979.86,29019.82,0.0034577562326869593,0.001378888648875476,1.0
2022-05-29,29380.43,29126.41,0.012426334829092722,-0.008645891159523522,1.0
2022-05-30,30537.25,30643.11,0.048438513362958124,0.0034665858910019054,1.0
2022-05-31,31613.68,31625.71,0.03167335169308849,0.00038053146612471167,1.0
2022-06-01,31727.65,30126.72,0.0032233268438874862,-0.050458511739760126,1.0
2022-06-02,30089.29,30293.01,-0.001242418690119651,0.0067705153561283815,1.0
2022-06-03,29531.45,29572.52,-0.025139792975343078,0.0013907207400922772,1.0
2022-06-04,29538.0,29655.41,-0.001167299912215869,0.0039748798158305565,1.0
2022-06-05,29717.99,30049.86,0.0021102389075047245,0.011167309767585287,1.0
2022-06-06,31408.96,31470.72,0.04522816412455821,0.0019663178914552937,1.0
2022-06-07,29504.21,31059.71,-0.06248697201716391,0.05272128960578848,1.0
2022-06-08,30137.78,30140.14,-0.029682505084561273,7.830702858679928e-05,1.0
2022-06-09,30112.88,30017.12,-0.0009044417179215891,-0.003180034589849945,1.0
2022-06-10,29642.6,28980.02,-0.012476879860559564,-0.02235229028492769,1.0
2022-06-11,28479.61,28595.28,-0.01726741389412434,0.004061502246694992,1.0
2022-06-12,27436.71,27424.71,-0.04051612713706598,-0.00043737022405387904,1.0
2022-06-13,23683.31,23218.22,-0.13642441433291352,-0.019637880009170994,1.0
2022-06-14,22150.85,22196.28,-0.045971224322967186,0.0020509370972219276,1.0
2022-06-15,21197.61,21632.04,-0.044992674448150694,0.02049429157343674,1.0
2022-06-16,21144.79,20875.48,-0.022524459089387827,-0.012736470780745579,1.0
2022-06-17,20654.49,20515.59,-0.010586103888389542,-0.006724930027320997,1.0
2022-06-18,19155.45,18067.6,-0.06629787395829223,-0.05679062616644359,1.0
2022-06-19,19344.27,20124.08,0.07066074077353957,0.04031219580785428,1.0
2022-06-20,20555.68,20072.81,0.021446943164606713,-0.023490830758213788,1.0
2022-06-21,21106.2,20888.64,0.05148207948961803,-0.010307871620661269,1.0
2022-06-22,20365.5,20117.34,-0.025044234569603363,-0.012185313397657827,1.0
2022-06-23,20563.48,20910.06,0.022176888196948408,0.016854151145623275,1.0
2022-06-24,21215.25,21253.61,0.014595367014728744,0.0018081333003381328,1.0
2022-06-25,21147.94,21206.2,-0.004971861250865239,0.0027548782529174254,1.0
2022-06-26,21456.36,21283.6,0.011796550065546807,-0.008051691899278457,1.0
2022-06-27,21235.84,20855.37,-0.0022439812813620508,-0.01791640924022786,1.0
2022-06-28,20953.31,20255.01,0.004696152597628345,-0.03332647681917578,1.0
2022-06-29,20014.12,20223.63,-0.011892860087454826,0.0104681095146828,1.0
2022-06-30,19204.37,18927.34,-0.050399458455282375,-0.01442536256070881,1.0
2022-07-01,19288.12,19390.17,0.019061315536150314,0.0052908215004883186,1.0
2022-07-02,19344.57,19273.27,-0.0023517070763174885,-0.0036857888285962703,1.0
2022-07-03,19069.51,19492.16,-0.01057215511431131,0.02216365286785038,1.0
2022-07-04,19712.8,19829.99,0.01131942278331377,0.0059448683089160514,1.0
2022-07-05,19373.75,20398.21,-0.023007575898928878,0.052878766372024044,1.0
2022-07-06,20154.77,20328.55,-0.011934380516721799,0.008622276513202465,1.0
2022-07-07,20428.59,21812.47,0.004921157682176158,0.06774231603845404,1.0
2022-07-08,21380.0,21811.9,-0.019826732139918146,0.02020112254443407,1.0
2022-07-09,21514.78,21621.4,-0.013621921978369755,0.004955663037223834,1.0
2022-07-10,21307.22,20920.54,-0.014530973942482928,-0.01814783908928519,1.0
2022-07-11,20587.68,20509.47,-0.01591067916984934,-0.0037988738896271856,1.0
2022-07-12,19874.12,19398.74,-0.030978372429906864,-0.023919549645468496,1.0
2022-07-13,19165.01,19652.15,-0.012048720690106873,0.025418197016333632,1.0
2022-07-14,19783.6,20605.75,0.006688835572697949,0.04155714834509405,1.0
2022-07-15,20986.53,21165.85,0.01847930796015662,0.00854452832364383,1.0
2022-07-16,20697.12,21192.04,-0.02214557884516799,0.023912505701276343,1.0
2022-07-17,21382.44,21026.85,0.008984505503009554,-0.01663000106629553,1.0
2022-07-18,22287.05,21617.92,0.05993289532193358,-0.030023264631254487,1.0
2022-07-19,22175.5,23401.99,0.02579249067440359,0.05530833577596894,1.0
2022-07-20,23804.01,23660.38,0.017178880941321584,-0.006033857320678182,1.0
2022-07-21,22800.2,23194.4,-0.036355290997016954,0.017289322023491094,1.0
2022-07-22,23590.07,22586.26,0.017058859034939422,-0.042552226424084405,1.0
2022-07-23,22280.96,22272.5,-0.013517067456055076,-0.00037969638651114135,1.0
2022-07-24,22495.59,22700.4,0.010016387922325842,0.009104451139090086,1.0
2022-07-25,21976.18,21890.17,-0.031903402583214446,-0.003913783014154459,1.0
2022-07-26,21033.31,20915.57,-0.039143597331587565,-0.005597787509431518,1.0
2022-07-27,21371.93,22773.62,0.021819151952349403,0.0655855601248927,1.0
2022-07-28,23034.04,23794.26,0.011435160505883557,0.033004197266306656,1.0
2022-07-29,23512.45,23895.13,-0.011843612703231643,0.016275632696720166,1.0
2022-07-30,24377.5,23920.65,0.02018695859783981,-0.018740641985437345,1.0
2022-07-31,23810.34,23845.88,-0.004611496761166678,0.0014926288326837511,1.0
2022-08-01,23140.09,22953.59,-0.029597985060731746,-0.008059605645440393,1.0
2022-08-02,22735.46,22951.21,-0.009503088623609712,0.009489581473170139,1.0
2022-08-03,23264.69,23462.0,0.013658539135845027,0.008481093021226682,1.0
2022-08-04,22895.8,22451.24,-0.02413264001363913,-0.019416661571117766,1.0
2022-08-05,23018.93,22932.83,0.025285463074645298,-0.0037403997492497787,1.0
2022-08-06,23172.47,23185.12,0.010449647950122154,0.0005459064139472503,1.0
2022-08-07,23115.02,23161.02,-0.003023490928664496,0.0019900480293766343,1.0
2022-08-08,24122.21,23926.83,0.041500331159853854,-0.008099589548387076,1.0
2022-08-09,23244.76,23053.82,-0.028506492502350045,-0.008214324432689324,1.0
2022-08-10,23985.18,23638.95,0.0403993784977934,-0.014435163713593102,1.0
2022-08-11,24862.02,24221.81,0.05173960772369335,-0.02575052228258201,1.0
2022-08-12,23782.64,24177.57,-0.018131180122377355,0.01660580995213312,1.0
2022-08-13,24441.92,24398.56,0.010933687711378814,-0.0017740013877796112,1.0
2022-08-14,24527.46,24284.07,0.00528309867467569,-0.009923163670433,1.0
2022-08-15,23950.97,23982.54,-0.013716811061737166,0.0013181094544396643,1.0
2022-08-16,23935.31,23930.24,-0.0019693493683321517,-0.00021182094570737497,1.0
2022-08-17,23671.55,23275.04,-0.010810171565350024,-0.016750487399430858,1.0
2022-08-18,23572.52,23344.88,0.012781073630807827,-0.009657007396748352,1.0
2022-08-19,21534.39,21329.66,-0.0775540503956329,-0.009507118613529264,1.0
2022-08-20,21241.23,20988.36,-0.004145870117010841,-0.011904677836452882,1.0
2022-08-21,21472.11,21512.01,0.02304848973430995,0.0018582244595430897,1.0
2022-08-22,21208.93,21057.25,-0.014088874075458224,-0.0071517044942861485,1.0
2022-08-23,21350.98,21522.01,0.01394911491291606,0.008010405142995669,1.0
2022-08-24,21486.75,21707.58,-0.0016383228146440443,0.010277496596740043,1.0
2022-08-25,21675.19,21605.2,-0.0014921055225871616,-0.0032290374386567677,1.0
2022-08-26,21639.79,20644.47,0.0016010034621294356,-0.04599490105957593,1.0
2022-08-27,20191.25,20018.0,-0.021953578851866884,-0.008580449452114114,1.0
2022-08-28,19924.17,19973.76,-0.004687281446698055,0.002488936803892061,1.0
2022-08-29,19895.12,20098.65,-0.00393716556121626,0.01023014689029278,1.0
2022-08-30,20334.61,19947.2,0.011740091996228497,-0.019051754619341055,1.0
2022-08-31,20308.88,20228.57,0.018131868131868067,-0.003954427816797446,1.0
2022-09-01,19995.74,19871.68,-0.011509958439968715,-0.006204321520483891,1.0
2022-09-02,20282.82,19910.43,0.020689745406528237,-0.018359873035406316,1.0
2022-09-03,19850.72,19710.0,-0.002998930711190062,-0.007088911636454531,1.0
2022-09-04,19874.98,19882.69,0.008370370370370361,0.00038792491866646017,1.0
2022-09-05,19727.37,19708.64,-0.007811820231568234,-0.0009494423230262949,1.0
2022-09-06,19854.93,18824.41,0.007422632916325167,-0.051902474599507586,1.0
2022-09-07,18779.9,18992.38,-0.0023644831365231544,0.01131422425039541,1.0
2022-09-08,19143.12,19352.38,0.007936867312048124,0.01093134243529792,1.0
2022-09-09,21074.36,21291.62,0.08898027012698173,0.010309209864498792,1.0
2022-09-10,21309.23,21579.1,0.0008270859615191473,0.012664465116759116,1.0
2022-09-11,21615.47,21617.99,0.00168542710307662,0.00011658316936902224,1.0
2022-09-12,22355.25,22426.08,0.03410400319363638,0.0031683832656759225,1.0
2022-09-13,21398.32,20283.58,-0.045828785057397514,-0.05209474388643587,1.0
2022-09-14,20309.11,19952.11,0.0012586535512961738,-0.017578318301491258,1.0
2022-09-15,20126.84,19782.36,0.008757469761343506,-0.017115453792050817,1.0
2022-09-16,19689.85,19618.91,-0.004676388459213254,-0.0036028715302554026,1.0
2022-09-17,19858.42,20009.21,0.012208119615207957,0.007593252635406111,1.0
2022-09-18,19989.29,19725.87,-0.0009955415531146539,-0.013178056849442954,1.0
2022-09-19,18818.93,19514.8,-0.04597718630407677,0.036977128880334886,1.0
2022-09-20,19124.94,18993.33,-0.01997765798265938,-0.006881590216753497,1.0
2022-09-21,19247.78,19001.03,0.013396808247947867,-0.012819660241336961,1.0
2022-09-22,19203.61,19311.19,0.010661527296151885,0.005602071693811661,1.0
2022-09-23,18896.74,18807.57,-0.02146164995528488,-0.004718803349149203,1.0
2022-09-24,19154.29,19103.3,0.01843513010984421,-0.002662066826804921,1.0
2022-09-25,19087.88,18915.49,-0.0008071903807195246,-0.009031385360762978,1.0
2022-09-26,19094.36,19202.77,0.00945627102443547,0.005677592755138239,1.0
2022-09-27,20270.88,19077.59,0.05562270443274597,-0.05886720260787892,1.0
2022-09-28,19072.62,19546.72,-0.00026051508602509266,0.024857623126764983,1.0
2022-09-29,19211.63,19405.37,-0.01714302962338443,0.010084516514215602,1.0
2022-09-30,19297.19,19473.52,-0.005574745547237692,0.009137599826710696,1.0
2022-10-01,19296.57,19266.15,-0.00908669824459063,-0.0015764459694130872,1.0
2022-10-02,19159.33,19260.63,-0.005544439340501306,0.005287241255304886,1.0
2022-10-03,19253.62,19541.38,-0.00036395486544327227,0.014945760849128797,1.0
2022-10-04,19979.65,20220.09,0.022427791691272514,0.01203424484412885,1.0
2022-10-05,20021.87,20119.47,-0.00980312154891505,0.004874669548848409,1.0
2022-10-06,20193.31,20010.62,0.0036700767962576375,-0.009047055683293226,1.0
2022-10-07,19616.92,19459.32,-0.01967455281245667,-0.00803388095582791,1.0
2022-10-08,19515.49,19468.03,0.002886534575720079,-0.0024319143408647603,1.0
2022-10-09,19499.28,19468.96,0.0016051958004996703,-0.0015549292076425525,1.0
2022-10-10,19419.89,19211.59,-0.0025204222516251873,-0.010726116368321326,1.0
2022-10-11,19144.92,18999.25,-0.0034703010005939783,-0.007608806931551415,1.0
2022-10-12,19075.99,19137.18,0.004039106806847714,0.0032076972151904304,1.0
2022-10-13,18385.3,19369.94,-0.0392889652498436,0.05355582992934571,1.0
2022-10-14,19802.96,19168.18,0.02235525768278057,-0.03205480392830162,1.0
2022-10-15,19168.62,19102.17,2.295470931512611e-05,-0.003466603229653531,1.0
2022-10-16,19133.61,19375.39,0.0016458863050639039,0.012636402644351952,1.0
2022-10-17,19518.0,19526.84,0.007360367971948056,0.00045291525771085084,1.0
2022-10-18,19626.76,19216.21,0.005117059391073875,-0.020917869276436796,1.0
2022-10-19,19163.19,19232.59,-0.002759128881293482,0.0036215264786292334,1.0
2022-10-20,19134.65,19063.82,-0.005092397851771291,-0.0037016616452353324,1.0
2022-10-21,18879.27,19189.22,-0.00968064113068623,0.0164174780063,1.0
2022-10-22,19182.02,19183.83,-0.0003752106651547793,9.435919678946192e-05,1.0
2022-10-23,19150.81,19499.83,-0.0017212412745526429,0.018224816600446614,1.0
2022-10-24,19373.05,19343.23,-0.006501595142111571,-0.0015392516924284116,1.0
2022-10-25,19328.3,20273.14,-0.0007718462738642851,0.04888376111711845,1.0
2022-10-26,20548.59,20763.54,0.0135869431178397,0.010460571747258562,1.0
2022-10-27,20723.78,20629.59,-0.0019148950516145735,-0.004545020261747523,1.0
2022-10-28,20209.78,20609.21,-0.020349895465687995,0.01976419337568247,1.0
2022-10-29,20769.57,20836.96,0.007780987238229953,0.0032446507077421582,1.0
2022-10-30,20726.05,20647.49,-0.005322753415085479,-0.0037903990388905573,1.0
2022-10-31,20698.27,20371.72,0.0024593788397524463,-0.015776680853037406,1.0
2022-11-01,20541.12,20451.45,0.008315449063701852,-0.0043653900079450025,1.0
2022-11-02,20396.49,20250.68,-0.0026873400174559636,-0.007148779030117458,1.0
2022-11-03,20109.8,20262.53,-0.006956803425860358,0.007594804523167742,1.0
2022-11-04,20757.64,21108.54,0.024434757160137544,0.016904619214901162,1.0
2022-11-05,21310.59,21331.11,0.009571955237074548,0.0009629015433172405,1.0
2022-11-06,21220.48,21203.3,-0.005186321761971202,-0.0008095952589196598,1.0
2022-11-07,20721.5,20804.19,-0.022722878042568784,0.003990541225297406,1.0
2022-11-08,19554.76,18159.77,-0.0600566520494189,-0.07133761805309802,1.0
2022-11-09,17582.24,16237.79,-0.031802715563027495,-0.07646636606029722,1.0
2022-11-10,17650.93,18108.48,0.08702785292826176,0.02592214687837968,1.0
2022-11-11,17303.82,16626.64,-0.044435535174680574,-0.0391347112949626,1.0
2022-11-12,16840.79,16820.32,0.0128799324457618,-0.0012155011730448084,1.0
2022-11-13,16669.53,16488.49,-0.008964752156915057,-0.010860534160231139,1.0
2022-11-14,16729.9,16274.83,0.014641122382947014,-0.027200999408245163,1.0
2022-11-15,17012.53,16839.81,0.045327662408762404,-0.010152516997765648,1.0
2022-11-16,16513.61,16582.26,-0.01937076487205025,0.004157177019440184,1.0
2022-11-17,16492.5,16694.16,-0.005413013666412114,0.012227376080036434,1.0
2022-11-18,16752.93,16639.06,0.003520392760102853,-0.006797019983966868,1.0
2022-11-19,16649.31,16633.75,0.0006160203761511607,-0.0009345732645977822,1.0
2022-11-20,16584.48,16537.99,-0.0029620500488465318,-0.0028032232545125435,1.0
2022-11-21,16175.95,15785.27,-0.021891414857549196,-0.024151904524927437,1.0
2022-11-22,16171.01,16135.92,0.02443670586565827,-0.0021699324903020623,1.0
2022-11-23,16394.33,16617.47,0.01601458113327303,0.013610803247220193,1.0
2022-11-24,16586.23,16567.36,-0.0018799492341494695,-0.0011376907229670996,1.0
2022-11-25,16491.33,16526.13,-0.004589143955343489,0.002110199723127204,1.0
2022-11-26,16596.89,16500.9,0.0042817041860374605,-0.005783613677020072,1.0
2022-11-27,16539.51,16558.87,0.002339872370597851,0.0011705304449769471,1.0
2022-11-28,16179.27,16256.33,-0.02292426959085969,0.00476288485203602,1.0
2022-11-29,16412.54,16496.48,0.009609179931755918,0.005114382051772504,1.0
2022-11-30,16810.12,17097.19,0.019012540857201055,0.017077213012161696,1.0
2022-12-01,17088.86,16916.12,-0.00048721456566824806,-0.010108339584969483,1.0
2022-12-02,16889.18,17029.59,-0.0015925637794008685,0.00831360669967407,1.0
2022-12-03,16952.53,16934.23,-0.004525064901738762,-0.0010794848910457011,1.0
2022-12-04,16946.81,17091.76,0.0007428740485986296,0.008553232142214151,1.0
2022-12-05,17232.41,16938.55,0.00822911157189199,-0.01705275118222005,1.0
2022-12-06,16984.94,16989.6,0.002738723208302929,0.0002743606983597324,1.0
2022-12-07,16855.24,16822.12,-0.007908367471864963,-0.0019649675709157988,1.0
2022-12-08,16856.57,17195.91,0.0020478988379586394,0.020131023096632283,1.0
2022-12-09,17150.7,17101.31,-0.002629113550838502,-0.0028797658404612347,1.0
2022-12-10,17158.24,17171.31,0.003328984738595997,0.0007617331381306602,1.0
2022-12-11,17157.5,17100.97,-0.0008042484819155149,-0.003294769051435109,1.0
2022-12-12,16970.47,17123.19,-0.007631146069492001,0.008999161484625873,1.0
2022-12-13,17897.86,17747.22,0.0452409860545846,-0.008416648694313134,1.0
2022-12-14,17894.86,17765.97,0.008319049406047885,-0.007202626899567743,1.0
2022-12-15,17506.34,17417.57,-0.014613893865631944,-0.005070734373946784,1.0
2022-12-16,16946.22,16872.58,-0.02706175430901092,-0.004345511860462059,1.0
2022-12-17,16668.41,16701.48,-0.01210069829273308,0.001983992474387186,1.0
2022-12-18,16710.05,16758.16,0.0005131281778620878,0.002879105687894512,1.0
2022-12-19,16710.18,16599.71,-0.0028630828205482572,-0.0066109401574370175,1.0
2022-12-20,16795.62,16859.3,0.011802013408668044,0.003791464679481882,1.0
2022-12-21,16847.57,16781.46,-0.0006957584241338299,-0.003924008032018866,1.0
2022-12-22,16780.04,16781.42,-8.461719063768136e-05,8.224056676842117e-05,1.0
2022-12-23,16841.76,16812.25,0.0035956432769097546,-0.0017521921699393816,1.0
2022-12-24,16818.3,16840.5,0.0003598566521434421,0.001319990724389486,1.0
2022-12-25,16811.53,16768.64,-0.0017202577120633,-0.002551225260282619,1.0
2022-12-26,16838.13,16842.58,0.004144045074615521,0.0002642811286051039,1.0
2022-12-27,16819.8,16666.46,-0.0013525243757193106,-0.009116636345259721,1.0
2022-12-28,16652.02,16596.0,-0.0008664107434931401,-0.0033641564206624563,1.0
2022-12-29,16616.84,16599.24,0.001255724270908587,-0.0010591664841208548,1.0
2022-12-30,16465.88,16568.69,-0.008034102766150797,0.006243820554989954,1.0
2022-12-31,16600.89,16568.6,0.00194342461594732,-0.0019450764386729213,1.0
2023-01-01,16548.04,16604.51,-0.0012409014642152938,0.0034124887297830586,1.0
2023-01-02,16694.78,16728.52,0.005436474789078494,0.002020990992394056,1.0
2023-01-03,16725.53,16661.37,-0.000178736672461266,-0.003836051832139198,1.0
2023-01-04,16828.2,16806.49,0.01001298212571955,-0.001290096385828443,1.0
2023-01-05,16780.25,16859.02,-0.0015613016162209226,0.004694208965897451,1.0
2023-01-06,16774.19,16897.48,-0.005031727822850995,0.007349982324034832,1.0
2023-01-07,16919.34,16945.77,0.0012936840286243978,0.001562117671256802,1.0
2023-01-08,16933.03,16966.67,-0.0007518100387294835,0.001986649760852055,1.0
2023-01-09,17226.9,17221.29,0.015337718008306966,-0.00032565348379576253,1.0
2023-01-10,17246.05,17477.15,0.001437755243654637,0.013400169893975855,1.0
2023-01-11,17413.43,17550.57,-0.0036459033652512796,0.00787553055314194,1.0
2023-01-12,18284.91,19048.95,0.041841376092058624,0.04178527539922272,1.0
2023-01-13,18854.84,19473.67,-0.0101900629693501,0.03282075053408029,1.0
2023-01-14,20940.71,20877.47,0.07533454146034102,-0.003019954910793321,1.0
2023-01-15,20705.79,20905.69,-0.008223218617964712,0.00965430442402826,1.0
2023-01-16,20827.47,21292.0,-0.0037415650954356616,0.022303717158157044,1.0
2023-01-17,21235.07,21390.44,-0.002673774187488265,0.007316670018040927,1.0
2023-01-18,21403.31,20732.6,0.0006016706528713112,-0.0313367418403977,1.0
2023-01-19,20776.95,21102.44,0.0021391431851287557,0.01566591824112762,1.0
2023-01-20,21058.68,22288.37,-0.0020736938477255995,0.05839349854786713,1.0
2023-01-21,22930.04,23093.38,0.02878945387213161,0.0071234066752610126,1.0
2023-01-22,22897.79,22459.46,-0.008469526764813162,-0.019142895449735575,1.0
2023-01-23,22798.41,23022.64,0.01509163621921461,0.009835335008011592,1.0
2023-01-24,22859.93,23010.34,-0.007067391055065708,0.0065796351957332355,1.0
2023-01-25,22595.72,22938.09,-0.018018855870882367,0.01515198453512423,1.0
2023-01-26,23128.35,23112.57,0.008294500544727024,-0.000682279540044961,1.0
2023-01-27,22899.82,23108.82,-0.009204947783824968,0.009126709292911483,1.0
2023-01-28,22970.1,22966.91,-0.006002902787766828,-0.00013887619122243677,1.0
2023-01-29,23538.94,23698.65,0.02490670273014528,0.006784927443631794,1.0
2023-01-30,23057.19,22697.83,-0.027067364596717658,-0.015585593908017281,1.0
2023-01-31,23127.11,23095.41,0.018912821181584327,-0.0013706857449979903,1.0
2023-02-01,23086.1,23573.11,-0.00040311040159068945,0.021095377738119536,1.0
2023-02-02,23766.53,23872.75,0.008205111671730991,0.00446931041258436,1.0
2023-02-03,23346.63,23338.35,-0.02203851671885304,-0.00035465504014942084,1.0
2023-02-04,23503.73,23412.48,0.00708619075470196,-0.003882362501611447,1.0
2023-02-05,23167.62,22886.3,-0.010458524684270998,-0.012142809662796572,1.0
2023-02-06,22828.79,23005.84,-0.002512857036742422,0.007755557784709488,1.0
2023-02-07,22982.54,23194.36,-0.0010127863186042418,0.009216561789950006,1.0
2023-02-08,23114.88,22829.87,-0.003426695110362976,-0.0123301526981755,1.0
2023-02-09,22747.58,21994.21,-0.0036044883304195974,-0.033118687790085866,1.0
2023-02-10,21767.87,21724.4,-0.010290890193373592,-0.0019969799525629828,1.0
2023-02-11,21747.49,21671.38,0.0010628601940674276,-0.0034997142198939235,1.0
2023-02-12,21817.51,21968.06,0.006742994677773062,0.00690042080879083,1.0
2023-02-13,21572.88,21662.68,-0.017988843803230736,0.004162633825432582,1.0
2023-02-14,21720.09,22252.94,0.0026501799408014115,0.02453258711174766,1.0
2023-02-15,22698.86,24145.04,0.020038700504293017,0.06371156965592095,1.0
2023-02-16,24445.81,24565.36,0.012456802722215388,0.004890408622172826,1.0
2023-02-17,23782.23,24820.92,-0.03187944324854186,0.043675046452750665,1.0
2023-02-18,24581.77,24594.7,-0.009635017557769743,0.0005259995517004068,1.0
2023-02-19,24669.99,24518.52,0.0030612286386904053,-0.00613984845555271,1.0
2023-02-20,24855.25,24800.92,0.013733700076513644,-0.00218585610685873,1.0
2023-02-21,24569.8,24465.63,-0.009319009133532119,-0.004239757751385742,1.0
2023-02-22,24109.71,23799.49,-0.01454775536129671,-0.012867014991055359,1.0
2023-02-23,24010.23,23943.8,0.00885481159470225,-0.0027667373448734267,1.0
2023-02-24,23781.76,23213.62,-0.006767513928449209,-0.023889737344923168,1.0
2023-02-25,23004.12,22922.58,-0.009024874190238341,-0.0035445824487090327,1.0
2023-02-26,23214.15,23639.68,0.012719772381642791,0.018330630240607437,1.0
2023-02-27,23703.01,23321.37,0.0026789702737091137,-0.01610090870315628,1.0
2023-02-28,23403.17,23272.05,0.0035075126375507804,-0.0056026598106153624,1.0
2023-03-01,23689.45,23421.23,0.017935678206260297,-0.011322339691297256,1.0
2023-03-02,23308.95,23467.06,-0.004793941223411369,0.006783231333886697,1.0
2023-03-03,22402.8,22308.16,-0.045351228487931716,-0.0042244719410073905,1.0
2023-03-04,22355.8,22250.34,0.002135541434165722,-0.004717344044945837,1.0
2023-03-05,22465.77,22409.05,0.009682099239831876,-0.0025247298445590927,1.0
2023-03-06,22439.77,22352.17,0.0013708747135643407,-0.003903783327547594,1.0
2023-03-07,22363.89,22054.51,0.0005243338789926444,-0.013833908143887408,1.0
2023-03-08,21989.16,22101.26,-0.0029631127601564833,0.005097966452560998,1.0
2023-03-09,21703.76,20116.66,-0.017985399927424983,-0.07312557824082089,1.0
2023-03-10,20184.92,19969.31,0.0033932074211124874,-0.010681736662815466,1.0
2023-03-11,20078.23,20349.4,0.005454369730351072,0.013505672561774817,1.0
2023-03-12,20381.25,20779.54,0.0015651567122372256,0.01954198098742732,1.0
2023-03-13,22130.32,24279.91,0.06500528885624979,0.09713325428642694,1.0
2023-03-14,25832.57,25054.15,0.06394834247738146,-0.030133277486521837,1.0
2023-03-15,24808.12,24366.71,-0.009819930031551793,-0.017792964561603175,1.0
2023-03-16,24720.18,24953.21,0.014506266951919367,0.009426711294173273,1.0
2023-03-17,26631.94,26834.87,0.06727511209980608,0.007619797881791568,1.0
2023-03-18,27503.25,27329.83,0.024907145069083647,-0.006305436630216321,1.0
2023-03-19,27246.96,28255.87,-0.003032217909880952,0.03702835105274138,1.0
2023-03-20,28224.99,27785.1,-0.0010928702602325258,-0.015585125096590047,1.0
2023-03-21,28188.92,28126.84,0.014533688919600829,-0.0022022837341763024,1.0
2023-03-22,28220.08,26667.33,0.0033149831264371876,-0.055022877327066344,1.0
2023-03-23,27469.99,28369.99,0.030099001287342997,0.032763026124144945,1.0
2023-03-24,28080.0,27821.6,-0.010221716680196224,-0.009202279202279229,1.0
2023-03-25,27451.71,27189.68,-0.0132950657043448,-0.009545124875645183,1.0
2023-03-26,27919.74,27827.95,0.026850628620859185,-0.003287638065397447,1.0
2023-03-27,27749.99,26968.94,-0.0028014999308249022,-0.028145956088632906,1.0
2023-03-28,26983.02,27425.99,0.0005220820692248829,0.016416620526538583,1.0
2023-03-29,28441.77,28419.49,0.03703713156753863,-0.0007833549037208343,1.0
2023-03-30,28646.35,27986.09,0.007982550003536204,-0.02304866064961153,1.0
2023-03-31,28110.36,28469.31,0.004440420223046582,0.01276931351999755,1.0
2023-04-01,28422.89,28381.98,-0.0016305277507604465,-0.0014393328757209556,1.0
2023-04-02,28265.26,27943.85,-0.004112468545182546,-0.01137120267069891,1.0
2023-04-03,28163.01,28081.08,0.007842870613748554,-0.0029091350675938266,1.0
2023-04-04,28267.68,28189.25,0.0066450435667004815,-0.002774546761531216,1.0
2023-04-05,28568.95,28240.64,0.01346967372313923,-0.011491846917720205,1.0
2023-04-06,27903.73,28017.77,-0.011929970425599401,0.004086908811115952,1.0
2023-04-07,27892.63,27897.52,-0.004466451112990044,0.0001753151280463605,1.0
2023-04-08,27987.57,27924.13,0.003227885489462734,-0.0022667205477288066,1.0
2023-04-09,27930.07,28140.4,0.00021271925034005434,0.00753059337123041,1.0
2023-04-10,28277.86,29173.06,0.004884791971684788,0.03165727533837437,1.0
2023-04-11,30098.92,30130.02,0.03173681471878487,0.0010332596651310144,1.0
2023-04-12,30157.09,29798.59,0.0008984394965552145,-0.011887751769152799,1.0
2023-04-13,30272.14,30335.13,0.015891691519632323,0.002080791116848779,1.0
2023-04-14,30616.98,30324.09,0.009291207916366284,-0.009566260290858164,1.0
2023-04-15,30423.28,30331.74,0.0032709967553847807,-0.003008880041862616,1.0
2023-04-16,30260.0,30309.06,-0.0023651791819394585,0.0016212822207535282,1.0
2023-04-17,29529.85,29467.24,-0.025708814460098872,-0.0021202274986157343,1.0
2023-04-18,30303.14,30221.52,0.02836709511986868,-0.0026934502497100166,1.0
2023-04-19,29218.66,29227.07,-0.033183638678663474,0.00028782976358265877,1.0
2023-04-20,28893.0,28104.38,-0.011430157042768951,-0.027294500398020283,1.0
2023-04-21,28218.64,27279.91,0.004065558464552366,-0.03326630907797112,1.0
2023-04-22,27338.04,27622.61,0.002130872132642736,0.010409305129409407,1.0
2023-04-23,27605.99,27465.77,-0.0006016810142125406,-0.005079332420246496,1.0
2023-04-24,27443.85,27383.29,-0.0007980843063930543,-0.002206687472785296,1.0
2023-04-25,27394.26,27611.4,0.0004006092766792868,0.007926478028609019,1.0
2023-04-26,29965.45,27884.24,0.08525645204516974,-0.0694536541250006,1.0
2023-04-27,28862.13,29673.98,0.0350696307304772,0.028128554614645473,1.0
2023-04-28,29229.29,29328.53,-0.01498585629565019,0.0033952244478054894,1.0
2023-04-29,29281.37,29240.67,-0.0016079905811848816,-0.00138996228660071,1.0
2023-04-30,29238.2,29361.13,-8.447138865141923e-05,0.0042044311893345565,1.0
2023-05-01,28596.32,27843.36,-0.02604838437757684,-0.026330660728373423,1.0
2023-05-02,28106.95,28686.14,0.009466889053620031,0.020606647110412046,1.0
2023-05-03,28306.53,28322.98,-0.013233219945241848,0.0005811379918343462,1.0
2023-05-04,29054.84,28895.12,0.025839795106305852,-0.005497190829479748,1.0
2023-05-05,28952.39,29561.66,0.0019819955757234275,0.021043858555373163,1.0
2023-05-06,29096.85,28842.82,-0.01572340660165905,-0.008730498318546442,1.0
2023-05-07,28919.07,28907.73,0.0026436388674893063,-0.00039212879252337185,1.0
2023-05-08,27766.81,27340.72,-0.039467644121485734,-0.015345298937832652,1.0
2023-05-09,27758.34,27716.32,0.015274652606076078,-0.0015137792821905416,1.0
2023-05-10,28175.28,27692.26,0.01655919689193941,-0.017143396622855245,1.0
2023-05-11,27399.0,26843.05,-0.010589962682713505,-0.020290886528705476,1.0
2023-05-12,26412.22,26459.62,-0.01604996451595475,0.0017946238521411306,1.0
2023-05-13,26824.6,26837.94,0.013793848891253901,0.0004973047128382646,1.0
2023-05-14,26871.33,26878.97,0.001244134236830563,0.0002843178956903891,1.0
2023-05-15,27395.73,27418.24,0.01922543907002372,0.0008216608938693692,1.0
2023-05-16,27060.0,26933.05,-0.013065754767629167,-0.004691426459719206,1.0
2023-05-17,26669.89,27385.09,-0.009770894867087043,0.02681675852431331,1.0
2023-05-18,27237.02,26734.01,-0.005406956851337741,-0.01846787937887484,1.0
2023-05-19,26909.94,26834.46,0.006580756123005793,-0.002804911493671125,1.0
2023-05-20,26895.77,27063.03,0.002284748789429747,0.00621882177011468,1.0
2023-05-21,26930.01,26902.12,-0.004915192423021408,-0.0010356475916644126,1.0
2023-05-22,26731.6,26862.43,-0.006338533914799327,0.004894207604483114,1.0
2023-05-23,27284.78,27181.22,0.015722702674329847,-0.003795522632031423,1.0
2023-05-24,26695.41,26252.33,-0.01787300202124853,-0.016597609851281447,1.0
2023-05-25,26403.52,26468.68,0.005759107858235746,0.0024678527711456955,1.0
2023-05-26,26440.04,26767.21,-0.0010820335581525065,0.012374035742759748,1.0
2023-05-27,26711.5,26729.6,-0.0020812778022064604,0.0006776107668982068,1.0
2023-05-28,27142.48,27525.99,0.01544654615108354,0.014129512115326204,1.0
2023-05-29,27876.98,27637.94,0.012751221663598544,-0.008574816927802154,1.0
2023-05-30,27903.51,27850.2,0.009608892703291128,-0.001910512333394565,1.0
2023-05-31,27072.34,27010.57,-0.027930140537590464,-0.0022816646067536084,1.0
2023-06-01,26941.79,26862.68,-0.002546410534838728,-0.002936330511075891,1.0
2023-06-02,27095.42,27239.02,0.008664064791748194,0.005299788672772143,1.0
2023-06-03,27165.81,27096.36,-0.0026876884704368775,-0.0025565223345079824,1.0
2023-06-04,27210.1,27213.11,0.004197611782541966,0.00011062068864142738,1.0
2023-06-05,26690.76,25629.99,-0.019194792509933722,-0.03974296722910842,1.0
2023-06-06,25533.41,27080.13,-0.003768241813594253,0.06057631941836217,1.0
2023-06-07,26802.35,26482.42,-0.010257705557543573,-0.011936639884189248,1.0
2023-06-08,26462.9,26539.9,-0.0007370927581390463,0.002909734004965525,1.0
2023-06-09,26673.76,26407.15,0.005043726615397759,-0.009995216272471463,1.0
2023-06-10,25616.18,25750.0,-0.029952872612152404,0.005224041992209605,1.0
2023-06-11,25750.0,26030.89,0.0,0.010908349514562987,1.0
2023-06-12,25933.1,25824.23,-0.003756690608734514,-0.004198109751630152,1.0
2023-06-13,26082.29,25902.84,0.009992940738213774,-0.006880147410369242,1.0
2023-06-14,26022.15,25874.59,0.004606058640674204,-0.005670553739794748,1.0
2023-06-15,24954.45,25455.49,-0.0355615296706151,0.020078182448421078,1.0
2023-06-16,25569.99,26382.43,0.0044980473760276585,0.03177318411153074,1.0
2023-06-17,26521.05,26475.3,0.005254254441308115,-0.001725044822885935,1.0
2023-06-18,26534.97,26650.0,0.002253798823809383,0.004335034107820768,1.0
2023-06-19,26531.39,26682.28,-0.004450656660412777,0.005687225584486866,1.0
2023-06-20,26851.99,27982.77,0.006360400985223169,0.042111590239680474,1.0
2023-06-21,28893.73,30112.03,0.03255431824654953,0.042164857219888274,1.0
2023-06-22,30115.49,30213.11,0.00011490424259008591,0.003241521223795507,1.0
2023-06-23,30106.5,30880.87,-0.003528600663751602,0.02572102369920115,1.0
2023-06-24,30694.57,30627.84,-0.0060328611208168015,-0.002174000157031064,1.0
2023-06-25,30669.4,30429.78,0.0013569353895019898,-0.007812999276151533,1.0
2023-06-26,30359.3,30243.97,-0.002316152137807115,-0.0037988359415400685,1.0
2023-06-27,30713.99,30648.03,0.015540949154492667,-0.0021475555601861984,1.0
2023-06-28,30101.99,30100.0,-0.017816479558392384,-6.610858617661641e-05,1.0
2023-06-29,30623.93,30584.99,0.017406312292358894,-0.0012715546306433234,1.0
2023-06-30,31010.11,30372.36,0.013899628543282194,-0.02056587351673378,1.0
2023-07-01,30564.01,30609.51,0.0063100134464360025,0.0014886790051436005,1.0
2023-07-02,30525.99,30557.74,-0.00272856376988706,0.0010400973072453024,1.0
2023-07-03,30653.06,31255.84,0.003119340631866141,0.01966459466036996,1.0
2023-07-04,31044.9,30696.84,-0.00674881878074618,-0.01121150333871268,1.0
2023-07-05,30321.22,30431.95,-0.012236438669257166,0.0036518979117594608,1.0
2023-07-06,30600.31,30309.88,0.005532343474539125,-0.009491080319120937,1.0
2023-07-07,30203.98,30246.2,-0.003493910236530229,0.0013978290278302552,1.0
2023-07-08,30171.85,30112.0,-0.0024581600333265508,-0.001983637065675392,1.0
2023-07-09,30329.99,30242.42,0.007239306588735506,-0.0028872413080256454,1.0
2023-07-10,30161.47,30837.4,-0.0026767037823030027,0.02241037986543759,1.0
2023-07-11,30433.05,30581.99,-0.013112324644749651,0.00489402146679363,1.0
2023-07-12,30721.17,30287.47,0.004551044585391573,-0.014117300871027916,1.0
2023-07-13,30520.02,31606.01,0.007678092623781385,0.03558287314359543,1.0
2023-07-14,31126.75,30115.17,-0.015163571738412984,-0.03249873501088296,1.0
2023-07-15,30351.1,30326.47,0.00783425761833656,-0.0008115027132459263,1.0
2023-07-16,30293.97,30252.93,-0.0010716710517247874,-0.0013547250492425,1.0
2023-07-17,30206.0,29884.39,-0.0015512547049162384,-0.010647222406144463,1.0
2023-07-18,29784.0,29715.99,-0.003359278874355498,-0.0022834407735696782,1.0
2023-07-19,29950.01,30044.31,0.007875221387542375,0.0031485799170019035,1.0
2023-07-20,30221.53,29756.0,0.005898621070012933,-0.015403918994174037,1.0
2023-07-21,29869.91,29875.99,0.0038281355020837182,0.00020354932438704232,1.0
2023-07-22,29840.84,29836.0,-0.0011765300497155184,-0.00016219382564297558,1.0
2023-07-23,29919.7,30093.12,0.0028053358359030334,0.005796181111441534,1.0
2023-07-24,29232.0,29117.99,-0.028615178485979498,-0.0039001778872468362,1.0
2023-07-25,29118.0,29198.83,3.434302986438098e-07,0.0027759461501477567,1.0
2023-07-26,29229.13,29401.93,0.0010377128124654522,0.005911910481085192,1.0
2023-07-27,29496.41,29163.83,0.0032133944948511406,-0.011275270448166341,1.0
2023-07-28,29306.01,29316.0,0.004875217006819588,0.0003408857091089512,1.0
2023-07-29,29294.01,29338.02,-0.0007501023331969447,0.0015023549182922036,1.0
2023-07-30,29324.01,29202.28,-0.00047753733892064165,-0.004151205786657397,1.0
2023-07-31,29472.5,29157.48,0.00925338706429768,-0.010688608024429613,1.0
2023-08-01,28878.57,29274.41,-0.009565641475189235,0.013707049898938894,1.0
2023-08-02,29466.01,29151.56,0.0065449653810272235,-0.010671617908227016,1.0
2023-08-03,29106.0,29281.32,-0.0015628666184588358,0.006023500309214613,1.0
2023-08-04,29222.53,29032.06,-0.002007764677275481,-0.006517916142099844,1.0
2023-08-05,29014.77,29067.35,-0.0005955485074087274,0.0018121804860076196,1.0
2023-08-06,29033.13,29088.0,-0.0011772659014323006,0.0018899099063725,1.0
2023-08-07,29079.25,29154.91,-0.00030081133113313285,0.0026018552748092727,1.0
2023-08-08,29578.57,29884.24,0.014531343091095161,0.010334170989334535,1.0
2023-08-09,30076.32,29416.22,0.006427468123666458,-0.02194749889614145,1.0
2023-08-10,29560.97,29444.52,0.004920754604092581,-0.0039393159290781465,1.0
2023-08-11,29425.99,29396.76,-0.0006293191398603071,-0.000993339561387807,1.0
2023-08-12,29428.8,29416.16,0.001089916031562721,-0.00042951122709722345,1.0
2023-08-13,29389.99,29442.91,-0.000889647051144582,0.001800613065877199,1.0
2023-08-14,29384.01,29360.54,-0.00200048161000399,-0.0007987337330744859,1.0
2023-08-15,29368.72,29181.73,0.00027860523001277393,-0.006366978199935258,1.0
2023-08-16,29160.0,29111.7,-0.0007446439947186301,-0.0016563786008230164,1.0
2023-08-17,28496.41,27894.01,-0.02113548848057656,-0.0211395049411488,1.0
2023-08-18,26328.02,26065.01,-0.05614072698762196,-0.009989737169753043,1.0
2023-08-19,25914.37,26125.62,-0.005779395442395696,0.008151847797187362,1.0
2023-08-20,26183.72,26137.25,0.0022238706679498232,-0.0017747669162365698,1.0
2023-08-21,26004.0,26097.74,-0.005098087977885912,0.0036048300261499744,1.0
2023-08-22,26044.94,25779.99,-0.0020231636915688522,-0.010172801319565217,1.0
2023-08-23,25844.01,26632.0,0.0024833213666877185,0.030490237389631192,1.0
2023-08-24,26390.08,26039.44,-0.009083808951637073,-0.01328681080163463,1.0
2023-08-25,26108.69,25972.36,0.0026594273916797917,-0.005221633103767331,1.0
2023-08-26,26029.37,26034.21,0.0021950257889540303,0.0001859438011753145,1.0
2023-08-27,26071.66,26125.49,0.001438491892014504,0.0020646940010724535,1.0
2023-08-28,26136.55,25996.26,0.0004233413421144139,-0.005367579118131571,1.0
2023-08-29,26044.51,27831.33,0.0018560362144399711,0.06860639727911955,1.0
2023-08-30,27353.64,27178.28,-0.017163750348977325,-0.006410846965888339,1.0
2023-08-31,27192.62,26162.79,0.0005276272081971012,-0.03787167253468027,1.0
2023-09-01,26063.27,25645.66,-0.0038038756569922505,-0.016022931888439174,1.0
2023-09-02,25808.72,25833.39,0.006358190820591192,0.0009558784782817131,1.0
2023-09-03,25896.06,26011.16,0.002425930162475831,0.004444691586287686,1.0
2023-09-04,25858.38,25893.18,-0.005873632702270815,0.001345791963765608,1.0
2023-09-05,25824.26,25683.93,-0.002661704742329851,-0.005434037606498632,1.0
2023-09-06,25713.63,25689.54,0.0011563650889876431,-0.0009368572231924777,1.0
2023-09-07,25660.0,25880.01,-0.0011498843498171096,0.008574045206547032,1.0
2023-09-08,25854.03,25895.62,-0.0010038635997435819,0.0016086466984064351,1.0
2023-09-09,25852.74,25868.43,-0.001655878484469464,0.0006068989205785247,1.0
2023-09-10,25802.47,25800.0,-0.002549826178086523,-9.572726952111754e-05,1.0
2023-09-11,25718.0,25020.66,-0.003178294573643381,-0.027114861186717465,1.0
2023-09-12,26121.84,26066.33,0.04401082945054213,-0.0021250417275352484,1.0
2023-09-13,26212.51,26140.01,0.0056080008194479,-0.002765854929573708,1.0
2023-09-14,26458.68,26678.14,0.01219089051610922,0.008294442504312327,1.0
2023-09-15,26364.66,26397.38,-0.011750444371309232,0.001241055261095747,1.0
2023-09-16,26550.68,26532.8,0.005807394521728959,-0.0006734290797825171,1.0
2023-09-17,26576.85,26505.15,0.0016602092504371946,-0.0026978366510702623,1.0
2023-09-18,27371.35,26814.79,0.0326804413481907,-0.020333670060117548,1.0
2023-09-19,27139.15,27185.44,0.012096309536639982,0.001705654009060531,1.0
2023-09-20,27068.28,26930.61,-0.004309659876757577,-0.005086026891993112,1.0
2023-09-21,26642.32,26599.95,-0.010704919049364325,-0.0015903269685222376,1.0
2023-09-22,26585.71,26540.1,-0.0005353393521416727,-0.0017155832964400597,1.0
2023-09-23,26574.99,26610.09,0.0013146144890185951,0.001320790713373654,1.0
2023-09-24,26606.54,26449.17,-0.0001334080418367023,-0.005914711195067146,1.0
2023-09-25,26103.57,26331.83,-0.01306657259944255,0.008744397796929704,1.0
2023-09-26,26213.19,26247.7,-0.0045055736726237194,0.001316512793750002,1.0
2023-09-27,26722.48,26267.8,0.018088442034921215,-0.017014887839751358,1.0
2023-09-28,26479.3,27100.0,0.008051683049208558,0.02344095198891205,1.0
2023-09-29,27001.0,26926.52,-0.003653136531365342,-0.0027584163549497775,1.0
2023-09-30,26928.06,27020.7,5.719268587256465e-05,0.003440277539488612,1.0
2023-10-01,27193.98,27103.02,0.006412861250818747,-0.003344857942824131,1.0
2023-10-02,28320.66,27964.99,0.04492635876002016,-0.012558676245539413,1.0
2023-10-03,27472.7,27275.0,-0.01760379674729018,-0.0071962348076454186,1.0
2023-10-04,27570.02,27618.1,0.01081649862511469,0.0017439232905887003,1.0
2023-10-05,27724.35,27471.28,0.003847114754454539,-0.009128076943192509,1.0
2023-10-06,27252.99,27952.36,-0.007946116817272308,0.02566213835619502,1.0
2023-10-07,27958.99,27865.48,0.00023718927489491115,-0.003344541415838065,1.0
2023-10-08,27810.2,27894.99,-0.001983816535727989,0.003048881345693255,1.0
2023-10-09,27436.01,27616.66,-0.01645385067354399,0.006584412237785386,1.0
2023-10-10,27426.5,27397.3,-0.006885698705057064,-0.001064663737626037,1.0
2023-10-11,27169.17,26763.2,-0.008326732926237312,-0.014942304089524905,1.0
2023-10-12,26829.99,26712.9,0.0024955909607222715,-0.004364146240829814,1.0
2023-10-13,26932.63,26778.57,0.008225613842001378,-0.005720198881431271,1.0
2023-10-14,26893.08,26864.29,0.004276180542874375,-0.0010705356173410507,1.0
2023-10-15,26838.14,27043.75,-0.0009734111714845284,0.007661112133702241,1.0
2023-10-16,27887.99,28468.85,0.031217564132193232,0.020828320721572258,1.0
2023-10-17,28218.92,28516.47,-0.008779069052666344,0.01054434400749571,1.0
2023-10-18,28330.01,28245.62,-0.006538677473053367,-0.002978819986297232,1.0
2023-10-19,28477.12,28750.75,0.008195961002095187,0.009608766616848952,1.0
2023-10-20,29509.21,29561.41,0.026380529203585912,0.0017689392565913842,1.0
2023-10-21,29768.27,30145.04,0.00699763644562279,0.01265676507234037,1.0
2023-10-22,29895.85,29842.75,-0.008266368198549534,-0.0017761662571894599,1.0
2023-10-23,30662.82,31354.42,0.02747970612627859,0.022555003094953285,1.0
2023-10-24,34576.39,33796.5,0.10275967471252856,-0.022555564649750837,1.0
2023-10-25,34337.01,34738.54,0.015993076206116008,0.011693796285698665,1.0
2023-10-26,34258.24,34044.02,-0.013826142376737849,-0.006253094146109084,1.0
2023-10-27,34122.3,33698.54,0.0022993759256400015,-0.012418858048842019,1.0
2023-10-28,34022.58,34112.07,0.009615846858647359,0.0026303119869215408,1.0
2023-10-29,34419.99,34561.97,0.009026716936263224,0.004124928566219932,1.0
2023-10-30,34587.49,34432.11,0.0007383838363379525,-0.004492375711565022,1.0
2023-10-31,34297.16,34540.3,-0.003919306716898774,0.007089216716486213,1.0
2023-11-01,34790.61,34557.67,0.0072468971028045726,-0.0066954847874183265,1.0
2023-11-02,35351.13,35000.01,0.022960460007865002,-0.009932355769108225,1.0
2023-11-03,34398.09,34530.71,-0.017197709372083203,0.003855446625088854,1.0
2023-11-04,34758.78,34730.73,0.006604845368079593,-0.0008069903489131836,1.0
2023-11-05,34831.04,35014.53,0.0028882203167051035,0.0052680023335507364,1.0
2023-11-06,35030.36,35022.45,0.00045209802901835516,-0.00022580413104533736,1.0
2023-11-07,34780.01,35618.54,-0.006922416906869566,0.024109538783916307,1.0
2023-11-08,35409.99,35616.93,-0.005855096811941296,0.0058441134832289965,1.0
2023-11-09,37165.98,36552.23,0.04349195733601974,-0.016513758012031476,1.0
2023-11-10,36962.24,37231.86,0.011217099476557024,0.007294471330741903,1.0
2023-11-11,37142.01,37000.66,-0.002413255743870968,-0.003805663721484054,1.0
2023-11-12,37069.25,37131.98,0.001853750716878988,0.0016922381758466276,1.0
2023-11-13,36827.25,36785.18,-0.008206672523253578,-0.0011423606161198308,1.0
2023-11-14,36503.26,35285.99,-0.007663955973574055,-0.0333468846344136,1.0
2023-11-15,36099.87,37531.08,0.023065244874807433,0.03964584914017699,1.0
2023-11-16,36770.0,35955.01,-0.020278659713496183,-0.02216453630677173,1.0
2023-11-17,36341.0,36483.27,0.010735360663228777,0.0039148620015958535,1.0
2023-11-18,36430.21,36598.0,-0.0014543652474133806,0.00460579282963236,1.0
2023-11-19,36487.04,36916.8,-0.0030318596644625107,0.011778428724281254,1.0
2023-11-20,37093.3,37548.69,0.004781021106921468,0.012276880191301354,1.0
2023-11-21,37011.88,36935.9,-0.014296370925323987,-0.002052854380809488,1.0
2023-11-22,36595.57,37615.99,-0.0092140708633065,0.027883702863488624,1.0
2023-11-23,37238.0,37278.95,-0.010048652182223505,0.0010996831193941237,1.0
2023-11-24,37771.99,37827.57,0.013225694393216525,0.0014714607305572613,1.0
2023-11-25,37720.21,37788.99,-0.0028381415988392167,0.0018234256914264613,1.0
2023-11-26,37514.9,37588.57,-0.0072531708309747644,0.001963753068780605,1.0
2023-11-27,36949.99,36800.02,-0.01698867501477186,-0.004058729109263637,1.0
2023-11-28,37412.29,38198.4,0.01663776269686812,0.02101207918574355,1.0
2023-11-29,38113.09,37675.0,-0.0022333396163191077,-0.011494476044844326,1.0
2023-11-30,37725.85,37730.94,0.0013497013934968827,0.00013492075062604414,1.0
2023-12-01,38367.15,38749.62,0.016861758546169225,0.009968684147767082,1.0
2023-12-02,38815.9,39574.61,0.001710468386528774,0.019546371461179435,1.0
2023-12-03,39671.36,39567.95,0.00244474929759253,-0.0026066663709034543,1.0
2023-12-04,41735.92,41764.36,0.054791061957973675,0.0006814274131252684,1.0
2023-12-05,41824.72,43779.78,0.0014452514057441412,0.04674412644005743,1.0
2023-12-06,44095.06,43755.79,0.007201498043160504,-0.007694059153111388,1.0
2023-12-07,43294.63,43235.74,-0.01053940518500529,-0.001360214881152677,1.0
2023-12-08,43571.75,44363.99,0.007771579716225663,0.018182423244418544,1.0
2023-12-09,43996.33,43979.79,-0.008287351971722923,-0.0003759404477601258,1.0
2023-12-10,43834.64,43960.01,-0.0033003795607028374,0.0028600668329887835,1.0
2023-12-11,42003.99,40858.02,-0.0444954402876615,-0.027282408171223738,1.0
2023-12-12,41810.78,41229.61,0.02331880007890752,-0.013900003778929748,1.0
2023-12-13,41466.0,42874.87,0.00573350075346335,0.03397651087638076,1.0
2023-12-14,42570.12,42920.76,-0.007107893271746324,0.008236763250843548,1.0
2023-12-15,42288.02,42220.01,-0.01474205023396613,-0.001608256901126981,1.0
2023-12-16,42396.1,42333.88,0.004170771158036102,-0.0014675878205778758,1.0
2023-12-17,41862.91,42122.8,-0.011125131927430032,0.006208120744592316,1.0
2023-12-18,41356.18,41971.09,-0.018199644847920915,0.014868636319892214,1.0
2023-12-19,42861.75,42228.15,0.021220797458441076,-0.014782410890829212,1.0
2023-12-20,43769.44,43441.82,0.03649911255880256,-0.007485131178283311,1.0
2023-12-21,44147.63,43796.8,0.016247247467992665,-0.007946745952160827,1.0
2023-12-22,43693.99,43645.22,-0.0023474317758376273,-0.001116171812187372,1.0
2023-12-23,43709.99,43711.33,0.00148401130753828,3.065660733403419e-05,1.0
2023-12-24,43756.42,43499.25,0.0010315403351943697,-0.005877308975460016,1.0
2023-12-25,43666.0,43418.0,0.003833399426426798,-0.005679476022534713,1.0
2023-12-26,42714.68,42135.13,-0.01619881155281222,-0.013567934958192418,1.0
2023-12-27,42912.86,43445.32,0.01845799455228936,0.01240793552329067,1.0
2023-12-28,42792.95,42506.43,-0.015015886636351228,-0.006695495402864182,1.0
2023-12-29,42825.17,42026.98,0.007498630207241508,-0.0186383381548747,1.0
2023-12-30,42029.35,42283.95,5.6392346059475074e-05,0.0060576716032962885,1.0
2023-12-31,42458.58,42558.01,0.004129935826714393,0.0023418117139104577,1.0
2024-01-01,42715.54,43687.86,0.003701535856587279,0.0227626760659001,1.0
2024-01-02,45637.93,44788.28,0.04463642760254216,-0.01861718969287174,1.0
2024-01-03,42529.4,42721.02,-0.050434622628955594,0.004505589074851546,1.0
2024-01-04,43346.68,44113.68,0.014645249575033548,0.0176945500785759,1.0
2024-01-05,43986.01,43955.07,-0.002894113572025736,-0.000703405469148044,1.0
2024-01-06,43704.07,43826.44,-0.005710376527667926,0.0027999680578949526,1.0
2024-01-07,44409.31,44120.01,0.013299505960328917,-0.006514399795898518,1.0
2024-01-08,44911.58,46774.01,0.01794129239771247,0.04146881494705812,1.0
2024-01-09,46834.0,46642.54,0.001282549860488702,-0.004088055686040093,1.0
2024-01-10,45118.01,46127.0,-0.032685398350947414,0.02236335334825279,1.0
2024-01-11,47325.2,46241.92,0.025976109436989026,-0.02289013041677579,1.0
2024-01-12,45779.02,43653.38,-0.010010397492145717,-0.04643262350308064,1.0
2024-01-13,42739.14,42870.0,-0.020943166371080513,0.00306183044394448,1.0
2024-01-14,42891.69,42507.92,0.0005059482155354011,-0.00894742081741251,1.0
2024-01-15,42852.54,42960.0,0.008107195082704743,0.002507669323685402,1.0
2024-01-16,42805.83,43200.01,-0.0035886871508379325,0.00920855874071358,1.0
2024-01-17,42609.84,42722.9,-0.013661339430245611,0.002653377717447558,1.0
2024-01-18,42508.0,40835.6,-0.0050300892495593885,-0.03934318245977231,1.0
2024-01-19,41393.08,41620.0,0.013651813613611674,0.005482075747926807,1.0
2024-01-20,41633.12,41751.36,0.0003152330610283194,0.0028400465783011697,1.0
2024-01-21,41859.53,41643.91,0.0025908138082209042,-0.005151037290671789,1.0
2024-01-22,40943.17,40181.2,-0.016826950207125213,-0.018610430017998114,1.0
2024-01-23,38864.16,39175.06,-0.03277751784416583,0.007999658297001444,1.0
2024-01-24,39984.87,39544.4,0.020671570126504113,-0.011015916770518497,1.0
2024-01-25,39913.84,39838.31,0.00934241005047487,-0.001892326070355499,1.0
2024-01-26,41021.65,41977.18,0.029703569252812256,0.02329330975228938,1.0
2024-01-27,41742.44,42059.93,-0.005592085985766548,0.0076059281632794296,1.0
2024-01-28,42397.18,41945.09,0.008018320525022382,-0.010663209204008428,1.0
2024-01-29,42006.7,43147.6,0.0014688250758312371,0.027159953055107877,1.0
2024-01-30,43287.61,43561.1,0.0032449081756575904,0.006317974127007631,1.0
2024-01-31,42803.92,42541.18,-0.017382022033419764,-0.006138222854355391,1.0
2024-02-01,42219.61,43011.83,-0.007559028687027514,0.018764266178678657,1.0
2024-02-02,42694.01,42952.65,-0.007389129920768345,0.00605799267859819,1.0
2024-02-03,43071.59,43065.15,0.002769095736817162,-0.00014951851092548374,1.0
2024-02-04,42995.52,42880.78,-0.0016168526058775168,-0.002668650129129646,1.0
2024-02-05,43447.67,42426.01,0.013220141984357614,-0.023514724725169245,1.0
2024-02-06,42881.33,43095.67,0.010732095712040701,0.004998445710522326,1.0
2024-02-07,43141.98,44131.37,0.0010745859154761561,0.02293334705546668,1.0
2024-02-08,44984.0,45496.21,0.019320270365501768,0.01138649297528005,1.0
2024-02-09,47465.96,47511.29,0.04329481510657707,0.0009550001727554047,1.0
2024-02-10,47303.59,47878.0,-0.004371592520430512,0.012143052990269965,1.0
2024-02-11,48058.12,48034.55,0.0037620619073479578,-0.0004904478161026349,1.0
2024-02-12,47949.85,50162.96,-0.001763314114528125,0.04615468035874981,1.0
2024-02-13,49528.06,49399.41,-0.012656749123257538,-0.002597517447685105,1.0
2024-02-14,51786.01,51686.14,0.048312317900153,-0.001928513125456166,1.0
2024-02-15,52217.73,51686.0,0.010284962274218934,-0.010182939779266653,1.0
2024-02-16,52464.0,51838.0,0.01505243199318973,-0.011931991460811253,1.0
2024-02-17,51188.81,51514.0,-0.012523438404259513,0.0063527556120175355,1.0
2024-02-18,51628.44,51776.0,0.00222153201071551,0.0028581146360415755,1.0
2024-02-19,52150.17,51798.99,0.007226707354758943,-0.006734014481640238,1.0
2024-02-20,52840.13,51990.63,0.020099619703009663,-0.016076796177450725,1.0
2024-02-21,51181.09,50957.94,-0.015570882676359199,-0.004360008745417421,1.0
2024-02-22,51164.02,51995.58,0.004044119522884859,0.016252827670695247,1.0
2024-02-23,51058.2,51079.21,-0.01802807084756064,0.00041149120023820096,1.0
2024-02-24,51140.0,51511.54,0.0011901123764443966,0.007265154477903879,1.0
2024-02-25,51612.92,51735.8,0.0019681026814573066,0.002380799226240349,1.0
2024-02-26,51228.5,54448.09,-0.009805589166495987,0.06284763364143009,1.0
2024-02-27,57112.29,56967.89,0.04893100933384442,-0.00252835247894978,1.0
2024-02-28,60454.77,60403.21,0.06120781373507067,-0.0008528690126519134,1.0
2024-02-29,62931.66,61934.73,0.04185953031304135,-0.01584146993738922,1.0
2024-03-01,62457.98,62861.11,0.00844841012465869,0.006454419435274694,1.0
2024-03-02,61803.69,61873.2,-0.016821529241211275,0.001124690127725314,1.0
2024-03-03,62393.86,62757.99,0.008414951869306853,0.005835990913208411,1.0
2024-03-04,65111.21,67427.16,0.03749673945899157,0.03556914393082233,1.0
2024-03-05,67770.01,61886.32,0.005084746265451301,-0.08681849095197114,1.0
2024-03-06,66327.48,66888.24,0.07176319419218968,0.008454414369428953,1.0
2024-03-07,66905.69,67537.67,0.0002608829294954429,0.00944583338128635,1.0
2024-03-08,67770.96,69071.99,0.0034542204372760565,0.01919745566537645,1.0
2024-03-09,68345.57,68333.24,-0.010516853503134915,-0.0001804067183871494,1.0
2024-03-10,69777.94,69400.19,0.021141980096363033,-0.005413602063918721,1.0
2024-03-11,71968.27,71970.0,0.03700393327453422,2.403837135434017e-05,1.0
2024-03-12,72193.19,71349.99,0.0031011532583020696,-0.011679772011736755,1.0
2024-03-13,72810.0,73349.24,0.02046265178173101,0.007406125532207097,1.0
2024-03-14,72829.93,69415.09,-0.007079964291382024,-0.046887866018819446,1.0
2024-03-15,67915.01,68964.0,-0.021610286754652375,0.015445628293362601,1.0
2024-03-16,67884.01,66911.52,-0.015660199524389573,-0.014325759482976763,1.0
2024-03-17,66584.19,68536.73,-0.004891982725844568,0.029324378655052996,1.0
2024-03-18,68550.54,66936.0,0.0002014977954156727,-0.023552549695450842,1.0
2024-03-19,63624.0,64391.99,-0.049480100394406645,0.012070759461838332,1.0
2024-03-20,64056.07,65784.46,-0.005216797927816819,0.02698245459017401,1.0
2024-03-21,67244.01,65223.74,0.022186850815526737,-0.030043865617175425,1.0
2024-03-22,64260.51,63866.93,-0.014768089042425325,-0.006124756868565173,1.0
2024-03-23,64697.94,64872.9,0.013011585181877505,0.0027042592082529016,1.0
2024-03-24,65646.77,65843.02,0.011929018126213053,0.0029894844788251884,1.0
2024-03-25,67079.99,70960.89,0.018786653467596226,0.05785480886326888,1.0
2024-03-26,71109.99,69477.67,0.0021011574122027366,-0.02295486189774465,1.0
2024-03-27,70186.18,68652.0,0.010197664947600993,-0.02185871919514626,1.0
2024-03-28,70839.16,70798.26,0.03185864942026462,-0.0005773642714003158,1.0
2024-03-29,70150.01,69665.99,-0.009156298474002011,-0.006899785188911434,1.0
2024-03-30,70218.89,69896.34,0.007936440722366767,-0.004593493289341444,1.0
2024-03-31,70500.0,71023.5,0.008636503713928434,0.007425531914893702,1.0
2024-04-01,69841.13,69648.01,-0.016647588474237307,-0.002765132809277371,1.0
2024-04-02,65345.59,65914.9,-0.06177376783629562,0.008712294127270148,1.0
2024-04-03,65899.99,65784.0,-0.00022620075278867446,-0.0017600913141262442,1.0
2024-04-04,66709.0,68500.0,0.014061169889334701,0.02684795155076536,1.0
2024-04-05,66883.99,67412.4,-0.02359138686131379,0.007900395894443246,1.0
2024-04-06,67738.37,68259.98,0.004835460538417324,0.007700362438600061,1.0
2024-04-07,69335.99,69068.01,0.015763409247995908,-0.0038649480594422636,1.0
2024-04-08,72180.02,71766.0,0.045057183492039465,-0.005735936343603143,1.0
2024-04-09,70690.0,69000.77,-0.01499317225427077,-0.02389630782288865,1.0
2024-04-10,67976.0,70083.99,-0.014851573395485373,0.03101079792868089,1.0
2024-04-11,70858.83,70459.67,0.011055877383693513,-0.005633172323054159,1.0
2024-04-12,70534.24,66843.98,0.0010583359246503221,-0.05231870365371494,1.0
2024-04-13,67514.69,64788.01,0.010033962669488083,-0.04038646996675832,1.0
2024-04-14,64525.25,64168.62,-0.00405568869918993,-0.005526983622690329,1.0
2024-04-15,66028.17,63301.11,0.028979117830491008,-0.041301462693877466,1.0
2024-04-16,63047.89,62721.43,-0.004000245809275715,-0.005177968683805267,1.0
2024-04-17,62317.75,61022.35,-0.006436077748865121,-0.02078701493555213,1.0
2024-04-18,62232.96,63477.04,0.01983879676872502,0.019990693034687812,1.0
2024-04-19,64965.19,64325.25,0.023443909797936424,-0.009850506094109868,1.0
2024-04-20,63824.08,64866.44,-0.007791186198265798,0.016331766944388315,1.0
2024-04-21,65004.24,64538.0,0.0021243650800011338,-0.007172455212152262,1.0
2024-04-22,65995.48,66524.77,0.022583284266633585,0.00802009470951659,1.0
2024-04-23,66134.91,66484.43,-0.005860373512001638,0.00528495464800649,1.0
2024-04-24,66353.02,63976.06,-0.001976553006470705,-0.035822936167788644,1.0
2024-04-25,63429.82,64747.11,-0.00853819381812504,0.020767676780416577,1.0
2024-04-26,64142.79,63742.05,-0.009333543999106686,-0.0062476234663318975,1.0
2024-04-27,63034.62,63352.11,-0.011098325202907655,0.005036755992183339,1.0
2024-04-28,63590.03,63730.49,0.003755518166640437,0.0022088368255213098,1.0
2024-04-29,62602.33,62987.37,-0.0177020449709393,0.006150569795085881,1.0
2024-04-30,61230.16,59292.95,-0.02789781506991007,-0.03163816655060192,1.0
2024-05-01,57969.98,56954.47,-0.022312433434328982,-0.01751786010621359,1.0
2024-05-02,58556.59,59351.11,0.02812983774583455,0.013568413051374906,1.0
2024-05-03,60641.0,62067.32,0.021733207685584954,0.02352072030474428,1.0
2024-05-04,64066.35,63921.18,0.032207448299684804,-0.002265932115689373,1.0
2024-05-05,63725.33,63879.94,-0.0030639296708853125,0.0024261937913856446,1.0
2024-05-06,63593.99,63220.0,-0.0044763661330928795,-0.005880901638661062,1.0
2024-05-07,63663.02,63060.01,0.007007592534008067,-0.009471903783389357,1.0
2024-05-08,62238.29,62179.45,-0.013030762285004438,-0.0009453987248043694,1.0
2024-05-09,61516.66,62454.92,-0.010659309466391154,0.015252128447805768,1.0
2024-05-10,63007.92,60716.97,0.008854386491888855,-0.03635971477871347,1.0
2024-05-11,60710.01,61144.0,-0.00011463022611302165,0.007148574016047737,1.0
2024-05-12,61155.75,61406.1,0.00019216930524668108,0.0040936461412051095,1.0
2024-05-13,62844.04,63172.69,0.023416891807165774,0.005229612863845157,1.0
2024-05-14,61566.52,61596.52,-0.025425068965719277,0.0004872778256754806,1.0
2024-05-15,63757.56,66006.23,0.03508380018871193,0.035269072404903845,1.0
2024-05-16,66011.01,65186.85,7.241740665997476e-05,-0.012485189970582122,1.0
2024-05-17,66379.97,67047.99,0.018303077998093276,0.010063577913638877,1.0
2024-05-18,66948.0,66912.62,-0.0014913198740186262,-0.0005284698572026736,1.0
2024-05-19,66832.99,66034.01,-0.0011900595134369807,-0.011954874381649105,1.0
2024-05-20,66936.39,69999.99,0.013665382429448147,0.04576882619454081,1.0
2024-05-21,71349.99,69285.99,0.01928571704081672,-0.028927824657018153,1.0
2024-05-22,69643.88,69637.47,0.005165402125306917,-9.20396738378626e-05,1.0
2024-05-23,69428.53,67199.98,-0.003000396194749788,-0.0320984759435351,1.0
2024-05-24,67490.0,69115.98,0.004315775093980845,0.024092161801748446,1.0
2024-05-25,69116.3,69155.32,4.6298989033743965e-06,0.0005645556836810783,1.0
2024-05-26,68993.22,68903.54,-0.00234399898662907,-0.0012998378681268186,1.0
2024-05-27,68621.42,69260.01,-0.004094419532000737,0.0093059863815117,1.0
2024-05-28,68208.63,68424.29,-0.015180188394428362,0.0031617699988988335,1.0
2024-05-29,67898.15,67266.78,-0.00768937463582009,-0.009298780600060508,1.0
2024-05-30,68133.34,68653.02,0.012882436174289857,0.007627396513953499,1.0
2024-05-31,68643.59,67681.0,-0.00013735739520281953,-0.014023013656482619,1.0
2024-06-01,67717.76,67753.76,0.0005431361829759673,0.0005316182933399194,1.0
2024-06-02,67934.99,67736.95,0.0026748331015136184,-0.0029151399006610568,1.0
2024-06-03,69746.23,69204.0,0.029662983054300485,-0.007774327013804094,1.0
2024-06-04,68946.56,70423.6,-0.0037200161840356127,0.021422968745648863,1.0
2024-06-05,70940.01,71279.95,0.007332911126383568,0.004791936172549249,1.0
2024-06-06,71187.17,70479.49,-0.001301628297999624,-0.009941117198506322,1.0
2024-06-07,71234.09,69255.0,0.010706660902341847,-0.027782905628470855,1.0
2024-06-08,69360.22,69460.01,0.0015193126850046035,0.0014387209267789913,1.0
2024-06-09,69712.95,69710.26,0.0036415197751915596,-3.858680489066124e-05,1.0
2024-06-10,69363.99,69490.8,-0.004967274544665168,0.0018281820293208906,1.0
2024-06-11,67019.99,67407.01,-0.03555592970580279,0.005774694982795259,1.0
2024-06-12,69339.29,67532.92,0.028665861310270158,-0.026051175314889985,1.0
2024-06-13,67749.54,66604.01,0.003207620816632728,-0.01690830668370591,1.0
2024-06-14,67083.3,65520.02,0.0071961132670541605,-0.023303564374442032,1.0
2024-06-15,66348.01,66154.7,0.012637206154698877,-0.002913576458434819,1.0
2024-06-16,66597.47,66562.52,0.006692948497990292,-0.0005247947106699069,1.0
2024-06-17,65625.01,66691.99,-0.014084653044987072,0.016258740379620606,1.0
2024-06-18,65231.95,64412.19,-0.021892284215840774,-0.012566847993966013,1.0
2024-06-19,65192.21,64882.01,0.012109819585392145,-0.004758237218833283,1.0
2024-06-20,65979.99,65050.0,0.01692271863957373,-0.01409503093286324,1.0
2024-06-21,63827.39,64232.01,-0.018794926979246784,0.0063392847490708615,1.0
2024-06-22,64297.84,64295.01,0.0010248784056421378,-4.401392021868844e-05,1.0
2024-06-23,64375.99,64149.78,0.001259506764210716,-0.003513887708756047,1.0
2024-06-24,61215.21,59306.72,-0.04574559725691962,-0.031176728790116015,1.0
2024-06-25,61048.51,61975.46,0.029369184470157794,0.015183826763339514,1.0
2024-06-26,61431.47,61000.01,-0.00877750645174713,-0.007023436033681052,1.0
2024-06-27,61341.88,61450.0,0.005604425310749894,0.0017625804751990604,1.0
2024-06-28,61395.09,60123.73,-0.0008935720097641431,-0.020707844878148918,1.0
2024-06-29,61045.43,61057.39,0.015330053541255717,0.0001959196617993264,1.0
2024-06-30,61496.0,62026.83,0.007183569425420977,0.008631943541043352,1.0
2024-07-01,62882.0,63226.78,0.01378709826054303,0.005482968098978969,1.0
2024-07-02,62878.45,61939.1,-0.005509216189722221,-0.014939140516345373,1.0
2024-07-03,60028.01,59671.1,-0.030854339181550894,-0.005945724337688363,1.0
2024-07-04,57247.98,58283.62,-0.040607932483228804,0.018090419958922466,1.0
2024-07-05,55052.81,56465.42,-0.05543255549329307,0.025659180703037743,1.0
2024-07-06,56755.47,57857.99,0.00513677220500619,0.01942579279142609,1.0
2024-07-07,57341.09,57151.1,-0.00893394326349739,-0.0033133308069308587,1.0
2024-07-08,57151.11,56477.31,1.7497476001437917e-07,-0.01178979725853102,1.0
2024-07-09,57338.01,57862.01,0.015239748493687255,0.009138789434792072,1.0
2024-07-10,58150.44,57392.03,0.004984790538731687,-0.013042205699561382,1.0
2024-07-11,58816.35,57378.01,0.024817383180208097,-0.024454764704032073,1.0
2024-07-12,57382.3,57576.01,7.476731939637382e-05,0.0033757796393660833,1.0
2024-07-13,58768.01,58624.38,0.02070306712813208,-0.0024440167363163345,1.0
2024-07-14,59583.86,59915.99,0.016366569676302012,0.00557416051930848,1.0
2024-07-15,62616.0,63342.0,0.04506326274505357,0.011594480643924765,1.0
2024-07-16,63743.31,65165.43,0.006335606706450614,0.02231010595464844,1.0
2024-07-17,64730.72,64585.78,-0.0066708682809274444,-0.002239122320901177,1.0
2024-07-18,64850.66,63555.0,0.004101212372135343,-0.019979133597098353,1.0
2024-07-19,64414.0,67157.26,0.013515852411297269,0.042587946719657044,1.0
2024-07-20,66476.28,67224.0,-0.010140080164080523,0.011247921815119577,1.0
2024-07-21,66928.02,67422.02,-0.004402891824348387,0.007381064014742922,1.0
2024-07-22,67697.11,68232.07,0.004080121004977233,0.007902257570522764,1.0
2024-07-23,66504.68,65536.01,-0.02531639447550127,-0.014565441108806199,1.0
2024-07-24,66215.1,65652.0,0.010362089483323844,-0.008504102538544944,1.0
2024-07-25,64124.0,64692.01,-0.023274233839030045,0.008857993886844273,1.0
2024-07-26,67314.01,67990.0,0.04053050755417842,0.010042337397519585,1.0
2024-07-27,68400.0,68246.0,0.0060302985733196035,-0.00225146198830406,1.0
2024-07-28,68000.01,68112.0,-0.0036044603346716553,0.0016469115225130615,1.0
2024-07-29,69799.38,67303.05,0.024773608174771145,-0.035764357792289814,1.0
2024-07-30,66668.0,65931.02,-0.009435679363713922,-0.011054478910421772,1.0
2024-07-31,66153.82,65256.83,0.0033792894452413513,-0.013559156523387572,1.0
2024-08-01,64883.98,63422.01,-0.005713578180245649,-0.022532064155127318,1.0
2024-08-02,64846.0,62633.57,0.022452615424834343,-0.03411821854856123,1.0
2024-08-03,62002.71,60246.0,-0.010072234426362736,-0.028332793840785353,1.0
2024-08-04,61062.0,59257.66,0.013544467682501837,-0.029549310536831408,1.0
2024-08-05,49804.0,53470.09,-0.1595348179458994,0.0736103525821219,1.0
2024-08-06,54772.01,56765.48,0.024348565712158043,0.036395779523154204,1.0
2024-08-07,57292.0,54759.22,0.009275355374428251,-0.044208266424631715,1.0
2024-08-08,57924.62,59414.51,0.05780579051345147,0.025721187294797998,1.0
2024-08-09,60551.99,60681.42,0.01914481832804804,0.002137502004475822,1.0
2024-08-10,60722.81,61016.45,0.000682086872719756,0.004835744590871105,1.0
2024-08-11,60492.09,59621.11,-0.008593748079411379,-0.014398246117798164,1.0
2024-08-12,59728.23,59043.98,0.001796679062164408,-0.011456056876287812,1.0
2024-08-13,59124.0,60820.15,0.0013552609427751605,0.02868801163656043,1.0
2024-08-14,61064.53,58891.13,0.00401807624611239,-0.0355918566801382,1.0
2024-08-15,58800.26,57047.46,-0.0015430167497210157,-0.029809391999287116,1.0
2024-08-16,57868.13,59683.39,0.014385741275772856,0.03136890720332586,1.0
2024-08-17,59230.07,59473.19,-0.007595413062160161,0.004104671833073947,1.0
2024-08-18,59969.55,59708.38,0.008345945458785753,-0.004355043517918822,1.0
2024-08-19,58412.0,58967.53,-0.021711860211246714,0.009510545778264712,1.0
2024-08-20,60693.71,59511.99,0.029273398427914543,-0.0194702218730739,1.0
2024-08-21,59506.9,61570.0,-8.552898331914971e-05,0.034669929033439795,1.0
2024-08-22,60879.19,60308.0,-0.011219912294948786,-0.009382352163358365,1.0
2024-08-23,61146.58,63628.84,0.01390495456655838,0.04059523852356084,1.0
2024-08-24,64086.99,64210.6,0.007200351287246498,0.0019287846097937322,1.0
2024-08-25,63924.0,64187.41,-0.004463437500973333,0.00412067455102938,1.0
2024-08-26,63633.0,63342.99,-0.008637363620061955,-0.004557540898590395,1.0
2024-08-27,62419.56,62102.01,-0.014578250884588861,-0.005087347619880611,1.0
2024-08-28,59946.22,58898.85,-0.034713691231572086,-0.017471827247823146,1.0
2024-08-29,60322.0,59258.0,0.024162610984764576,-0.0176386724578097,1.0
2024-08-30,59539.0,58700.02,0.004741975766985096,-0.01409126790842985,1.0
2024-08-31,59192.26,58856.0,0.00838568709175913,-0.00568081029512979,1.0
2024-09-01,58020.0,58514.0,-0.014204159304064157,0.008514305411926992,1.0
2024-09-02,58393.94,58439.99,-0.0020518166592610187,0.000788609228971282,1.0
2024-09-03,59135.01,58046.0,0.01189288362301233,-0.018415655970972167,1.0
2024-09-04,56599.99,58058.01,-0.024911449540020003,0.02576007522262813,1.0
2024-09-05,56662.0,56060.01,-0.02404508869663291,-0.010624227877589876,1.0
2024-09-06,56873.99,53534.28,0.014519797624010344,-0.0587212186097722,1.0
2024-09-07,54578.71,54404.01,0.019509555372744458,-0.003200881809042322,1.0
2024-09-08,54194.7,54337.01,-0.0038473266952198104,0.0026259025329045116,1.0
2024-09-09,55341.1,57089.54,0.018478933603449876,0.031593878690521215,1.0
2024-09-10,57203.19,57952.01,0.001990732452915145,0.013090528692543124,1.0
2024-09-11,56748.01,57585.5,-0.020775810882141976,0.014758050546618273,1.0
2024-09-12,57691.56,58388.0,0.001841783087756399,0.012071783116975876,1.0
2024-09-13,57910.0,59743.99,-0.008186613687744093,0.03166965981695724,1.0
2024-09-14,59794.03,59810.0,0.0008375737877568401,0.0002670835198765875,1.0
2024-09-15,60104.39,59878.22,0.004922086607590748,-0.003762953088784382,1.0
2024-09-16,58527.99,57943.99,-0.02254960150786056,-0.009978131830599368,1.0
2024-09-17,59381.1,59967.99,0.02480170937486359,0.00988344776368244,1.0
2024-09-18,59978.24,60057.99,0.00017092452156552973,0.0013296488859959599,1.0
2024-09-19,62924.07,63251.99,0.04772187680606699,0.005211360295034995,1.0
2024-09-20,63417.45,62809.13,0.0026158860772602655,-0.009592312525968816,1.0
2024-09-21,63151.98,63203.59,0.005458601321177481,0.0008172348673785024,1.0
2024-09-22,62781.99,63160.0,-0.006670507165811301,0.006020994237360133,1.0
2024-09-23,63315.8,63298.56,0.0024667511082965277,-0.00027228590651950935,1.0
2024-09-24,63446.01,64292.34,0.0023294368781849872,0.013339373114243047,1.0
2024-09-25,63600.01,63181.5,-0.010768467907685375,-0.0065803448773043005,1.0
2024-09-26,64481.82,64711.06,0.020580707960399902,0.003555110572251108,1.0
2024-09-27,65741.19,65657.99,0.015918917106287678,-0.0012655688161409273,1.0
2024-09-28,65548.12,65724.0,-0.0016733683135899957,0.0026832195950090565,1.0
2024-09-29,65631.68,65958.82,-0.0014046619195424714,0.004984483103282145,1.0
2024-09-30,64048.0,63488.0,-0.028969893639698374,-0.008743442418186365,1.0
2024-10-01,63668.21,61755.99,0.0028384891633064235,-0.03003414105720892,1.0
2024-10-02,60798.8,60190.01,-0.015499549112563793,-0.010013191049823345,1.0
2024-10-03,60469.95,61036.0,0.00465093792142568,0.009360847826068941,1.0
2024-10-04,61932.24,62368.0,0.014683793171243131,0.007036076847858341,1.0
2024-10-05,62302.03,61848.48,-0.0010577539763981791,-0.007279859099294073,1.0
2024-10-06,62222.0,62631.38,0.006039275338698635,0.0065793449262319115,1.0
2024-10-07,62883.33,63382.0,0.004022743870564671,0.0079300825830948,1.0
2024-10-08,62440.0,62245.53,-0.014862263734183201,-0.0031145099295323275,1.0
2024-10-09,61980.0,61031.98,-0.004265848487433499,-0.01529557921910285,1.0
2024-10-10,60962.0,59727.28,-0.001146611989321089,-0.020253928676880695,1.0
2024-10-11,61379.0,63086.01,0.027654364973593415,0.027810977695954753,1.0
2024-10-12,63056.26,63000.01,-0.00047157840541822704,-0.000892060518654314,1.0
2024-10-13,62664.01,62734.32,-0.005333332486772591,0.0011220156514082369,1.0
2024-10-14,64868.05,65939.4,0.03401216431452525,0.016515834837026677,1.0
2024-10-15,65802.01,66970.18,-0.0020835797717297933,0.017752801168231747,1.0
2024-10-16,67832.0,67728.0,0.012868712612090993,-0.0015331996697723893,1.0
2024-10-17,67171.42,66840.0,-0.008217871485943773,-0.004933943632574711,1.0
2024-10-18,67662.0,68608.01,0.012298025134649837,0.01398140758475952,1.0
2024-10-19,68222.0,68181.98,-0.005626310980306748,-0.0005866142886459258,1.0
2024-10-20,68268.36,68508.29,0.0012669036598820238,0.0035145124329922783,1.0
2024-10-21,68207.27,67763.0,-0.00439392079411105,-0.006513528543218405,1.0
2024-10-22,66984.0,67482.98,-0.01149594911677465,0.007449241609936541,1.0
2024-10-23,66416.72,66472.0,-0.015800428493228935,0.0008323205361542296,1.0
2024-10-24,67517.75,68309.79,0.015732187988927615,0.011730841149179216,1.0
2024-10-25,68061.9,66850.0,-0.0036289088284416904,-0.01780585026277537,1.0
2024-10-26,67034.11,67177.99,0.0027540762902018567,0.0021463699600099417,1.0
2024-10-27,67400.0,67850.0,0.0033048026593232027,0.00667655786350152,1.0
2024-10-28,68908.01,69629.98,0.015593367722918083,0.010477301550284146,1.0
2024-10-29,71108.01,72536.16,0.021226919783690956,0.020084235235946046,1.0
2024-10-30,71862.17,71822.01,-0.009291779438007297,-0.000558847582810329,1.0
2024-10-31,72114.0,70092.07,0.004065466839482834,-0.02803796766231237,1.0
2024-11-01,70354.87,69268.0,0.003749354242212899,-0.015448397530973934,1.0
2024-11-02,69459.05,69510.0,0.0027581278512445184,0.0007335257248695104,1.0
2024-11-03,68048.13,68970.07,-0.02103107466551568,0.013548351732810326,1.0
2024-11-04,68662.39,67348.0,-0.00446106550276093,-0.01914279418470577,1.0
2024-11-05,68820.0,69445.99,0.02185662528954091,0.009096047660563933,1.0
2024-11-06,73987.05,76101.99,0.0653898086844178,0.028585272692991603,1.0
2024-11-07,74672.53,76431.48,-0.01878347727832097,0.023555516332445015,1.0
2024-11-08,76268.13,76591.33,-0.0021372083858639535,0.004237680929111587,1.0
2024-11-09,76426.39,76294.0,-0.002153507453128256,-0.0017322550495973976,1.0
2024-11-10,79728.01,78950.01,0.04501022360867157,-0.009758176580601963,1.0
2024-11-11,81835.74,86922.65,0.036551356991595174,0.06216000490739115,1.0
2024-11-12,86330.52,89473.1,-0.006812148502145177,0.036401726758972464,1.0
2024-11-13,89152.01,89691.99,-0.0035886763731223237,0.006056846054284248,1.0
2024-11-14,90754.42,87612.66,0.011845316398933603,-0.03461825881317948,1.0
2024-11-15,90148.0,91447.98,0.028938055299313925,0.014420508497138051,1.0
2024-11-16,90755.99,90752.01,-0.007567034285502983,-4.385385471539216e-05,1.0
2024-11-17,90504.01,89636.0,-0.0027327218427448674,-0.009590845753685295,1.0
2024-11-18,89502.23,91473.42,-0.0014923691374002512,0.02202392052130997,1.0
2024-11-19,91142.28,92458.0,-0.0036200679935219915,0.014435890785264638,1.0
2024-11-20,94382.88,94271.99,0.020818966449631215,-0.0011748952776181598,1.0
2024-11-21,97512.01,98118.16,0.03436885123566391,0.006216157373845732,1.0
2024-11-22,97763.54,99163.99,-0.003614213719458359,0.014324869987318412,1.0
2024-11-23,98532.08,97703.52,-0.006372373681212351,-0.008409037949873799,1.0
2024-11-24,97214.93,96826.49,-0.005000741017314514,-0.003995682556166891,1.0
2024-11-25,97468.3,94955.89,0.006628454671856909,-0.025776688420748095,1.0
2024-11-26,92168.84,91036.01,-0.029350996552188646,-0.01229081325098591,1.0
2024-11-27,94264.0,96482.75,0.035458386192452895,0.023537617754392004,1.0
2024-11-28,95711.25,94820.01,-0.007996248033975029,-0.009311758022176098,1.0
2024-11-29,97223.36,97307.98,0.025346443224378623,0.0008703669570768735,1.0
2024-11-30,96405.34,96967.99,-0.009276114867454832,0.005836294960424482,1.0
2024-12-01,97071.93,97099.99,0.0010719001187915467,0.0002890639961523611,1.0
2024-12-02,95679.99,95666.66,-0.014624100373233806,-0.00013931857643378898,1.0
2024-12-03,93715.98,95615.06,-0.02039038469619414,0.020264206808700003,1.0
2024-12-04,95665.51,98747.97,0.0005276365459583321,0.032221225810639575,1.0
2024-12-05,102753.9,99072.84,0.04056721368550664,-0.035824041715204924,1.0
2024-12-06,98591.99,101360.0,-0.0048534997078916176,0.02807540450294188,1.0
2024-12-07,99350.0,100313.57,-0.019830307813733183,0.009698741821841939,1.0
2024-12-08,100408.8,99800.01,0.0009493232072190771,-0.006063113990008917,1.0
2024-12-09,99004.03,96252.01,-0.007975750703832607,-0.02779705028169055,1.0
2024-12-10,97738.36,96434.76,0.015442274919765353,-0.013337649618839542,1.0
2024-12-11,98736.86,101271.56,0.023872097571456585,0.02567126400414188,1.0
2024-12-12,100911.99,100028.01,-0.003550552593442724,-0.008759910492301404,1.0
2024-12-13,100284.35,101680.0,0.0025626821927178245,0.013916927217457076,1.0
2024-12-14,101170.05,100760.0,-0.005015243902439015,-0.004053076972878822,1.0
2024-12-15,102784.65,103144.83,0.020093787217149606,0.0035042197448744705,1.0
2024-12-16,103908.02,105808.36,0.007399207502693184,0.01828867492615105,1.0
2024-12-17,107298.42,106732.98,0.014082630143780639,-0.005269788688407551,1.0
2024-12-18,104580.58,100846.67,-0.020166212917506754,-0.03570366505903877,1.0
2024-12-19,101952.44,96409.54,0.010964863787768175,-0.05436750704544202,1.0
2024-12-20,95204.0,96451.88,-0.012504364194663609,0.013107432460821133,1.0
2024-12-21,97344.54,97456.91,0.009254977715312362,0.0011543533925992833,1.0
2024-12-22,96976.0,95592.49,-0.004934591092617291,-0.014266519551229151,1.0
2024-12-23,94924.34,93186.34,-0.006989565812126175,-0.0183093187690323,1.0
2024-12-24,96085.02,97298.01,0.031106275876915168,0.01262413225287351,1.0
2024-12-25,98462.56,99144.62,0.01196889843893012,0.006927100006337339,1.0
2024-12-26,95704.44,95589.6,-0.034698604926822973,-0.0011999443286015987,1.0
2024-12-27,96407.99,94588.12,0.00856149622971536,-0.018876754924565975,1.0
2024-12-28,94665.94,95083.05,0.0008227248834209444,0.00440612537096241,1.0
2024-12-29,94928.2,93858.55,-0.0016285762814718385,-0.011267989912375764,1.0
2024-12-30,92680.52,94338.8,-0.012551120808919403,0.017892433059288004,1.0
2024-12-31,95587.12,93564.04,0.013232307385720343,-0.02116477617486545,1.0
2025-01-01,94031.76,94786.23,0.004998929075743286,0.008023565654838416,1.0
2025-01-02,96458.17,97306.46,0.01763906001958304,0.008794382062193407,1.0
2025-01-03,96504.79,98311.52,-0.008238610262874757,0.018721661380746157,1.0
2025-01-04,97973.05,98599.02,-0.0034428315216772365,0.00638920601124493,1.0
2025-01-05,97689.96,98275.71,-0.009219767093019748,0.005996010234828653,1.0
2025-01-06,99492.51,102127.38,0.012381492842941544,0.026483099079518846,1.0
2025-01-07,100636.8,96533.35,-0.014595302454640469,-0.04077484578205981,1.0
2025-01-08,95384.0,93980.0,-0.011906247944363346,-0.014719449802901963,1.0
2025-01-09,91986.42,91903.22,-0.02121281123643326,-0.0009044813353971115,1.0
2025-01-10,93557.23,94672.05,0.017997301944371324,0.011915914996628363,1.0
2025-01-11,94400.01,94586.11,-0.0028734985668950053,0.001971398096250354,1.0
2025-01-12,94663.78,94687.69,0.0008211565101894358,0.000252578124389391,1.0
2025-01-13,91131.41,93575.53,-0.03755799724335862,0.026819732077008274,1.0
2025-01-14,96336.0,96505.04,0.029499913064879202,0.0017546919116424586,1.0
2025-01-15,98964.0,99566.4,0.02548012000202271,0.006087061961925544,1.0
2025-01-16,99084.04,100343.99,-0.004844606212537572,0.012715973228382804,1.0
2025-01-17,102474.14,104692.7,0.02122847616484047,0.021649949928830736,1.0
2025-01-18,104365.81,104035.42,-0.0031223762497289975,-0.0031656919061903155,1.0
2025-01-19,104964.71,106275.49,0.008932438586781277,0.01248781614315897,1.0
2025-01-20,107956.31,103647.16,0.01581568807633804,-0.03991568440973936,1.0
2025-01-21,104457.07,106137.51,0.007814107014606053,0.016087374459191617,1.0
2025-01-22,104073.94,104321.1,-0.01944241955553694,0.0023748500345044388,1.0
2025-01-23,102512.28,103284.48,-0.017338965942652163,0.007532756075662395,1.0
2025-01-24,105118.07,104859.11,0.01775281242641702,-0.002463515549705253,1.0
2025-01-25,104717.04,104965.71,-0.0013548655906006069,0.0023746851515284995,1.0
2025-01-26,104961.73,104949.99,-3.7917144560917215e-05,-0.00011185029057725338,1.0
2025-01-27,100483.99,101386.5,-0.0425536010055837,0.00898162980988304,1.0
2025-01-28,102597.36,101264.48,0.011943010164075174,-0.012991367419200706,1.0
2025-01-29,101836.23,104193.93,0.005646106117367156,0.023151878265721404,1.0
2025-01-30,104879.99,104907.15,0.0065844526643732415,0.0002589626486424468,1.0
2025-01-31,104664.02,101680.02,-0.0023175732064019128,-0.028510275068739044,1.0
2025-02-01,101869.02,101333.34,0.001858772254372143,-0.005258517260694262,1.0
2025-02-02,98795.88,97798.0,-0.025040722036794527,-0.010100421191652997,1.0
2025-02-03,94664.51,101083.0,-0.03204043027464776,0.06780249535966543,1.0
2025-02-04,99007.22,98652.18,-0.020535401600664804,-0.003586001101737901,1.0
2025-02-05,98570.01,97323.39,-0.0008329263479023297,-0.012647051572785672,1.0
2025-02-06,98604.5,96926.63,0.013163433785033485,-0.01701616052005739,1.0
2025-02-07,98828.01,95764.31,0.01961669357533613,-0.03100032065808056,1.0
2025-02-08,96246.7,96455.92,0.005037262838316181,0.002173788815616584,1.0
2025-02-09,95877.92,96322.24,-0.005992374547876378,0.004634226524730778,1.0
2025-02-10,98215.72,97331.95,0.01965776543402642,-0.008998254047315468,1.0
2025-02-11,96799.53,95305.0,-0.005470146236667417,-0.015439434468328517,1.0
2025-02-12,94975.38,97025.24,-0.0034585803473059507,0.021583067106443865,1.0
2025-02-13,96074.66,96264.52,-0.009797244510809766,0.0019761714483299553,1.0
2025-02-14,96786.68,97196.09,0.005424220678605041,0.0042300242140758115,1.0
2025-02-15,97716.89,97539.4,0.0053582402337377655,-0.0018163697186842631,1.0
2025-02-16,96842.37,96909.54,-0.007146137868389579,0.0006936013647744765,1.0
2025-02-17,96411.95,95971.36,-0.005134582209346927,-0.0045698691915265766,1.0
2025-02-18,96230.0,94196.02,0.002694970666248686,-0.02113665177179669,1.0
2025-02-19,96277.54,96180.72,0.022097748928245453,-0.001005634335900063,1.0
2025-02-20,97562.19,98453.61,0.01436327363737755,0.009136941267923637,1.0
2025-02-21,99334.93,95066.25,0.008951627065782564,-0.0429725978565646,1.0
2025-02-22,96566.03,96578.01,0.015776156101665828,0.00012406018969612909,1.0
2025-02-23,95977.96,95777.7,-0.0062131120738559975,-0.0020865206970435146,1.0
2025-02-24,95594.57,94020.0,-0.0019120317151068988,-0.01647133304747339,1.0
2025-02-25,88826.11,88161.03,-0.05524239523505636,-0.007487438096748789,1.0
2025-02-26,87191.99,84385.89,-0.010991704611436504,-0.032183002131273786,1.0
2025-02-27,86117.57,83524.98,0.02052096624210531,-0.030105238687064828,1.0
2025-02-28,81512.42,84191.27,-0.024095306577744724,0.03286431687342861,1.0
2025-03-01,84532.24,85537.73,0.004049944845825548,0.011894751635588952,1.0
2025-03-02,85710.81,94330.0,0.002023434570919802,0.10056129442715567,1.0
2025-03-03,93586.83,86074.0,-0.007878405597370963,-0.08027657310328817,1.0
2025-03-04,82804.0,86825.27,-0.03799056625694175,0.048563716728660555,1.0
2025-03-05,89473.92,90499.64,0.030505519879177934,0.011463899201018535,1.0
2025-03-06,89569.13,89045.44,-0.01028191935349132,-0.005846768858869145,1.0
2025-03-07,89135.98,86987.72,0.0010167842395971682,-0.024100929837760132,1.0
2025-03-08,86327.96,86281.39,-0.0075845188263353736,-0.0005394544247310229,1.0
2025-03-09,84599.99,82640.86,-0.01948740046955655,-0.023157567749121588,1.0
2025-03-10,83248.12,79060.84,0.0073481810329658614,-0.05029879353431643,1.0
2025-03-11,81225.5,83104.01,0.027379673679156502,0.023127096786107693,1.0
2025-03-12,84069.0,82915.93,0.011611834374779306,-0.013715757294603281,1.0
2025-03-13,82517.99,80211.4,-0.004799319021085435,-0.027952571312025554,1.0
2025-03-14,83420.87,84554.0,0.040012641594586285,0.01358329156720628,1.0
2025-03-15,84136.53,84299.98,-0.004937318163540483,0.0019426757913596493,1.0
2025-03-16,82755.89,83098.47,-0.018316611700263663,0.004139644924367358,1.0
2025-03-17,83052.0,84482.55,-0.0005592160722093231,0.017224750758561003,1.0
2025-03-18,82404.66,82317.21,-0.02459549338887146,-0.0010612263918083897,1.0
2025-03-19,83748.75,85433.38,0.017390531093072648,0.02011528530276574,1.0
2025-03-20,85356.07,84174.79,-0.0009049156196324626,-0.01383943754673822,1.0
2025-03-21,83467.98,83956.36,-0.008396932145598446,0.005851106016942165,1.0
2025-03-22,84232.39,84171.59,0.0032877795083063877,-0.0007218125948937892,1.0
2025-03-23,84725.24,85011.19,0.006577635042892771,0.0033750273236168304,1.0
2025-03-24,87328.1,88222.0,0.02725417677366959,0.010236109568397822,1.0
2025-03-25,87084.02,88116.23,-0.012899050123551858,0.011853035723431216,1.0
2025-03-26,87813.17,86567.19,-0.0034393209968243132,-0.01418898782494693,1.0
2025-03-27,86761.05,87060.41,0.0022394165734154203,0.0034503962319496484,1.0
2025-03-28,85028.27,83790.73,-0.02334172329305595,-0.014554453477649387,1.0
2025-03-29,82462.7,82758.4,-0.015849366630413586,0.003585863669270939,1.0
2025-03-30,83072.76,82548.81,0.0037985267960713998,-0.006307121612427413,1.0
2025-03-31,82768.74,82462.27,0.002664241919417165,-0.0037027264157941664,1.0
2025-04-01,83615.26,84972.01,0.013982030812394353,0.016226105139181435,1.0
2025-04-02,85049.99,86900.02,0.0009177139625156094,0.021752265932071246,1.0
2025-04-03,81949.06,82008.7,-0.056973059384796576,0.0007277691775842143,1.0
2025-04-04,82879.99,84009.99,0.010624360586133141,0.01363417152921964,1.0
2025-04-05,83281.41,82860.0,-0.008672540015776664,-0.005060072830179063,1.0
2025-04-06,82697.99,79614.35,-0.0019552256818730074,-0.03728796794214706,1.0
2025-04-07,77335.89,78130.44,-0.02861871006922756,0.010274013785837477,1.0
2025-04-08,79837.99,76854.05,0.02185511818441066,-0.037374938923186884,1.0
2025-04-09,76760.86,82332.08,-0.0012125580890012255,0.07257891586936371,1.0
2025-04-10,81710.46,79649.34,-0.007550155419369875,-0.025224677477033053,1.0
2025-04-11,82115.52,83858.28,0.030962968431377025,0.021223271800507426,1.0
2025-04-12,83829.86,84943.4,-0.00033890511467682405,0.013283333647461593,1.0
2025-04-13,84458.75,83981.31,-0.005705563940223701,-0.0056529370846715166,1.0
2025-04-14,85128.76,84923.07,0.013663159100518962,-0.0024162222026961055,1.0
2025-04-15,85819.74,83998.52,0.010558614991191373,-0.021221457907003693,1.0
2025-04-16,83757.72,84334.01,-0.0028667171754931386,0.006880440394031684,1.0
2025-04-17,84775.99,84849.06,0.005240827514308988,0.0008619185691607356,1.0
2025-04-18,84645.6,84562.83,-0.002397905174199799,-0.00097784173069837,1.0
2025-04-23,93731.4,93497.88,0.10842316890293269,-0.002491374288658754,5.0
2025-04-24,92777.27,93556.12,-0.007707233575777295,0.008394836364553404,1.0
2025-04-29,94813.14,95300.79,0.013435999697293921,0.005143274444871171,5.0
2025-04-30,94555.88,94152.01,-0.007816409496710253,-0.004271230937727077,1.0
2025-05-01,96373.2,96523.26,0.02359153033482775,0.0015570718830546504,1.0
2025-05-02,97182.53,96924.23,0.0068301671534922725,-0.0026578851157713634,1.0
2025-05-03,96120.42,96354.34,-0.00829317911527383,0.0024336140021028463,1.0
2025-05-04,95462.24,95584.07,-0.009258534695998022,0.0012762114109201583,1.0
2025-05-05,94333.33,94347.17,-0.013085234809524282,0.00014671378610287,1.0
2025-05-06,93935.99,94963.5,-0.00435815933853656,0.01093840603585483,1.0
2025-05-07,96966.08,96180.01,0.021087891663639224,-0.008106649253017184,1.0
2025-05-08,99287.97,101299.99,0.032313991233729356,0.020264489242755257,1.0
2025-05-09,102899.99,103189.17,0.01579467085830899,0.002810301536472437,1.0
2025-05-10,103695.98,103191.35,0.0049114650306809615,-0.004866437445308791,1.0
2025-05-11,104601.9,104420.0,0.01366926588323536,-0.001738974148653094,1.0
2025-05-12,103881.15,101860.0,-0.005160409883164241,-0.019456369129529194,1.0
2025-05-13,103682.52,104792.22,0.01789240133516601,0.010702864860923533,1.0
2025-05-14,103999.99,103321.72,-0.007560007794471746,-0.006521827550175718,1.0
2025-05-15,102560.0,103157.26,-0.0073723124237575766,0.00582351794071756,1.0
2025-05-16,103506.07,104032.6,0.003381342234177298,0.005086948040825101,1.0
2025-05-17,102927.57,103158.6,-0.010621958885964622,0.002244588111814938,1.0
2025-05-18,103939.65,103883.97,0.007571351297904316,-0.0005356954732865793,1.0
2025-05-19,102479.95,105517.7,-0.0135152709315981,0.029642383705300368,1.0
2025-05-20,104780.0,107026.47,-0.006991244123023876,0.02143987402175984,1.0
2025-05-21,106573.11,108603.79,-0.0042359614401932255,0.01905433744027918,1.0
2025-05-22,111608.69,111188.0,0.027668463503897955,-0.0037693301480378194,1.0
2025-05-23,108412.77,108716.07,-0.024959797819908536,0.0027976409052181683,1.0
2025-05-24,108776.63,108960.0,0.0005570473619953553,0.0016857481243903738,1.0
2025-05-25,107530.57,107717.01,-0.013118850954478622,0.0017338325278104527,1.0
2025-05-26,109826.92,109130.44,0.019587528469273474,-0.006341614605963608,1.0
2025-05-27,109603.02,109877.87,0.00433041413559776,0.002507686375795126,1.0
2025-05-28,108891.94,106946.01,-0.008972962435474852,-0.017870284981606588,1.0
2025-05-29,108434.78,105731.74,0.013920762448267121,-0.02492779530700384,1.0
2025-05-30,105684.96,104640.5,-0.00044244046300567774,-0.00988276856044612,1.0
2025-05-31,104033.96,104698.02,-0.005796417257180497,0.0063831079774334665,1.0
2025-06-01,103956.26,105121.94,-0.007084756712686713,0.011213177542170216,1.0
2025-06-02,104200.32,104425.63,-0.008767151747770208,0.0021622774287064495,1.0
2025-06-03,105307.94,106238.81,0.008449170955444618,0.008839504409638987,1.0
2025-06-04,105039.19,104913.52,-0.011291730394946908,-0.0011964105968448324,1.0
2025-06-05,105649.59,101914.77,0.00701596896186496,-0.03535101272044683,1.0
2025-06-06,103753.27,104219.8,0.01803958346763679,0.0044965329767436835,1.0
2025-06-07,105465.21,105725.91,0.011949840625293806,0.0024719051903465683,1.0
2025-06-08,105721.5,106289.99,-4.171162962796071e-05,0.0053772411477326365,1.0
2025-06-09,107750.39,108564.72,0.013739769850387606,0.007557559652452417,1.0
2025-06-10,109697.76,109526.3,0.010436539605131356,-0.0015630218885052116,1.0
2025-06-11,109714.87,108742.37,0.001721686937292688,-0.008863885086861978,1.0
2025-06-12,106988.54,106788.8,-0.016128303990431747,-0.0018669289252848387,1.0
2025-06-13,104852.29,105110.0,-0.01813401779961954,0.002457838546015667,1.0
2025-06-14,105053.63,104645.67,-0.0005362953096755829,-0.0038833498661589028,1.0
2025-06-15,105289.81,105294.19,0.0061554386340112455,4.1599467222930286e-05,1.0
2025-06-16,106690.47,108652.0,0.013260750664400467,0.018385240968570082,1.0
2025-06-17,105507.0,104686.12,-0.028945624562824457,-0.007780336849687708,1.0
2025-06-18,104514.0,103808.41,-0.0016441530166558804,-0.006751152955584816,1.0
2025-06-19,104752.6,104250.44,0.009095505845817309,-0.004793771228590038,1.0
2025-06-20,105982.89,103307.22,0.01661815528068744,-0.025246244936328877,1.0
2025-06-21,103807.7,102245.1,0.004844579110733882,-0.015052833267666932,1.0
2025-06-22,102759.98,98882.84,0.005035742544141408,-0.03773005794668316,1.0
2025-06-23,101684.7,103161.29,0.02833514895000988,0.014521260327266416,1.0
2025-06-24,105205.47,105643.19,0.019815378423437835,0.004160620165472473,1.0
2025-06-25,107240.0,107761.68,0.01511512478939725,0.004864602760163983,1.0
2025-06-26,107122.48,107532.98,-0.005931607599287569,0.003832062140458392,1.0
2025-06-27,106692.9,106801.02,-0.007812300933164873,0.0010133757728958415,1.0
2025-06-28,107341.34,107225.74,0.00505912771245054,-0.0010769382979567421,1.0
2025-06-29,108189.88,107406.81,0.008991684272824818,-0.007237922807567632,1.0
2025-06-30,107570.58,107745.97,0.0015247636532544906,0.0016304643890550086,1.0
2025-07-01,106421.08,105398.53,-0.012296422780360139,-0.009608528686233964,1.0
2025-07-02,107379.92,109676.14,0.0187990287910087,0.021384072552857125,1.0
2025-07-03,109167.99,109803.41,-0.0046331863976977194,0.005820570663616742,1.0
2025-07-04,108731.79,107469.23,-0.009759441897114196,-0.01161169148415564,1.0
2025-07-05,108148.57,108141.78,0.0063212512083692385,-6.278400167480935e-05,1.0
2025-07-06,108232.99,108538.46,0.0008434298011370522,0.0028223372559512683,1.0
2025-07-07,108346.85,108056.68,-0.0017653650143921729,-0.002678158155959398,1.0
2025-07-08,108949.19,108771.88,0.00825964669653012,-0.001627455881039519,1.0
2025-07-09,109330.77,111750.0,0.005138184611684471,0.02212762244334332,1.0
2025-07-10,110869.0,113301.81,-0.007883668903803098,0.021943104023667503,1.0
2025-07-11,117878.11,118108.81,0.04039035210470154,0.0019571063703005542,1.0
2025-07-12,117559.97,117550.96,-0.004646901446217266,-7.664173442711864e-05,1.0
2025-07-13,118432.11,118961.08,0.007495897949280739,0.004466440731318633,1.0
2025-07-14,121918.0,119939.41,0.024856196665329566,-0.01622885874112101,1.0
2025-07-15,117204.18,116416.07,-0.02280509800740227,-0.006724248230737029,1.0
2025-07-22,119293.7,119282.1,0.02471849462020148,-9.72389992094369e-05,7.0
2025-07-23,117980.7,118393.64,-0.010910270694429514,0.0035000639935176547,1.0
2025-07-24,118531.42,118943.42,0.0011637449444075187,0.003475871629649019,1.0
2025-07-25,116105.96,116688.6,-0.023855544089786518,0.0050181747775910335,1.0
2025-07-26,117914.17,118232.11,0.010502911166986317,0.0026963680446547844,1.0
2025-07-27,118097.39,118960.0,-0.0011394535714536191,0.007304225775015105,1.0
2025-07-28,118845.24,118068.73,-0.0009646940147948202,-0.006533791340738726,1.0
2025-07-29,118906.85,117525.29,0.0070985772439493555,-0.011618842816877306,1.0
2025-07-30,117739.02,116916.73,0.0018185873015077458,-0.006984005812176841,1.0
2025-07-31,118626.18,116785.79,0.014621089727706149,-0.015514197624841297,1.0
2025-08-01,115732.48,113328.68,-0.009019162348432919,-0.02077031443549815,1.0
2025-08-02,113620.01,112229.42,0.002570664371984277,-0.01223895333225189,1.0
2025-08-03,114009.99,114313.19,0.01586544775870724,0.002659416073977461,1.0
2025-08-04,114444.36,114777.62,0.001147461635879532,0.0029119827311716584,1.0
2025-08-05,113937.35,113616.52,-0.007320852270677802,-0.0028158457257431158,1.0
2025-08-06,113914.31,115259.99,0.0026210096911962744,0.011813090032323448,1.0
2025-08-07,116390.0,117461.98,0.009804009179594786,0.00921024142967597,1.0
2025-08-11,119643.7,119089.3,0.018573839807570103,-0.004633758400985566,4.0
2025-08-12,119264.66,119665.27,0.0014725084453430792,0.0033590000591960933,1.0
2025-08-13,120273.72,122744.21,0.005084599733907735,0.020540563641001652,1.0
2025-08-14,118866.37,117945.92,-0.03159285476683593,-0.0077435695226496515,1.0
2025-08-15,118648.66,116936.27,0.005958154381262126,-0.01443244281056355,1.0
2025-08-16,117747.36,117672.12,0.00693617130082913,-0.0006389952182367375,1.0
2025-08-17,118162.6,117570.07,0.004168192091720702,-0.005014530824474117,1.0
2025-08-18,115519.99,116313.99,-0.0174370909194832,0.006873269293046214,1.0
2025-08-19,115599.99,113132.48,-0.006138556505541626,-0.02134524406100735,1.0
2025-08-20,113659.01,114276.66,0.004654101103414243,0.005434237021772592,1.0
2025-08-21,113095.29,112193.71,-0.010337806512721093,-0.007971861604492925,1.0
2025-08-22,112341.5,116655.79,0.0013172752732750759,0.038403350498257494,1.0
2025-08-23,115213.6,115133.91,-0.012362781135852652,-0.0006916718165216329,1.0
2025-08-25,111586.31,110716.13,-0.03081281613731357,-0.007798268443503398,2.0
2025-08-26,110216.81,111116.03,-0.004509911970369651,0.008158646580317397,1.0
2025-08-27,111344.42,112080.69,0.0020554190066006672,0.006612545110028956,1.0
2025-08-28,113239.44,111901.36,0.010338533783116333,-0.01181637775672506,1.0
2025-08-29,110728.0,108212.01,-0.010485663445019777,-0.022722256339859914,1.0
2025-08-30,108614.86,108828.33,0.0037227845596805587,0.0019653848469720625,1.0
2025-08-31,108309.2,108930.0,-0.00477017335467711,0.005731738393414343,1.0
2025-09-01,109108.27,109217.64,0.0016365555861563852,0.0010023988099159276,1.0
2025-09-02,108795.99,110806.0,-0.0038606400944022345,0.01847503754504176,1.0
2025-09-03,111112.0,112193.74,0.0027615833077632157,0.009735582115343089,1.0
2025-09-04,110933.94,109799.99,-0.011228790483319373,-0.010221849147339368,1.0
2025-09-05,113214.78,111614.54,0.031100093907112214,-0.014134550276916236,1.0
2025-09-06,110832.58,110038.41,-0.007005897260338956,-0.007165492312819932,1.0
2025-09-07,111115.92,111259.99,0.009792126222107234,0.0012965738842822816,1.0
2025-09-08,112034.51,112097.31,0.006961352414286415,0.0005605415688434423,1.0
2025-09-09,112671.76,111301.53,0.00512456543337203,-0.012161254958651502,1.0
2025-09-10,113413.51,113574.52,0.018975300698921282,0.0014196721360622,1.0
2025-09-11,113975.99,114419.99,0.003534859755515596,0.0038955573011474343,1.0
2025-09-12,115083.97,116632.51,0.005803006974568037,0.013455740186925969,1.0
2025-09-13,116002.91,115797.12,-0.0053981518532010275,-0.0017740072210258306,1.0
2025-09-14,115776.31,115634.99,-0.00017971085982104729,-0.0012206296780402637,1.0
2025-09-15,114721.04,115307.78,-0.007903749548471506,0.005114493383253871,1.0
2025-09-16,115439.36,116800.12,0.001141119879335184,0.01178766063845127,1.0
2025-09-17,116204.94,115652.02,-0.005095713942759539,-0.004758145393818913,1.0
2025-09-18,117124.69,117450.21,0.012733629728213902,0.0027792602908918163,1.0
2025-09-19,116162.45,115125.12,-0.010964305640662642,-0.008929994159041943,1.0
2025-09-20,115874.49,115702.0,0.006509178882940558,-0.001488593391004378,1.0
2025-09-21,115683.59,115480.05,-0.00015911565919346504,-0.0017594543876101598,1.0
2025-09-22,112738.65,112122.9,-0.023739165336350343,-0.005461747147052054,1.0
2025-09-23,112941.02,111655.29,0.007296636101991716,-0.011384083480032392,1.0
2025-09-24,113070.69,113420.01,0.012676515371551123,0.003089394784802302,1.0
2025-09-25,111111.0,109360.0,-0.020358047931753775,-0.015759015759015726,1.0
2025-09-26,109372.68,109172.2,0.00011594732991948575,-0.0018329988805247943,1.0
2025-09-27,109400.05,109424.2,0.002087069785165152,0.0002207494420705114,1.0
2025-09-28,109314.99,110337.6,-0.0009980424805481336,0.00935470972462249,1.0
2025-09-29,112022.16,114265.55,0.015267325009788113,0.020026305509552644,1.0
2025-09-30,113002.06,114359.99,-0.01105748845561938,0.012016860577586108,1.0
2025-10-01,116402.65,117439.53,0.017861666479684013,0.00890770098447069,1.0
2025-10-02,119402.42,120836.49,0.016714048497980194,0.012010393089185278,1.0
2025-10-03,120358.07,122660.99,-0.003959234499446351,0.019133906018931723,1.0
2025-10-04,122005.62,121959.25,-0.005342937473438059,-0.0003800644593257019,1.0
2025-10-05,123085.88,122591.79,0.009237757693655979,-0.004014189117387046,1.0
2025-10-06,124556.64,125410.81,0.016027582271210816,0.006857683380026902,1.0
2025-10-07,124917.99,121637.17,-0.003929645299316609,-0.026263791148096516,1.0
2025-10-08,122631.52,123450.0,0.008174721592092427,0.006674303637433487,1.0
2025-10-09,123563.38,120951.72,0.0009184285135683812,-0.02113619747209894,1.0
2025-10-10,121597.21,116661.5,0.005336757509525336,-0.04059065170985421,1.0
2025-10-11,112380.14,111178.31,-0.036698996669852546,-0.010694327307298246,1.0
2025-10-12,111789.6,114342.28,0.00549828469240099,0.022834682296027475,1.0
2025-10-13,114412.26,115792.84,0.0006120220796717035,0.012066713829444575,1.0
2025-10-14,110803.28,112613.7,-0.04309040178995527,0.016339047002940754,1.0
2025-10-16,111519.07,108197.66,-0.009720220541550417,-0.02978333660781074,2.0
2025-10-17,105350.4,106454.72,-0.026315356542831014,0.010482352226474756,1.0
2025-10-18,107065.17,107080.14,0.005734362929140202,0.00013982138168744385,1.0
2025-10-19,107631.43,108908.43,0.005148386993143683,0.011864564096193853,1.0
2025-10-20,110843.81,110803.22,0.017770708842281602,-0.00036619094922840656,1.0
2025-10-21,108793.4,111780.39,-0.018138642541254746,0.02745561771210392,1.0
2025-10-22,108044.96,107870.35,-0.033417578879443854,-0.0016160864884395831,1.0
2025-10-23,109164.94,110200.0,0.012001351622572765,0.009481615617614958,1.0
2025-10-24,111297.01,110615.07,0.009954718693284903,-0.006127208628515568,1.0
2025-10-25,111899.03,111623.45,0.011607459996183067,-0.0024627559327369264,1.0
2025-10-26,113575.05,113585.99,0.017483781409730614,9.63239725626508e-05,1.0
2025-10-27,115065.67,114942.64,0.013026958694465796,-0.0010692155184078844,1.0
2025-10-28,114449.55,113689.99,-0.004289878847397288,-0.006636635967550708,1.0
2025-10-29,113139.13,110640.0,-0.004845281453538686,-0.0220889978560026,1.0
2025-10-30,108387.86,106536.39,-0.020355567606652247,-0.017081894595944558,1.0
2025-10-31,109653.19,109828.78,0.02925573130458048,0.0016013214025054623,1.0
2025-11-01,110017.27,110299.99,0.001716216824041883,0.0025697783629787807,1.0
2025-11-02,110568.65,110086.7,0.0024357209823862025,-0.0043588304641505315,1.0
2025-11-03,107908.68,106657.55,-0.019784587965667066,-0.011594340696225669,1.0
2025-11-04,103924.25,100755.43,-0.025626877797211733,-0.030491632126284363,1.0
2025-11-05,102985.91,103831.22,0.022137566183777935,0.00820801602860044,1.0
2025-11-06,103319.71,100914.11,-0.004926360298954324,-0.023283069609854712,1.0
2025-11-07,100347.35,103783.09,-0.005616261194792194,0.03423847266519742,1.0
2025-11-08,101804.63,102068.06,-0.019063413895269332,0.002587603333954469,1.0
2025-11-09,102911.39,104633.12,0.008262428030864966,0.016730218103166106,1.0
2025-11-10,106548.02,106010.73,0.018301088603684956,-0.00504270281137098,1.0
2025-11-11,104390.92,102809.27,-0.015279679707893679,-0.015151221964515682,1.0
2025-11-12,105039.99,101539.01,0.021697654306853886,-0.033329972708489475,1.0
2025-11-13,102326.48,98162.11,0.007755344473025616,-0.04069689487999584,1.0
2025-11-14,95243.95,94377.47,-0.029727967338925465,-0.009097480732371932,1.0
2025-11-15,96370.16,95277.52,0.021114043425830342,-0.011337949423348426,1.0
2025-11-16,95420.44,94090.0,0.0015000390438373312,-0.01394292459770674,1.0
2025-11-17,93959.79,91920.59,-0.0013838877670316885,-0.02170290078340953,1.0
2025-11-18,91476.56,92783.36,-0.004830582571325959,0.014285626831616716,1.0
2025-11-19,91405.02,89516.91,-0.01485546546277261,-0.02065652411650909,1.0
2025-11-20,91529.36,86462.97,0.022481227289905314,-0.05535262127911744,1.0
2025-11-21,84115.28,84571.2,-0.027152548657535136,0.0054201804951490296,1.0
2025-11-22,83947.89,84474.41,-0.007370239514160826,0.0062719861094782114,1.0
2025-11-23,86928.31,87483.36,0.029049033902692978,0.006385146565025757,1.0
2025-11-24,86160.0,89089.06,-0.01512699100720416,0.03399558960074267,1.0
2025-11-25,87083.01,87382.7,-0.022517355105104997,0.003441429045688782,1.0
2025-11-26,87128.51,89866.82,-0.002908928197457916,0.031428403859999676,1.0
2025-11-27,90852.78,91433.17,0.010971346265506998,0.0063882470079617,1.0
2025-11-28,92377.01,91201.1,0.010322730798899338,-0.012729465913650873,1.0
2025-11-29,90783.17,90963.29,-0.004582510517965321,0.001984068192375288,1.0
2025-11-30,91769.99,91315.6,0.008868412741008136,-0.004951400779274362,1.0
2025-12-01,85986.85,85518.0,-0.05835530840294534,-0.005452577923252266,1.0
2025-12-02,87731.41,91026.67,0.025882387333660883,0.037560777833161474,1.0
2025-12-03,93130.88,92980.43,0.02311641192630698,-0.001615468467601855,1.0
2025-12-04,92516.38,92476.25,-0.004990835168217522,-0.00043376102696635055,1.0
2025-12-05,90465.14,89301.75,-0.021747313499412058,-0.012860091743626345,1.0
2025-12-06,89673.73,89548.88,0.004165427889150974,-0.0013922695085839543,1.0
2025-12-07,89053.74,91439.04,-0.005529270717847035,0.02678495030079575,1.0
2025-12-08,91467.82,90799.92,0.0003147452116734062,-0.007302021629027711,1.0
2025-12-09,90431.03,93116.76,-0.004062668777681688,0.029699208335899785,1.0
2025-12-10,92093.66,92453.89,-0.01098728091484269,0.003911561338750147,1.0
2025-12-11,90103.53,91792.99,-0.025421969805705324,0.018750208787602585,1.0
2025-12-12,92302.79,90214.08,0.005553801003758352,-0.022628893449482823,1.0
2025-12-13,90245.87,90088.31,0.00035238401810433473,-0.0017458970698603915,1.0
2025-12-14,89489.5,88558.97,-0.006646922336538408,-0.010398203141150586,1.0
2025-12-15,89432.0,85787.04,0.009858176986475842,-0.04075677609804107,1.0
2025-12-16,86443.02,87573.23,0.007646609557807382,0.013074624185966499,1.0
2025-12-17,87631.37,85891.18,0.0006639015141955973,-0.019858071373299313,1.0
2025-12-18,88851.7,84582.65,0.0344682655425157,-0.04804691412769824,1.0
2025-12-19,87997.14,88099.6,0.04036868081101752,0.001164356023388935,1.0
2025-12-20,88270.39,88271.6,0.0019386013103350752,1.370788097809772e-05,1.0
2025-12-21,87670.1,88230.96,-0.006814196185409571,0.006397392041300298,1.0
2025-12-22,89912.37,88351.03,0.019056916075717467,-0.017365130070534196,1.0
2025-12-23,87616.67,87691.5,-0.00831184424222331,0.0008540612191720864,1.0
2025-12-24,87286.9,87556.2,-0.004613902145589988,0.003085228138472118,1.0
2025-12-25,87638.25,87892.69,0.000937112391812267,0.0029032985026515856,1.0
2025-12-26,88992.88,87585.77,0.012517423235083536,-0.01581148963827217,1.0
2025-12-27,87452.78,87555.92,-0.0015183973378324334,0.001179379317615803,1.0
2025-12-28,87896.59,87514.76,0.003890884819667262,-0.004344082062796795,1.0
2025-12-29,87387.71,87212.01,-0.0014517551096522308,-0.0020105802063014044,1.0
2025-12-30,88110.02,87947.15,0.010296861636373444,-0.0018484844288993996,1.0
2025-12-31,88991.88,87662.01,0.011879066007255634,-0.014943722955397809,1.0
2026-01-01,87922.64,88258.12,0.002973123705468428,0.0038156270102898127,1.0
2026-01-02,89348.68,89740.0,0.012356483460105316,0.0043796953687509355,1.0
2026-01-03,90004.96,90372.39,0.0029525295297527787,0.004082330573781601,1.0
2026-01-04,91264.0,91313.94,0.009865955741571009,0.0005472037166900368,1.0
2026-01-05,92742.74,94177.99,0.01564711806324426,0.015475604882926763,1.0
2026-01-06,93716.53,92505.32,-0.004899870978346543,-0.012924187440572,1.0
2026-01-07,92044.67,91047.49,-0.004979713599174707,-0.010833652833998841,1.0
2026-01-09,90607.66,90303.36,-0.004830775675419563,-0.003358435699586604,2.0
2026-01-10,90656.51,90572.86,0.003910707198491847,-0.0009227136584013529,1.0
2026-01-11,90849.45,90708.26,0.003053784544288396,-0.0015541095735858157,1.0
2026-01-12,90636.01,91484.86,-0.0007965096012204631,0.009365482880369536,1.0
2026-01-13,92076.12,94408.7,0.006462927308409139,0.02533316999022106,1.0
2026-01-14,94998.19,97655.28,0.006244022002209526,0.027969901321277746,1.0
2026-01-15,96846.75,95260.67,-0.008279429437916708,-0.01637721451674945,1.0
2026-01-16,95448.87,95553.6,0.0019756317061385698,0.001097236667128909,1.0
2026-01-17,95438.32,95378.18,-0.0012064432946534698,-0.0006301452079208181,1.0
2026-01-18,95146.82,95304.01,-0.002425712044410888,0.0016520783353557444,1.0
2026-01-19,93031.86,93141.94,-0.023841074473151647,0.0011832505552398231,1.0
2026-01-21,88672.64,90214.01,-0.04798375468666427,0.017382701135322032,2.0
2026-01-22,89619.81,89409.72,-0.006586560114110851,-0.002344236168320357,1.0
2026-01-23,89350.81,89503.68,-0.0006588769095798863,0.0017108966331698117,1.0
2026-01-24,89368.22,89380.01,-0.0015134573237658433,0.00013192609184775606,1.0
2026-01-25,88921.0,86654.61,-0.005135488349128581,-0.025487680075572672,1.0
2026-01-26,87960.01,87629.22,0.015064403382578195,-0.0037606862482165715,1.0
2026-01-27,87982.15,89396.16,0.004027537846394091,0.01607155542345806,1.0
2026-01-28,90257.91,89130.63,0.009639675798155167,-0.012489542467801429,1.0
2026-01-29,88052.88,84216.91,-0.012091802784295336,-0.043564389943861026,1.0
2026-01-30,82740.92,83906.34,-0.0175260526656702,0.014085170916639633,1.0
2026-01-31,82767.99,77999.03,-0.013566912822082222,-0.05761841020906766,1.0
2026-02-01,78317.51,77103.04,0.004083127700434064,-0.015507004755386133,1.0
2026-02-02,78224.79,78008.59,0.014548712994973956,-0.0027638297271235235,1.0
2026-02-03,78307.65,76475.52,0.003833680367764547,-0.02339656470344842,1.0
2026-02-04,74867.0,73516.3,-0.021033135832224548,-0.018041326619204656,1.0
2026-02-05,69688.94,63775.67,-0.05206137958520762,-0.0848523452932417,1.0
2026-02-06,67316.82,70000.13,0.05552509287632734,0.039860914404453496,1.0
2026-02-07,69093.98,69631.18,-0.01294497595933053,0.007774917583268426,1.0
2026-02-08,71514.77,70835.17,0.027050956195198816,-0.009502932051658752,1.0
2026-02-09,68594.57,70738.71,-0.03163117982211372,0.03125815935576237,1.0
2026-02-10,69027.95,68753.7,-0.02418421257611303,-0.003973028316790472,1.0
2026-02-11,67454.49,67555.98,-0.018896583020259206,0.0015045699700642068,1.0
2026-02-12,68376.58,65428.56,0.012146963155593493,-0.04311446989597911,1.0
2026-02-13,67274.15,68777.12,0.028207712350692082,0.022340973464547664,1.0
2026-02-14,69460.0,70023.09,0.009928883326315585,0.008106680103656672,1.0
2026-02-15,68930.0,68450.0,-0.015610422219299314,-0.006963586246917175,1.0
2026-02-16,68395.1,68530.0,-0.000802045288531672,0.001972363517269482,1.0
2026-02-17,68136.34,67753.3,-0.00574434554209835,-0.005621669728664513,1.0
2026-02-18,67236.88,66268.39,-0.007622064165140219,-0.014404148437583753,1.0
2026-02-19,65913.37,67149.11,-0.005357305345731311,0.018747941426754622,1.0
2026-02-20,66801.62,67750.4,-0.005174901052300007,0.014202948970399198,1.0
2026-02-21,68259.99,68211.19,0.007521579208388696,-0.0007149136705119075,1.0
2026-02-22,67652.38,67401.74,-0.00819235084448755,-0.003704821618988108,1.0
2026-02-23,66132.66,64473.14,-0.018828594039263735,-0.02509380387844684,1.0
2026-02-24,62900.0,64472.9,-0.024399928404293614,0.02500635930047701,1.0
2026-02-25,66248.62,69148.69,0.02754211459388345,0.04377555336247019,1.0
2026-02-26,67905.35,67414.07,-0.01798067324196595,-0.0072347760522550875,1.0
2026-02-27,66270.55,65594.67,-0.016962631094666225,-0.010198798712248602,1.0
2026-02-28,65106.44,66959.62,-0.007443135242543253,0.028463850887868958,1.0
2026-03-01,66934.79,65300.0,-0.0003708205034617107,-0.02442362185643665,1.0
2026-03-02,65440.01,69106.58,0.0021441041347627365,0.05602948410307396,1.0
2026-03-03,66931.31,68266.0,-0.03147703156486692,0.019941190453317104,1.0
2026-03-04,71477.17,73019.68,0.0470390824129141,0.02158045708860601,1.0
2026-03-05,72467.79,71236.51,-0.007558099405530094,-0.01699072098100407,1.0
2026-03-06,69208.0,68111.03,-0.028475707190034893,-0.0158503352213617,1.0
2026-03-07,67931.06,67402.98,-0.0026423033097576765,-0.007773763577368031,1.0
2026-03-08,67324.72,67337.42,-0.0011610762610198,0.00018863799210744325,1.0
2026-03-09,68151.93,68991.93,0.012095949028044117,0.01232540296364304,1.0
2026-03-10,70519.86,70043.63,0.02214650322146383,-0.0067531330890332475,1.0
2026-03-11,69361.13,70641.82,-0.009743926749655851,0.018464087883228064,1.0
2026-03-12,70381.8,70432.32,-0.0036808224929653077,0.0007177992037714631,1.0
2026-03-13,72784.73,71189.95,0.03339958132857168,-0.0219109145558416,1.0
2026-03-14,70780.59,70700.0,-0.005750249859706291,-0.0011385889832226104,1.0
2026-03-15,71610.33,71549.94,0.01287595473833103,-0.0008433140861101585,1.0
2026-03-16,73864.8,73963.0,0.03235306696273965,0.0013294559790320015,1.0
2026-03-17,73739.74,74512.17,-0.0030185362951745676,0.01047508439818201,1.0
2026-03-18,72361.24,71072.38,-0.028866828063120353,-0.017811469234081723,1.0
2026-03-19,69290.27,70271.99,-0.02507457890111464,0.014168223041994166,1.0
2026-03-23,70752.15,70679.05,0.0068328789322742445,-0.0010331841505875072,4.0
2026-03-24,70956.48,69377.33,0.003925208389190082,-0.02225519078736704,1.0
2026-03-26,69436.42,68534.36,0.0008517191422614534,-0.012991165155116002,2.0
2026-03-27,66619.76,66040.66,-0.02793635192624555,-0.008692616124705177,1.0
2026-03-28,66455.09,66916.52,0.006275376412046674,0.006943486194962656,1.0
2026-03-29,66849.88,66348.62,-0.0009958676870823746,-0.007498293190653538,1.0
2026-03-30,67899.59,66550.05,0.023376070218189993,-0.01987552502157952,1.0
2026-03-31,66653.26,67838.8,0.0015508628468348107,0.017786676900724885,1.0
2026-04-01,68393.6,68176.84,0.008178210699481658,-0.0031693023908671014,1.0
2026-04-02,66052.71,66975.99,-0.031156181483330547,0.013977927627799147,1.0
2026-04-03,66722.16,66885.74,-0.0037898655921323465,0.0024516592388497127,1.0
2026-04-04,67097.87,67288.42,0.0031715280417019542,0.00283988150443526,1.0
2026-04-05,66783.58,67361.01,-0.007502628238261422,0.008646287006476738,1.0
2026-04-06,69366.75,69739.53,0.02977597871528359,0.005374044480965345,1.0
2026-04-07,68392.18,69011.29,-0.01931974591741592,0.009052350721968416,1.0
2026-04-08,72071.95,71318.48,0.044350134593919455,-0.010454413957163622,1.0
2026-04-09,71279.63,72096.32,-0.0005447395962447921,0.011457551056311521,1.0
2026-04-10,72258.68,73236.11,0.0022519873413786584,0.013526817816212677,1.0
2026-04-11,72940.49,73687.15,-0.004036533344002002,0.010236564081211874,1.0
2026-04-12,71084.01,71084.18,-0.035326919279684454,2.3915364368853886e-06,1.0
2026-04-13,71074.91,73322.82,-0.00013040876324366124,0.031627335159481795,1.0
2026-04-16,74624.0,75342.99,0.017745907754229684,0.00963483597770165,3.0
2026-04-17,76233.05,77393.58,0.011813441436290262,0.015223449671763145,1.0
2026-04-18,76206.97,75649.85,-0.015332150289468438,-0.007310617388409435,1.0
2026-04-19,75571.6,74965.47,-0.0010343708546679542,-0.008020605624335153,1.0
2026-04-20,75289.9,76296.96,0.004327725818299877,0.013375764876829566,1.0
2026-04-21,76009.46,75023.43,-0.00376817110406491,-0.012972464216954194,1.0
2026-04-22,78236.05,78846.62,0.04282155587927683,0.007804202793980419,1.0
2026-04-23,77870.53,77727.26,-0.012379604858140936,-0.0018398487848998446,1.0
2026-04-24,78275.66,77628.85,0.007055439751767922,-0.008263232785261643,1.0
2026-04-25,77557.14,77330.01,-0.0009237545062178443,-0.0029285504854872357,1.0
2026-04-26,77833.08,78221.16,0.0065054950852845295,0.004986054772597948,1.0
2026-04-27,77667.36,76878.07,-0.007079925687627275,-0.01016244146833356,1.0
2026-04-28,76372.05,76330.97,-0.0065821111273995925,-0.0005378931166571954,1.0
2026-04-29,77143.68,75563.86,0.010647185539499837,-0.02047892970623122,1.0
2026-04-30,76308.48,76412.8,0.0098541816153912,0.0013670826623726207,1.0
2026-05-01,77896.01,78360.0,0.019410491435989607,0.005956531021293676,1.0
2026-05-02,78211.24,78486.0,-0.0018984175599795483,0.0035130500424234157,1.0
2026-05-03,78747.09,78760.32,0.003326580536656243,0.00016800620822943202,1.0
2026-05-04,78857.18,80053.31,0.001229807090676882,0.015168308072898373,1.0
2026-05-05,81279.41,81606.35,0.015316043771332,0.004022420930466897,1.0
2026-05-06,82220.47,81464.87,0.007525394776264349,-0.00918992557449505,1.0
2026-05-07,81162.01,80146.11,-0.0037176760976848078,-0.012516939883573497,1.0
2026-05-08,80025.82,80179.94,-0.001500883823307153,0.001925878422738947,1.0
2026-05-09,80397.97,80938.53,0.0027192587073525676,0.0067235528459237415,1.0
2026-05-10,80927.72,81437.83,-0.00013355814591642368,0.006303279024788999,1.0
2026-05-11,81054.65,81961.99,-0.0047051843105349045,0.011194175781402027,1.0
2026-05-12,80881.26,80834.64,-0.013185746222120875,-0.000576400516015596,1.0
2026-05-13,80202.78,79642.41,-0.007816698385741616,-0.00698691491741299,1.0
2026-05-14,79767.11,81419.74,0.0015657487009748117,0.020718188235727686,1.0
2026-05-15,80385.11,79146.5,-0.012707360647430277,-0.015408450644653016,1.0
2026-05-16,78007.23,78259.66,-0.014394445743020956,0.003235982100633583,1.0
2026-05-17,78364.83,78415.3,0.0013438596589865348,0.0006440389138853142,1.0
2026-05-18,77639.98,76928.0,-0.009887356166462524,-0.00917027541738158,1.0
2026-05-19,76940.21,76818.74,0.00015871984193016608,-0.0015787583631498014,1.0
2026-05-20,77617.26,77667.49,0.010394859379364796,0.0006471498736235759,1.0
2026-05-27,75688.0,75066.08,-0.025486725526986942,-0.008216890392136134,7.0
2026-05-30,73698.18,74016.65,-0.018222611331243255,0.004321273605399689,3.0
2026-05-31,73920.0,73563.42,-0.00130578727894326,-0.004823863636363668,1.0
2026-06-01,72221.73,71595.24,-0.018238548452478187,-0.008674536043376313,1.0
2026-06-08,63872.0,63372.01,-0.10787365193551979,-0.007827999749498993,7.0
2026-06-10,61564.01,61942.44,-0.028529945633726905,0.006146935522880925,2.0
2026-06-11,63010.01,63605.68,0.017234871600150026,0.00945357729668661,1.0
2026-06-12,63465.51,63589.27,-0.0022037340061453747,0.001950035538987871,1.0
2026-06-13,64133.12,64296.59,0.00855254353446755,0.0025489170026344876,1.0
2026-06-14,64327.53,63802.0,0.00048120747927682395,-0.008169597060543099,1.0
2026-06-15,66563.49,66614.35,0.04328218551142604,0.0007640825323311784,1.0
2026-06-16,66429.83,65675.88,-0.00276997373689003,-0.011349569914600122,1.0
2026-06-17,65040.88,64301.85,-0.009668694199453598,-0.011362546140212149,1.0
2026-06-18,64378.07,62950.79,0.0011853469223670476,-0.02217028252011899,1.0
2026-06-19,62830.01,63021.6,-0.0019186415293596104,0.0030493390021741895,1.0
2026-06-20,63655.09,63936.0,0.010051950442387936,0.004413001379779846,1.0
2026-06-21,64200.0,64207.12,0.0041291291291292165,0.00011090342679120901,1.0
2026-06-22,65149.57,64472.0,0.014678278670652078,-0.010400222135004134,1.0
2026-06-23,62256.6,62388.49,-0.03436220374736321,0.002118490248423477,1.0
2026-06-24,62618.31,59958.3,0.003683692296447605,-0.04247974753710204,1.0
2026-06-25,61244.01,59320.0,0.02144340316519977,-0.031415480469028756,1.0
2026-06-26,59185.02,59751.97,-0.0022754551584626137,0.009579282054817284,1.0
2026-06-27,60430.0,60175.95,0.011347408294655414,-0.004204037729604537,1.0
2026-06-28,60293.51,59481.79,0.0019536043884642584,-0.013462808849576069,1.0
2026-06-29,59948.78,60433.49,0.007850974222531004,0.008085402238377393,1.0
2026-06-30,58412.0,58818.05,-0.03344983054925332,0.00695148257207423,1.0
2026-07-01,58538.01,60028.67,-0.004761123498653874,0.025464821916563185,1.0
2026-07-02,61542.53,61479.6,0.025218949545275704,-0.001022544897000488,1.0
2026-07-03,61983.99,62210.0,0.008204184802763859,0.0036462641401433515,1.0
2026-07-04,62664.01,63294.72,0.007298022825912298,0.01006494796614521,1.0
2026-07-05,62745.01,62768.88,-0.008684926641590263,0.00038042865878895604,1.0
2026-07-06,61754.01,63738.52,-0.016168362411436932,0.0321357268944964,1.0
2026-07-07,63481.39,63817.99,-0.004034138225989525,0.0053023413633506156,1.0
2026-07-08,61957.73,62277.98,-0.029149460833849394,0.005168846566844909,1.0
2026-07-09,62614.02,63248.1,0.005395807635379279,0.010126805466251776,1.0
2026-07-10,64286.64,63917.88,0.01642009799503863,-0.005736184065616157,1.0
2026-07-11,64195.49,64286.0,0.004343229155910677,0.001409912129341162,1.0
2026-07-13,62625.15,62288.23,-0.025835329620757186,-0.005379947193739243,2.0
2026-07-14,63960.0,64569.59,0.026839260001447984,0.009530800500312742,1.0
2026-07-15,65164.0,64977.34,0.00920572672058162,-0.002864465042047848,1.0
2026-07-16,63966.01,64271.84,-0.01556434904845283,0.004781132979843505,1.0
2026-07-17,63099.75,64160.8,-0.018236446941615414,0.016815439046905967,1.0
