day,p_open,p_close,gap_cal_days,overnight,intraday,closed_hours,dow
2015-06-26,2097.0,2093.5,1.0,0.0023900573613766,-0.0016690510252741,17.5,4
2015-06-29,2075.5,2050.0,3.0,-0.0085980415572008,-0.0122861960973259,65.5,0
2015-06-30,2064.75,2053.5,1.0,0.0071951219512194,-0.0054486015256084,17.5,1
2015-07-01,2070.75,2070.25,1.0,0.008400292184076,-0.000241458408789,17.5,2
2015-07-02,2076.0,2068.25,1.0,0.0027774423378819,-0.0037331406551059,17.5,3
2015-07-06,2053.5,2060.5,4.0,-0.0071316330230871,0.0034088142196251,89.5,0
2015-07-07,2061.0,2075.5,1.0,0.0002426595486533,0.007035419699175,17.5,1
2015-07-08,2057.5,2038.75,1.0,-0.008672609009877,-0.0091130012150668,17.5,2
2015-07-09,2064.25,2043.5,1.0,0.0125076640098098,-0.0100520770255541,17.5,3
2015-07-10,2068.5,2070.5,1.0,0.0122339124051871,0.0009668842156151,17.5,4
2015-07-13,2084.25,2093.5,3.0,0.0066409079932383,0.004438047259206,65.5,0
2015-07-14,2092.25,2103.0,1.0,-0.00059708621925,0.0051380093201098,17.5,1
2015-07-15,2100.75,2100.5,1.0,-0.0010699001426534,-0.00011900511722,17.5,2
2015-07-16,2113.0,2117.75,1.0,0.005950964056177,0.0022479886417416,17.5,3
2015-07-17,2117.5,2119.5,1.0,-0.0001180498170227,0.000944510035419,17.5,4
2015-07-20,2120.5,2120.25,3.0,0.0004718093890068,-0.000117896722471,65.5,0
2015-07-21,2118.75,2113.25,1.0,-0.0007074637424832,-0.0025958702064896,17.5,1
2015-07-22,2106.25,2106.25,1.0,-0.0033124334555778,0.0,17.5,2
2015-07-23,2108.5,2096.25,1.0,0.0010682492581601,-0.0058098174057387,17.5,3
2015-07-24,2096.5,2075.75,1.0,0.0001192605843769,-0.0098974481278321,17.5,4
2015-07-27,2063.75,2061.75,3.0,-0.0057810429965072,-0.0009691096305269,65.5,0
2015-07-28,2071.25,2087.5,1.0,0.0046077361464775,0.0078455039227518,17.5,1
2015-07-29,2087.5,2100.25,1.0,0.0,0.0061077844311376,17.5,2
2015-07-30,2096.5,2103.0,1.0,-0.001785501725985,0.0031004054376342,17.5,3
2015-07-31,2105.5,2099.75,1.0,0.0011887779362815,-0.0027309427689384,17.5,4
2015-08-03,2098.5,2090.5,3.0,-0.0005953089653529,-0.003812246842983,65.5,0
2015-08-04,2091.25,2086.25,1.0,0.0003587658454915,-0.0023909145248057,17.5,1
2015-08-05,2098.75,2095.25,1.0,0.005991611743559,-0.0016676593210244,17.5,2
2015-08-06,2097.0,2077.0,1.0,0.0008352225271446,-0.0095374344301383,17.5,3
2015-08-07,2074.0,2073.25,1.0,-0.0014443909484833,-0.0003616200578592,17.5,4
2015-08-10,2088.25,2099.75,3.0,0.0072350174846256,0.0055070034718065,65.5,0
2015-08-11,2083.5,2079.75,1.0,-0.0077390165495891,-0.0017998560115191,17.5,1
2015-08-12,2064.0,2082.75,1.0,-0.0075730256040389,0.0090843023255813,17.5,2
2015-08-13,2080.0,2080.75,1.0,-0.001320369703517,0.000360576923077,17.5,3
2015-08-14,2078.75,2087.75,1.0,-0.0009611918779286,0.0043295249549006,17.5,4
2015-08-17,2079.75,2099.5,3.0,-0.0038318764219853,0.0094963336939535,65.5,0
2015-08-18,2095.25,2093.25,1.0,-0.0020242914979756,-0.0009545400310225,17.5,1
2015-08-19,2082.5,2075.25,1.0,-0.0051355547593454,-0.0034813925570228,17.5,2
2015-08-20,2058.25,2029.5,1.0,-0.0081917841223948,-0.0139681768492651,17.5,3
2015-08-21,2011.25,1974.0,1.0,-0.0089923626508992,-0.0185208203853325,17.5,4
2015-08-24,1850.5,1887.75,3.0,-0.062563323201621,0.0201296946771143,65.5,0
2015-08-25,1944.5,1868.0,1.0,0.0300622434114685,-0.0393417330933402,17.5,1
2015-08-26,1910.25,1940.5,1.0,0.022617773019272,0.0158356236094752,17.5,2
2015-08-27,1963.5,1986.25,1.0,0.0118526153053337,0.0115864527629232,17.5,3
2015-08-28,1978.5,1985.0,1.0,-0.0039018250471994,0.0032853171594642,17.5,4
2015-08-31,1974.75,1965.5,3.0,-0.0051637279596977,-0.0046841372325611,65.5,0
2015-09-01,1923.75,1911.0,1.0,-0.0212414143983719,-0.0066276803118908,17.5,1
2015-09-02,1936.25,1946.5,1.0,0.0132129774986917,0.0052937378954163,17.5,2
2015-09-03,1954.5,1946.75,1.0,0.0041099409195992,-0.0039652084932207,17.5,3
2015-09-04,1922.25,1920.25,1.0,-0.0125850776935918,-0.0010404473923787,17.5,4
2015-09-08,1951.5,1966.75,4.0,0.0162739226663195,0.0078145016653856,89.5,1
2015-09-09,1984.25,1940.5,1.0,0.0088979280538961,-0.0220486329847549,17.5,2
2015-09-10,1937.25,1949.75,1.0,-0.0016748260757536,0.0064524454768357,17.5,3
2015-09-11,1943.0,1960.25,1.0,-0.0034619823054238,0.0088780236747298,17.5,4
2015-09-14,1959.5,1953.0,3.0,-0.0003826042596607,-0.00331717274815,65.5,0
2015-09-15,1959.25,1979.75,1.0,0.0032002048131081,0.0104631874441749,17.5,1
2015-09-16,1979.75,1994.75,1.0,0.0,0.007576714231595,17.5,2
2015-09-17,1993.0,1989.25,1.0,-0.0008773029201654,-0.0018815855494229,17.5,3
2015-09-21,1957.75,1960.25,4.0,-0.0158351137363328,0.0012769761205464,89.5,0
2015-09-22,1930.75,1934.5,1.0,-0.0150491008799897,0.0019422504208208,17.5,1
2015-09-23,1933.25,1928.25,1.0,-0.0006461617989144,-0.002586318375792,17.5,2
2015-09-24,1913.75,1922.25,1.0,-0.0075197718138207,0.0044415414761593,17.5,3
2015-09-25,1939.5,1920.5,1.0,0.0089738587592664,-0.0097963392626965,17.5,4
2015-09-28,1908.5,1872.25,3.0,-0.0062483728195782,-0.0189939743253864,65.5,0
2015-09-29,1877.5,1874.25,1.0,0.0028041126986246,-0.0017310252996005,17.5,1
2015-09-30,1895.25,1906.75,1.0,0.011204481792717,0.0060678010816515,17.5,2
2015-10-01,1915.5,1913.75,1.0,0.0045889602727153,-0.0009135995823544,17.5,3
2015-10-02,1889.75,1939.5,1.0,-0.0125408229915088,0.0263262336287868,17.5,4
2015-10-05,1957.0,1978.0,3.0,0.0090229440577469,0.0107307102708227,65.5,0
2015-10-06,1974.5,1968.75,1.0,-0.0017694641051567,-0.0029121296530767,17.5,1
2015-10-07,1982.25,1988.25,1.0,0.0068571428571428,0.0030268634127885,17.5,2
2015-10-08,1982.25,2004.75,1.0,-0.003017729158808,0.0113507377979569,17.5,3
2015-10-09,2007.5,2006.75,1.0,0.0013717421124828,-0.000373599003736,17.5,4
2015-10-12,2007.0,2008.5,3.0,0.0001245795440387,0.0007473841554559,65.5,0
2015-10-13,1999.25,1996.75,1.0,-0.004605426935524,-0.0012504689258472,17.5,1
2015-10-14,1996.0,1986.5,1.0,-0.000375610366846,-0.0047595190380761,17.5,2
2015-10-15,1994.5,2015.5,1.0,0.0040271834885476,0.0105289546252194,17.5,3
2015-10-16,2022.25,2024.75,1.0,0.0033490449020094,0.0012362467548523,17.5,4
2015-10-19,2017.75,2027.0,3.0,-0.003457216940363,0.0045843142113739,65.5,0
2015-10-20,2023.25,2023.75,1.0,-0.0018500246669955,0.0002471271469171,17.5,1
2015-10-21,2029.25,2012.0,1.0,0.0027177269919702,-0.0085006775902427,17.5,2
2015-10-22,2026.75,2045.5,1.0,0.007331013916501,0.0092512643394597,17.5,3
2015-10-23,2064.75,2068.75,1.0,0.0094109019799559,0.0019372805424384,17.5,4
2015-10-26,2066.5,2063.5,3.0,-0.0010876132930514,-0.001451729978224,65.5,0
2015-10-27,2055.75,2059.25,1.0,-0.0037557547855585,0.0017025416514653,17.5,1
2015-10-28,2065.25,2083.25,1.0,0.002913682165837,0.0087156518581286,17.5,2
2015-10-29,2077.75,2081.0,1.0,-0.0026401056042241,0.0015641920346529,17.5,3
2015-10-30,2085.0,2072.75,1.0,0.0019221528111483,-0.0058752997601918,17.5,4
2015-11-02,2076.25,2097.0,3.0,0.0016885779761186,0.0099939795304033,65.5,0
2015-11-03,2092.5,2101.75,1.0,-0.0021459227467811,0.0044205495818399,17.5,1
2015-11-04,2107.25,2097.25,1.0,0.0026168668966337,-0.0047455214141653,17.5,2
2015-11-05,2098.0,2093.5,1.0,0.0003576111574681,-0.0021448999046711,17.5,3
2015-11-06,2091.5,2092.75,1.0,-0.0009553379508,0.0005976571838393,17.5,4
2015-11-09,2085.25,2074.5,3.0,-0.0035838012184924,-0.0051552571634096,65.5,0
2015-11-10,2069.5,2077.25,1.0,-0.0024102193299589,0.0037448659096399,17.5,1
2015-11-11,2081.5,2069.0,1.0,0.0020459742447946,-0.0060052846504924,17.5,2
2015-11-12,2058.25,2042.25,1.0,-0.0051957467375544,-0.0077735940726345,17.5,3
2015-11-13,2036.25,2017.0,1.0,-0.0029379360998897,-0.0094536525475752,17.5,4
2015-11-16,2015.75,2050.5,3.0,-0.0006197322756569,0.0172392409773036,65.5,0
2015-11-17,2051.0,2048.25,1.0,0.0002438429651303,-0.0013408093612872,17.5,1
2015-11-18,2053.25,2081.0,1.0,0.0024411082631514,0.0135151588944355,17.5,2
2015-11-19,2080.0,2078.5,1.0,-0.0004805382027871,-0.0007211538461538,17.5,3
2015-11-20,2086.75,2087.25,1.0,0.003969208563868,0.000239607044447,17.5,4
2015-11-23,2086.5,2083.5,3.0,-0.0003593244699964,-0.0014378145219267,65.5,0
2015-11-24,2072.75,2086.5,1.0,-0.0051595872330213,0.0066336991918947,17.5,1
2015-11-25,2086.75,2086.75,1.0,0.0001198178768271,0.0,17.5,2
2015-11-30,2091.5,2080.5,5.0,0.0022762669222475,-0.0052593832177862,113.5,0
2015-12-01,2087.25,2099.5,1.0,0.0032444124008652,0.0058689663432747,17.5,1
2015-12-02,2098.75,2080.25,1.0,-0.0003572279114074,-0.0088147706968433,17.5,2
2015-12-03,2083.25,2051.25,1.0,0.001442134358851,-0.015360614424577,17.5,3
2015-12-04,2054.5,2087.75,1.0,0.0015843997562461,0.0161839863713799,17.5,4
2015-12-07,2083.75,2078.5,3.0,-0.0019159382109926,-0.0025194961007798,65.5,0
2015-12-08,2056.5,2062.75,1.0,-0.0105845561703151,0.0030391441769996,17.5,1
2015-12-09,2055.5,2045.25,1.0,-0.0035147254878196,-0.004986621260034,17.5,2
2015-12-10,2048.0,2051.75,1.0,0.0013445789023347,0.0018310546875,17.5,3
2015-12-11,2025.75,2011.5,1.0,-0.0126721091750944,-0.0070344316919659,17.5,4
2015-12-14,2013.5,2023.0,3.0,0.0009942828734774,0.0047181524708219,65.5,0
2015-12-15,2040.25,2041.25,1.0,0.0085269401878398,0.0004901360127436,17.5,1
2015-12-16,2059.5,2073.75,1.0,0.0089406001224738,0.0069191551347413,17.5,2
2015-12-17,2075.75,2039.5,1.0,0.0009644364074743,-0.0174635673852824,17.5,3
2015-12-21,2011.25,2011.0,4.0,-0.0138514341750428,-0.0001243008079552,89.5,0
2015-12-22,2021.75,2030.0,1.0,0.0053455992043758,0.0040806232224557,17.5,1
2015-12-23,2042.25,2057.5,1.0,0.0060344827586207,0.0074672542538867,17.5,2
2015-12-28,2044.75,2048.5,5.0,-0.0061968408262454,0.0018339650323999,113.5,0
2015-12-29,2061.75,2071.75,1.0,0.006468147424945,0.0048502485752395,17.5,1
2015-12-30,2068.0,2055.0,1.0,-0.0018100639555931,-0.0062862669245647,17.5,2
2015-12-31,2044.75,2032.25,1.0,-0.0049878345498783,-0.0061132167746668,17.5,3
2016-01-04,1999.0,2005.25,4.0,-0.0163611760364128,0.0031265632816408,89.5,0
2016-01-05,2007.25,2011.0,1.0,0.0009973818725843,0.0018682276746793,17.5,1
2016-01-06,1980.0,1984.75,1.0,-0.0154152163102934,0.0023989898989897,17.5,2
2016-01-07,1947.0,1934.75,1.0,-0.0190200277112986,-0.006291730868002,17.5,3
2016-01-08,1947.0,1911.25,1.0,0.0063315673859671,-0.0183615819209039,17.5,4
2016-01-11,1926.75,1914.5,3.0,0.0081098757357749,-0.0063578564940962,65.5,0
2016-01-12,1931.0,1931.25,1.0,0.008618438234526,0.0001294665976179,17.5,1
2016-01-13,1938.25,1882.0,1.0,0.0036245954692557,-0.0290210241196956,17.5,2
2016-01-14,1891.25,1915.75,1.0,0.004914984059511,0.0129543952412425,17.5,3
2016-01-15,1862.0,1876.0,1.0,-0.0280568967767192,0.0075187969924812,17.5,4
2016-01-19,1894.25,1873.25,4.0,0.0097281449893389,-0.0110861818661739,89.5,1
2016-01-20,1846.0,1852.5,1.0,-0.014546910449753,0.0035211267605634,17.5,2
2016-01-21,1852.25,1860.25,1.0,-0.0001349527665317,0.004319071399649,17.5,3
2016-01-22,1890.5,1898.75,1.0,0.0162612552076333,0.0043639248875959,17.5,4
2016-01-25,1893.0,1869.5,3.0,-0.0030283080974324,-0.0124141574220814,65.5,0
2016-01-26,1879.0,1894.75,1.0,0.005081572612998,0.008382118147951,17.5,1
2016-01-27,1889.75,1874.5,1.0,-0.0026388705633988,-0.0080698505093266,17.5,2
2016-01-28,1893.25,1885.5,1.0,0.0100026673779674,-0.004093490030371,17.5,3
2016-01-29,1894.5,1929.5,1.0,0.0047732696897375,0.0184745315386645,17.5,4
2016-02-01,1918.25,1932.5,3.0,-0.0058305260430163,0.007428645901212,65.5,0
2016-02-02,1911.75,1898.5,1.0,-0.0107373868046571,-0.0069308225447888,17.5,1
2016-02-03,1908.0,1906.5,1.0,0.0050039504872267,-0.0007861635220125,17.5,2
2016-02-04,1902.0,1908.5,1.0,-0.0023603461841069,0.0034174553101997,17.5,3
2016-02-05,1903.0,1874.0,1.0,-0.0028818443804035,-0.0152390961639516,17.5,4
2016-02-08,1849.25,1849.0,3.0,-0.0132070437566702,-0.0001351899418683,65.5,0
2016-02-09,1827.5,1849.25,1.0,-0.0116279069767442,0.0119015047879615,17.5,1
2016-02-10,1859.0,1845.25,1.0,0.0052724077328647,-0.0073964497041419,17.5,2
2016-02-11,1818.5,1823.75,1.0,-0.0144966806665763,0.0028869947759142,17.5,3
2016-02-12,1842.25,1859.5,1.0,0.0101439342015079,0.0093635500067852,17.5,4
2016-02-16,1883.0,1892.0,4.0,0.0126378058617908,0.0047796070100902,89.5,1
2016-02-17,1906.75,1922.5,1.0,0.0077959830866807,0.0082601284908876,17.5,2
2016-02-18,1925.25,1915.25,1.0,0.0014304291287385,-0.0051941306323853,17.5,3
2016-02-19,1907.75,1914.0,1.0,-0.0039159378671191,0.0032761106014937,17.5,4
2016-02-22,1934.0,1940.25,3.0,0.0104493207941482,0.0032316442605997,65.5,0
2016-02-23,1933.75,1918.5,1.0,-0.0033500837520937,-0.0078862314156431,17.5,1
2016-02-24,1899.25,1928.0,1.0,-0.0100338806359134,0.0151375542977492,17.5,2
2016-02-25,1932.5,1950.0,1.0,0.0023340248962655,0.0090556274256143,17.5,3
2016-02-26,1960.25,1944.75,1.0,0.0052564102564103,-0.0079071546996556,17.5,4
2016-02-29,1943.75,1929.75,3.0,-0.0005142049106569,-0.0072025723472668,65.5,0
2016-03-01,1945.75,1976.25,1.0,0.0082912294338644,0.0156751895156108,17.5,1
2016-03-02,1971.0,1984.0,1.0,-0.0026565464895635,0.0065956367326229,17.5,2
2016-03-03,1980.5,1991.25,1.0,-0.0017641129032257,0.005427922241858,17.5,3
2016-03-04,1994.75,1997.25,1.0,0.0017576898932831,0.0012532898859505,17.5,4
2016-03-07,1987.25,2000.25,3.0,-0.0050068844661409,0.006541703358913,65.5,0
2016-03-08,1986.0,1980.5,1.0,-0.0071241094863142,-0.0027693856998992,17.5,1
2016-03-09,1988.25,1989.0,1.0,0.0039131532441303,0.0003772161448509,17.5,2
2016-03-10,1991.25,1989.25,1.0,0.001131221719457,-0.0010043942247331,17.5,3
2016-03-11,2008.25,2020.0,1.0,0.0095513384441372,0.0058508651811277,17.5,4
2016-03-14,2016.0,2020.5,3.0,-0.0019801980198019,0.0022321428571427,65.5,0
2016-03-15,2007.5,2015.0,1.0,-0.0064340509774808,0.0037359900373599,17.5,1
2016-03-16,2012.0,2027.0,1.0,-0.0014888337468982,0.007455268389662,17.5,2
2016-03-17,2026.25,2042.25,1.0,-0.0003700049333991,0.0078963602714374,17.5,3
2016-03-21,2036.25,2041.5,4.0,-0.0029379360998897,0.0025782688766113,89.5,0
2016-03-22,2032.5,2040.75,1.0,-0.0044085231447464,0.0040590405904059,17.5,1
2016-03-23,2034.5,2028.75,1.0,-0.0030625995344848,-0.0028262472351928,17.5,2
2016-03-24,2014.5,2027.5,1.0,-0.0070240295748613,0.0064532141970712,17.5,3
2016-03-28,2031.5,2028.0,4.0,0.0019728729963008,-0.0017228648781688,89.5,0
2016-03-29,2022.5,2047.0,1.0,-0.0027120315581854,0.0121137206427688,17.5,1
2016-03-30,2057.75,2056.25,1.0,0.0052515876893013,-0.0007289515247236,17.5,2
2016-03-31,2054.25,2050.75,1.0,-0.0009726443768997,-0.0017037848363149,17.5,3
2016-04-01,2038.75,2064.25,1.0,-0.0058515177374131,0.0125076640098098,17.5,4
2016-04-04,2063.5,2057.5,3.0,-0.0003633280852609,-0.0029076811243033,65.5,0
2016-04-05,2043.25,2038.25,1.0,-0.0069258809234508,-0.002447081854888,17.5,1
2016-04-06,2039.75,2058.5,1.0,0.0007359254262235,0.009192302978306,17.5,2
2016-04-07,2046.5,2036.25,1.0,-0.0058294874908914,-0.0050085511849499,17.5,3
2016-04-08,2049.0,2040.25,1.0,0.0062615101289134,-0.0042703757930697,17.5,4
2016-04-11,2050.5,2035.0,3.0,0.0050238941306213,-0.0075591319190441,65.5,0
2016-04-12,2039.25,2054.25,1.0,0.002088452088452,0.0073556454578889,17.5,1
2016-04-13,2066.25,2075.5,1.0,0.0058415480102227,0.0044767090139141,17.5,2
2016-04-14,2076.25,2076.0,1.0,0.0003613587087449,-0.0001204093919325,17.5,3
2016-04-15,2075.75,2074.5,1.0,-0.0001204238921002,-0.0006021919788028,17.5,4
2016-04-18,2065.75,2087.25,3.0,-0.0042178838274282,0.0104078421880673,65.5,0
2016-04-19,2092.75,2094.5,1.0,0.0026350461133068,0.0008362202843148,17.5,1
2016-04-20,2096.0,2097.25,1.0,0.0007161613750299,0.0005963740458014,17.5,2
2016-04-21,2097.0,2087.75,1.0,-0.000119203719156,-0.0044110634239389,17.5,3
2016-04-22,2082.25,2085.0,1.0,-0.0026344150401149,0.0013206867571136,17.5,4
2016-04-25,2079.0,2082.0,3.0,-0.0028776978417266,0.0014430014430013,65.5,0
2016-04-26,2086.0,2087.5,1.0,0.0019212295869357,0.0007190795781399,17.5,1
2016-04-27,2082.5,2088.25,1.0,-0.0023952095808382,0.0027611044417767,17.5,2
2016-04-28,2078.5,2069.75,1.0,-0.0046689812043577,-0.004209766658648,17.5,3
2016-04-29,2064.75,2061.25,1.0,-0.0024157506945283,-0.0016951204746337,17.5,4
2016-05-02,2063.75,2074.5,3.0,0.0012128562765312,0.0052089642640824,65.5,0
2016-05-03,2060.25,2057.0,1.0,-0.0068691250903831,-0.0015774784613518,17.5,1
2016-05-04,2045.25,2046.0,1.0,-0.0057122022362664,0.0003667033370002,17.5,2
2016-05-05,2051.0,2043.0,1.0,0.0024437927663734,-0.0039005363237445,17.5,3
2016-05-06,2036.0,2053.25,1.0,-0.0034263338228095,0.0084724950884087,17.5,4
2016-05-09,2049.75,2054.75,3.0,-0.0017046146353342,0.0024393218685205,65.5,0
2016-05-10,2062.25,2078.5,1.0,0.0036500790850468,0.0078797429991515,17.5,1
2016-05-11,2074.75,2059.75,1.0,-0.0018041857108491,-0.0072297867212917,17.5,2
2016-05-12,2068.0,2059.75,1.0,0.0040053404539386,-0.0039893617021277,17.5,3
2016-05-13,2056.75,2043.0,1.0,-0.0014564874377958,-0.0066853044852315,17.5,4
2016-05-16,2044.25,2063.25,3.0,0.0006118453255017,0.0092943622355388,65.5,0
2016-05-17,2059.25,2043.0,1.0,-0.0019386889615897,-0.0078912225324754,17.5,1
2016-05-18,2039.75,2042.25,1.0,-0.0015907978463044,0.0012256403971075,17.5,2
2016-05-19,2033.25,2036.5,1.0,-0.0044069041498346,0.0015984261650068,17.5,3
2016-05-20,2043.75,2049.75,1.0,0.0035600294623128,0.0029357798165137,17.5,4
2016-05-23,2048.25,2046.0,3.0,-0.0007317965605562,-0.0010984987184181,65.5,0
2016-05-24,2056.75,2073.5,1.0,0.0052541544477029,0.0081439163729184,17.5,1
2016-05-25,2081.75,2087.75,1.0,0.0039787798408488,0.0028821904647531,17.5,2
2016-05-26,2090.25,2088.25,1.0,0.0011974613818703,-0.0009568233464896,17.5,3
2016-05-27,2089.25,2097.0,1.0,0.0004788698671136,0.0037094651190618,17.5,4
2016-05-31,2100.0,2092.75,4.0,0.0014306151645206,-0.0034523809523809,89.5,1
2016-06-01,2085.75,2097.25,1.0,-0.0033448811372596,0.0055136042191057,17.5,2
2016-06-02,2091.5,2103.25,1.0,-0.0027416855405888,0.0056179775280897,17.5,3
2016-06-03,2096.75,2097.25,1.0,-0.0030904552478306,0.0002384642899726,17.5,4
2016-06-06,2101.25,2108.0,3.0,0.0019072595064966,0.0032123735871505,65.5,0
2016-06-07,2109.75,2111.5,1.0,0.0008301707779885,0.0008294821661334,17.5,1
2016-06-08,2114.0,2118.0,1.0,0.0011839924224485,0.0018921475875117,17.5,2
2016-06-09,2109.75,2115.5,1.0,-0.0038951841359773,0.0027254414030097,17.5,3
2016-06-10,2099.5,2096.5,1.0,-0.007563223824155,-0.0014289116456298,17.5,4
2016-06-13,2089.25,2079.75,3.0,-0.0034581445265919,-0.004547086274979,65.5,0
2016-06-14,2075.25,2075.25,1.0,-0.0021637216011539,0.0,17.5,1
2016-06-15,2079.5,2071.25,1.0,0.0020479460305986,-0.0039672998316903,17.5,2
2016-06-16,2062.5,2077.75,1.0,-0.004224502112251,0.0073939393939392,17.5,3
2016-06-20,2086.0,2074.5,4.0,0.0039706413187341,-0.0055129434324064,89.5,0
2016-06-21,2078.75,2081.0,1.0,0.0020486864304651,0.0010823812387252,17.5,1
2016-06-22,2083.0,2077.0,1.0,0.0009610764055743,-0.0028804608737398,17.5,2
2016-06-23,2095.25,2104.75,1.0,0.008786711603274,0.0045340651473571,17.5,3
2016-06-24,2031.25,2028.5,1.0,-0.0349210119966741,-0.0013538461538461,17.5,4
2016-06-27,2006.5,1988.25,3.0,-0.0108454523046586,-0.0090954398205831,65.5,0
2016-06-28,2010.5,2026.75,1.0,0.0111907456305797,0.0080825665257397,17.5,1
2016-06-29,2045.75,2062.75,1.0,0.0093746145306525,0.0083099107906636,17.5,2
2016-06-30,2067.25,2087.5,1.0,0.0021815537510605,0.0097956222034103,17.5,3
2016-07-01,2090.75,2095.25,1.0,0.001556886227545,0.0021523376778667,17.5,4
2016-07-05,2085.25,2080.0,4.0,-0.0047727001551127,-0.0025176837309675,89.5,1
2016-07-06,2072.5,2091.25,1.0,-0.0036057692307692,0.0090470446320869,17.5,2
2016-07-07,2095.25,2090.25,1.0,0.0019127316198446,-0.0023863500775563,17.5,3
2016-07-08,2106.0,2121.25,1.0,0.007534983853606,0.0072412155745489,17.5,4
2016-07-11,2129.0,2130.0,3.0,0.0036535061873894,0.0004697040864256,65.5,0
2016-07-12,2142.0,2145.5,1.0,0.0056338028169014,0.0016339869281045,17.5,1
2016-07-13,2150.0,2145.75,1.0,0.0020974131903985,-0.0019767441860465,17.5,2
2016-07-14,2160.5,2157.25,1.0,0.0068740533612956,-0.0015042814163388,17.5,3
2016-07-15,2163.75,2155.25,1.0,0.0030130953760574,-0.0039283651068746,17.5,4
2016-07-18,2156.0,2160.25,3.0,0.000347987472451,0.0019712430426717,65.5,0
2016-07-19,2155.5,2158.25,1.0,-0.002198819581067,0.0012758060774762,17.5,1
2016-07-20,2163.75,2167.0,1.0,0.0025483609405767,0.0015020219526284,17.5,2
2016-07-21,2166.0,2158.5,1.0,-0.0004614674665436,-0.0034626038781163,17.5,3
2016-07-22,2160.0,2168.0,1.0,0.0006949270326614,0.0037037037037037,17.5,4
2016-07-25,2165.25,2162.0,3.0,-0.0012684501845018,-0.0015009814109224,65.5,0
2016-07-26,2162.25,2163.25,1.0,0.0001156336725254,0.0004624812117006,17.5,1
2016-07-27,2169.0,2161.25,1.0,0.0026580376747948,-0.0035730751498386,17.5,2
2016-07-28,2159.75,2164.5,1.0,-0.0006940427993059,0.0021993286259984,17.5,3
2016-07-29,2162.75,2168.5,1.0,-0.0008085008085008,0.0026586521789389,17.5,4
2016-08-01,2168.75,2164.75,3.0,0.0001152870647913,-0.0018443804034582,65.5,0
2016-08-02,2161.75,2152.75,1.0,-0.0013858413211687,-0.0041632936278478,17.5,1
2016-08-03,2150.5,2155.75,1.0,-0.0010451747764487,0.0024412927226227,17.5,2
2016-08-04,2160.0,2159.75,1.0,0.0019714716455989,-0.0001157407407407,17.5,3
2016-08-05,2168.0,2178.0,1.0,0.0038198865609444,0.0046125461254613,17.5,4
2016-08-08,2179.25,2175.5,3.0,0.0005739210284665,-0.0017207754961569,65.5,0
2016-08-09,2176.75,2177.75,1.0,0.000574580556194,0.0004594004823705,17.5,1
2016-08-10,2179.25,2172.25,1.0,0.0006887842957179,-0.0032121142594929,17.5,2
2016-08-11,2179.25,2182.0,1.0,0.0032224651858672,0.0012619020305151,17.5,3
2016-08-12,2177.0,2180.75,1.0,-0.0022914757103574,0.0017225539733578,17.5,4
2016-08-15,2186.0,2186.5,3.0,0.0024074286369368,0.0002287282708142,65.5,0
2016-08-16,2181.5,2176.5,1.0,-0.0022867596615595,-0.0022920009168003,17.5,1
2016-08-17,2175.75,2179.75,1.0,-0.0003445899379738,0.0018384465126968,17.5,2
2016-08-18,2180.0,2183.75,1.0,0.0001146920518408,0.0017201834862385,17.5,3
2016-08-19,2177.75,2180.75,1.0,-0.0027475672581568,0.0013775685914361,17.5,4
2016-08-22,2176.0,2180.75,3.0,-0.0021781497191333,0.0021829044117647,65.5,0
2016-08-23,2189.25,2185.5,1.0,0.0038977416026595,-0.0017129153819801,17.5,1
2016-08-24,2182.5,2175.5,1.0,-0.001372683596431,-0.0032073310423825,17.5,2
2016-08-25,2169.25,2172.75,1.0,-0.0028729027809698,0.0016134608735738,17.5,3
2016-08-26,2176.75,2168.25,1.0,0.0018409849269358,-0.0039049041001493,17.5,4
2016-08-29,2171.5,2178.75,3.0,0.0014989046466045,0.0033387059636196,65.5,0
2016-08-30,2180.75,2175.0,1.0,0.0009179575444635,-0.0026367075547403,17.5,1
2016-08-31,2172.25,2169.25,1.0,-0.0012643678160919,-0.0013810565082288,17.5,2
2016-09-01,2169.75,2167.75,1.0,0.0002304944105104,-0.0009217651803202,17.5,3
2016-09-02,2180.0,2178.5,1.0,0.0056510206435242,-0.0006880733944953,17.5,4
2016-09-06,2182.0,2185.25,4.0,0.0016066100527887,0.0014894592117322,89.5,1
2016-09-07,2182.0,2184.5,1.0,-0.001487244022423,0.0011457378551786,17.5,2
2016-09-08,2179.75,2180.5,1.0,-0.0021744106202792,0.0003440761555224,17.5,3
2016-09-09,2163.25,2127.25,1.0,-0.0079110295803714,-0.0166416271813244,17.5,4
2016-09-12,2119.0,2158.25,3.0,-0.0038782465624632,0.01852288815479,65.5,0
2016-09-13,2140.5,2127.75,1.0,-0.0082242557627707,-0.0059565522074281,17.5,1
2016-09-14,2128.25,2125.25,1.0,0.0002349900129243,-0.0014096088335486,17.5,2
2016-09-15,2124.25,2146.25,1.0,-0.0004705328784848,0.0103565964458043,17.5,3
2016-09-19,2139.75,2132.5,4.0,-0.0030285381479324,-0.0033882462904545,89.5,0
2016-09-20,2141.5,2132.75,1.0,0.0042203985932005,-0.0040859210833528,17.5,1
2016-09-21,2141.25,2155.75,1.0,0.0039854647755246,0.0067717454757734,17.5,2
2016-09-22,2167.5,2168.5,1.0,0.0054505392554795,0.0004613610149941,17.5,3
2016-09-23,2164.25,2159.0,1.0,-0.0019598801014526,-0.0024257826036733,17.5,4
2016-09-26,2148.5,2140.0,3.0,-0.0048633626679017,-0.0039562485454968,65.5,0
2016-09-27,2134.5,2153.25,1.0,-0.0025700934579439,0.0087842586085733,17.5,1
2016-09-28,2155.5,2163.5,1.0,0.0010449320794148,0.0037114358617489,17.5,2
2016-09-29,2161.5,2146.0,1.0,-0.0009244280101686,-0.0071709461022437,17.5,3
2016-09-30,2156.75,2160.5,1.0,0.005009319664492,0.0017387272516518,17.5,4
2016-10-03,2154.25,2154.5,3.0,-0.0028928488775746,0.0001160496692584,65.5,0
2016-10-04,2156.5,2142.25,1.0,0.0009282896263633,-0.0066079295154185,17.5,1
2016-10-05,2151.75,2152.5,1.0,0.0044345898004434,0.0003485535029628,17.5,2
2016-10-06,2151.0,2155.5,1.0,-0.0006968641114982,0.0020920502092049,17.5,3
2016-10-07,2158.25,2146.75,1.0,0.0012758060774762,-0.0053283910575697,17.5,4
2016-10-10,2159.75,2157.5,3.0,0.006055665540934,-0.0010417872438939,65.5,0
2016-10-11,2151.75,2132.5,1.0,-0.0026651216685978,-0.0089462065760427,17.5,1
2016-10-12,2132.0,2133.0,1.0,-0.0002344665885111,0.00046904315197,17.5,2
2016-10-13,2118.25,2126.5,1.0,-0.0069151429910923,0.0038947244187419,17.5,3
2016-10-14,2137.75,2127.25,1.0,0.0052903832588759,-0.0049117062331891,17.5,4
2016-10-17,2127.75,2121.5,3.0,0.0002350452462098,-0.0029373751615556,65.5,0
2016-10-18,2138.0,2133.0,1.0,0.0077775159085553,-0.0023386342376052,17.5,1
2016-10-19,2136.5,2138.5,1.0,0.0016408813877168,0.0009361104610343,17.5,2
2016-10-20,2133.75,2135.75,1.0,-0.0022211830722469,0.000937316930287,17.5,3
2016-10-21,2126.25,2135.25,1.0,-0.0044480861524054,0.0042328042328041,17.5,4
2016-10-24,2146.25,2144.5,3.0,0.0051516215899778,-0.0008153756552126,65.5,0
2016-10-25,2142.25,2136.75,1.0,-0.0010491956166939,-0.0025673940949936,17.5,1
2016-10-26,2127.5,2133.25,1.0,-0.0043290043290042,0.0027027027027026,17.5,2
2016-10-27,2141.5,2126.75,1.0,0.0038673385679128,-0.0068876955405089,17.5,3
2016-10-28,2127.0,2124.0,1.0,0.000117550252733,-0.001410437235543,17.5,4
2016-10-31,2124.75,2122.25,3.0,0.0003531073446327,-0.001176609012825,65.5,0
2016-11-01,2124.75,2107.5,1.0,0.0011779950524208,-0.0081186021884928,17.5,1
2016-11-02,2100.5,2090.75,1.0,-0.0033214709371293,-0.0046417519638181,17.5,2
2016-11-03,2094.75,2083.25,1.0,0.0019131890469927,-0.0054899152643513,17.5,3
2016-11-04,2083.0,2082.0,1.0,-0.000120004800192,-0.00048007681229,17.5,4
2016-11-07,2110.75,2127.75,3.0,0.0138088376560998,0.0080540092384222,65.5,0
2016-11-08,2122.75,2137.5,1.0,-0.0023499001292445,0.0069485337416088,17.5,1
2016-11-09,2126.0,2159.25,1.0,-0.0053801169590643,0.0156396989651927,17.5,2
2016-11-10,2169.25,2163.75,1.0,0.0046312376982748,-0.0025354385156159,17.5,3
2016-11-11,2157.5,2161.5,1.0,-0.0028885037550548,0.0018539976825029,17.5,4
2016-11-14,2166.0,2159.75,3.0,0.0020818875780708,-0.0028855032317636,65.5,0
2016-11-15,2166.0,2177.5,1.0,0.0028938534552609,0.0053093259464449,17.5,1
2016-11-16,2170.75,2173.75,1.0,-0.0030998851894373,0.0013820108257514,17.5,2
2016-11-17,2174.25,2183.75,1.0,0.0002300172512939,0.004369322754973,17.5,3
2016-11-18,2185.75,2179.25,1.0,0.0009158557527189,-0.0029738076175226,17.5,4
2016-11-21,2186.75,2195.5,3.0,0.0034415509923138,0.0040013718989366,65.5,0
2016-11-22,2200.5,2201.25,1.0,0.0022773855613755,0.000340831629175,17.5,1
2016-11-23,2195.25,2201.5,1.0,-0.0027257240204429,0.002847056143947,17.5,2
2016-11-28,2206.0,2200.25,5.0,0.0020440608675902,-0.0026065276518585,113.5,0
2016-11-29,2200.5,2203.75,1.0,0.0001136234518803,0.0014769370597591,17.5,1
2016-11-30,2211.25,2199.75,1.0,0.0034032898468518,-0.0052006783493498,17.5,2
2016-12-01,2201.25,2190.25,1.0,0.0006818956699625,-0.0049971607041453,17.5,3
2016-12-02,2189.75,2192.0,1.0,-0.0002282844424152,0.0010275145564562,17.5,4
2016-12-05,2201.5,2203.75,3.0,0.0043339416058394,0.0010220304337951,65.5,0
2016-12-06,2206.0,2211.5,1.0,0.0010209869540556,0.0024932003626472,17.5,1
2016-12-07,2208.0,2239.25,1.0,-0.0015826362197602,0.014153079710145,17.5,2
2016-12-08,2238.25,2246.75,1.0,-0.0004465780953444,0.003797609739752,17.5,3
2016-12-09,2248.75,2259.5,1.0,0.0008901746967842,0.0047804335742078,17.5,4
2016-12-12,2259.75,2256.75,3.0,0.000110643947776,-0.0013275804845668,65.5,0
2016-12-13,2265.5,2272.25,1.0,0.0038772571175362,0.0029794747296403,17.5,1
2016-12-14,2270.0,2254.75,1.0,-0.0009902079436682,-0.0067180616740087,17.5,2
2016-12-15,2256.0,2263.25,1.0,0.0005543851868277,0.0032136524822694,17.5,3
2016-12-19,2255.75,2258.5,4.0,-0.0033138186236606,0.0012191067272526,89.5,0
2016-12-20,2265.25,2266.0,1.0,0.0029887093203453,0.0003310892837435,17.5,1
2016-12-21,2265.5,2260.75,1.0,-0.0002206531332744,-0.0020966674023394,17.5,2
2016-12-22,2258.5,2257.25,1.0,-0.0009952449408382,-0.0005534646889528,17.5,3
2016-12-23,2257.0,2259.25,1.0,-0.0001107542363495,0.000996898537882,17.5,4
2016-12-27,2262.5,2263.25,4.0,0.0014385304857806,0.000331491712707,89.5,1
2016-12-28,2266.25,2244.75,1.0,0.0013255274494643,-0.0094870380584666,17.5,2
2016-12-29,2246.75,2244.5,1.0,0.0008909678137878,-0.0010014465338822,17.5,3
2016-12-30,2247.5,2235.0,1.0,0.0013366005791934,-0.0055617352614015,17.5,4
2017-01-03,2250.5,2252.0,4.0,0.0069351230425056,0.0006665185514329,89.5,1
2017-01-04,2260.5,2265.25,1.0,0.0037744227353464,0.002101305021013,17.5,2
2017-01-05,2261.0,2262.75,1.0,-0.0018761726078799,0.0007739938080495,17.5,3
2017-01-06,2264.0,2272.75,1.0,0.0005524251463926,0.0038648409893993,17.5,4
2017-01-09,2267.25,2264.5,3.0,-0.002419975800242,-0.0012129231447789,65.5,0
2017-01-10,2264.0,2264.75,1.0,-0.0002207992934422,0.0003312720848056,17.5,1
2017-01-11,2263.25,2270.25,1.0,-0.0006623247599072,0.0030928973820831,17.5,2
2017-01-12,2263.0,2264.25,1.0,-0.0031934808941747,0.0005523641184268,17.5,3
2017-01-13,2268.5,2269.75,1.0,0.0018770012145301,0.0005510249063258,17.5,4
2017-01-17,2263.25,2262.25,4.0,-0.0028637515144839,-0.0004418424831547,89.5,1
2017-01-18,2264.0,2266.75,1.0,0.0007735661399048,0.001214664310954,17.5,2
2017-01-19,2268.5,2260.5,1.0,0.0007720304400573,-0.0035265594004848,17.5,3
2017-01-20,2268.0,2266.75,1.0,0.0033178500331785,-0.0005511463844797,17.5,4
2017-01-23,2263.5,2261.75,3.0,-0.0014337708172493,-0.0007731389441131,65.5,0
2017-01-24,2263.0,2275.0,1.0,0.000552669393169,0.0053026955368979,17.5,1
2017-01-25,2285.25,2294.5,1.0,0.0045054945054945,0.0040476971884915,17.5,2
2017-01-26,2294.25,2293.0,1.0,-0.0001089561996077,-0.000544840361774,17.5,3
2017-01-27,2294.25,2289.5,1.0,0.0005451373746183,-0.0020703933747412,17.5,4
2017-01-30,2280.5,2275.25,3.0,-0.0039309892989736,-0.002302126726595,65.5,0
2017-01-31,2269.5,2276.25,1.0,-0.0025271948137567,0.002974223397224,17.5,1
2017-02-01,2283.0,2275.0,1.0,0.0029654036243822,-0.0035041611914148,17.5,2
2017-02-02,2270.5,2276.75,1.0,-0.0019780219780219,0.0027526976436909,17.5,3
2017-02-03,2286.5,2291.25,1.0,0.004282420116394,0.0020774108900065,17.5,4
2017-02-06,2287.0,2288.0,3.0,-0.0018548827059465,0.0004372540445998,65.5,0
2017-02-07,2292.5,2288.25,1.0,0.0019667832167831,-0.0018538713195201,17.5,1
2017-02-08,2283.5,2290.75,1.0,-0.0020758221348191,0.003174950733523,17.5,2
2017-02-09,2293.5,2303.25,1.0,0.0012004801920768,0.0042511445389143,17.5,3
2017-02-10,2307.25,2312.5,1.0,0.0017366764354715,0.0022754361252572,17.5,4
2017-02-13,2318.5,2325.75,3.0,0.0025945945945946,0.0031270217813241,65.5,0
2017-02-14,2323.5,2335.25,1.0,-0.000967429861335,0.0050570260383042,17.5,1
2017-02-15,2332.75,2348.0,1.0,-0.0010705491917353,0.0065373486228699,17.5,2
2017-02-16,2347.0,2346.0,1.0,-0.0004258943781941,-0.0004260758414997,17.5,3
2017-02-17,2339.75,2348.5,1.0,-0.0026641091219096,0.0037397157816005,17.5,4
2017-02-21,2353.5,2361.75,4.0,0.0021290185224611,0.0035054174633524,89.5,1
2017-02-22,2357.5,2360.25,1.0,-0.0017995130729332,0.0011664899257688,17.5,2
2017-02-23,2365.75,2361.75,1.0,0.0023302616248279,-0.0016907957307408,17.5,3
2017-02-24,2353.0,2364.75,1.0,-0.0037048798560389,0.0049936251593709,17.5,4
2017-02-27,2364.0,2367.75,3.0,-0.0003171582619727,0.0015862944162436,65.5,0
2017-02-28,2365.25,2362.5,1.0,-0.0010558547143912,-0.0011626677941021,17.5,1
2017-03-01,2382.0,2394.25,1.0,0.0082539682539681,0.0051427371956338,17.5,2
2017-03-02,2390.25,2378.75,1.0,-0.001670669311893,-0.0048112122162953,17.5,3
2017-03-03,2379.25,2381.0,1.0,0.0002101944298475,0.0007355259010193,17.5,4
2017-03-06,2371.75,2375.0,3.0,-0.003884922301554,0.0013702961947927,65.5,0
2017-03-07,2371.0,2367.0,1.0,-0.0016842105263158,-0.0016870518768452,17.5,1
2017-03-08,2369.0,2363.0,1.0,0.0008449514152937,-0.0025327142254115,17.5,2
2017-03-09,2362.25,2365.0,1.0,-0.0003173931443081,0.0011641443538998,17.5,3
2017-03-10,2375.5,2370.75,1.0,0.0044397463002114,-0.0019995790359924,17.5,4
2017-03-13,2372.75,2374.0,3.0,0.0008436148898027,0.0005268148772521,65.5,0
2017-03-14,2367.0,2365.5,1.0,-0.0029486099410277,-0.0006337135614702,17.5,1
2017-03-15,2371.5,2384.0,1.0,0.0025364616360177,0.0052709255745309,17.5,2
2017-03-16,2387.25,2381.5,1.0,0.0013632550335569,-0.0024086291758299,17.5,3
2017-03-20,2372.25,2370.25,4.0,-0.0038841066554692,-0.0008430814627463,89.5,0
2017-03-21,2376.75,2339.75,1.0,0.0027423267587807,-0.0155674765961922,17.5,1
2017-03-22,2339.25,2344.75,1.0,-0.0002136980446628,0.0023511809340601,17.5,2
2017-03-23,2342.0,2341.0,1.0,-0.0011728329246187,-0.0004269854824936,17.5,3
2017-03-24,2347.0,2343.25,1.0,0.0025630072618538,-0.0015977844056241,17.5,4
2017-03-27,2319.0,2339.25,3.0,-0.0103488744265443,0.0087322121604138,65.5,0
2017-03-28,2335.25,2353.75,1.0,-0.0017099497702255,0.0079220640188417,17.5,1
2017-03-29,2350.5,2357.25,1.0,-0.0013807753584704,0.0028717294192726,17.5,2
2017-03-30,2356.0,2364.75,1.0,-0.0005302789267154,0.003713921901528,17.5,3
2017-03-31,2360.0,2359.75,1.0,-0.0020086689924939,-0.0001059322033898,17.5,4
2017-04-03,2360.0,2357.0,3.0,0.0001059434262105,-0.0012711864406779,65.5,0
2017-04-04,2350.0,2357.0,1.0,-0.0029698769622401,0.0029787234042553,17.5,1
2017-04-05,2364.25,2347.75,1.0,0.0030759439966059,-0.0069789573860632,17.5,2
2017-04-06,2349.75,2352.5,1.0,0.0008518794590566,0.0011703372699223,17.5,3
2017-04-07,2352.25,2353.25,1.0,-0.000106269925611,0.0004251248804336,17.5,4
2017-04-10,2354.0,2353.0,3.0,0.0003187081695528,-0.0004248088360238,65.5,0
2017-04-11,2347.75,2349.75,1.0,-0.0022311942201445,0.0008518794590566,17.5,1
2017-04-12,2345.0,2343.25,1.0,-0.0020214916480476,-0.0007462686567164,17.5,2
2017-04-13,2334.75,2325.75,1.0,-0.0036274405206444,-0.0038548024413749,17.5,3
2017-04-17,2331.5,2344.75,4.0,0.0024723207567451,0.0056830366716706,89.5,0
2017-04-18,2336.5,2338.25,1.0,-0.0035184987738564,0.0007489835223624,17.5,1
2017-04-19,2346.0,2333.5,1.0,0.0033144445632418,-0.0053282182438192,17.5,2
2017-04-20,2340.5,2353.25,1.0,0.0029997857295906,0.0054475539414655,17.5,3
2017-04-21,2352.0,2346.0,1.0,-0.0005311802825879,-0.0025510204081632,17.5,4
2017-04-24,2371.25,2370.25,3.0,0.010763000852515,-0.0004217185028992,65.5,0
2017-04-25,2378.0,2384.0,1.0,0.0032696972893153,0.0025231286795626,17.5,1
2017-04-26,2384.75,2383.25,1.0,0.0003145973154361,-0.0006289967501834,17.5,2
2017-04-27,2385.0,2384.75,1.0,0.0007342914087904,-0.000104821802935,17.5,3
2017-04-28,2386.75,2381.75,1.0,0.0008386623335778,-0.002094898921127,17.5,4
2017-05-01,2385.25,2385.0,3.0,0.0014695077149156,-0.0001048108164762,65.5,0
2017-05-02,2387.75,2386.5,1.0,0.0011530398322852,-0.0005235053921055,17.5,1
2017-05-03,2380.75,2384.25,1.0,-0.0024093861303163,0.0014701249606217,17.5,2
2017-05-04,2386.5,2384.75,1.0,0.0009436929852155,-0.0007332914309658,17.5,3
2017-05-05,2390.5,2395.5,1.0,0.0024111542090365,0.0020916126333403,17.5,4
2017-05-08,2395.5,2394.75,3.0,0.0,-0.0003130870381966,65.5,0
2017-05-09,2397.25,2393.0,1.0,0.0010439503079653,-0.0017728647408489,17.5,1
2017-05-10,2390.5,2396.0,1.0,-0.0010447137484329,0.0023007738966742,17.5,2
2017-05-11,2391.0,2392.5,1.0,-0.0020868113522537,0.0006273525721456,17.5,3
2017-05-12,2389.25,2388.5,1.0,-0.0013584117032392,-0.0003139060374593,17.5,4
2017-05-15,2392.75,2399.75,3.0,0.001779359430605,0.0029255041270503,65.5,0
2017-05-16,2402.75,2398.75,1.0,0.0012501302218981,-0.0016647591301633,17.5,1
2017-05-17,2381.0,2359.0,1.0,-0.0073996873371547,-0.0092398152036958,17.5,2
2017-05-18,2352.75,2365.25,1.0,-0.0026494277236116,0.0053129316756985,17.5,3
2017-05-19,2370.0,2380.5,1.0,0.0020082443716309,0.0044303797468354,17.5,4
2017-05-22,2385.5,2393.0,3.0,0.0021003990758243,0.0031439949696081,65.5,0
2017-05-23,2397.25,2397.75,1.0,0.0017760133723359,0.0002085723224527,17.5,1
2017-05-24,2399.5,2401.75,1.0,0.0007298509018871,0.0009376953531985,17.5,2
2017-05-25,2407.0,2413.75,1.0,0.0021859061101279,0.0028043207312007,17.5,3
2017-05-26,2413.25,2413.75,1.0,-0.0002071465561884,0.0002071894747746,17.5,4
2017-05-30,2409.5,2411.75,4.0,-0.0017607457276023,0.0009338036937123,89.5,1
2017-05-31,2414.25,2411.25,1.0,0.0010365916865346,-0.001242621932277,17.5,2
2017-06-01,2415.25,2428.25,1.0,0.0016588906168999,0.005382465583273,17.5,3
2017-06-02,2430.25,2437.5,1.0,0.0008236384227324,0.0029832321777594,17.5,4
2017-06-05,2436.0,2435.5,3.0,-0.0006153846153845,-0.0002052545155993,65.5,0
2017-06-06,2428.5,2429.25,1.0,-0.0028741531513036,0.0003088326127238,17.5,1
2017-06-07,2431.75,2432.25,1.0,0.0010291242152928,0.0002056132414927,17.5,2
2017-06-08,2434.0,2432.75,1.0,0.000719498406825,-0.0005135579293343,17.5,3
2017-06-09,2438.25,2429.5,1.0,0.0022608159490289,-0.0035886393930072,17.5,4
2017-06-12,2426.75,2429.0,3.0,-0.0011319201481786,0.0009271659627072,65.5,0
2017-06-13,2436.0,2440.5,1.0,0.0028818443804035,0.0018472906403941,17.5,1
2017-06-14,2442.0,2437.75,1.0,0.0006146281499692,-0.0017403767403767,17.5,2
2017-06-15,2421.5,2433.75,1.0,-0.0066659829761049,0.0050588478215982,17.5,3
2017-06-19,2439.75,2450.5,4.0,0.0024653312788907,0.0044061891587252,89.5,0
2017-06-20,2445.25,2435.75,1.0,-0.0021424199143031,-0.0038850833248134,17.5,1
2017-06-21,2437.75,2433.25,1.0,0.0008211023298778,-0.0018459645164597,17.5,2
2017-06-22,2434.0,2431.75,1.0,0.0003082297338949,-0.0009244042728019,17.5,3
2017-06-23,2432.5,2436.0,1.0,0.0003084198622391,0.0014388489208632,17.5,4
2017-06-26,2442.25,2435.5,3.0,0.0025656814449916,-0.0027638448152318,65.5,0
2017-06-27,2432.75,2418.0,1.0,-0.001129131595155,-0.0060630973178501,17.5,1
2017-06-28,2429.0,2438.0,1.0,0.0045492142266336,0.0037052284890901,17.5,2
2017-06-29,2439.25,2419.0,1.0,0.0005127153404429,-0.0083017320897816,17.5,3
2017-06-30,2427.0,2421.25,1.0,0.0033071517155849,-0.0023691800576843,17.5,4
2017-07-05,2429.25,2429.5,5.0,0.0033040784718636,0.0001029124215292,113.5,2
2017-07-06,2419.75,2409.0,1.0,-0.0040131714344515,-0.0044426077074077,17.5,3
2017-07-07,2414.5,2422.5,1.0,0.0022831050228311,0.0033133153862083,17.5,4
2017-07-10,2419.5,2425.75,3.0,-0.0012383900928792,0.0025831783426328,65.5,0
2017-07-11,2423.5,2424.0,1.0,-0.0009275481809749,0.0002063131834124,17.5,1
2017-07-12,2436.0,2440.75,1.0,0.0049504950495049,0.0019499178981936,17.5,2
2017-07-13,2440.75,2445.0,1.0,0.0,0.0017412680528525,17.5,3
2017-07-14,2446.25,2455.75,1.0,0.0005112474437627,0.003883495145631,17.5,4
2017-07-17,2455.25,2456.75,3.0,-0.0002036037870304,0.0006109357499235,65.5,0
2017-07-18,2451.0,2457.75,1.0,-0.0023404904853974,0.0027539779681762,17.5,1
2017-07-19,2462.25,2470.25,1.0,0.0018309429356118,0.0032490608183572,17.5,2
2017-07-20,2474.5,2472.0,1.0,0.0017204736362717,-0.0010103051121438,17.5,3
2017-07-21,2466.75,2469.25,1.0,-0.002123786407767,0.0010134792743488,17.5,4
2017-07-24,2468.25,2468.75,3.0,-0.0004049812696163,0.0002025726729464,65.5,0
2017-07-25,2477.5,2474.0,1.0,0.0035443037974682,-0.0014127144298687,17.5,1
2017-07-26,2477.25,2475.25,1.0,0.0013136620856912,-0.0008073468563931,17.5,2
2017-07-27,2478.5,2471.5,1.0,0.0013129986870012,-0.0028242888844058,17.5,3
2017-07-28,2468.0,2469.75,1.0,-0.0014161440420796,0.0007090761750405,17.5,4
2017-07-31,2473.5,2468.75,3.0,0.001518372304889,-0.0019203557711744,65.5,0
2017-08-01,2474.75,2473.25,1.0,0.0024303797468354,-0.0006061218304879,17.5,1
2017-08-02,2474.75,2473.75,1.0,0.0006064894369757,-0.0004040812203253,17.5,2
2017-08-03,2472.25,2470.0,1.0,-0.0006063668519453,-0.0009101021336839,17.5,3
2017-08-04,2475.25,2473.5,1.0,0.0021255060728744,-0.0007069992930006,17.5,4
2017-08-07,2474.25,2477.5,3.0,0.0003032140691328,0.0013135293523289,65.5,0
2017-08-08,2473.5,2471.75,1.0,-0.0016145307769929,-0.0007074994946432,17.5,1
2017-08-09,2463.5,2471.75,1.0,-0.0033377161929807,0.003348893850213,17.5,2
2017-08-10,2459.75,2438.25,1.0,-0.0048548599170628,-0.0087407256835043,17.5,3
2017-08-11,2439.25,2439.5,1.0,0.0004101302163437,0.0001024905196269,17.5,4
2017-08-14,2455.0,2462.75,3.0,0.0063537610166017,0.0031568228105907,65.5,0
2017-08-15,2467.5,2463.75,1.0,0.0019287381991675,-0.0015197568389058,17.5,1
2017-08-16,2467.75,2467.0,1.0,0.0016235413495686,-0.0003039205754229,17.5,2
2017-08-17,2459.25,2429.75,1.0,-0.0031414673692744,-0.011995527091593,17.5,3
2017-08-18,2426.75,2425.0,1.0,-0.0012346949274616,-0.0007211290821056,17.5,4
2017-08-21,2424.0,2427.25,3.0,-0.0004123711340205,0.0013407590759075,65.5,0
2017-08-22,2433.75,2451.0,1.0,0.0026779276959523,0.0070878274268104,17.5,1
2017-08-23,2440.25,2442.25,1.0,-0.0043859649122807,0.000819588156951,17.5,2
2017-08-24,2447.0,2439.25,1.0,0.0019449278329408,-0.0031671434409481,17.5,3
2017-08-25,2447.0,2443.0,1.0,0.0031772061084349,-0.0016346546791989,17.5,4
2017-08-28,2448.25,2444.0,3.0,0.0021489971346704,-0.0017359338302869,65.5,0
2017-08-29,2428.0,2445.5,1.0,-0.0065466448445171,0.0072075782537066,17.5,1
2017-08-30,2445.0,2457.25,1.0,-0.0002044571662236,0.0050102249488752,17.5,2
2017-08-31,2462.75,2468.75,1.0,0.0022382744938447,0.0024363008831591,17.5,3
2017-09-01,2476.0,2475.25,1.0,0.0029367088607594,-0.0003029079159935,17.5,4
2017-09-05,2470.0,2458.5,4.0,-0.0021209978790021,-0.0046558704453441,89.5,1
2017-09-06,2464.5,2464.5,1.0,0.0024405125076265,0.0,17.5,2
2017-09-07,2467.5,2465.5,1.0,0.0012172854534389,-0.0008105369807497,17.5,3
2017-09-08,2460.0,2461.25,1.0,-0.0022307848306631,0.0005081300813007,17.5,4
2017-09-11,2476.5,2487.25,3.0,0.0061960385982733,0.004340803553402,65.5,0
2017-09-12,2491.5,2496.0,1.0,0.0017087144436627,0.0018061408789886,17.5,1
2017-09-13,2491.5,2496.75,1.0,-0.0018028846153845,0.0021071643588199,17.5,2
2017-09-14,2493.25,2496.25,1.0,-0.0014018223690798,0.0012032487716835,17.5,3
2017-09-18,2501.0,2502.25,4.0,0.0019028542814221,0.000499800079968,89.5,0
2017-09-19,2504.25,2504.5,1.0,0.0007992806474172,9.983028850957254e-05,17.5,1
2017-09-20,2506.5,2505.75,1.0,0.0007985625873427,-0.0002992220227409,17.5,2
2017-09-21,2503.25,2499.5,1.0,-0.0009977052778609,-0.0014980525317087,17.5,3
2017-09-22,2495.5,2499.5,1.0,-0.0016003200640127,0.001602885193348,17.5,4
2017-09-25,2496.25,2495.25,3.0,-0.0013002600520104,-0.000400600901352,65.5,0
2017-09-26,2497.5,2494.75,1.0,0.0009017132551849,-0.001101101101101,17.5,1
2017-09-27,2503.5,2504.5,1.0,0.0035073654674817,0.0003994407829039,17.5,2
2017-09-28,2501.25,2507.25,1.0,-0.001297664204432,0.0023988005997002,17.5,3
2017-09-29,2506.25,2516.5,1.0,-0.0003988433542726,0.0040897755610973,17.5,4
2017-10-02,2518.25,2526.25,3.0,0.0006954102920724,0.0031768092921671,65.5,0
2017-10-03,2527.5,2532.0,1.0,0.0004948045522019,0.0017804154302669,17.5,1
2017-10-04,2530.0,2535.0,1.0,-0.0007898894154818,0.0019762845849802,17.5,2
2017-10-05,2537.75,2549.5,1.0,0.001084812623274,0.0046300857058418,17.5,3
2017-10-06,2545.0,2546.5,1.0,-0.0017650519709746,0.0005893909626719,17.5,4
2017-10-09,2549.0,2543.25,3.0,0.0009817396426468,-0.0022557865829737,65.5,0
2017-10-10,2548.25,2549.25,1.0,0.0019659884006684,0.0003924261748258,17.5,1
2017-10-11,2548.25,2553.0,1.0,-0.0003922722369323,0.0018640243304228,17.5,2
2017-10-12,2548.5,2549.0,1.0,-0.0017626321974147,0.0001961938395134,17.5,3
2017-10-13,2553.5,2551.75,1.0,0.0017653981953706,-0.0006853338554924,17.5,4
2017-10-16,2555.75,2555.75,3.0,0.0015675516802193,0.0,65.5,0
2017-10-17,2554.75,2556.75,1.0,-0.0003912745769343,0.0007828554653097,17.5,1
2017-10-18,2561.5,2559.75,1.0,0.0018578273198397,-0.0006831934413429,17.5,2
2017-10-19,2549.75,2560.75,1.0,-0.0039066315069831,0.0043141484459261,17.5,3
2017-10-20,2568.0,2573.25,1.0,0.0028312017963487,0.0020443925233644,17.5,4
2017-10-23,2575.25,2564.0,3.0,0.0007772272418147,-0.0043685079118531,65.5,0
2017-10-24,2568.0,2567.25,1.0,0.001560062402496,-0.0002920560747663,17.5,1
2017-10-25,2563.5,2556.25,1.0,-0.0014607069821793,-0.0028281646186854,17.5,2
2017-10-26,2561.75,2556.75,1.0,0.0021515892420538,-0.0019517907680296,17.5,3
2017-10-27,2565.75,2577.75,1.0,0.0035200938691697,0.0046769950306928,17.5,4
2017-10-30,2571.5,2569.75,3.0,-0.0024245950926194,-0.0006805366517597,65.5,0
2017-10-31,2572.5,2572.5,1.0,0.0010701430100203,0.0,17.5,1
2017-11-01,2581.0,2575.75,1.0,0.0033041788143828,-0.0020340953118945,17.5,2
2017-11-02,2574.5,2577.75,1.0,-0.0004852955449868,0.001262381044863,17.5,3
2017-11-03,2578.5,2584.25,1.0,0.0002909514111142,0.0022299786697692,17.5,4
2017-11-06,2582.75,2587.5,3.0,-0.0005804391989938,0.0018391249637015,65.5,0
2017-11-07,2590.0,2586.5,1.0,0.0009661835748793,-0.0013513513513513,17.5,1
2017-11-08,2585.75,2590.25,1.0,-0.0002899671370577,0.0017403074543169,17.5,2
2017-11-09,2578.25,2583.75,1.0,-0.004632757455844,0.0021332299040046,17.5,3
2017-11-10,2578.25,2579.5,1.0,-0.0021286889211417,0.0004848249781828,17.5,4
2017-11-13,2573.5,2582.5,3.0,-0.0023260321767784,0.0034971828249465,65.5,0
2017-11-14,2573.5,2578.0,1.0,-0.0034849951597289,0.0017485914124732,17.5,1
2017-11-15,2564.25,2563.75,1.0,-0.0053335919317299,-0.0001949887881447,17.5,2
2017-11-16,2575.0,2583.5,1.0,0.0043881033642125,0.0033009708737863,17.5,3
2017-11-17,2581.25,2578.25,1.0,-0.0008709115540932,-0.0011622276029055,17.5,4
2017-11-20,2578.25,2580.5,3.0,0.0,0.0008726849607292,65.5,0
2017-11-21,2590.5,2597.5,1.0,0.0038752179810115,0.00270218104613,17.5,1
2017-11-22,2598.25,2595.25,1.0,0.000288739172281,-0.001154623304147,17.5,2
2017-11-27,2601.75,2601.75,5.0,0.002504575667084,0.0,113.5,0
2017-11-28,2605.5,2626.0,1.0,0.0014413375612567,0.0078679715985414,17.5,1
2017-11-29,2629.0,2624.25,1.0,0.001142421934501,-0.0018067706352224,17.5,2
2017-11-30,2636.25,2644.25,1.0,0.004572735067162,0.0030346135609293,17.5,3
2017-12-01,2647.0,2643.25,1.0,0.0010399924364186,-0.0014166981488477,17.5,4
2017-12-04,2660.5,2638.75,3.0,0.0065260569374823,-0.0081751550460439,65.5,0
2017-12-05,2638.5,2630.5,1.0,-9.47418285173196e-05,-0.003032025772219,17.5,1
2017-12-06,2626.0,2629.5,1.0,-0.0017107013875689,0.0013328255902513,17.5,2
2017-12-07,2629.0,2637.75,1.0,-0.0001901502186727,0.0033282616964624,17.5,3
2017-12-08,2646.75,2651.25,1.0,0.003411998862667,0.0017001983564748,17.5,4
2017-12-11,2653.25,2660.5,3.0,0.0007543611504008,0.0027324978799585,65.5,0
2017-12-12,2662.75,2665.0,1.0,0.0008457056944184,0.0008449910806496,17.5,1
2017-12-13,2668.0,2664.75,1.0,0.0011257035647278,-0.0012181409295352,17.5,2
2017-12-14,2667.0,2654.25,1.0,0.0008443568815086,-0.0047806524184477,17.5,3
2017-12-18,2691.75,2694.75,4.0,0.014128284826222,0.001114516578434,89.5,0
2017-12-19,2696.5,2686.75,1.0,0.0006494108915484,-0.0036157982569998,17.5,1
2017-12-20,2694.25,2682.75,1.0,0.0027914766911696,-0.0042683492623178,17.5,2
2017-12-21,2689.0,2689.25,1.0,0.0023296990028889,9.297136481967172e-05,17.5,3
2017-12-22,2687.75,2688.5,1.0,-0.0005577763316909,0.000279043809878,17.5,4
2017-12-26,2685.5,2687.25,4.0,-0.0011158638646084,0.0006516477378515,89.5,1
2017-12-27,2688.75,2685.25,1.0,0.0005581914596706,-0.001301720130172,17.5,2
2017-12-28,2687.5,2686.0,1.0,0.0008379108090494,-0.0005581395348837,17.5,3
2017-12-29,2693.0,2677.25,1.0,0.0026061057334325,-0.0058484961010025,17.5,4
2018-01-02,2685.25,2693.5,4.0,0.0029881408161358,0.0030723396331813,89.5,1
2018-01-03,2697.75,2711.75,1.0,0.001577872656395,0.0051895097766656,17.5,2
2018-01-04,2718.75,2723.0,1.0,0.0025813589010785,0.0015632183908045,17.5,3
2018-01-05,2732.75,2740.5,1.0,0.0035806096217407,0.0028359710913914,17.5,4
2018-01-08,2741.25,2746.5,3.0,0.0002736726874656,0.0019151846785225,65.5,0
2018-01-09,2751.5,2752.75,1.0,0.0018204988166756,0.0004542976558241,17.5,1
2018-01-10,2742.75,2748.75,1.0,-0.0036327309054581,0.0021875854525568,17.5,2
2018-01-11,2754.25,2768.5,1.0,0.00200090950432,0.0051738222746664,17.5,3
2018-01-12,2770.75,2786.75,1.0,0.0008127144663174,0.0057746097626996,17.5,4
2018-01-16,2801.0,2780.75,4.0,0.0051134834484614,-0.0072295608711174,89.5,1
2018-01-17,2786.75,2804.0,1.0,0.0021576912703407,0.0061900062797164,17.5,2
2018-01-18,2800.0,2801.5,1.0,-0.0014265335235378,0.0005357142857143,17.5,3
2018-01-19,2806.5,2813.5,1.0,0.0017847581652685,0.0024942098699447,17.5,4
2018-01-22,2810.0,2835.75,3.0,-0.0012440021325751,0.0091637010676155,65.5,0
2018-01-23,2834.0,2840.75,1.0,-0.0006171206911751,0.0023817925194071,17.5,1
2018-01-24,2848.0,2839.75,1.0,0.0025521429200034,-0.0028967696629212,17.5,2
2018-01-25,2848.75,2840.0,1.0,0.0031692930715732,-0.0030715225976305,17.5,3
2018-01-26,2848.75,2872.75,1.0,0.0030809859154929,0.0084247476963581,17.5,4
2018-01-29,2867.0,2855.5,3.0,-0.0020015664433034,-0.0040111614928496,65.5,0
2018-01-30,2830.25,2827.75,1.0,-0.0088425844860794,-0.000883314194859,17.5,1
2018-01-31,2834.75,2827.0,1.0,0.0024754663601802,-0.00273392715407,17.5,2
2018-02-01,2814.75,2823.0,1.0,-0.0043332154227095,0.0029309885424992,17.5,3
2018-02-02,2806.75,2760.75,1.0,-0.0057562876372653,-0.0163890620824797,17.5,4
2018-02-05,2734.5,2642.0,3.0,-0.0095082857919043,-0.0338270250502834,65.5,0
2018-02-06,2589.75,2696.0,1.0,-0.0197766843300529,0.0410271261704797,17.5,1
2018-02-07,2686.5,2679.25,1.0,-0.0035237388724035,-0.0026986785780755,17.5,2
2018-02-08,2680.75,2592.0,1.0,0.0005598581692638,-0.0331064067891447,17.5,3
2018-02-09,2605.0,2617.0,1.0,0.0050154320987654,0.0046065259117082,17.5,4
2018-02-12,2644.25,2648.5,3.0,0.0104126862820022,0.0016072610381014,65.5,0
2018-02-13,2636.5,2660.0,1.0,-0.0045308665282235,0.0089133320690308,17.5,1
2018-02-14,2648.0,2696.5,1.0,-0.0045112781954886,0.0183157099697885,17.5,2
2018-02-15,2715.5,2731.25,1.0,0.0070461709623586,0.0058000368256305,17.5,3
2018-02-16,2728.0,2734.0,1.0,-0.0011899313501144,0.002199413489736,17.5,4
2018-02-20,2722.5,2713.75,4.0,-0.0042062911485003,-0.0032139577594123,89.5,1
2018-02-21,2718.25,2696.25,1.0,0.0016582220175034,-0.0080934424721788,17.5,2
2018-02-22,2711.5,2705.5,1.0,0.0056560037088548,-0.0022127973446431,17.5,3
2018-02-23,2719.0,2745.75,1.0,0.0049898355202364,0.0098381757999264,17.5,4
2018-02-26,2758.25,2780.25,3.0,0.004552490212146,0.0079760717846459,65.5,0
2018-02-27,2779.75,2746.25,1.0,-0.0001798399424511,-0.0120514434751326,17.5,1
2018-02-28,2757.25,2713.5,1.0,0.0040054619936276,-0.0158672590443376,17.5,2
2018-03-01,2714.0,2676.75,1.0,0.000184263865856,-0.0137251289609432,17.5,3
2018-03-02,2658.25,2689.25,1.0,-0.0069113663958157,0.0116618075801748,17.5,4
2018-03-05,2678.5,2719.0,3.0,-0.0039973970437854,0.0151204032107523,65.5,0
2018-03-06,2731.5,2726.5,1.0,0.0045972784111805,-0.0018304960644334,17.5,1
2018-03-07,2704.5,2725.0,1.0,-0.0080689528699797,0.0075799593270475,17.5,2
2018-03-08,2734.25,2738.5,1.0,0.0033944954128439,0.0015543567705951,17.5,3
2018-03-09,2757.25,2784.0,1.0,0.0068468139492423,0.0097016955299664,17.5,4
2018-03-12,2789.75,2784.75,3.0,0.0020653735632183,-0.001792275293485,65.5,0
2018-03-13,2796.25,2767.5,1.0,0.0041296346171111,-0.0102816271792579,17.5,1
2018-03-14,2777.75,2749.0,1.0,0.0037037037037037,-0.010350103501035,17.5,2
2018-03-15,2755.75,2749.25,1.0,0.0024554383412149,-0.0023587045268983,17.5,3
2018-03-19,2741.25,2717.25,4.0,-0.0029098845139583,-0.0087551299589603,89.5,0
2018-03-20,2722.75,2720.25,1.0,0.002024105253473,-0.00091818933064,17.5,1
2018-03-21,2718.25,2714.5,1.0,-0.0007352265416781,-0.0013795640577577,17.5,2
2018-03-22,2686.5,2647.0,1.0,-0.010314975133542,-0.0147031453564117,17.5,3
2018-03-23,2652.75,2590.0,1.0,0.0021722704948998,-0.0236546979549524,17.5,4
2018-03-26,2630.75,2657.5,3.0,0.0157335907335907,0.0101682029839398,65.5,0
2018-03-27,2666.5,2617.75,1.0,0.0033866415804326,-0.0182823926495405,17.5,1
2018-03-28,2616.5,2605.75,1.0,-0.0004775093114315,-0.0041085419453468,17.5,2
2018-03-29,2620.75,2639.25,1.0,0.0057565000479709,0.0070590479824477,17.5,3
2018-04-02,2629.25,2577.5,4.0,-0.0037889551956048,-0.0196824189407626,89.5,0
2018-04-03,2593.5,2611.5,1.0,0.006207565470417,0.0069404279930596,17.5,1
2018-04-04,2574.5,2643.0,1.0,-0.0141681026230136,0.0266071081763448,17.5,2
2018-04-05,2658.75,2663.0,1.0,0.0059591373439273,0.0015984955336154,17.5,3
2018-04-06,2640.25,2604.0,1.0,-0.0085429966203529,-0.0137297604393523,17.5,4
2018-04-09,2620.0,2611.25,3.0,0.0061443932411673,-0.0033396946564885,65.5,0
2018-04-10,2650.5,2654.5,1.0,0.0150311153662039,0.0015091492171288,17.5,1
2018-04-11,2640.5,2640.75,1.0,-0.0052740629120361,9.46790380609297e-05,17.5,2
2018-04-12,2655.75,2663.5,1.0,0.0056802044873616,0.0029181963663749,17.5,3
2018-04-13,2679.75,2656.5,1.0,0.0061009949314811,-0.0086761824797089,17.5,4
2018-04-16,2675.5,2680.75,3.0,0.0071522680218332,0.0019622500467202,65.5,0
2018-04-17,2695.5,2706.25,1.0,0.0055021915508719,0.003988128362085,17.5,1
2018-04-18,2711.0,2708.5,1.0,0.0017551963048498,-0.0009221689413501,17.5,2
2018-04-19,2701.5,2692.75,1.0,-0.0025844563411482,-0.0032389413288913,17.5,3
2018-04-20,2694.0,2672.0,1.0,0.0004642094513043,-0.008166295471418,17.5,4
2018-04-23,2676.5,2669.75,3.0,0.001684131736527,-0.0025219503082383,65.5,0
2018-04-24,2681.5,2635.0,1.0,0.0044011611574117,-0.0173410404624277,17.5,1
2018-04-25,2632.0,2640.75,1.0,-0.0011385199240986,0.0033244680851063,17.5,2
2018-04-26,2649.25,2667.0,1.0,0.0032187825428382,0.0067000094366329,17.5,3
2018-04-27,2675.0,2671.0,1.0,0.0029996250468691,-0.0014953271028037,17.5,4
2018-04-30,2676.75,2647.25,3.0,0.0021527517783601,-0.0110208274960306,65.5,0
2018-05-01,2640.0,2651.25,1.0,-0.002738691094532,0.0042613636363635,17.5,1
2018-05-02,2648.75,2632.0,1.0,-0.0009429514380009,-0.0063237376120811,17.5,2
2018-05-03,2623.5,2628.75,1.0,-0.0032294832826748,0.0020011435105775,17.5,3
2018-05-04,2615.5,2660.25,1.0,-0.0050404184498336,0.0171095392850315,17.5,4
2018-05-07,2668.5,2671.0,3.0,0.0031012122920777,0.0009368559115607,65.5,0
2018-05-08,2664.75,2670.0,1.0,-0.002339947585174,0.0019701660568534,17.5,1
2018-05-09,2677.5,2696.5,1.0,0.002808988764045,0.0070961718020541,17.5,2
2018-05-10,2703.75,2720.0,1.0,0.0026886704987947,0.0060101710587148,17.5,3
2018-05-11,2723.0,2727.75,1.0,0.0011029411764706,0.0017443995593096,17.5,4
2018-05-14,2734.25,2730.75,3.0,0.0023829163229767,-0.0012800585169607,65.5,0
2018-05-15,2715.0,2711.25,1.0,-0.0057676462510299,-0.0013812154696132,17.5,1
2018-05-16,2713.0,2722.5,1.0,0.000645458736745,0.0035016586804275,17.5,2
2018-05-17,2719.25,2719.25,1.0,-0.0011937557392103,0.0,17.5,3
2018-05-18,2715.75,2713.5,1.0,-0.0012871196101866,-0.0008285004142501,17.5,4
2018-05-21,2730.5,2732.0,3.0,0.0062649714391007,0.0005493499359092,65.5,0
2018-05-22,2738.0,2725.0,1.0,0.0021961932650074,-0.0047479912344776,17.5,1
2018-05-23,2710.5,2731.25,1.0,-0.0053211009174312,0.0076554141302342,17.5,2
2018-05-24,2725.5,2727.5,1.0,-0.0021052631578947,0.0007338103100349,17.5,3
2018-05-25,2722.25,2718.5,1.0,-0.0019248395967003,-0.0013775369639085,17.5,4
2018-05-29,2700.75,2690.25,4.0,-0.0065293360308994,-0.0038878089419606,89.5,1
2018-05-30,2705.0,2723.5,1.0,0.0054827618251092,0.0068391866913124,17.5,2
2018-05-31,2716.75,2706.0,1.0,-0.0024784284927482,-0.0039569338363854,17.5,3
2018-06-01,2721.75,2732.5,1.0,0.005820399113082,0.0039496647377605,17.5,4
2018-06-04,2742.25,2745.75,3.0,0.0035681610247026,0.0012763241863433,65.5,0
2018-06-05,2748.0,2750.25,1.0,0.0008194482381862,0.0008187772925765,17.5,1
2018-06-06,2755.25,2771.75,1.0,0.0018180165439505,0.0059885672806461,17.5,2
2018-06-07,2775.25,2772.5,1.0,0.0012627401461171,-0.0009909017205657,17.5,3
2018-06-08,2767.0,2778.25,1.0,-0.0019837691614066,0.0040657752078063,17.5,4
2018-06-11,2780.25,2782.5,3.0,0.0007198776208043,0.0008092797410303,65.5,0
2018-06-12,2786.75,2785.5,1.0,0.0015274034141958,-0.0004485511796895,17.5,1
2018-06-13,2787.25,2776.75,1.0,0.000628253455394,-0.0037671540048435,17.5,2
2018-06-14,2785.0,2783.5,1.0,0.0029710993067435,-0.0005385996409336,17.5,3
2018-06-18,2765.0,2778.25,4.0,-0.0066463086042751,0.0047920433996382,89.5,0
2018-06-19,2751.5,2765.25,1.0,-0.0096283631782596,0.0049972742140651,17.5,1
2018-06-20,2775.25,2772.0,1.0,0.0036163095560979,-0.0011710656697594,17.5,2
2018-06-21,2769.25,2753.75,1.0,-0.0009920634920634,-0.0055971833528933,17.5,3
2018-06-22,2767.5,2761.0,1.0,0.0049931911030414,-0.0023486901535682,17.5,4
2018-06-25,2744.25,2717.0,3.0,-0.0060666425208257,-0.0099298533296893,65.5,0
2018-06-26,2727.0,2726.25,1.0,0.0036805299963194,-0.0002750275027503,17.5,1
2018-06-27,2732.25,2703.75,1.0,0.0022008253094909,-0.0104309634916277,17.5,2
2018-06-28,2702.75,2717.0,1.0,-0.0003698566805362,0.0052724077328647,17.5,3
2018-06-29,2732.5,2725.0,1.0,0.0057048214942951,-0.0027447392497712,17.5,4
2018-07-02,2702.75,2727.0,3.0,-0.0081651376146788,0.0089723429839978,65.5,0
2018-07-05,2732.25,2738.0,3.0,0.0019251925192518,0.0021044926342757,65.5,3
2018-07-06,2737.25,2760.75,1.0,-0.0002739225712198,0.0085852589277559,17.5,4
2018-07-09,2774.0,2786.25,3.0,0.0047994204473422,0.0044160057678441,65.5,0
2018-07-10,2792.75,2795.25,1.0,0.0023328847016599,0.0008951750067138,17.5,1
2018-07-11,2778.75,2775.25,1.0,-0.0059028709417762,-0.0012595591542959,17.5,2
2018-07-12,2790.0,2799.0,1.0,0.0053148365012161,0.0032258064516128,17.5,3
2018-07-13,2798.25,2801.5,1.0,-0.0002679528403001,0.0011614401858304,17.5,4
2018-07-16,2802.25,2800.5,3.0,0.0002677137247903,-0.0006244981711125,65.5,0
2018-07-17,2792.5,2811.5,1.0,-0.0028566327441528,0.0068039391226499,17.5,1
2018-07-18,2812.25,2816.75,1.0,0.0002667615152054,0.0016001422348652,17.5,2
2018-07-19,2809.25,2805.25,1.0,-0.0026626431170675,-0.0014238675803149,17.5,3
2018-07-20,2804.0,2803.0,1.0,-0.0004455930843952,-0.0003566333808844,17.5,4
2018-07-23,2801.25,2808.0,3.0,-0.0006243310738494,0.0024096385542169,65.5,0
2018-07-24,2823.75,2820.0,1.0,0.0056089743589744,-0.0013280212483399,17.5,1
2018-07-25,2819.75,2845.75,1.0,-8.865248226952449e-05,0.0092206755918078,17.5,2
2018-07-26,2838.75,2838.5,1.0,-0.0024598084863393,-8.806693086749195e-05,17.5,3
2018-07-27,2842.5,2818.75,1.0,0.0014091949973578,-0.0083553210202286,17.5,4
2018-07-30,2820.5,2803.75,3.0,0.0006208425720621,-0.0059386633575607,65.5,0
2018-07-31,2815.25,2822.75,1.0,0.00410164957646,0.0026640618062339,17.5,1
2018-08-01,2820.5,2812.5,1.0,-0.0007970950314409,-0.0028363765289842,17.5,2
2018-08-02,2796.0,2828.25,1.0,-0.0058666666666666,0.0115343347639484,17.5,3
2018-08-03,2828.5,2840.0,1.0,8.839388314330066e-05,0.0040657592363444,17.5,4
2018-08-06,2837.5,2850.75,3.0,-0.0008802816901408,0.004669603524229,65.5,0
2018-08-07,2856.75,2859.5,1.0,0.0021047092870296,0.0009626323619498,17.5,1
2018-08-08,2856.75,2857.0,1.0,-0.0009617065920615,8.751203290446874e-05,17.5,2
2018-08-09,2858.0,2854.0,1.0,0.000350017500875,-0.0013995801259621,17.5,3
2018-08-10,2835.75,2835.5,1.0,-0.006394533987386,-8.816009873935382e-05,17.5,4
2018-08-13,2837.25,2824.75,3.0,0.000617175101393,-0.0044056745087672,65.5,0
2018-08-14,2831.5,2838.75,1.0,0.002389591999292,0.0025604803107892,17.5,1
2018-08-15,2823.0,2820.75,1.0,-0.0055482166446498,-0.0007970244420828,17.5,2
2018-08-16,2836.25,2843.0,1.0,0.0054949924665426,0.0023799030409872,17.5,3
2018-08-17,2838.75,2850.75,1.0,-0.0014948997537812,0.004227212681638,17.5,4
2018-08-20,2856.5,2858.5,3.0,0.0020170130667367,0.0007001575354455,65.5,0
2018-08-21,2863.0,2863.0,1.0,0.0015742522301906,0.0,17.5,1
2018-08-22,2859.25,2862.25,1.0,-0.0013098148794969,0.0010492261956807,17.5,2
2018-08-23,2859.5,2858.75,1.0,-0.0009607826011005,-0.0002622836160167,17.5,3
2018-08-24,2865.5,2875.75,1.0,0.0023611718408396,0.0035770371662886,17.5,4
2018-08-27,2889.5,2896.0,3.0,0.0047813613839868,0.0022495241391244,65.5,0
2018-08-28,2902.5,2899.5,1.0,0.0022444751381216,-0.0010335917312661,17.5,1
2018-08-29,2902.0,2915.0,1.0,0.0008622176237282,0.0044796691936594,17.5,2
2018-08-30,2908.0,2902.75,1.0,-0.0024013722126929,-0.0018053645116918,17.5,3
2018-08-31,2897.5,2902.0,1.0,-0.001808629747653,0.0015530629853321,17.5,4
2018-09-04,2896.5,2898.25,4.0,-0.0018952446588559,0.0006041774555498,89.5,1
2018-09-05,2890.75,2889.75,1.0,-0.0025877684809798,-0.0003459309867681,17.5,2
2018-09-06,2889.5,2880.25,1.0,-8.651267410675345e-05,-0.0032012458902924,17.5,3
2018-09-07,2868.5,2871.75,1.0,-0.0040795069872406,0.0011329963395503,17.5,4
2018-09-10,2885.5,2879.0,3.0,0.0047880212414033,-0.0022526425229596,65.5,0
2018-09-11,2870.0,2889.25,1.0,-0.0031260854463355,0.0067073170731706,17.5,1
2018-09-12,2886.75,2889.0,1.0,-0.0008652764558276,0.0007794232268121,17.5,2
2018-09-13,2899.25,2905.0,1.0,0.0035479404638283,0.0019832715357419,17.5,3
2018-09-14,2906.5,2907.5,1.0,0.0005163511187606,0.0003440564252537,17.5,4
2018-09-17,2903.5,2892.25,3.0,-0.0013757523645743,-0.0038746340623385,65.5,0
2018-09-18,2894.25,2906.0,1.0,0.0006915031549832,0.0040597736892113,17.5,1
2018-09-19,2906.5,2908.75,1.0,0.0001720578114245,0.0007741269568208,17.5,2
2018-09-20,2924.5,2931.5,1.0,0.0054146970348087,0.0023935715506924,17.5,3
2018-09-24,2926.25,2925.75,4.0,-0.0017908920347944,-0.0001708671507902,89.5,0
2018-09-25,2929.25,2921.0,1.0,0.0011962744595401,-0.002816420585474,17.5,1
2018-09-26,2923.5,2908.75,1.0,0.0008558712769599,-0.0050453223875491,17.5,2
2018-09-27,2918.25,2919.25,1.0,0.0032660077352815,0.0003426711213911,17.5,3
2018-09-28,2913.75,2921.0,1.0,-0.0018840455596471,0.0024882024882024,17.5,4
2018-10-01,2934.25,2928.0,3.0,0.0045361177678877,-0.002130016188123,65.5,0
2018-10-02,2927.5,2928.75,1.0,-0.0001707650273223,0.0004269854824936,17.5,1
2018-10-03,2939.75,2929.5,1.0,0.0037558685446008,-0.0034866910451568,17.5,2
2018-10-04,2923.25,2908.0,1.0,-0.0021334698754054,-0.0052167963738989,17.5,3
2018-10-05,2908.5,2891.25,1.0,0.000171939477304,-0.0059308922124806,17.5,4
2018-10-08,2881.75,2892.5,3.0,-0.0032857760484219,0.0037303721696886,65.5,0
2018-10-09,2885.75,2885.5,1.0,-0.002333621434745,-8.663259118080191e-05,17.5,1
2018-10-10,2876.75,2792.0,1.0,-0.0030324033962918,-0.0294603284956982,17.5,2
2018-10-11,2782.0,2733.75,1.0,-0.0035816618911175,-0.0173436376707404,17.5,3
2018-10-12,2775.5,2767.0,1.0,0.0152720621856423,-0.0030625112592326,17.5,4
2018-10-15,2764.25,2752.5,3.0,-0.0009938561619081,-0.0042507009134484,65.5,0
2018-10-16,2772.25,2807.75,1.0,0.0071752951861943,0.0128054829109929,17.5,1
2018-10-17,2810.5,2812.5,1.0,0.0009794319294809,0.0007116171499732,17.5,2
2018-10-18,2800.75,2775.75,1.0,-0.0041777777777777,-0.0089261804873694,17.5,3
2018-10-19,2780.0,2766.5,1.0,0.0015311177159327,-0.0048561151079136,17.5,4
2018-10-22,2778.75,2757.25,3.0,0.0044279775890114,-0.0077372919478182,65.5,0
2018-10-23,2711.75,2742.0,1.0,-0.0165019494061111,0.0111551581082327,17.5,1
2018-10-24,2738.5,2663.25,1.0,-0.0012764405543399,-0.0274785466496256,17.5,2
2018-10-25,2679.75,2705.5,1.0,0.0061954379048154,0.0096091053269895,17.5,3
2018-10-26,2665.25,2661.5,1.0,-0.0148771021992237,-0.0014069974674045,17.5,4
2018-10-29,2694.25,2640.0,3.0,0.0123050911140334,-0.0201354736939779,65.5,0
2018-10-30,2637.25,2681.75,1.0,-0.0010416666666667,0.0168736373115934,17.5,1
2018-10-31,2710.5,2709.75,1.0,0.0107206115409714,-0.0002767017155506,17.5,2
2018-11-01,2721.75,2737.5,1.0,0.0044284528092997,0.0057867181041608,17.5,3
2018-11-02,2748.5,2722.75,1.0,0.0040182648401827,-0.0093687465890486,17.5,4
2018-11-05,2728.75,2740.0,3.0,0.0022036543935359,0.0041227668346313,65.5,0
2018-11-06,2736.5,2756.0,1.0,-0.0012773722627736,0.007125890736342,17.5,1
2018-11-07,2778.5,2814.0,1.0,0.0081640058055152,0.0127766780637035,17.5,2
2018-11-08,2806.25,2808.5,1.0,-0.0027540867093105,0.0008017817371936,17.5,3
2018-11-09,2793.0,2779.75,1.0,-0.005518960299092,-0.0047440028643036,17.5,4
2018-11-12,2775.75,2730.0,3.0,-0.0014389783253889,-0.0164820318832747,65.5,0
2018-11-13,2735.75,2718.25,1.0,0.002106227106227,-0.0063967833318102,17.5,1
2018-11-14,2745.0,2703.0,1.0,0.0098408902786719,-0.0153005464480874,17.5,2
2018-11-15,2685.5,2730.0,1.0,-0.0064742878283389,0.0165704710482219,17.5,3
2018-11-16,2717.5,2739.75,1.0,-0.0045787545787545,0.0081876724931002,17.5,4
2018-11-19,2731.75,2693.25,3.0,-0.0029199744502235,-0.014093529788597,65.5,0
2018-11-20,2650.25,2638.5,1.0,-0.015965840527244,-0.0044335440052825,17.5,1
2018-11-21,2658.0,2648.5,1.0,0.0073905628197838,-0.0035741158765989,17.5,2
2018-11-26,2658.25,2675.5,5.0,0.0036813290541815,0.0064892316373554,113.5,0
2018-11-27,2662.25,2681.75,1.0,-0.0049523453560081,0.0073246314207906,17.5,1
2018-11-28,2695.25,2741.25,1.0,0.005034026288804,0.0170670624246358,17.5,2
2018-11-29,2735.25,2739.25,1.0,-0.00218878248974,0.00146238917832,17.5,3
2018-11-30,2738.0,2757.25,1.0,-0.0004563292872136,0.0070306793279766,17.5,4
2018-12-03,2801.0,2789.25,3.0,0.0158672590443376,-0.0041949303820064,65.5,0
2018-12-04,2783.5,2701.75,1.0,-0.0020614860625616,-0.0293694988324052,17.5,1
2018-12-06,2655.75,2697.25,2.0,-0.0170260016655871,0.0156264708651039,41.5,3
2018-12-07,2692.25,2632.5,1.0,-0.0018537399202891,-0.0221933327142724,17.5,4
2018-12-10,2629.25,2641.5,3.0,-0.0012345679012345,0.0046591233241417,65.5,0
2018-12-11,2674.5,2639.0,1.0,0.0124929017603634,-0.0132735090671153,17.5,1
2018-12-12,2672.0,2652.5,1.0,0.0125047366426676,-0.0072979041916168,17.5,2
2018-12-13,2662.25,2647.0,1.0,0.0036757775683318,-0.0057282373931825,17.5,3
2018-12-14,2624.0,2601.75,1.0,-0.0086890819795995,-0.0084794207317072,17.5,4
2018-12-17,2588.25,2550.5,3.0,-0.0051888152205246,-0.0145851444025886,65.5,0
2018-12-18,2565.5,2544.0,1.0,0.005881199764752,-0.0083804326641979,17.5,1
2018-12-19,2547.25,2506.25,1.0,0.0012775157232705,-0.0160957895769947,17.5,2
2018-12-20,2495.0,2471.0,1.0,-0.0044887780548628,-0.0096192384769538,17.5,3
2018-12-26,2374.0,2471.25,6.0,-0.0392553622015378,0.0409646166807076,137.5,2
2018-12-27,2434.5,2493.5,1.0,-0.0148710166919575,0.0242349558430889,17.5,3
2018-12-28,2505.5,2482.5,1.0,0.0048125125325846,-0.0091798044302534,17.5,4
2018-12-31,2503.5,2505.75,3.0,0.0084592145015105,0.0008987417615338,65.5,0
2019-01-02,2468.75,2511.75,2.0,-0.0147660381123415,0.0174177215189872,41.5,2
2019-01-03,2491.75,2452.75,1.0,-0.0079625758933015,-0.0156516504464733,17.5,3
2019-01-04,2484.25,2530.75,1.0,0.0128427275507083,0.0187179229143603,17.5,4
2019-01-07,2534.5,2550.5,3.0,0.0014817741776154,0.0063128822252909,65.5,0
2019-01-08,2576.75,2574.75,1.0,0.010292099588316,-0.0007761715339089,17.5,1
2019-01-09,2583.5,2585.0,1.0,0.0033983881930284,0.0005806077027288,17.5,2
2019-01-10,2570.0,2598.75,1.0,-0.0058027079303675,0.0111867704280155,17.5,3
2019-01-11,2583.5,2595.5,1.0,-0.0058682058682059,0.0046448616218308,17.5,4
2019-01-14,2574.0,2579.0,3.0,-0.00828356771335,0.0019425019425018,65.5,0
2019-01-15,2585.75,2609.5,1.0,0.002617293524622,0.0091849560088947,17.5,1
2019-01-16,2614.5,2615.5,1.0,0.0019160758766048,0.0003824823101932,17.5,2
2019-01-17,2606.5,2635.75,1.0,-0.0034410246606767,0.0112219451371571,17.5,3
2019-01-18,2653.5,2671.5,1.0,0.0067343260931422,0.0067834934991519,17.5,4
2019-01-22,2654.75,2635.0,4.0,-0.0062698858319296,-0.0074394952443732,89.5,1
2019-01-23,2646.5,2638.75,1.0,0.0043643263757116,-0.0029283959947099,17.5,2
2019-01-24,2637.0,2639.75,1.0,-0.000663192799621,0.0010428517254454,17.5,3
2019-01-25,2660.5,2662.0,1.0,0.0078605928591721,0.0005638037962789,17.5,4
2019-01-28,2637.0,2642.5,3.0,-0.0093914350112697,0.0020857034508912,65.5,0
2019-01-29,2644.25,2637.5,1.0,0.0006622516556291,-0.002552708707573,17.5,1
2019-01-30,2654.75,2677.0,1.0,0.0065402843601896,0.0083812035031547,17.5,2
2019-01-31,2680.0,2704.75,1.0,0.0011206574523721,0.0092350746268656,17.5,3
2019-02-01,2704.75,2704.25,1.0,0.0,-0.0001848599685737,17.5,4
2019-02-04,2704.25,2722.75,3.0,0.0,0.0068410834797079,65.5,0
2019-02-05,2728.0,2734.25,1.0,0.0019281975943439,0.0022910557184749,17.5,1
2019-02-06,2732.75,2731.0,1.0,-0.0005485965072689,-0.0006403805690238,17.5,2
2019-02-07,2711.5,2704.25,1.0,-0.007140241669718,-0.0026737967914438,17.5,3
2019-02-08,2692.0,2706.75,1.0,-0.0045299066284552,0.0054791976225854,17.5,4
2019-02-11,2715.75,2706.5,3.0,0.0033250207813799,-0.0034060572585842,65.5,0
2019-02-12,2727.0,2742.5,1.0,0.007574358026972,0.0056839017235057,17.5,1
2019-02-13,2752.75,2750.25,1.0,0.0037374658158615,-0.0009081827263645,17.5,2
2019-02-14,2738.25,2745.5,1.0,-0.0043632397054813,0.0026476764356797,17.5,3
2019-02-15,2765.75,2776.0,1.0,0.0073757057002368,0.003706047184308,17.5,4
2019-02-19,2767.75,2779.0,4.0,-0.002971902017291,0.004064673471231,89.5,1
2019-02-20,2780.5,2785.0,1.0,0.000539762504498,0.0016184139543247,17.5,2
2019-02-21,2778.0,2776.0,1.0,-0.0025134649910233,-0.0007199424046075,17.5,3
2019-02-22,2783.25,2790.75,1.0,0.0026116714697406,0.002694691457828,17.5,4
2019-02-25,2808.5,2796.0,3.0,0.0063602974110901,-0.0044507744347516,65.5,0
2019-02-26,2792.5,2792.25,1.0,-0.0012517882689556,-8.952551477170445e-05,17.5,1
2019-02-27,2788.0,2794.25,1.0,-0.0015220700152207,0.00224175035868,17.5,2
2019-02-28,2789.75,2785.75,1.0,-0.0016104500313143,-0.0014338202347881,17.5,3
2019-03-01,2806.0,2804.5,1.0,0.0072691375751592,-0.0005345687811831,17.5,4
2019-03-04,2817.0,2792.75,3.0,0.0044571224817258,-0.0086084487042953,65.5,0
2019-03-05,2793.25,2789.75,1.0,0.0001790350013428,-0.0012530206748411,17.5,1
2019-03-06,2789.75,2773.75,1.0,0.0,-0.0057352809391522,17.5,2
2019-03-07,2766.25,2749.0,1.0,-0.0027039206849932,-0.0062358788974242,17.5,3
2019-03-08,2726.0,2743.25,1.0,-0.0083666787922881,0.0063279530447541,17.5,4
2019-03-11,2750.75,2781.75,3.0,0.002733983413834,0.0112696537308008,65.5,0
2019-03-12,2788.25,2791.75,1.0,0.0023366585782331,0.0012552676409933,17.5,1
2019-03-13,2802.25,2811.0,1.0,0.0037610817587534,0.0031224908555624,17.5,2
2019-03-14,2811.5,2807.5,1.0,0.0001778726431875,-0.0014227280810954,17.5,3
2019-03-18,2831.25,2840.0,4.0,0.008459483526269,0.0030905077262692,89.5,0
2019-03-19,2849.75,2838.0,1.0,0.0034330985915493,-0.0041231686990086,17.5,1
2019-03-20,2832.5,2828.5,1.0,-0.001937984496124,-0.0014121800529567,17.5,2
2019-03-21,2822.5,2859.0,1.0,-0.0021212656885274,0.0129317980513727,17.5,3
2019-03-22,2847.5,2809.0,1.0,-0.0040223854494578,-0.0135206321334504,17.5,4
2019-03-25,2801.25,2803.5,3.0,-0.0027589889640441,0.0008032128514057,65.5,0
2019-03-26,2823.75,2821.5,1.0,0.007223113964687,-0.000796812749004,17.5,1
2019-03-27,2826.75,2809.75,1.0,0.0018607123870282,-0.0060139736446449,17.5,2
2019-03-28,2818.25,2819.0,1.0,0.0030251801761722,0.0002661225938083,17.5,3
2019-03-29,2835.5,2837.75,1.0,0.0058531394111387,0.0007935108446481,17.5,4
2019-04-01,2859.75,2868.25,3.0,0.0077526209144569,0.0029722877873941,65.5,0
2019-04-02,2871.5,2870.0,1.0,0.0011330950928265,-0.0005223750652968,17.5,1
2019-04-03,2883.25,2876.75,1.0,0.0046167247386759,-0.0022544004161969,17.5,2
2019-04-04,2878.5,2884.0,1.0,0.0006083253671678,0.0019107173875281,17.5,3
2019-04-05,2890.5,2896.75,1.0,0.002253814147018,0.0021622556651097,17.5,4
2019-04-08,2890.75,2898.5,3.0,-0.0020712867869163,0.002680965147453,65.5,0
2019-04-09,2886.5,2882.25,1.0,-0.0041400724512679,-0.0014723713840291,17.5,1
2019-04-10,2888.0,2893.75,1.0,0.001994969208084,0.0019909972299168,17.5,2
2019-04-11,2895.25,2892.0,1.0,0.0005183585313175,-0.0011225282790777,17.5,3
2019-04-12,2908.75,2911.5,1.0,0.0057918395573997,0.000945423291792,17.5,4
2019-04-15,2912.5,2910.0,3.0,0.0003434655675769,-0.0008583690987123,65.5,0
2019-04-16,2918.5,2912.25,1.0,0.0029209621993127,-0.0021415110501969,17.5,1
2019-04-17,2921.0,2902.0,1.0,0.0030045497467594,-0.0065046217048956,17.5,2
2019-04-18,2908.5,2909.25,1.0,0.0022398345968297,0.0002578648788034,17.5,3
2019-04-22,2899.25,2911.25,4.0,-0.0034373120219988,0.0041390014658964,89.5,0
2019-04-23,2913.5,2937.75,1.0,0.0007728638900816,0.0083233224643899,17.5,1
2019-04-24,2934.5,2931.0,1.0,-0.0011062888264828,-0.0011927074459021,17.5,2
2019-04-25,2927.5,2927.75,1.0,-0.0011941316956669,8.539709649868499e-05,17.5,3
2019-04-26,2927.0,2941.0,1.0,-0.000256169413372,0.0047830543218312,17.5,4
2019-04-29,2942.0,2944.5,3.0,0.000340020401224,0.0008497620666212,65.5,0
2019-04-30,2937.75,2947.5,1.0,-0.0022924095771778,0.0033188664794485,17.5,1
2019-05-01,2953.0,2923.75,1.0,0.00186598812553,-0.0099051811716898,17.5,2
2019-05-02,2920.25,2917.5,1.0,-0.00119709277469,-0.0009417001969009,17.5,3
2019-05-03,2932.75,2945.5,1.0,0.0052270779777205,0.0043474554598925,17.5,4
2019-05-06,2898.25,2935.0,3.0,-0.0160414191139025,0.0126800655568015,65.5,0
2019-05-07,2907.75,2887.5,1.0,-0.0092844974446337,-0.0069641475367552,17.5,1
2019-05-08,2882.0,2882.5,1.0,-0.0019047619047618,0.0001734906315058,17.5,2
2019-05-09,2856.0,2871.5,1.0,-0.0091934084995664,0.0054271708683473,17.5,3
2019-05-10,2863.25,2883.75,1.0,-0.0028730628591328,0.0071596961494804,17.5,4
2019-05-13,2831.75,2812.75,3.0,-0.0180320762895535,-0.0067096318530943,65.5,0
2019-05-14,2822.75,2836.5,1.0,0.0035552395342635,0.0048711363032503,17.5,1
2019-05-15,2817.25,2852.25,1.0,-0.0067865326987484,0.0124234625965036,17.5,2
2019-05-16,2861.25,2878.25,1.0,0.0031554036287142,0.0059414591524682,17.5,3
2019-05-17,2854.75,2860.5,1.0,-0.0081646834013723,0.0020141868815133,17.5,4
2019-05-20,2841.25,2842.0,3.0,-0.006729592728544,0.000263968323801,65.5,0
2019-05-21,2858.25,2865.75,1.0,0.0057178043631245,0.0026239832065075,17.5,1
2019-05-22,2855.25,2858.0,1.0,-0.0036639623135305,0.0009631380789774,17.5,2
2019-05-23,2830.25,2820.75,1.0,-0.0097095871238628,-0.0033565939404646,17.5,3
2019-05-24,2839.0,2828.0,1.0,0.0064699104848,-0.003874603733709,17.5,4
2019-05-28,2831.75,2803.5,4.0,0.0013260254596887,-0.0099761631499956,89.5,1
2019-05-29,2786.5,2782.0,1.0,-0.0060638487604779,-0.0016149291225552,17.5,2
2019-05-30,2790.75,2789.0,1.0,0.0031452192667145,-0.0006270715757412,17.5,3
2019-05-31,2761.75,2753.5,1.0,-0.0097705270706346,-0.0029872363537611,17.5,4
2019-06-03,2751.75,2744.75,3.0,-0.0006355547485018,-0.0025438357408921,65.5,0
2019-06-04,2771.0,2804.5,1.0,0.0095637125421259,0.0120894983760375,17.5,1
2019-06-05,2821.25,2827.75,1.0,0.0059725441255125,0.0023039432875497,17.5,2
2019-06-06,2829.0,2845.0,1.0,0.0004420475643178,0.0056557087310002,17.5,3
2019-06-07,2856.25,2871.5,1.0,0.0039543057996485,0.0053391684901531,17.5,4
2019-06-10,2890.75,2886.75,3.0,0.0067038133379766,-0.0013837239470725,65.5,0
2019-06-11,2909.25,2885.75,1.0,0.0077942322681214,-0.0080776832516972,17.5,1
2019-06-12,2887.0,2880.25,1.0,0.000433162955904,-0.0023380671977831,17.5,2
2019-06-13,2891.25,2892.5,1.0,0.0038191129242253,0.0004323389537397,17.5,3
2019-06-14,2888.5,2889.5,1.0,-0.0013828867761451,0.0003462004500605,17.5,4
2019-06-17,2891.75,2891.0,3.0,0.0007786814327739,-0.0002593585199274,65.5,0
2019-06-18,2908.0,2919.5,1.0,0.0058803182289866,0.0039546079779917,17.5,1
2019-06-19,2922.5,2927.0,1.0,0.0010275732145914,0.0015397775876817,17.5,2
2019-06-20,2956.25,2956.0,1.0,0.0099931670652544,-8.45665961944908e-05,17.5,3
2019-06-24,2957.5,2951.25,4.0,0.0005074424898512,-0.0021132713440406,89.5,0
2019-06-25,2950.5,2923.0,1.0,-0.0002541296060991,-0.0093204541603117,17.5,1
2019-06-26,2930.75,2918.5,1.0,0.0026513855627778,-0.0041798174528704,17.5,2
2019-06-27,2927.25,2930.0,1.0,0.0029981154702758,0.0009394482876419,17.5,3
2019-06-28,2939.75,2946.75,1.0,0.0033276450511945,0.0023811548601071,17.5,4
2019-07-01,2980.5,2967.25,3.0,0.0114532960040723,-0.0044455628250293,65.5,0
2019-07-02,2966.75,2975.75,1.0,-0.0001685061926025,0.0030336226510492,17.5,1
2019-07-05,2986.5,2994.0,3.0,0.003612534655129,0.0025113008538422,65.5,4
2019-07-08,2980.0,2980.75,3.0,-0.0046760187040748,0.0002516778523489,65.5,0
2019-07-09,2967.0,2983.0,1.0,-0.0046129329866644,0.0053926525109537,17.5,1
2019-07-10,2996.0,2997.75,1.0,0.0043580288300368,0.0005841121495326,17.5,2
2019-07-11,3002.5,3004.25,1.0,0.0015845217246268,0.0005828476269775,17.5,3
2019-07-12,3008.25,3016.75,1.0,0.0013314471165848,0.0028255630349871,17.5,4
2019-07-15,3018.75,3017.5,3.0,0.0006629651114609,-0.0004140786749482,65.5,0
2019-07-16,3015.75,3007.75,1.0,-0.0005799502899751,-0.0026527397828068,17.5,1
2019-07-17,3007.25,2989.0,1.0,-0.0001662372205136,-0.0060686673871477,17.5,2
2019-07-18,2981.25,2998.0,1.0,-0.0025928404148544,0.0056184486373165,17.5,3
2019-07-19,3008.5,2980.0,1.0,0.0035023348899265,-0.0094731593817517,17.5,4
2019-07-22,2985.0,2986.5,3.0,0.0016778523489933,0.0005025125628139,65.5,0
2019-07-23,2999.25,3007.0,1.0,0.0042692114515319,0.0025839793281654,17.5,1
2019-07-24,2999.0,3020.75,1.0,-0.0026604589291653,0.0072524174724908,17.5,2
2019-07-25,3015.75,3006.75,1.0,-0.0016552180749813,-0.0029843322556577,17.5,3
2019-07-26,3015.25,3026.25,1.0,0.0028269726448824,0.0036481220462647,17.5,4
2019-07-29,3025.75,3021.25,3.0,-0.0001652209830648,-0.0014872345699413,65.5,0
2019-07-30,3005.5,3014.0,1.0,-0.0052130740587504,0.0028281483946099,17.5,1
2019-07-31,3015.75,2979.75,1.0,0.0005806237558061,-0.0119373290226312,17.5,2
2019-08-01,2982.75,2953.75,1.0,0.0010067958721369,-0.0097225714525186,17.5,3
2019-08-02,2942.75,2929.75,1.0,-0.0037240795598815,-0.004417636564438,17.5,4
2019-08-05,2884.75,2844.75,3.0,-0.0153596723269903,-0.0138660195857526,65.5,0
2019-08-06,2864.5,2882.0,1.0,0.0069426135864312,0.0061092686332693,17.5,1
2019-08-07,2848.0,2886.0,1.0,-0.011797362942401,0.0133426966292133,17.5,2
2019-08-08,2900.0,2939.25,1.0,0.0048510048510048,0.0135344827586207,17.5,3
2019-08-09,2928.5,2919.75,1.0,-0.0036573955941141,-0.0029878777531159,17.5,4
2019-08-12,2903.5,2882.75,3.0,-0.0055655449952907,-0.0071465472705355,65.5,0
2019-08-13,2878.5,2927.25,1.0,-0.0014742867054028,0.0169359041167274,17.5,1
2019-08-14,2883.0,2842.5,1.0,-0.0151165769920573,-0.014047866805411,17.5,2
2019-08-15,2853.25,2849.5,1.0,0.0037818821459982,-0.0013142907211075,17.5,3
2019-08-16,2869.5,2888.0,1.0,0.0070187752237234,0.0064471162223382,17.5,4
2019-08-19,2925.25,2923.5,3.0,0.0128981994459833,-0.0005982394667122,65.5,0
2019-08-20,2918.5,2901.0,1.0,-0.0017102787754403,-0.0059962309405516,17.5,1
2019-08-21,2927.0,2926.0,1.0,0.0089624267493968,-0.0003416467372736,17.5,2
2019-08-22,2933.5,2923.25,1.0,0.0025632262474368,-0.0034941196522925,17.5,3
2019-08-23,2909.5,2850.5,1.0,-0.0047036688617121,-0.020278398350232,17.5,4
2019-08-26,2870.75,2882.0,3.0,0.0071040168391509,0.0039188365409736,65.5,0
2019-08-27,2894.75,2864.0,1.0,0.0044240111034004,-0.0106226789878227,17.5,1
2019-08-28,2861.75,2887.75,1.0,-0.0007856145251396,0.0090853498733292,17.5,2
2019-08-29,2917.0,2924.75,1.0,0.0101289931607653,0.002656839218375,17.5,3
2019-08-30,2941.0,2923.0,1.0,0.0055560304299513,-0.0061203672220333,17.5,4
2019-09-03,2904.0,2905.0,4.0,-0.006500171057133,0.0003443526170798,89.5,1
2019-09-04,2930.25,2938.0,1.0,0.0086919104991394,0.002644825526832,17.5,2
2019-09-05,2966.5,2973.75,1.0,0.0097004765146357,0.0024439575257035,17.5,3
2019-09-06,2980.0,2978.75,1.0,0.0021017234131988,-0.0004194630872482,17.5,4
2019-09-09,2988.0,2978.25,3.0,0.0031053294167016,-0.0032630522088353,65.5,0
2019-09-10,2969.75,2977.25,1.0,-0.0028540250146897,0.0025254651064905,17.5,1
2019-09-11,2979.25,3000.0,1.0,0.0006717608531363,0.0069648401443316,17.5,2
2019-09-12,3009.0,3010.75,1.0,0.0029999999999998,0.0005815885676303,17.5,3
2019-09-13,3014.25,3008.0,1.0,0.0011625010379474,-0.0020734842829891,17.5,4
2019-09-16,2994.5,2998.75,3.0,-0.0044880319148936,0.0014192686592084,65.5,0
2019-09-17,2994.5,3005.5,1.0,-0.001417257190496,0.0036734012355985,17.5,1
2019-09-18,2999.75,3007.5,1.0,-0.0019131592081184,0.0025835486290524,17.5,2
2019-09-19,3011.75,3007.0,1.0,0.0014131338320864,-0.0015771561384576,17.5,3
2019-09-23,2986.5,2994.75,4.0,-0.006817426005986,0.0027624309392264,89.5,0
2019-09-24,3004.25,2969.5,1.0,0.0031722180482511,-0.0115669468253307,17.5,1
2019-09-25,2970.0,2987.25,1.0,0.0001683785149015,0.0058080808080807,17.5,2
2019-09-26,2984.5,2981.0,1.0,-0.0009205791279605,-0.0011727257497068,17.5,3
2019-09-27,2987.0,2964.5,1.0,0.0020127474002011,-0.0075326414462671,17.5,4
2019-09-30,2970.0,2980.0,3.0,0.0018552875695732,0.0033670033670034,65.5,0
2019-10-01,2988.5,2940.75,1.0,0.0028523489932885,-0.0159779153421448,17.5,1
2019-10-02,2920.25,2888.5,1.0,-0.0069710107965654,-0.0108723568187655,17.5,2
2019-10-03,2882.75,2911.5,1.0,-0.0019906525878483,0.0099731159483131,17.5,3
2019-10-04,2919.5,2949.5,1.0,0.0027477245406148,0.0102757321459154,17.5,4
2019-10-07,2941.5,2937.25,3.0,-0.0027123241227327,-0.0014448410674825,65.5,0
2019-10-08,2913.5,2893.75,1.0,-0.0080857945357051,-0.006778788398833,17.5,1
2019-10-09,2914.25,2915.25,1.0,0.007084233261339,0.0003431414600669,17.5,2
2019-10-10,2916.5,2939.25,1.0,0.0004287796929938,0.0078004457397564,17.5,3
2019-10-11,2971.5,2965.75,1.0,0.0109721867823424,-0.0019350496382298,17.5,4
2019-10-14,2967.5,2964.75,3.0,0.0005900699654388,-0.0009267059814658,65.5,0
2019-10-15,2976.75,2996.0,1.0,0.004047558816089,0.006466784244562,17.5,1
2019-10-16,2989.0,2991.0,1.0,-0.0023364485981308,0.0006691201070592,17.5,2
2019-10-17,3003.25,2997.5,1.0,0.004095620193915,-0.0019145925247648,17.5,3
2019-10-18,2995.25,2985.25,1.0,-0.0007506255212677,-0.0033386194808446,17.5,4
2019-10-21,3000.0,3005.0,3.0,0.0049409597186165,0.0016666666666667,65.5,0
2019-10-22,3012.5,2995.0,1.0,0.0024958402662229,-0.0058091286307053,17.5,1
2019-10-23,2994.5,3003.5,1.0,-0.0001669449081802,0.0030055101018533,17.5,2
2019-10-24,3013.75,3010.25,1.0,0.0034126852005993,-0.0011613438407299,17.5,3
2019-10-25,3002.5,3020.5,1.0,-0.0025745369985881,0.0059950041631973,17.5,4
2019-10-28,3035.5,3036.75,3.0,0.0049660652209899,0.000411793773678,65.5,0
2019-10-29,3034.0,3035.5,1.0,-0.0009055733926072,0.0004943968358601,17.5,1
2019-10-30,3036.0,3044.5,1.0,0.0001647175094712,0.0027997364953886,17.5,2
2019-10-31,3042.25,3037.5,1.0,-0.0007390376088027,-0.0015613443997041,17.5,3
2019-11-01,3052.5,3063.25,1.0,0.0049382716049382,0.0035217035217034,17.5,4
2019-11-04,3083.0,3076.75,3.0,0.0064474006365788,-0.0020272461887771,65.5,0
2019-11-05,3077.5,3072.5,1.0,0.0002437637117087,-0.0016246953696181,17.5,1
2019-11-06,3071.25,3073.75,1.0,-0.0004068348250609,0.0008140008140007,17.5,2
2019-11-07,3088.25,3084.25,1.0,0.0047173647824318,-0.001295231927467,17.5,3
2019-11-08,3081.0,3091.25,1.0,-0.0010537407797681,0.0033268419344367,17.5,4
2019-11-11,3075.25,3085.75,3.0,-0.0051758997169429,0.0034143565563775,65.5,0
2019-11-12,3089.25,3090.75,1.0,0.0011342461314105,0.0004855547462976,17.5,1
2019-11-13,3079.5,3093.5,1.0,-0.0036398932297986,0.0045461925637277,17.5,2
2019-11-14,3088.25,3096.5,1.0,-0.0016971068369161,0.0026714158504006,17.5,3
2019-11-15,3110.0,3118.75,1.0,0.004359761020507,0.0028135048231512,17.5,4
2019-11-18,3115.25,3121.0,3.0,-0.0011222444889779,0.0018457587673541,65.5,0
2019-11-19,3126.25,3119.25,1.0,0.0016821531560398,-0.0022391043582566,17.5,1
2019-11-20,3114.0,3107.25,1.0,-0.0016830968982928,-0.0021676300578035,17.5,2
2019-11-21,3108.75,3102.5,1.0,0.0004827419744146,-0.0020104543626859,17.5,3
2019-11-22,3111.0,3110.5,1.0,0.0027397260273973,-0.0001607200257152,17.5,4
2019-11-25,3121.0,3133.0,3.0,0.0033756630766756,0.0038449214995193,65.5,0
2019-11-26,3132.75,3139.75,1.0,-7.979572294924964e-05,0.0022344585428137,17.5,1
2019-11-27,3145.25,3153.75,1.0,0.0017517318257822,0.002702487878547,17.5,2
2019-12-02,3143.0,3115.5,5.0,-0.0034086405073325,-0.008749602290805,113.5,0
2019-12-03,3080.5,3092.75,1.0,-0.0112341518215374,0.0039766271709138,17.5,1
2019-12-04,3104.0,3112.0,1.0,0.0036375394066769,0.0025773195876288,17.5,2
2019-12-05,3116.0,3117.25,1.0,0.0012853470437017,0.0004011553273426,17.5,3
2019-12-06,3140.75,3145.75,1.0,0.0075386959659957,0.0015919764387486,17.5,4
2019-12-09,3143.0,3136.0,3.0,-0.0008741953429229,-0.0022271714922048,65.5,0
2019-12-10,3133.0,3133.5,1.0,-0.0009566326530612,0.0001595914458984,17.5,1
2019-12-11,3137.0,3141.75,1.0,0.0011169618637305,0.0015141855275742,17.5,2
2019-12-12,3140.25,3166.0,1.0,-0.0004774409166865,0.0081999840777007,17.5,3
2019-12-13,3164.25,3170.25,1.0,-0.0005527479469361,0.0018961839298412,17.5,4
2019-12-16,3191.25,3193.0,3.0,0.0066240832741897,0.0005483744614178,65.5,0
2019-12-17,3195.5,3192.0,1.0,0.0007829627309741,-0.0010952902519167,17.5,1
2019-12-18,3196.0,3192.5,1.0,0.0012531328320801,-0.0010951188986232,17.5,2
2019-12-19,3194.75,3206.5,1.0,0.0007047768206733,0.0036779090695673,17.5,3
2019-12-23,3229.25,3226.0,4.0,0.0070949633556838,-0.0010064256406285,89.5,0
2019-12-26,3231.0,3242.25,3.0,0.0015499070055797,0.0034818941504177,65.5,3
2019-12-27,3249.25,3240.75,1.0,0.0021589945254067,-0.0026159883049934,17.5,4
2019-12-30,3241.0,3224.5,3.0,7.714263673541666e-05,-0.0050910212897253,65.5,0
2019-12-31,3214.0,3232.0,1.0,-0.0032563188091176,0.0056004978220285,17.5,1
2020-01-02,3248.25,3257.5,2.0,0.0050278465346533,0.0028476872161933,41.5,3
2020-01-03,3226.25,3235.5,1.0,-0.0095932463545663,0.0028671057729561,17.5,4
2020-01-06,3215.75,3247.5,3.0,-0.0061041570081903,0.0098732799502447,65.5,0
2020-01-07,3237.75,3236.25,1.0,-0.0030023094688221,-0.000463284688441,17.5,1
2020-01-08,3236.5,3256.0,1.0,7.724990343760396e-05,0.0060250270353776,17.5,2
2020-01-09,3272.25,3275.25,1.0,0.0049907862407863,0.0009168003667201,17.5,3
2020-01-10,3281.5,3265.0,1.0,0.0019082512785284,-0.0050281883285082,17.5,4
2020-01-13,3273.75,3288.0,3.0,0.0026799387442573,0.004352806414662,65.5,0
2020-01-14,3285.75,3285.0,1.0,-0.000684306569343,-0.0002282583884958,17.5,1
2020-01-15,3282.5,3291.75,1.0,-0.0007610350076103,0.0028179741051028,17.5,2
2020-01-16,3304.75,3316.75,1.0,0.0039492671071619,0.003631136999773,17.5,3
2020-01-17,3324.5,3327.5,1.0,0.0023366247079219,0.0009023913370431,17.5,4
2020-01-21,3319.0,3322.25,4.0,-0.0025544703230653,0.0009792106056041,89.5,1
2020-01-22,3329.0,3321.0,1.0,0.0020317555873279,-0.0024031240612796,17.5,2
2020-01-23,3313.0,3324.75,1.0,-0.0024089129780187,0.0035466344702685,17.5,3
2020-01-24,3331.5,3294.5,1.0,0.0020302278366794,-0.0111061083595978,17.5,4
2020-01-27,3235.75,3241.5,3.0,-0.017832751555623,0.0017770223286719,65.5,0
2020-01-28,3259.0,3277.0,1.0,0.0053987351534783,0.0055231666155262,17.5,1
2020-01-29,3290.5,3273.5,1.0,0.0041196216051266,-0.0051663880869168,17.5,2
2020-01-30,3251.0,3285.5,1.0,-0.0068733771192912,0.0106121193478929,17.5,3
2020-01-31,3275.5,3224.25,1.0,-0.0030436767615279,-0.0156464661883681,17.5,4
2020-02-03,3243.25,3245.25,3.0,0.0058928432968907,0.000616665381947,65.5,0
2020-02-04,3288.25,3296.0,1.0,0.0132501348124181,0.0023568767581541,17.5,1
2020-02-05,3329.0,3334.75,1.0,0.0100121359223301,0.0017272454190446,17.5,2
2020-02-06,3341.75,3344.5,1.0,0.0020991078791514,0.0008229221216429,17.5,3
2020-02-07,3330.5,3325.0,1.0,-0.0041859769771266,-0.0016514036931392,17.5,4
2020-02-10,3317.75,3350.25,3.0,-0.0021804511278195,0.0097957953432294,65.5,0
2020-02-11,3366.0,3357.5,1.0,0.0047011417058429,-0.0025252525252524,17.5,1
2020-02-12,3373.5,3379.0,1.0,0.0047654504839911,0.0016303542315103,17.5,2
2020-02-13,3360.0,3376.0,1.0,-0.0056229653743711,0.0047619047619047,17.5,3
2020-02-14,3377.0,3379.0,1.0,0.0002962085308055,0.0005922416345869,17.5,4
2020-02-18,3367.75,3370.75,4.0,-0.0033293873927197,0.0008908024645535,89.5,1
2020-02-19,3380.25,3389.0,1.0,0.0028183638656085,0.0025885659344722,17.5,2
2020-02-20,3381.25,3372.75,1.0,-0.0022868102685157,-0.0025138632162661,17.5,3
2020-02-21,3359.5,3339.25,1.0,-0.0039285449558965,-0.0060276826908766,17.5,4
2020-02-24,3234.5,3224.5,3.0,-0.031369319457962,-0.0030916679548615,65.5,0
2020-02-25,3246.5,3131.0,1.0,0.0068227632191038,-0.0355767749884491,17.5,1
2020-02-26,3148.0,3112.75,1.0,0.0054295752155861,-0.011197585768742,17.5,2
2020-02-27,3057.75,2984.5,1.0,-0.0176692635129708,-0.02395552285177,17.5,3
2020-03-02,2983.5,3087.75,4.0,-0.0003350644999162,0.0349421820010056,89.5,0
2020-03-03,3080.25,3002.5,1.0,-0.0024289531212047,-0.02524145767389,17.5,1
2020-03-04,3061.25,3119.75,1.0,0.0195670274771024,0.019109840751327,17.5,2
2020-03-05,3048.75,3015.5,1.0,-0.0227582338328391,-0.0109061090610905,17.5,3
2020-03-06,2929.25,2964.75,1.0,-0.0286022218537556,0.0121191431253733,17.5,4
2020-03-09,2759.5,2725.25,3.0,-0.069230120583523,-0.0124116687805762,65.5,0
2020-03-10,2841.5,2883.75,1.0,0.0426566370057792,0.0148689072672885,17.5,1
2020-03-11,2799.75,2735.0,1.0,-0.0291287386215864,-0.0231270649165103,17.5,2
2020-03-12,2559.75,2470.75,1.0,-0.0640767824497258,-0.0347690204121495,17.5,3
2020-03-13,2623.75,2694.0,1.0,0.0619245168471112,0.0267746545974274,17.5,4
2020-03-16,2513.5,2408.0,3.0,-0.0670007423904973,-0.0419733439427093,65.5,0
2020-03-17,2448.75,2512.5,1.0,0.0169227574750829,0.0260336906584992,17.5,1
2020-03-18,2376.75,2384.5,1.0,-0.0540298507462686,0.0032607552329861,17.5,2
2020-03-19,2379.75,2403.0,1.0,-0.0019920318725099,0.0097699338165773,17.5,3
2020-03-23,2261.5,2206.75,4.0,-0.0588847274240532,-0.0242095954012823,89.5,0
2020-03-24,2341.0,2423.0,1.0,0.0608360711453495,0.0350277659120035,17.5,1
2020-03-25,2423.0,2475.5,1.0,0.0,0.0216673545191909,17.5,2
2020-03-26,2509.75,2606.5,1.0,0.0138355887699455,0.0385496563402729,17.5,3
2020-03-27,2535.5,2531.75,1.0,-0.0272395933243813,-0.0014789982252021,17.5,4
2020-03-30,2560.0,2608.25,3.0,0.0111582897205491,0.0188476562499999,65.5,0
2020-03-31,2599.5,2564.5,1.0,-0.0033547397680436,-0.0134641277168686,17.5,1
2020-04-01,2477.0,2453.0,1.0,-0.034119711444726,-0.0096891400888171,17.5,2
2020-04-02,2457.25,2513.75,1.0,0.0017325723603751,0.0229931834367687,17.5,3
2020-04-03,2505.0,2478.5,1.0,-0.0034808552958727,-0.0105788423153692,17.5,4
2020-04-06,2574.5,2641.0,3.0,0.0387331047004235,0.0258302583025831,65.5,0
2020-04-07,2739.0,2650.0,1.0,0.037107156380159,-0.0324936108068638,17.5,1
2020-04-08,2684.25,2736.75,1.0,0.0129245283018868,0.0195585359038836,17.5,2
2020-04-09,2769.5,2778.0,1.0,0.011966748880972,0.0030691460552445,17.5,3
2020-04-13,2766.5,2755.25,4.0,-0.0041396688264938,-0.0040665100307247,89.5,0
2020-04-14,2802.25,2836.0,1.0,0.0170583431630524,0.0120438933000268,17.5,1
2020-04-15,2773.0,2775.75,1.0,-0.0222143864598025,0.0009917057338622,17.5,2
2020-04-16,2791.25,2788.25,1.0,0.0055840763757541,-0.0010747872816838,17.5,3
2020-04-17,2849.75,2863.5,1.0,0.022056845691742,0.0048249846477761,17.5,4
2020-04-20,2820.5,2815.75,3.0,-0.0150165880914964,-0.0016840985640843,65.5,0
2020-04-21,2765.25,2733.0,1.0,-0.0179348308621148,-0.011662598318416,17.5,1
2020-04-22,2781.75,2786.75,1.0,0.0178375411635565,0.0017974296755638,17.5,2
2020-04-23,2801.25,2785.25,1.0,0.0052031936843994,-0.0057117358322177,17.5,3
2020-04-24,2807.5,2829.75,1.0,0.0079885109056636,0.0079252003561887,17.5,4
2020-04-27,2850.0,2869.75,3.0,0.0071561091969254,0.0069298245614035,65.5,0
2020-04-28,2910.5,2857.75,1.0,0.0141998431919156,-0.0181240336711905,17.5,1
2020-04-29,2909.5,2933.75,1.0,0.0181086519114688,0.0083347654236123,17.5,2
2020-04-30,2911.0,2896.0,1.0,-0.007754580315296,-0.0051528684300927,17.5,3
2020-05-01,2851.5,2825.5,1.0,-0.0153660220994474,-0.0091180080659302,17.5,4
2020-05-04,2799.0,2831.25,3.0,-0.0093788709962838,0.0115219721329045,65.5,0
2020-05-05,2860.75,2858.75,1.0,0.010419426048565,-0.0006991173643274,17.5,1
2020-05-06,2876.75,2835.75,1.0,0.0062964582422386,-0.014252194316503,17.5,2
2020-05-07,2877.5,2875.0,1.0,0.0147227364894648,-0.0008688097306689,17.5,3
2020-05-08,2905.75,2925.25,1.0,0.0106956521739129,0.0067108319710917,17.5,4
2020-05-11,2898.25,2923.5,3.0,-0.0092299803435603,0.0087121538859655,65.5,0
2020-05-12,2937.0,2860.75,1.0,0.004617752693689,-0.0259618658495063,17.5,1
2020-05-13,2856.5,2810.25,1.0,-0.0014856243991959,-0.0161911430071766,17.5,2
2020-05-14,2788.0,2847.5,1.0,-0.0079174450671648,0.021341463414634,17.5,3
2020-05-15,2820.75,2856.25,1.0,-0.0093942054433713,0.0125853053265976,17.5,4
2020-05-18,2928.75,2947.25,3.0,0.0253829321663019,0.0063166880068288,65.5,0
2020-05-19,2938.75,2915.75,1.0,-0.0028840444482144,-0.0078264568268822,17.5,1
2020-05-20,2957.25,2967.75,1.0,0.0142330446711824,0.0035505959928987,17.5,2
2020-05-21,2964.25,2945.0,1.0,-0.0011793446213461,-0.0064940541452306,17.5,3
2020-05-22,2942.5,2951.5,1.0,-0.0008488964346349,0.0030586236193712,17.5,4
2020-05-26,3016.0,2990.25,4.0,0.0218532949347789,-0.0085377984084881,89.5,1
2020-05-27,3017.5,3030.0,1.0,0.0091129504222053,0.0041425020712511,17.5,2
2020-05-28,3040.75,3031.5,1.0,0.0035478547854785,-0.0030420126613499,17.5,3
2020-05-29,3017.25,3044.25,1.0,-0.0047006432459179,0.0089485458612974,17.5,4
2020-06-01,3027.75,3050.5,3.0,-0.005420054200542,0.0075138304021138,65.5,0
2020-06-02,3060.0,3077.0,1.0,0.0031142435666284,0.0055555555555555,17.5,1
2020-06-03,3100.0,3118.0,1.0,0.0074748131296717,0.0058064516129032,17.5,2
2020-06-04,3106.5,3110.25,1.0,-0.0036882617062219,0.0012071463061322,17.5,3
2020-06-05,3172.5,3191.0,1.0,0.0200144682903302,0.0058313632781716,17.5,4
2020-06-08,3202.5,3228.5,3.0,0.0036038859291758,0.008118657298985,65.5,0
2020-06-09,3196.25,3206.75,1.0,-0.0099891590521914,0.0032850997262416,17.5,1
2020-06-10,3212.0,3189.25,1.0,0.0016371715911749,-0.0070828144458281,17.5,2
2020-06-11,3107.0,3012.25,1.0,-0.0257897624833425,-0.0304956549726423,17.5,3
2020-06-12,3079.0,3040.75,1.0,0.022159515312474,-0.0124228645664176,17.5,4
2020-06-15,2982.25,3069.0,3.0,-0.0192386746690783,0.0290887752535837,65.5,0
2020-06-16,3150.0,3124.0,1.0,0.0263929618768328,-0.0082539682539682,17.5,1
2020-06-17,3133.5,3114.0,1.0,0.0030409731113956,-0.006223073240785,17.5,2
2020-06-18,3095.5,3113.75,1.0,-0.0059409120102761,0.0058956549830397,17.5,3
2020-06-22,3080.5,3107.25,4.0,-0.0106784423926133,0.0086836552507709,89.5,0
2020-06-23,3133.25,3123.25,1.0,0.0083675275565211,-0.0031915742439958,17.5,1
2020-06-24,3098.0,3045.75,1.0,-0.0080845273353077,-0.0168657198192382,17.5,2
2020-06-25,3033.5,3073.0,1.0,-0.0040219978658786,0.0130212625679908,17.5,3
2020-06-26,3062.5,3006.5,1.0,-0.0034168564920273,-0.0182857142857142,17.5,4
2020-06-29,3014.25,3045.5,3.0,0.0025777482122069,0.0103674214149456,65.5,0
2020-07-01,3096.0,3102.25,2.0,0.0165818420620587,0.0020187338501291,41.5,2
2020-07-02,3142.5,3122.25,1.0,0.0129744540253042,-0.0064439140811455,17.5,3
2020-07-06,3165.25,3167.25,4.0,0.0137721194651292,0.0006318616223046,89.5,0
2020-07-07,3151.0,3137.0,1.0,-0.0051306338306101,-0.0044430339574738,17.5,1
2020-07-08,3143.5,3158.5,1.0,0.0020720433535224,0.0047717512327023,17.5,2
2020-07-09,3169.0,3142.0,1.0,0.0033243628304575,-0.0085200378668349,17.5,3
2020-07-10,3144.75,3176.5,1.0,0.0008752387014641,0.0100961920661419,17.5,4
2020-07-13,3202.5,3148.0,3.0,0.0081851093971352,-0.0170179547228727,65.5,0
2020-07-14,3132.0,3185.75,1.0,-0.0050825921219822,0.0171615581098338,17.5,1
2020-07-15,3224.0,3218.5,1.0,0.0120065918543514,-0.0017059553349876,17.5,2
2020-07-16,3199.25,3208.0,1.0,-0.0059810470716171,0.0027350160193795,17.5,3
2020-07-17,3214.75,3217.75,1.0,0.002104114713217,0.000933198537989,17.5,4
2020-07-20,3216.5,3244.0,3.0,-0.0003884702043353,0.0085496657857919,65.5,0
2020-07-21,3261.25,3250.5,1.0,0.0053175092478421,-0.0032962821004216,17.5,1
2020-07-22,3246.0,3267.0,1.0,-0.0013844023996307,0.0064695009242143,17.5,2
2020-07-23,3263.0,3227.75,1.0,-0.0012243648607285,-0.0108029420778424,17.5,3
2020-07-24,3206.75,3207.0,1.0,-0.0065060800867476,7.796055196074292e-05,17.5,4
2020-07-27,3213.0,3231.25,3.0,0.0018709073900842,0.0056800497976967,65.5,0
2020-07-28,3226.5,3211.5,1.0,-0.0014700193423597,-0.0046490004649,17.5,1
2020-07-29,3221.5,3247.5,1.0,0.0031138097462244,0.0080707744839361,17.5,2
2020-07-30,3215.5,3237.25,1.0,-0.0098537336412625,0.0067641113357175,17.5,3
2020-07-31,3254.25,3262.75,1.0,0.005251370762221,0.002611968963663,17.5,4
2020-08-03,3280.75,3285.75,3.0,0.0055168186345873,0.001524041758744,65.5,0
2020-08-04,3280.25,3299.5,1.0,-0.001673894848969,0.0058684551482357,17.5,1
2020-08-05,3312.5,3320.5,1.0,0.0039399909077133,0.0024150943396226,17.5,2
2020-08-06,3316.0,3342.25,1.0,-0.0013552175877127,0.007916164053076,17.5,3
2020-08-07,3331.0,3344.0,1.0,-0.0033659959608048,0.0039027319123385,17.5,4
2020-08-10,3350.75,3355.25,3.0,0.0020185406698565,0.0013429829142728,65.5,0
2020-08-11,3370.0,3325.0,1.0,0.0043960956709634,-0.0133531157270029,17.5,1
2020-08-12,3357.5,3369.75,1.0,0.0097744360902256,0.0036485480268055,17.5,2
2020-08-13,3364.75,3366.75,1.0,-0.0014837895986349,0.0005943978007281,17.5,3
2020-08-14,3363.5,3364.5,1.0,-0.0009653226405287,0.000297309350379,17.5,4
2020-08-17,3377.0,3377.5,3.0,0.0037152622975182,0.0001480604086467,65.5,0
2020-08-18,3384.0,3384.25,1.0,0.0019245003700962,7.387706855799259e-05,17.5,1
2020-08-19,3390.0,3369.5,1.0,0.0016990470562163,-0.0060471976401179,17.5,2
2020-08-20,3352.75,3382.75,1.0,-0.0049710639560766,0.0089478786071135,17.5,3
2020-08-21,3378.5,3394.25,1.0,-0.0012563742517183,0.0046618321740417,17.5,4
2020-08-24,3421.25,3426.5,3.0,0.0079546291522427,0.0015345268542199,65.5,0
2020-08-25,3434.5,3440.75,1.0,0.0023347439077776,0.0018197699810744,17.5,1
2020-08-26,3445.5,3474.25,1.0,0.0013805129695561,0.0083442170947611,17.5,2
2020-08-27,3483.75,3483.25,1.0,0.0027344031085845,-0.0001435235019734,17.5,3
2020-08-28,3493.75,3505.0,1.0,0.0030144261824445,0.0032200357781753,17.5,4
2020-08-31,3503.0,3496.75,3.0,-0.0005706134094151,-0.0017841849842992,65.5,0
2020-09-01,3497.25,3525.25,1.0,0.0001429899192106,0.0080062906569446,17.5,1
2020-09-02,3542.25,3577.75,1.0,0.004822353024608,0.0100218787493824,17.5,2
2020-09-03,3561.25,3462.0,1.0,-0.0046118370484242,-0.0278694278694279,17.5,3
2020-09-04,3463.0,3425.0,1.0,0.0002888503755054,-0.0109731446722495,17.5,4
2020-09-08,3354.5,3338.0,4.0,-0.0205839416058394,-0.0049187658369355,89.5,1
2020-09-09,3376.0,3390.5,1.0,0.0113840623127621,0.0042950236966825,17.5,2
2020-09-10,3415.25,3337.75,1.0,0.0072998082878632,-0.0226923358465704,17.5,3
2020-09-11,3360.25,3340.75,1.0,0.0067410680847876,-0.0058031396473476,17.5,4
2020-09-14,3375.75,3383.75,3.0,0.0104766893661603,0.0023698437384285,65.5,0
2020-09-15,3410.75,3404.0,1.0,0.0079793128925009,-0.0019790368687239,17.5,1
2020-09-16,3413.5,3387.25,1.0,0.0027908343125735,-0.0076900541965724,17.5,2
2020-09-17,3331.5,3363.0,1.0,-0.0164587792457008,0.0094552003601982,17.5,3
2020-09-21,3256.25,3273.0,4.0,-0.0317424918227773,0.0051439539347408,89.5,0
2020-09-22,3286.25,3302.75,1.0,0.0040482737549649,0.0050209205020921,17.5,1
2020-09-23,3308.25,3228.5,1.0,0.0016652789342215,-0.0241064006650041,17.5,2
2020-09-24,3217.5,3236.75,1.0,-0.0034071550255536,0.0059829059829059,17.5,3
2020-09-25,3225.5,3284.5,1.0,-0.0034757086583764,0.0182917377150828,17.5,4
2020-09-28,3333.75,3341.0,3.0,0.0149946719439792,0.0021747281589801,65.5,0
2020-09-29,3337.0,3327.5,1.0,-0.001197246333433,-0.0028468684447108,17.5,1
2020-09-30,3338.0,3335.0,1.0,0.0031555221637866,-0.0008987417615338,17.5,2
2020-10-01,3376.25,3369.5,1.0,0.0123688155922039,-0.0019992595335061,17.5,3
2020-10-02,3320.75,3338.75,1.0,-0.0144680219617153,0.0054204622449747,17.5,4
2020-10-05,3364.5,3395.25,3.0,0.0077124672407338,0.0091395452518947,65.5,0
2020-10-06,3400.75,3352.5,1.0,0.0016199101686178,-0.0141880467543924,17.5,1
2020-10-07,3385.0,3405.25,1.0,0.0096942580164056,0.0059822747415065,17.5,2
2020-10-08,3427.5,3436.75,1.0,0.0065340283385948,0.0026987600291756,17.5,3
2020-10-09,3456.5,3470.0,1.0,0.0057467083727358,0.0039056849414147,17.5,4
2020-10-12,3494.5,3524.75,3.0,0.0070605187319885,0.0086564601516669,65.5,0
2020-10-13,3522.5,3504.0,1.0,-0.0006383431449038,-0.0052519517388218,17.5,1
2020-10-14,3506.25,3479.75,1.0,0.0006421232876712,-0.0075579322638146,17.5,2
2020-10-15,3435.75,3476.0,1.0,-0.0126445865363891,0.0117150549370588,17.5,3
2020-10-16,3490.75,3472.5,1.0,0.0042433831990793,-0.0052281028432284,17.5,4
2020-10-19,3488.75,3424.75,3.0,0.0046796256299495,-0.0183446793264062,65.5,0
2020-10-20,3434.25,3429.75,1.0,0.0027739251040221,-0.0013103297663245,17.5,1
2020-10-21,3433.75,3431.75,1.0,0.0011662657628106,-0.0005824535857298,17.5,2
2020-10-22,3434.5,3447.5,1.0,0.0008013404239819,0.0037851215606348,17.5,3
2020-10-23,3459.5,3453.25,1.0,0.0034807831762146,-0.0018066194536783,17.5,4
2020-10-26,3423.5,3395.75,3.0,-0.0086150727575472,-0.0081057397400321,65.5,0
2020-10-27,3396.0,3383.75,1.0,7.362143856282088e-05,-0.0036071849234393,17.5,1
2020-10-28,3321.25,3267.75,1.0,-0.018470631695604,-0.0161083929243507,17.5,2
2020-10-29,3273.5,3299.5,1.0,0.0017596205340066,0.0079425691156254,17.5,3
2020-10-30,3284.25,3271.0,1.0,-0.0046219124109713,-0.0040344066377406,17.5,4
2020-11-02,3300.25,3302.75,3.0,0.0089422195047386,0.0007575183698205,65.5,0
2020-11-03,3337.75,3355.0,1.0,0.0105972295814094,0.0051681521983371,17.5,1
2020-11-04,3414.0,3435.75,1.0,0.0175856929955291,0.0063708260105448,17.5,2
2020-11-05,3492.25,3502.5,1.0,0.0164447355017098,0.0029350705132793,17.5,3
2020-11-06,3497.5,3502.5,1.0,-0.0014275517487508,0.0014295925661187,17.5,4
2020-11-09,3638.75,3548.25,3.0,0.0389007851534617,-0.0248711782892476,65.5,0
2020-11-10,3538.0,3546.75,1.0,-0.0028887479743535,0.0024731486715658,17.5,1
2020-11-11,3562.25,3569.0,1.0,0.0043701980686543,0.0018948698154257,17.5,2
2020-11-12,3556.25,3537.0,1.0,-0.0035724292518912,-0.0054130052724077,17.5,3
2020-11-13,3558.5,3581.75,1.0,0.006078597681651,0.0065336518195868,17.5,4
2020-11-16,3610.25,3626.0,3.0,0.0079570042576953,0.0043625787687833,65.5,0
2020-11-17,3598.5,3608.75,1.0,-0.0075841147269718,0.0028484090593303,17.5,1
2020-11-18,3608.25,3568.25,1.0,-0.000138552130239,-0.0110857063673526,17.5,2
2020-11-19,3552.75,3580.25,1.0,-0.0043438660407763,0.0077404827246498,17.5,3
2020-11-20,3574.0,3550.5,1.0,-0.0017456881502688,-0.0065752658086177,17.5,4
2020-11-23,3575.25,3575.25,3.0,0.0069708491761724,0.0,65.5,0
2020-11-24,3603.0,3633.0,1.0,0.0077616949863645,0.0083263946711074,17.5,1
2020-11-25,3628.0,3626.75,1.0,-0.0013762730525735,-0.0003445424476296,17.5,2
2020-11-30,3628.75,3627.0,5.0,0.0005514579168677,-0.0004822597313124,113.5,0
2020-12-01,3656.75,3659.5,1.0,0.0082023711055969,0.0007520339098927,17.5,1
2020-12-02,3646.25,3668.5,1.0,-0.0036207132121874,0.0061021597531709,17.5,2
2020-12-03,3668.75,3663.75,1.0,6.814774430963233e-05,-0.0013628620102215,17.5,3
2020-12-04,3674.25,3699.5,1.0,0.0028659160696007,0.0068721507790705,17.5,4
2020-12-07,3689.5,3689.75,3.0,-0.0027030679821598,6.775985905949078e-05,65.5,0
2020-12-08,3680.25,3703.25,1.0,-0.0025747001829392,0.0062495754364513,17.5,1
2020-12-09,3707.25,3665.25,1.0,0.0010801323162086,-0.0113291523366376,17.5,2
2020-12-10,3654.5,3667.75,1.0,-0.0029329513675738,0.0036256669859078,17.5,3
2020-12-11,3651.25,3658.75,1.0,-0.0044986708472496,0.0020540910647037,17.5,4
2020-12-14,3686.5,3648.25,3.0,0.0075845575674753,-0.0103756951037569,65.5,0
2020-12-15,3674.5,3691.75,1.0,0.0071952305900089,0.0046945162607157,17.5,1
2020-12-16,3697.75,3703.25,1.0,0.001625245479786,0.001487390981002,17.5,2
2020-12-17,3721.25,3722.75,1.0,0.0048605954229392,0.0004030903594223,17.5,3
2020-12-21,3655.5,3680.75,4.0,-0.0180646027802028,0.0069073998085076,89.5,0
2020-12-22,3684.0,3678.0,1.0,0.0008829722203356,-0.001628664495114,17.5,1
2020-12-23,3691.5,3682.25,1.0,0.0036704730831973,-0.0025057564675605,17.5,2
2020-12-28,3720.75,3726.25,5.0,0.0104555638536221,0.0014781966001478,113.5,0
2020-12-29,3745.5,3721.25,1.0,0.0051660516605165,-0.0064744359898545,17.5,1
2020-12-30,3730.75,3721.25,1.0,0.0025529056096742,-0.0025464048783756,17.5,2
2020-12-31,3723.25,3751.5,1.0,0.000537453812563,0.0075874571946552,17.5,3
2021-01-04,3757.25,3694.0,4.0,0.0015327202452353,-0.01683412069998,89.5,0
2021-01-05,3692.25,3717.0,1.0,-0.000473741201949,0.0067032297379645,17.5,1
2021-01-06,3704.75,3734.0,1.0,-0.0032956685499058,0.0078952695863419,17.5,2
2021-01-07,3766.25,3795.5,1.0,0.0086368505623994,0.0077663458347161,17.5,3
2021-01-08,3812.0,3820.0,1.0,0.0043472533263073,0.0020986358866736,17.5,4
2021-01-11,3782.5,3796.75,3.0,-0.0098167539267015,0.0037673496364838,65.5,0
2021-01-12,3794.5,3792.75,1.0,-0.000592612102456,-0.0004611938331795,17.5,1
2021-01-13,3794.75,3803.25,1.0,0.0005273218640828,0.002239936754727,17.5,2
2021-01-14,3810.5,3790.25,1.0,0.0019062643791494,-0.0053142632200499,17.5,3
2021-01-15,3773.5,3757.0,1.0,-0.0044192335597915,-0.0043725983834635,17.5,4
2021-01-19,3792.0,3788.75,4.0,0.0093159435719989,-0.0008570675105484,89.5,1
2021-01-20,3812.5,3840.5,1.0,0.0062685582316066,0.0073442622950818,17.5,2
2021-01-21,3847.25,3846.0,1.0,0.0017575836479624,-0.0003249074013905,17.5,3
2021-01-22,3826.5,3831.75,1.0,-0.0050702028081123,0.0013720109760877,17.5,4
2021-01-25,3844.5,3850.25,3.0,0.0033274613427285,0.0014956431265444,65.5,0
2021-01-26,3861.25,3843.5,1.0,0.0028569573404324,-0.0045969569439948,17.5,1
2021-01-27,3795.5,3754.75,1.0,-0.0124886171458306,-0.0107363983664866,17.5,2
2021-01-28,3769.0,3776.0,1.0,0.0037951927558426,0.0018572565667285,17.5,3
2021-01-29,3758.25,3710.25,1.0,-0.0047007415254237,-0.0127719018160047,17.5,4
2021-02-01,3745.5,3761.5,3.0,0.0095007074994946,0.0042717928180482,65.5,0
2021-02-02,3800.5,3814.25,1.0,0.0103682041738668,0.003617945007236,17.5,1
2021-02-03,3826.0,3825.25,1.0,0.0030805531887003,-0.0001960271824359,17.5,2
2021-02-04,3832.5,3864.5,1.0,0.0018953009607214,0.0083496412263535,17.5,3
2021-02-05,3885.0,3881.25,1.0,0.0053046965972312,-0.000965250965251,17.5,4
2021-02-08,3897.0,3908.5,3.0,0.0040579710144927,0.0029509879394404,65.5,0
2021-02-09,3899.25,3908.5,1.0,-0.0023666368171932,0.0023722510739245,17.5,1
2021-02-10,3925.5,3906.0,1.0,0.004349494691058,-0.0049675200611387,17.5,2
2021-02-11,3915.75,3910.5,1.0,0.0024961597542243,-0.0013407393219689,17.5,3
2021-02-12,3903.75,3933.0,1.0,-0.0017261219792865,0.0074927953890489,17.5,4
2021-02-16,3941.75,3927.25,4.0,0.002224764810577,-0.0036785691634426,89.5,1
2021-02-17,3908.0,3927.75,1.0,-0.0049016487363932,0.0050537359263049,17.5,2
2021-02-18,3898.25,3913.0,1.0,-0.0075106613200941,0.003783749118194,17.5,3
2021-02-19,3923.25,3901.5,1.0,0.002619473549706,-0.0055438730644236,17.5,4
2021-02-22,3876.75,3876.0,3.0,-0.0063437139561707,-0.0001934610176049,65.5,0
2021-02-23,3846.75,3881.25,1.0,-0.007546439628483,0.0089686098654708,17.5,1
2021-02-24,3867.75,3921.0,1.0,-0.0034782608695652,0.0137676943959665,17.5,2
2021-02-25,3908.0,3831.0,1.0,-0.0033154807447079,-0.0197031729785056,17.5,3
2021-02-26,3844.75,3807.0,1.0,0.0035891412163926,-0.0098185837830808,17.5,4
2021-03-01,3863.75,3895.5,3.0,0.0149067507223534,0.0082174053704302,65.5,0
2021-03-02,3902.5,3869.5,1.0,0.0017969451931716,-0.0084561178731582,17.5,1
2021-03-03,3864.25,3815.5,1.0,-0.0013567644398501,-0.0126156433978132,17.5,2
2021-03-04,3818.75,3773.0,1.0,0.0008517887563883,-0.0119803600654664,17.5,3
2021-03-05,3801.25,3840.5,1.0,0.0074874105486351,0.0103255508056561,17.5,4
2021-03-08,3846.25,3819.5,3.0,0.0014972008853013,-0.0069548261293467,65.5,0
2021-03-09,3862.75,3872.75,1.0,0.0113234716585941,0.0025888292019933,17.5,1
2021-03-10,3898.0,3897.75,1.0,0.0065199147892325,-6.413545407901733e-05,17.5,2
2021-03-11,3924.5,3935.0,1.0,0.0068629337438266,0.0026755000637024,17.5,3
2021-03-12,3922.0,3944.0,1.0,-0.0033036848792884,0.0056093829678736,17.5,4
2021-03-15,3945.75,3967.25,3.0,0.0004437119675455,0.0054489007159601,65.5,0
2021-03-16,3970.75,3961.25,1.0,0.0008822232024703,-0.0023924951205691,17.5,1
2021-03-17,3944.5,3975.5,1.0,-0.0042284632376143,0.0078590442388135,17.5,2
2021-03-18,3949.0,3918.75,1.0,-0.0066658281977109,-0.0076601671309192,17.5,3
2021-03-22,3907.5,3932.5,4.0,-0.0028708133971291,0.0063979526551503,89.5,0
2021-03-23,3921.5,3900.5,1.0,-0.0027972027972027,-0.00535509371414,17.5,1
2021-03-24,3914.75,3878.0,1.0,0.0036533777720804,-0.0093875726419311,17.5,2
2021-03-25,3862.0,3900.75,1.0,-0.004125838060856,0.0100336613153806,17.5,3
2021-03-26,3913.75,3962.5,1.0,0.0033326924309426,0.0124560843181091,17.5,4
2021-03-29,3951.0,3960.25,3.0,-0.0029022082018927,0.0023411794482408,65.5,0
2021-03-30,3951.0,3949.5,1.0,-0.0023357111293479,-0.0003796507213363,17.5,1
2021-03-31,3959.75,3971.0,1.0,0.0025952652234459,0.0028410884525538,17.5,2
2021-04-01,3987.25,4012.25,1.0,0.004092168219592,0.0062699855790331,17.5,3
2021-04-05,4039.75,4065.5,4.0,0.0068540095956133,0.0063741568166346,89.5,0
2021-04-06,4061.75,4064.75,1.0,-0.0009223957692781,0.000738597894996,17.5,1
2021-04-07,4064.0,4070.5,1.0,-0.0001845131926933,0.0015994094488189,17.5,2
2021-04-08,4081.75,4091.75,1.0,0.0027637882324038,0.002449929564525,17.5,3
2021-04-09,4088.0,4120.0,1.0,-0.0009164782794647,0.0078277886497064,17.5,4
2021-04-12,4113.0,4123.75,3.0,-0.0016990291262135,0.0026136639922198,65.5,0
2021-04-13,4119.75,4133.25,1.0,-0.0009699909063352,0.0032768978700163,17.5,1
2021-04-14,4131.25,4123.5,1.0,-0.0004838807234016,-0.001875945537065,17.5,2
2021-04-15,4144.0,4162.5,1.0,0.0049715047896203,0.0044642857142858,17.5,3
2021-04-16,4176.0,4175.25,1.0,0.0032432432432432,-0.0001795977011493,17.5,4
2021-04-19,4168.0,4156.75,3.0,-0.0017364229686844,-0.0026991362763915,65.5,0
2021-04-20,4144.75,4123.25,1.0,-0.0028868707523906,-0.0051872851197297,17.5,1
2021-04-21,4122.0,4161.75,1.0,-0.0003031589159037,0.0096433770014556,17.5,2
2021-04-22,4161.25,4128.0,1.0,-0.0001201417672853,-0.0079903875037549,17.5,3
2021-04-23,4134.5,4169.75,1.0,0.0015746124031008,0.0085258193251904,17.5,4
2021-04-26,4178.0,4181.0,3.0,0.0019785358834463,0.0007180469123981,65.5,0
2021-04-27,4180.5,4180.5,1.0,-0.0001195886151638,0.0,17.5,1
2021-04-28,4183.25,4177.5,1.0,0.0006578160507115,-0.0013745293730951,17.5,2
2021-04-29,4210.5,4201.5,1.0,0.0078994614003591,-0.0021375133594584,17.5,3
2021-04-30,4178.0,4180.0,1.0,-0.0055932405093419,0.0004786979415989,17.5,4
2021-05-03,4197.0,4185.75,3.0,0.0040669856459329,-0.0026804860614725,65.5,0
2021-05-04,4167.25,4156.75,1.0,-0.0044197575106014,-0.0025196472493851,17.5,1
2021-05-05,4177.0,4158.25,1.0,0.0048715943946593,-0.0044888676083313,17.5,2
2021-05-06,4161.0,4195.5,1.0,0.000661335898515,0.0082912761355442,17.5,3
2021-05-07,4197.5,4225.25,1.0,0.0004767012275057,0.0066110780226324,17.5,4
2021-05-10,4227.5,4181.75,3.0,0.0005325128690609,-0.0108219988172678,65.5,0
2021-05-11,4133.0,4149.75,1.0,-0.0116577987684581,0.0040527461892088,17.5,1
2021-05-12,4119.75,4062.75,1.0,-0.0072293511657328,-0.0138357910067358,17.5,2
2021-05-13,4080.25,4104.0,1.0,0.004307427235247,0.0058207217694994,17.5,3
2021-05-14,4138.0,4171.25,1.0,0.0082846003898635,0.0080352827452876,17.5,4
2021-05-17,4157.75,4157.25,3.0,-0.0032364399160923,-0.0001202573507305,65.5,0
2021-05-18,4161.75,4122.5,1.0,0.0010824463287029,-0.0094311287319036,17.5,1
2021-05-19,4067.75,4112.5,1.0,-0.0132807762280169,0.0110011677217134,17.5,2
2021-05-20,4124.0,4153.25,1.0,0.0027963525835865,0.0070926285160037,17.5,3
2021-05-21,4174.0,4156.75,1.0,0.0049960874014325,-0.0041327264015332,17.5,4
2021-05-24,4174.75,4195.5,3.0,0.0043303061285859,0.0049703575064374,65.5,0
2021-05-25,4204.75,4185.0,1.0,0.0022047431772136,-0.0046970687912479,17.5,1
2021-05-26,4192.0,4192.75,1.0,0.0016726403823177,0.0001789122137405,17.5,2
2021-05-27,4206.75,4198.75,1.0,0.0033390972512075,-0.001901705592203,17.5,3
2021-05-28,4211.0,4204.75,1.0,0.0029175349806489,-0.0014842080265969,17.5,4
2021-06-01,4229.5,4198.5,4.0,0.0058862001308044,-0.0073294715687433,89.5,1
2021-06-02,4203.75,4205.75,1.0,0.0012504465880671,0.0004757656853999,17.5,2
2021-06-03,4182.75,4190.25,1.0,-0.0054687035606015,0.0017930787161557,17.5,3
2021-06-04,4210.75,4226.0,1.0,0.004892309528071,0.0036216825981119,17.5,4
2021-06-07,4228.5,4225.25,3.0,0.000591575958353,-0.0007685940640889,65.5,0
2021-06-08,4233.75,4225.5,1.0,0.0020117152831193,-0.0019486271036315,17.5,1
2021-06-09,4234.25,4219.5,1.0,0.0020707608567034,-0.0034834976678278,17.5,2
2021-06-10,4234.75,4239.5,1.0,0.0036141722952955,0.001121671881457,17.5,3
2021-06-11,4242.5,4245.25,1.0,0.0007076306168181,0.0006482027106657,17.5,4
2021-06-14,4244.5,4256.5,3.0,-0.0001766680407514,0.0028271881258099,65.5,0
2021-06-15,4254.5,4247.5,1.0,-0.0004698696111828,-0.0016453167234692,17.5,1
2021-06-16,4250.75,4225.75,1.0,0.0007651559741024,-0.0058813150620479,17.5,2
2021-06-17,4223.5,4223.0,1.0,-0.0005324498609714,-0.0001183852255238,17.5,3
2021-06-21,4177.0,4214.25,4.0,-0.0108927302865261,0.0089178836485515,89.5,0
2021-06-22,4211.5,4235.25,1.0,-0.0006525479029483,0.0056393209070402,17.5,1
2021-06-23,4238.75,4234.0,1.0,0.000826397497196,-0.0011206133883809,17.5,2
2021-06-24,4253.75,4255.75,1.0,0.004664619744922,0.0004701733764325,17.5,3
2021-06-25,4265.5,4273.25,1.0,0.0022910180344239,0.0018169030594303,17.5,4
2021-06-28,4277.25,4278.75,3.0,0.0009360556953139,0.0003506926179204,65.5,0
2021-06-29,4287.25,4283.5,1.0,0.0019865614957639,-0.0008746865706454,17.5,1
2021-06-30,4281.0,4291.75,1.0,-0.0005836348780202,0.0025110955384255,17.5,2
2021-07-01,4296.5,4310.25,1.0,0.0011067746257353,0.0032002792971022,17.5,3
2021-07-02,4321.0,4341.25,1.0,0.0024940548692071,0.004686415181671,17.5,4
2021-07-06,4344.25,4331.75,4.0,0.0006910452058739,-0.0028773666340564,89.5,1
2021-07-07,4342.25,4348.75,1.0,0.0024239626017199,0.001496919799643,17.5,2
2021-07-08,4295.0,4312.25,1.0,-0.0123598735268755,0.0040162980209546,17.5,3
2021-07-09,4329.75,4359.75,1.0,0.0040582062728273,0.0069288065130781,17.5,4
2021-07-12,4357.5,4377.0,3.0,-0.0005160846378806,0.0044750430292599,65.5,0
2021-07-13,4368.0,4362.25,1.0,-0.002056202878684,-0.0013163919413919,17.5,1
2021-07-14,4380.0,4369.75,1.0,0.0040690010888875,-0.0023401826484018,17.5,2
2021-07-15,4356.0,4353.25,1.0,-0.0031466331025802,-0.0006313131313131,17.5,3
2021-07-16,4363.75,4321.25,1.0,0.0024119910411761,-0.0097393297049556,17.5,4
2021-07-19,4265.0,4253.5,3.0,-0.013017066820943,-0.0026963657678781,65.5,0
2021-07-20,4260.75,4314.25,1.0,0.0017044786646291,0.0125564747990376,17.5,1
2021-07-21,4328.75,4352.0,1.0,0.0033609549747928,0.0053710655501011,17.5,2
2021-07-22,4354.0,4360.75,1.0,0.0004595588235294,0.001550298576022,17.5,3
2021-07-23,4378.0,4402.0,1.0,0.003955741558218,0.005481955230699,17.5,4
2021-07-26,4399.75,4415.75,3.0,-0.0005111313039527,0.0036365702596738,65.5,0
2021-07-27,4398.75,4392.25,1.0,-0.0038498556304138,-0.0014776925262858,17.5,1
2021-07-28,4400.5,4391.5,1.0,0.0018783083840856,-0.0020452221338483,17.5,2
2021-07-29,4406.25,4412.5,1.0,0.003358761243311,0.0014184397163119,17.5,3
2021-07-30,4385.5,4393.75,1.0,-0.0061189801699716,0.001881199407137,17.5,4
2021-08-02,4407.0,4382.5,3.0,0.0030156472261735,-0.0055593374177445,65.5,0
2021-08-03,4389.0,4411.5,1.0,0.0014831717056473,0.0051264524948735,17.5,1
2021-08-04,4399.75,4394.5,1.0,-0.0026634931429219,-0.0011932496164555,17.5,2
2021-08-05,4404.75,4420.0,1.0,0.0023324610308339,0.0034621715193825,17.5,3
2021-08-06,4426.25,4430.0,1.0,0.0014140271493212,0.0008472182999152,17.5,4
2021-08-09,4431.5,4426.75,3.0,0.0003386004514671,-0.0010718718266952,65.5,0
2021-08-10,4429.25,4427.75,1.0,0.0005647484045856,-0.0003386577863069,17.5,1
2021-08-11,4441.75,4440.5,1.0,0.003161876799729,-0.0002814206112455,17.5,2
2021-08-12,4437.25,4454.25,1.0,-0.0007318995608602,0.0038312017578454,17.5,3
2021-08-13,4459.0,4462.25,1.0,0.0010663972610427,0.0007288629737609,17.5,4
2021-08-16,4448.0,4476.0,3.0,-0.0031934562160345,0.006294964028777,65.5,0
2021-08-17,4443.75,4441.0,1.0,-0.0072050938337802,-0.000618846694796,17.5,1
2021-08-18,4431.75,4395.75,1.0,-0.0020828642197703,-0.0081232018954138,17.5,2
2021-08-19,4371.25,4403.5,1.0,-0.0055735653756469,0.0073777523591649,17.5,3
2021-08-20,4401.0,4435.25,1.0,-0.0005677302146019,0.0077823221995001,17.5,4
2021-08-23,4458.0,4477.5,3.0,0.0051293613663265,0.0043741588156123,65.5,0
2021-08-24,4481.5,4483.25,1.0,0.000893355667225,0.0003904942541559,17.5,1
2021-08-25,4483.0,4493.75,1.0,-5.576311827359959e-05,0.0023979478028106,17.5,2
2021-08-26,4489.5,4468.25,1.0,-0.0009457579972184,-0.0047332665107473,17.5,3
2021-08-27,4477.0,4505.75,1.0,0.001958261064175,0.0064217109671655,17.5,4
2021-08-30,4514.0,4524.75,3.0,0.0018309937302336,0.0023814798404961,65.5,0
2021-08-31,4522.25,4523.5,1.0,-0.0005525167136305,0.000276411078556,17.5,1
2021-09-01,4527.5,4523.5,1.0,0.0008842710290704,-0.0008834897846493,17.5,2
2021-09-02,4538.0,4536.75,1.0,0.0032054824803802,-0.0002754517408549,17.5,3
2021-09-03,4528.5,4533.25,1.0,-0.0018184823937841,0.0010489124434138,17.5,4
2021-09-07,4528.5,4518.5,4.0,-0.0010478133789224,-0.0022082367229766,89.5,1
2021-09-08,4509.5,4512.25,1.0,-0.0019918114418501,0.0006098237055105,17.5,2
2021-09-09,4510.0,4493.75,1.0,-0.0004986425840767,-0.0036031042128603,17.5,3
2021-09-10,4516.5,4459.75,1.0,0.0050625869262865,-0.0125650393003431,17.5,4
2021-09-13,4491.75,4472.0,3.0,0.0071752900947361,-0.0043969499638225,65.5,0
2021-09-14,4484.5,4444.75,1.0,0.0027951699463326,-0.0088638644218976,17.5,1
2021-09-15,4451.5,4481.0,1.0,0.0015186455931155,0.0066269796697742,17.5,2
2021-09-16,4474.75,4472.75,1.0,-0.0013947779513501,-0.0004469523437063,17.5,3
2021-09-20,4345.5,4345.5,4.0,-0.0284500586887261,0.0,89.5,0
2021-09-21,4365.0,4341.75,1.0,0.0044874007594062,-0.0053264604810996,17.5,1
2021-09-22,4364.25,4383.0,1.0,0.0051822421834513,0.0042962708369136,17.5,2
2021-09-23,4406.75,4437.25,1.0,0.0054186630161989,0.0069212004311567,17.5,3
2021-09-24,4419.75,4446.75,1.0,-0.003943884162488,0.0061089428135074,17.5,4
2021-09-27,4435.0,4431.5,3.0,-0.0026423792657558,-0.0007891770011273,65.5,0
2021-09-28,4404.75,4348.5,1.0,-0.0060363308134943,-0.0127703047846075,17.5,1
2021-09-29,4357.75,4352.0,1.0,0.0021271702886052,-0.0013194882680281,17.5,2
2021-09-30,4366.5,4304.25,1.0,0.0033318014705883,-0.0142562693232566,17.5,3
2021-10-01,4319.25,4347.5,1.0,0.0034849276877504,0.0065404873531285,17.5,4
2021-10-04,4334.75,4294.75,3.0,-0.0029327199539965,-0.00922775246554,65.5,0
2021-10-05,4306.75,4334.5,1.0,0.0027941090866756,0.0064433737737272,17.5,1
2021-10-06,4297.25,4353.75,1.0,-0.0085938401199676,0.0131479434522077,17.5,2
2021-10-07,4391.25,4390.5,1.0,0.0086132644272178,-0.0001707941929974,17.5,3
2021-10-08,4395.5,4382.0,1.0,0.0011388224575787,-0.0030713229439198,17.5,4
2021-10-11,4376.5,4348.5,3.0,-0.0012551346417161,-0.0063978064663543,65.5,0
2021-10-12,4357.25,4335.25,1.0,0.0020121881108428,-0.0050490561707499,17.5,1
2021-10-13,4350.25,4355.25,1.0,0.0034600080733522,0.001149359232228,17.5,2
2021-10-14,4396.0,4428.25,1.0,0.0093565237357211,0.0073362147406732,17.5,3
2021-10-15,4449.75,4463.5,1.0,0.00485519110258,0.0030900612393953,17.5,4
2021-10-18,4441.5,4476.0,3.0,-0.0049288674806765,0.0077676460655184,65.5,0
2021-10-19,4492.0,4512.75,1.0,0.003574620196604,0.0046193232413178,17.5,1
2021-10-20,4515.75,4528.5,1.0,0.0006647831145087,0.0028234512539444,17.5,2
2021-10-21,4521.5,4541.25,1.0,-0.0015457657060836,0.0043680194625677,17.5,3
2021-10-22,4536.25,4532.75,1.0,-0.0011010184420588,-0.000771562413888,17.5,4
2021-10-25,4546.75,4560.25,3.0,0.003088632728476,0.0029691537911695,65.5,0
2021-10-26,4574.25,4565.75,1.0,0.0030700071268021,-0.0018582281248291,17.5,1
2021-10-27,4569.0,4546.25,1.0,0.0007118217160377,-0.0049792077040927,17.5,2
2021-10-28,4563.75,4589.5,1.0,0.0038493263678855,0.005642289783621,17.5,3
2021-10-29,4564.75,4597.25,1.0,-0.0053927443076587,0.0071197765485513,17.5,4
2021-11-01,4606.75,4604.75,3.0,0.0020664527706781,-0.0004341455472947,65.5,0
2021-11-02,4609.0,4622.75,1.0,0.00092295998697,0.0029832935560858,17.5,1
2021-11-03,4616.75,4650.0,1.0,-0.001297928722081,0.007202036064331,17.5,2
2021-11-04,4656.0,4672.75,1.0,0.001290322580645,0.0035975085910653,17.5,3
2021-11-05,4696.25,4686.25,1.0,0.0050291584184902,-0.0021293585307425,17.5,4
2021-11-08,4701.25,4692.25,3.0,0.0032008535609495,-0.0019143844722148,65.5,0
2021-11-09,4697.0,4677.75,1.0,0.0010123075283712,-0.0040983606557376,17.5,1
2021-11-10,4663.25,4641.0,1.0,-0.0030997808775586,-0.0047713504530102,17.5,2
2021-11-11,4653.0,4644.0,1.0,0.0025856496444731,-0.0019342359767892,17.5,3
2021-11-12,4654.5,4677.25,1.0,0.0022609819121446,0.0048877430443656,17.5,4
2021-11-15,4687.5,4680.0,3.0,0.0021914586562616,-0.0016,65.5,0
2021-11-16,4675.5,4695.5,1.0,-0.0009615384615384,0.0042776173671266,17.5,1
2021-11-17,4693.0,4685.25,1.0,-0.0005324246619103,-0.001651395695717,17.5,2
2021-11-18,4694.25,4704.5,1.0,0.0019209220425804,0.0021835223944186,17.5,3
2021-11-19,4696.75,4693.75,1.0,-0.0016473589116803,-0.0006387395539468,17.5,4
2021-11-22,4714.75,4677.75,3.0,0.0044740346205058,-0.0078477119677607,65.5,0
2021-11-23,4680.5,4685.5,1.0,0.0005878894767783,0.001068261937827,17.5,1
2021-11-24,4663.75,4699.0,1.0,-0.00464198057838,0.0075582953631734,17.5,2
2021-11-29,4649.25,4651.5,5.0,-0.0105873590125558,0.000483949024036,113.5,0
2021-11-30,4622.25,4574.25,1.0,-0.0062882940986778,-0.010384552977446,17.5,1
2021-12-01,4617.25,4512.0,1.0,0.0094004481609006,-0.0227949537062104,17.5,2
2021-12-02,4518.75,4576.5,1.0,0.0014960106382979,0.0127800829875519,17.5,3
2021-12-03,4594.0,4537.5,1.0,0.0038238828799301,-0.0122986504135829,17.5,4
2021-12-06,4569.75,4588.75,3.0,0.007107438016529,0.004157776683626,65.5,0
2021-12-07,4648.25,4688.5,1.0,0.0129664941432852,0.0086591728069702,17.5,1
2021-12-08,4688.25,4699.0,1.0,-5.332195798224415e-05,0.0022929664586999,17.5,2
2021-12-09,4683.75,4667.75,1.0,-0.0032453713556075,-0.0034160661862823,17.5,3
2021-12-10,4698.75,4709.5,1.0,0.0066413154089228,0.0022878425113062,17.5,4
2021-12-13,4706.25,4669.0,3.0,-0.0006900944898609,-0.0079150066401062,65.5,0
2021-12-14,4636.5,4634.25,1.0,-0.0069608053116299,-0.0004852798447104,17.5,1
2021-12-15,4639.5,4708.75,1.0,0.0011328693963423,0.0149261773898048,17.5,2
2021-12-16,4728.0,4669.25,1.0,0.0040881337934695,-0.012425972927242,17.5,3
2021-12-20,4552.5,4557.25,4.0,-0.0250040156342025,0.0010433827567271,89.5,0
2021-12-21,4599.5,4637.25,1.0,0.0092709419057546,0.0082074138493315,17.5,1
2021-12-22,4639.5,4685.75,1.0,0.0004852013585638,0.0099687466321802,17.5,2
2021-12-23,4697.0,4718.75,1.0,0.0024008963346315,0.0046306152863528,17.5,3
2021-12-27,4735.25,4783.25,4.0,0.0034966887417218,0.0101367404044137,89.5,0
2021-12-28,4786.0,4781.25,1.0,0.0005749229080644,-0.0009924780610113,17.5,1
2021-12-29,4782.0,4785.5,1.0,0.000156862745098,0.0007319113341697,17.5,2
2021-12-30,4790.25,4774.5,1.0,0.0009925817573921,-0.0032879286049788,17.5,3
2021-12-31,4767.75,4765.5,1.0,-0.0014137606032045,-0.0004719207173194,17.5,4
2022-01-03,4774.25,4785.75,3.0,0.0018361137341307,0.0024087553018798,65.5,0
2022-01-04,4801.5,4782.75,1.0,0.003291020216267,-0.0039050296782255,17.5,1
2022-01-05,4782.25,4693.0,1.0,-0.0001045423657937,-0.0186627633436143,17.5,2
2022-01-06,4688.25,4686.25,1.0,-0.0010121457489878,-0.0004265984109209,17.5,3
2022-01-07,4685.25,4669.25,1.0,-0.0002133902373966,-0.003414972520143,17.5,4
2022-01-10,4634.25,4662.25,3.0,-0.007495850511324,0.0060419701138263,65.5,0
2022-01-11,4656.25,4705.25,1.0,-0.001286932275189,0.0105234899328858,17.5,1
2022-01-12,4723.0,4721.0,1.0,0.0037723819138195,-0.0004234596654668,17.5,2
2022-01-13,4728.5,4656.0,1.0,0.0015886464732048,-0.0153325578936237,17.5,3
2022-01-14,4621.5,4655.25,1.0,-0.0074097938144329,0.0073028237585199,17.5,4
2022-01-18,4599.5,4567.75,4.0,-0.011975726330487,-0.0069029242308946,89.5,1
2022-01-19,4588.25,4529.25,1.0,0.0044879864265776,-0.012858933144445,17.5,2
2022-01-20,4548.0,4473.25,1.0,0.0041397582381188,-0.0164357959542655,17.5,3
2022-01-21,4457.0,4386.5,1.0,-0.0036327055273012,-0.0158178146735472,17.5,4
2022-01-24,4317.5,4401.25,3.0,-0.0157300809301265,0.0193977996525767,65.5,0
2022-01-25,4335.75,4352.0,1.0,-0.0148821357568872,0.0037479098195236,17.5,1
2022-01-26,4413.5,4339.0,1.0,0.0141314338235294,-0.0168800271893055,17.5,2
2022-01-27,4390.5,4319.25,1.0,0.0118690942613506,-0.0162282200204988,17.5,3
2022-01-28,4335.5,4418.75,1.0,0.0037622272385251,0.019201937492792,17.5,4
2022-01-31,4416.25,4497.5,3.0,-0.0005657708628005,0.0183979620718934,65.5,0
2022-02-01,4506.0,4536.5,1.0,0.0018899388549193,0.0067687527740789,17.5,1
2022-02-02,4558.5,4577.5,1.0,0.0048495536206325,0.0041680377317099,17.5,2
2022-02-03,4516.5,4470.5,1.0,-0.0133260513380666,-0.0101848776707627,17.5,3
2022-02-04,4469.0,4492.0,1.0,-0.0003355329381501,0.00514656522712,17.5,4
2022-02-07,4497.5,4479.0,3.0,0.0012243989314335,-0.0041133963312951,65.5,0
2022-02-08,4476.5,4512.5,1.0,-0.0005581603036391,0.0080419970959455,17.5,1
2022-02-09,4557.25,4575.75,1.0,0.0099168975069252,0.0040594656865433,17.5,2
2022-02-10,4523.0,4494.5,1.0,-0.0115281647817298,-0.0063011275701967,17.5,3
2022-02-11,4503.25,4408.5,1.0,0.0019468238958726,-0.0210403597401876,17.5,4
2022-02-14,4413.0,4394.25,3.0,0.0010207553589656,-0.0042488103331067,65.5,0
2022-02-15,4441.75,4460.0,1.0,0.0108095807020538,0.0041087409241853,17.5,1
2022-02-16,4445.75,4468.5,1.0,-0.0031950672645739,0.0051172468087499,17.5,2
2022-02-17,4439.25,4374.75,1.0,-0.0065458207452164,-0.0145294813313059,17.5,3
2022-02-18,4381.0,4348.0,1.0,0.0014286530658895,-0.0075325268203606,17.5,4
2022-02-22,4328.0,4308.5,4.0,-0.0045998160073597,-0.0045055452865064,89.5,1
2022-02-23,4331.25,4224.5,1.0,0.0052802599512591,-0.0246464646464646,17.5,2
2022-02-24,4114.25,4284.0,1.0,-0.0260977630488815,0.0412590387069331,17.5,3
2022-02-25,4293.25,4382.0,1.0,0.0021591970121381,0.0206719850928782,17.5,4
2022-02-28,4333.75,4368.5,3.0,-0.0110109539023277,0.0080184597634842,65.5,0
2022-03-01,4361.75,4305.75,1.0,-0.0015451527984433,-0.0128388834756691,17.5,1
2022-03-02,4329.0,4380.5,1.0,0.0053997561400453,0.0118965118965119,17.5,2
2022-03-03,4410.75,4357.75,1.0,0.0069056043830613,-0.0120160970356515,17.5,3
2022-03-04,4325.25,4323.75,1.0,-0.007457977167116,-0.0003468007629616,17.5,4
2022-03-07,4319.25,4199.25,3.0,-0.001040763226366,-0.0277826011460322,65.5,0
2022-03-08,4202.5,4158.75,1.0,0.0007739477287611,-0.0104104699583581,17.5,1
2022-03-09,4250.5,4278.0,1.0,0.0220619176435226,0.0064698270791672,17.5,2
2022-03-10,4230.25,4256.5,1.0,-0.011161757830762,0.0062053070149519,17.5,3
2022-03-11,4288.5,4205.5,1.0,0.0075179137789262,-0.0193540865104349,17.5,4
2022-03-14,4218.0,4179.5,3.0,0.0029722981809534,-0.0091275486012327,65.5,0
2022-03-15,4206.25,4263.25,1.0,0.0064002871156836,0.0135512630014857,17.5,1
2022-03-16,4302.75,4357.0,1.0,0.0092652319240016,0.0126082156760212,17.5,2
2022-03-17,4338.25,4412.25,1.0,-0.0043034197842551,0.0170575692963752,17.5,3
2022-03-21,4456.25,4451.0,4.0,0.0099722363873306,-0.0011781206171107,89.5,0
2022-03-22,4470.25,4506.5,1.0,0.0043248708155469,0.0081091661540182,17.5,1
2022-03-23,4479.25,4445.75,1.0,-0.0060468212581826,-0.0074789306245465,17.5,2
2022-03-24,4467.75,4513.0,1.0,0.0049485463645053,0.0101281405629232,17.5,3
2022-03-25,4520.75,4533.5,1.0,0.0017172612452913,0.0028203284853176,17.5,4
2022-03-28,4531.5,4569.25,3.0,-0.0004411602514613,0.008330574864835,65.5,0
2022-03-29,4612.75,4625.5,1.0,0.0095201619521803,0.00276407782776,17.5,1
2022-03-30,4616.0,4598.75,1.0,-0.0020538320181602,-0.0037370017331022,17.5,2
2022-03-31,4589.5,4535.25,1.0,-0.0020114161456917,-0.0118204597450702,17.5,3
2022-04-01,4541.0,4535.0,1.0,0.0012678463149771,-0.0013212948689715,17.5,4
2022-04-04,4540.75,4577.25,3.0,0.0012679162072768,0.0080383196608488,65.5,0
2022-04-05,4566.5,4523.75,1.0,-0.0023485717406739,-0.0093616555348735,17.5,1
2022-04-06,4483.5,4473.5,1.0,-0.0088974854932302,-0.002230400356864,17.5,2
2022-04-07,4469.25,4497.75,1.0,-0.0009500391192578,0.0063769088773284,17.5,3
2022-04-08,4488.5,4487.5,1.0,-0.0020565838474793,-0.0002227915784783,17.5,4
2022-04-11,4456.25,4409.25,3.0,-0.0069637883008356,-0.01054698457223,65.5,0
2022-04-12,4434.25,4388.25,1.0,0.0056698985088166,-0.0103737948920336,17.5,1
2022-04-13,4388.75,4438.5,1.0,0.0001139406369281,0.0113358017658786,17.5,2
2022-04-14,4446.25,4386.5,1.0,0.0017460853892081,-0.0134382906944053,17.5,3
2022-04-18,4387.25,4391.0,4.0,0.0001709791405448,0.0008547495583794,89.5,0
2022-04-19,4391.0,4450.0,1.0,0.0,0.0134365748121156,17.5,1
2022-04-20,4478.5,4459.25,1.0,0.0064044943820225,-0.0042983141676901,17.5,2
2022-04-21,4499.25,4385.75,1.0,0.0089701182934349,-0.0252264266266599,17.5,3
2022-04-22,4375.0,4263.5,1.0,-0.0024511201048851,-0.0254857142857143,17.5,4
2022-04-25,4234.0,4295.75,3.0,-0.0069191978421484,0.0145843174303259,65.5,0
2022-04-26,4264.25,4165.75,1.0,-0.0073328289588546,-0.0230990209298235,17.5,1
2022-04-27,4187.5,4178.0,1.0,0.0052211486527036,-0.0022686567164179,17.5,2
2022-04-28,4235.25,4279.5,1.0,0.0137027285782671,0.0104480255002656,17.5,3
2022-04-29,4241.75,4131.5,1.0,-0.0088211239630797,-0.0259916308127541,17.5,4
2022-05-02,4135.0,4153.0,3.0,0.0008471499455404,0.0043530834340992,65.5,0
2022-05-03,4149.5,4170.5,1.0,-0.000842764266795,0.0050608507049041,17.5,1
2022-05-04,4174.75,4292.75,1.0,0.0010190624625343,0.0282651655787771,17.5,2
2022-05-05,4248.75,4148.0,1.0,-0.0102498398462523,-0.0237128567225655,17.5,3
2022-05-06,4113.75,4115.5,1.0,-0.0082569913211185,0.0004254026131875,17.5,4
2022-05-09,4057.5,3994.0,3.0,-0.014093062811323,-0.0156500308071472,65.5,0
2022-05-10,4063.0,3993.25,1.0,0.0172759138708062,-0.0171671178931823,17.5,1
2022-05-11,3985.25,3932.5,1.0,-0.0020033807049395,-0.0132363088890282,17.5,2
2022-05-12,3905.0,3926.5,1.0,-0.0069930069930069,0.0055057618437899,17.5,3
2022-05-13,3970.25,4018.25,1.0,0.0111422386349167,0.0120899187708582,17.5,4
2022-05-16,4007.75,4005.75,3.0,-0.0026130778323897,-0.0004990331233235,65.5,0
2022-05-17,4066.5,4084.0,1.0,0.0151656993072457,0.0043034550596336,17.5,1
2022-05-18,4036.75,3921.25,1.0,-0.0115695396669931,-0.028612126091534,17.5,2
2022-05-19,3892.25,3893.25,1.0,-0.0073956008925725,0.000256920804162,17.5,3
2022-05-20,3933.0,3901.25,1.0,0.010209978809478,-0.0080727180269514,17.5,4
2022-05-23,3931.5,3973.5,3.0,0.0077539250240308,0.0106829454406716,65.5,0
2022-05-24,3930.25,3945.5,1.0,-0.0108846105448596,0.0038801602951465,17.5,1
2022-05-25,3928.5,3977.75,1.0,-0.0043087061208971,0.0125365915743922,17.5,2
2022-05-26,3989.5,4054.25,1.0,0.0029539312425366,0.0162301040230605,17.5,3
2022-05-27,4086.5,4155.25,1.0,0.0079546155269161,0.0168236877523553,17.5,4
2022-05-31,4138.75,4134.0,4.0,-0.0039708802117802,-0.0011476895197825,89.5,1
2022-06-01,4158.75,4101.0,1.0,0.0059869375907111,-0.0138863841298466,17.5,2
2022-06-02,4092.0,4172.75,1.0,-0.0021945866861741,0.0197336265884653,17.5,3
2022-06-03,4125.0,4105.75,1.0,-0.0114432927925228,-0.0046666666666667,17.5,4
2022-06-06,4154.0,4118.5,3.0,0.0117518114838945,-0.0085459797785266,65.5,0
2022-06-07,4085.25,4153.0,1.0,-0.0080733276678401,0.0165840523835749,17.5,1
2022-06-08,4136.25,4114.0,1.0,-0.0040332289910908,-0.0053792686612269,17.5,2
2022-06-09,4098.0,4015.75,1.0,-0.0038891589693729,-0.0200707662274279,17.5,3
2022-06-10,3949.25,3897.5,1.0,-0.0165597958040216,-0.0131037538773184,17.5,4
2022-06-13,3804.0,3743.25,3.0,-0.0239897370109044,-0.0159700315457412,65.5,0
2022-06-14,3769.0,3736.25,1.0,0.0068790489547851,-0.0086893075086229,17.5,1
2022-06-15,3769.5,3792.5,1.0,0.0088992974238875,0.0061016049873987,17.5,2
2022-06-16,3704.0,3670.5,1.0,-0.0233355306526038,-0.0090442764578834,17.5,3
2022-06-21,3738.5,3766.75,5.0,0.0185260863642555,0.0075565066203022,113.5,1
2022-06-22,3725.0,3764.5,1.0,-0.0110838255790801,0.0106040268456375,17.5,2
2022-06-23,3787.0,3793.0,1.0,0.0059768893611369,0.0015843675732769,17.5,3
2022-06-24,3833.0,3915.5,1.0,0.0105457421566041,0.0215236107487608,17.5,4
2022-06-27,3929.75,3907.25,3.0,0.0036393819435576,-0.0057255550607544,65.5,0
2022-06-28,3926.75,3826.0,1.0,0.004990722375072,-0.0256573502260138,17.5,1
2022-06-29,3828.25,3822.75,1.0,0.0005880815473078,-0.0014366877816234,17.5,2
2022-06-30,3782.0,3786.0,1.0,-0.0106598652802302,0.0010576414595451,17.5,3
2022-07-01,3788.5,3828.5,1.0,0.000660327522451,0.0105582684439751,17.5,4
2022-07-05,3771.0,3831.25,4.0,-0.0150189369204649,0.015977194378149,89.5,1
2022-07-06,3834.75,3849.0,1.0,0.0009135399673736,0.0037160179933501,17.5,2
2022-07-07,3874.25,3902.5,1.0,0.0065601454923356,0.0072917338839775,17.5,3
2022-07-08,3888.0,3903.5,1.0,-0.0037155669442664,0.0039866255144032,17.5,4
2022-07-11,3874.75,3859.5,3.0,-0.0073651850903035,-0.0039357377895348,65.5,0
2022-07-12,3856.0,3821.75,1.0,-0.0009068532193289,-0.0088822614107884,17.5,1
2022-07-13,3774.75,3803.25,1.0,-0.0122980310067377,0.0075501688853567,17.5,2
2022-07-14,3757.5,3796.0,1.0,-0.0120291855649773,0.0102461743180306,17.5,3
2022-07-15,3845.25,3864.5,1.0,0.0129741833508956,0.0050061764514661,17.5,4
2022-07-18,3897.5,3836.5,3.0,0.0085392676931039,-0.0156510583707504,65.5,0
2022-07-19,3872.0,3938.25,1.0,0.0092532255962465,0.0171100206611569,17.5,1
2022-07-20,3933.75,3964.0,1.0,-0.0011426394972385,0.007689863361932,17.5,2
2022-07-21,3952.0,4003.5,1.0,-0.0030272452068617,0.0130313765182186,17.5,3
2022-07-22,4006.25,3959.5,1.0,0.000686898963407,-0.0116692667706708,17.5,4
2022-07-25,3971.0,3974.0,3.0,0.0029044071221113,0.0007554772097708,65.5,0
2022-07-26,3953.5,3926.25,1.0,-0.0051585304479113,-0.0068926267863917,17.5,1
2022-07-27,3960.0,4021.0,1.0,0.0085959885386819,0.0154040404040403,17.5,2
2022-07-28,4038.5,4072.25,1.0,0.0043521512061677,0.0083570632660641,17.5,3
2022-07-29,4089.0,4135.25,1.0,0.0041132052305237,0.0113108339447298,17.5,4
2022-08-01,4108.0,4118.5,3.0,-0.0065896862342058,0.0025559883154819,65.5,0
2022-08-02,4101.75,4094.5,1.0,-0.0040670146898142,-0.0017675382458706,17.5,1
2022-08-03,4117.75,4155.0,1.0,0.0056783490047624,0.0090462024163682,17.5,2
2022-08-04,4155.0,4155.5,1.0,0.0,0.0001203369434417,17.5,3
2022-08-05,4112.75,4143.75,1.0,-0.0102875706894477,0.0075375357121147,17.5,4
2022-08-08,4165.0,4143.0,3.0,0.0051282051282051,-0.005282112845138,65.5,0
2022-08-09,4135.0,4127.5,1.0,-0.0019309678976586,-0.001813784764208,17.5,1
2022-08-10,4197.0,4210.0,1.0,0.0168382798304058,0.0030974505599237,17.5,2
2022-08-11,4240.25,4215.5,1.0,0.0071852731591448,-0.0058369199929249,17.5,3
2022-08-12,4230.5,4278.5,1.0,0.0035582967619498,0.011346176574873,17.5,4
2022-08-15,4261.75,4297.75,3.0,-0.0039149234544817,0.0084472341174399,65.5,0
2022-08-16,4290.75,4304.5,1.0,-0.0016287592344831,0.0032045679659733,17.5,1
2022-08-17,4273.0,4277.25,1.0,-0.0073179231037286,0.0009946173648489,17.5,2
2022-08-18,4279.0,4288.25,1.0,0.0004091413875737,0.0021617200280439,17.5,3
2022-08-19,4259.0,4229.25,1.0,-0.0068209642628112,-0.0069852077952571,17.5,4
2022-08-22,4177.75,4143.0,3.0,-0.0121770999586214,-0.0083178744539524,65.5,0
2022-08-23,4138.75,4132.75,1.0,-0.0010258266956312,-0.00144971307762,17.5,1
2022-08-24,4129.25,4142.75,1.0,-0.0008468937148388,0.0032693588424048,17.5,2
2022-08-25,4156.25,4199.25,1.0,0.0032587049665078,0.0103458646616541,17.5,3
2022-08-26,4198.0,4056.75,1.0,-0.0002976722033696,-0.0336469747498808,17.5,4
2022-08-29,4027.0,4033.75,3.0,-0.0073334565847045,0.001676185746213,65.5,0
2022-08-30,4043.75,3988.5,1.0,0.0024790827393863,-0.013663060278207,17.5,1
2022-08-31,3998.0,3955.75,1.0,0.0023818478124608,-0.010567783891946,17.5,2
2022-09-01,3936.0,3967.25,1.0,-0.0049927320988434,0.0079395325203253,17.5,3
2022-09-02,4000.25,3925.75,1.0,0.0083181044804334,-0.0186238360102493,17.5,4
2022-09-06,3942.5,3906.5,4.0,0.0042667006304528,-0.0091312618896639,89.5,1
2022-09-07,3906.0,3979.0,1.0,-0.0001279918085242,0.0186891961085509,17.5,2
2022-09-08,3948.0,4008.25,1.0,-0.0077909022367429,0.0152608915906788,17.5,3
2022-09-09,4032.25,4065.25,1.0,0.0059876504709037,0.0081840163680326,17.5,4
2022-09-12,4091.0,4113.5,3.0,0.0063341737900497,0.0054998777804937,65.5,0
2022-09-13,4023.25,3936.5,1.0,-0.0219399538106235,-0.0215621698875287,17.5,1
2022-09-14,3943.25,3947.25,1.0,0.0017147211990347,0.0010143916819882,17.5,2
2022-09-15,3931.0,3905.25,1.0,-0.0041167901703718,-0.0065504960569829,17.5,3
2022-09-19,3858.0,3921.25,4.0,-0.0120990973689264,0.0163945049248315,89.5,0
2022-09-20,3883.0,3876.25,1.0,-0.0097545425565827,-0.0017383466391964,17.5,1
2022-09-21,3897.5,3801.25,1.0,0.0054821025475653,-0.0246953175112251,17.5,2
2022-09-22,3805.0,3769.0,1.0,0.0009865175928971,-0.0094612352168199,17.5,3
2022-09-23,3730.25,3710.0,1.0,-0.010281241708676,-0.005428590577039,17.5,4
2022-09-26,3697.0,3669.25,3.0,-0.0035040431266846,-0.0075060860156883,65.5,0
2022-09-27,3704.75,3656.25,1.0,0.0096750017033453,-0.0130913017072676,17.5,1
2022-09-28,3667.75,3733.5,1.0,0.0031452991452991,0.0179265217094948,17.5,2
2022-09-29,3695.0,3659.0,1.0,-0.0103120396410874,-0.009742895805142,17.5,3
2022-09-30,3650.75,3604.25,1.0,-0.0022547144028423,-0.0127371088132575,17.5,4
2022-10-03,3636.75,3693.0,3.0,0.0090171325518484,0.0154671066199216,65.5,0
2022-10-04,3748.5,3802.75,1.0,0.0150284321689682,0.0144724556489261,17.5,1
2022-10-05,3762.75,3801.0,1.0,-0.010518703569785,0.0101654375124575,17.5,2
2022-10-06,3782.0,3756.25,1.0,-0.0049986845566956,-0.0068085668958223,17.5,3
2022-10-07,3712.25,3651.0,1.0,-0.0117138103161397,-0.0164994275708801,17.5,4
2022-10-10,3663.0,3625.5,3.0,0.0032867707477404,-0.0102375102375101,65.5,0
2022-10-11,3604.75,3599.75,1.0,-0.0057233485036546,-0.0013870587419376,17.5,1
2022-10-12,3597.0,3590.25,1.0,-0.0007639419404125,-0.0018765638031693,17.5,2
2022-10-13,3513.25,3683.25,1.0,-0.0214469744446765,0.048388244502953,17.5,3
2022-10-14,3706.0,3599.0,1.0,0.0061766103305505,-0.0288720992984349,17.5,4
2022-10-17,3670.25,3691.5,3.0,0.0197971658794109,0.0057897963353994,65.5,0
2022-10-18,3772.0,3733.25,1.0,0.0218068535825544,-0.0102730646871685,17.5,1
2022-10-19,3716.75,3707.75,1.0,-0.0044197415120873,-0.0024214703706194,17.5,2
2022-10-20,3703.25,3676.0,1.0,-0.0012136740610882,-0.0073584014041719,17.5,3
2022-10-21,3660.75,3766.5,1.0,-0.0041485310119695,0.0288875230485556,17.5,4
2022-10-24,3778.0,3809.0,3.0,0.0030532324439134,0.0082053996823716,65.5,0
2022-10-25,3814.25,3867.25,1.0,0.0013783145182462,0.0138952611915841,17.5,1
2022-10-26,3837.0,3844.0,1.0,-0.0078220958045122,0.0018243419338024,17.5,2
2022-10-27,3859.5,3822.25,1.0,0.0040322580645162,-0.0096515092628578,17.5,3
2022-10-28,3819.75,3912.75,1.0,-0.0006540650140623,0.0243471431376398,17.5,4
2022-10-31,3885.0,3881.75,3.0,-0.0070921985815602,-0.0008365508365508,65.5,0
2022-11-01,3920.0,3867.75,1.0,0.0098538030527468,-0.013329081632653,17.5,1
2022-11-02,3856.75,3764.5,1.0,-0.0028440307672419,-0.0239191028715888,17.5,2
2022-11-03,3725.75,3726.5,1.0,-0.0102935316775135,0.0002013017513251,17.5,3
2022-11-04,3787.75,3780.25,1.0,0.0164363343620019,-0.0019800673222889,17.5,4
2022-11-07,3797.25,3814.75,3.0,0.004497057072945,0.004608598327737,65.5,0
2022-11-08,3822.0,3830.75,1.0,0.0019005177272428,0.0022893772893772,17.5,1
2022-11-09,3811.5,3756.25,1.0,-0.0050251256281407,-0.0144956054046962,17.5,2
2022-11-10,3898.0,3959.25,1.0,0.0377371048252912,0.0157131862493586,17.5,3
2022-11-11,3968.0,3997.25,1.0,0.0022100145229526,0.0073714717741935,17.5,4
2022-11-14,3983.25,3970.0,3.0,-0.0035024079054349,-0.0033264294232097,65.5,0
2022-11-15,4028.25,4003.0,1.0,0.0146725440806045,-0.0062682306212374,17.5,1
2022-11-16,3985.75,3970.75,1.0,-0.0043092680489632,-0.0037634071379288,17.5,2
2022-11-17,3921.5,3956.25,1.0,-0.0124031983882137,0.0088614050745887,17.5,3
2022-11-18,3987.0,3971.75,1.0,0.0077725118483411,-0.0038249310258339,17.5,4
2022-11-21,3964.5,3958.75,3.0,-0.0018253918297979,-0.0014503720519611,65.5,0
2022-11-22,3976.75,4009.5,1.0,0.0045468898010736,0.0082353680769473,17.5,1
2022-11-23,4009.0,4034.25,1.0,-0.0001247038284075,0.0062983287602893,17.5,2
2022-11-28,4006.0,3971.5,5.0,-0.007002540744872,-0.0086120818771842,113.5,0
2022-11-29,3968.0,3962.0,1.0,-0.0008812791136849,-0.0015120967741935,17.5,1
2022-11-30,3966.75,4081.25,1.0,0.0011988894497727,0.0288649398121887,17.5,2
2022-12-01,4090.75,4078.0,1.0,0.0023277182235834,-0.003116787875084,17.5,3
2022-12-02,4036.0,4072.0,1.0,-0.0102991662579695,0.0089197224975223,17.5,4
2022-12-05,4046.5,4003.75,3.0,-0.006262278978389,-0.0105646855307055,65.5,0
2022-12-06,4000.25,3943.75,1.0,-0.0008741804558226,-0.0141241172426723,17.5,1
2022-12-07,3937.25,3938.25,1.0,-0.001648177496038,0.0002539843799607,17.5,2
2022-12-08,3953.5,3964.25,1.0,0.0038722782961975,0.0027191096496774,17.5,3
2022-12-09,3955.5,3934.25,1.0,-0.0022072270921359,-0.0053722664644166,17.5,4
2022-12-12,3948.0,3988.5,3.0,0.0034949482112218,0.0102583586626139,65.5,0
2022-12-13,4102.0,4021.5,1.0,0.0284568133383478,-0.0196245733788396,17.5,1
2022-12-14,4023.5,3998.25,1.0,0.0004973268680841,-0.0062756306698148,17.5,2
2022-12-15,3949.25,3897.5,1.0,-0.0122553617207528,-0.0131037538773184,17.5,3
2022-12-19,3876.0,3845.25,4.0,-0.005516356638871,-0.0079334365325077,89.5,0
2022-12-20,3834.75,3850.5,1.0,-0.0027306417007997,0.0041071777821239,17.5,1
2022-12-21,3877.5,3906.0,1.0,0.0070120763537202,0.0073500967117987,17.5,2
2022-12-22,3873.5,3854.0,1.0,-0.0083205325140809,-0.0050342067897251,17.5,3
2022-12-23,3841.25,3869.75,1.0,-0.003308251167618,0.0074194598112593,17.5,4
2022-12-27,3868.5,3858.5,4.0,-0.0003230182828347,-0.0025849812588858,89.5,1
2022-12-28,3852.75,3806.5,1.0,-0.0014902164053388,-0.0120044124326779,17.5,2
2022-12-29,3833.75,3871.0,1.0,0.007158807303297,0.0097163351809586,17.5,3
2022-12-30,3846.25,3861.0,1.0,-0.0063936967191939,0.0038349041273968,17.5,4
2023-01-03,3878.0,3841.5,4.0,0.0044030044030043,-0.0094120680763279,89.5,1
2023-01-04,3865.75,3870.25,1.0,0.0063126382923337,0.001164069068098,17.5,2
2023-01-05,3852.25,3831.0,1.0,-0.0046508623473935,-0.005516256733078,17.5,3
2023-01-06,3858.0,3916.75,1.0,0.0070477682067344,0.0152280974598237,17.5,4
2023-01-09,3938.5,3911.75,3.0,0.0055530733388651,-0.006791925860099,65.5,0
2023-01-10,3909.5,3941.5,1.0,-0.0005751901322936,0.0081851899219849,17.5,1
2023-01-11,3960.0,3988.5,1.0,0.0046936445515666,0.0071969696969695,17.5,2
2023-01-12,4000.5,4002.75,1.0,0.0030086498683714,0.000562429696288,17.5,3
2023-01-13,3973.25,4018.0,1.0,-0.0073699331709449,0.0112628201094822,17.5,4
2023-01-17,4020.5,4011.25,4.0,0.0006222000995519,-0.0023007088670563,89.5,1
2023-01-18,4025.75,3946.25,1.0,0.0036148332813961,-0.0197478730671303,17.5,2
2023-01-19,3926.75,3922.0,1.0,-0.0049414000633513,-0.0012096517476284,17.5,3
2023-01-20,3925.0,3984.5,1.0,0.0007649158592555,0.0151592356687897,17.5,4
2023-01-23,3991.0,4031.75,3.0,0.0016313213703098,0.0102104735655224,65.5,0
2023-01-24,4012.5,4034.25,1.0,-0.0047746015998015,0.0054205607476636,17.5,1
2023-01-25,3984.25,4031.5,1.0,-0.0123938774245522,0.0118591955826066,17.5,2
2023-01-26,4062.5,4073.5,1.0,0.0076894456157756,0.0027076923076923,17.5,3
2023-01-27,4065.0,4084.75,1.0,-0.0020866576653982,0.0048585485854859,17.5,4
2023-01-30,4059.5,4036.0,3.0,-0.0061815288573352,-0.0057888902574209,65.5,0
2023-01-31,4040.0,4088.0,1.0,0.0009910802775023,0.0118811881188118,17.5,1
2023-02-01,4078.5,4130.0,1.0,-0.0023238747553816,0.012627191369376,17.5,2
2023-02-02,4174.0,4191.5,1.0,0.0106537530266344,0.0041926209870628,17.5,3
2023-02-03,4145.75,4147.0,1.0,-0.0109149469163783,0.0003015135982633,17.5,4
2023-02-06,4125.75,4124.5,3.0,-0.0051241861586689,-0.0003029752166272,65.5,0
2023-02-07,4110.75,4170.75,1.0,-0.0033337374227179,0.0145958766648421,17.5,1
2023-02-08,4154.75,4129.5,1.0,-0.0038362404843254,-0.0060773813105481,17.5,2
2023-02-09,4163.0,4091.75,1.0,0.0081123622714613,-0.0171150612539033,17.5,3
2023-02-10,4085.5,4099.5,1.0,-0.0015274637991079,0.0034267531513889,17.5,4
2023-02-13,4105.0,4148.75,3.0,0.0013416270276862,0.0106577344701583,65.5,0
2023-02-14,4122.0,4145.0,1.0,-0.0064477252184392,0.0055798156234836,17.5,1
2023-02-15,4122.75,4157.25,1.0,-0.0053679131483714,0.0083682008368199,17.5,2
2023-02-16,4108.5,4097.0,1.0,-0.011726501894281,-0.0027990750882317,17.5,3
2023-02-17,4076.25,4086.75,1.0,-0.0050646814742494,0.0025758969641214,17.5,4
2023-02-21,4050.0,4008.5,4.0,-0.0089924756836117,-0.0102469135802468,89.5,1
2023-02-22,4010.75,3999.75,1.0,0.0005613072221528,-0.0027426291840678,17.5,2
2023-02-23,4027.25,4018.75,1.0,0.0068754297143571,-0.0021106213917685,17.5,3
2023-02-24,3966.75,3973.5,1.0,-0.0129393468118196,0.0017016449234259,17.5,4
2023-02-27,4009.0,3990.0,3.0,0.0089341890021392,-0.004739336492891,65.5,0
2023-02-28,3981.75,3969.25,1.0,-0.0020676691729323,-0.0031393231619263,17.5,1
2023-03-01,3961.75,3956.25,1.0,-0.0018895257290419,-0.0013882753833532,17.5,2
2023-03-02,3937.25,3986.25,1.0,-0.0048025276461295,0.012445234618071,17.5,3
2023-03-03,4000.5,4047.25,1.0,0.0035747883349013,0.0116860392450943,17.5,4
2023-03-06,4057.5,4053.0,3.0,0.0025325838532337,-0.0011090573012938,65.5,0
2023-03-07,4050.0,3992.0,1.0,-0.0007401924500369,-0.0143209876543209,17.5,1
2023-03-08,3994.25,3994.5,1.0,0.000563627254509,6.258997308639103e-05,17.5,2
2023-03-09,4002.0,3922.5,1.0,0.0018775816748028,-0.0198650674662668,17.5,3
2023-03-10,3908.25,3863.25,1.0,-0.0036328871892925,-0.0115141047783534,17.5,4
2023-03-13,3824.0,3859.0,3.0,-0.010159839513363,0.0091527196652718,65.5,0
2023-03-14,3909.5,3918.5,1.0,0.0130862917854366,0.0023020846655581,17.5,1
2023-03-15,3862.5,3896.25,1.0,-0.0142911828505806,0.0087378640776698,17.5,2
2023-03-16,3867.75,3958.25,1.0,-0.0073147256977863,0.023398616766854,17.5,3
2023-03-20,3958.75,3983.0,4.0,0.0001263184488093,0.0061256709820018,89.5,0
2023-03-21,4023.75,4038.75,1.0,0.0102309816721064,0.0037278657968313,17.5,1
2023-03-22,4034.25,3975.25,1.0,-0.0011142061281337,-0.0146247753609717,17.5,2
2023-03-23,4002.25,3974.75,1.0,0.0067920256587636,-0.0068711349865701,17.5,3
2023-03-24,3959.75,4002.0,1.0,-0.0037738222529718,0.0106698655218131,17.5,4
2023-03-27,4025.75,4009.75,3.0,0.005934532733633,-0.0039744147053344,65.5,0
2023-03-28,3999.5,4003.0,1.0,-0.0025562690940831,0.0008751093886736,17.5,1
2023-03-29,4041.75,4056.5,1.0,0.0096802398201349,0.0036494092905301,17.5,2
2023-03-30,4082.5,4081.0,1.0,0.0064094662886724,-0.0003674219228414,17.5,3
2023-03-31,4092.5,4136.25,1.0,0.002817936780201,0.010690287110568,17.5,4
2023-04-03,4133.25,4152.25,3.0,-0.0007252946509519,0.0045968668723159,65.5,0
2023-04-04,4158.5,4129.75,1.0,0.0015052080197484,-0.0069135505590958,17.5,1
2023-04-05,4121.75,4117.25,1.0,-0.0019371632665415,-0.0010917692727603,17.5,2
2023-04-06,4107.75,4131.5,1.0,-0.0023073653530876,0.0057817540015823,17.5,3
2023-04-10,4105.5,4136.5,4.0,-0.0062931138811569,0.0075508464255267,89.5,0
2023-04-11,4138.25,4139.25,1.0,0.0004230629759458,0.0002416480396303,17.5,1
2023-04-12,4154.75,4119.5,1.0,0.0037446397294196,-0.008484264997894,17.5,2
2023-04-13,4129.5,4171.0,1.0,0.002427479062993,0.0100496428139,17.5,3
2023-04-14,4168.5,4164.0,1.0,-0.0005993766482857,-0.0010795250089959,17.5,4
2023-04-17,4160.75,4177.5,3.0,-0.0007804995196926,0.0040257165174548,65.5,0
2023-04-18,4189.25,4175.75,1.0,0.0028126870137641,-0.0032225338664438,17.5,1
2023-04-19,4162.0,4175.75,1.0,-0.0032928216488056,0.0033037001441613,17.5,2
2023-04-20,4148.0,4155.0,1.0,-0.0066455127821349,0.0016875602700097,17.5,3
2023-04-21,4151.75,4156.25,1.0,-0.0007821901323706,0.0010838802914434,17.5,4
2023-04-24,4157.75,4160.5,3.0,0.000360902255639,0.000661415429018,65.5,0
2023-04-25,4140.5,4094.75,1.0,-0.0048071145295036,-0.0110493901702692,17.5,1
2023-04-26,4101.0,4076.25,1.0,0.0015263447096891,-0.0060351133869788,17.5,2
2023-04-27,4098.0,4152.0,1.0,0.0053357865685372,0.0131771595900438,17.5,3
2023-04-28,4148.75,4192.25,1.0,-0.0007827552986512,0.0104850858692377,17.5,4
2023-05-01,4186.5,4187.25,3.0,-0.0013715785079611,0.0001791472590468,65.5,0
2023-05-02,4173.25,4137.25,1.0,-0.0033434831930264,-0.0086263703348709,17.5,1
2023-05-03,4143.5,4108.0,1.0,0.0015106652969967,-0.008567636056474,17.5,2
2023-05-04,4095.0,4075.0,1.0,-0.0031645569620253,-0.0048840048840048,17.5,3
2023-05-05,4112.5,4149.5,1.0,0.00920245398773,0.0089969604863222,17.5,4
2023-05-08,4153.5,4152.25,3.0,0.0009639715628388,-0.0003009510051763,65.5,0
2023-05-09,4134.0,4135.25,1.0,-0.004395207417665,0.0003023705853895,17.5,1
2023-05-10,4164.25,4153.75,1.0,0.0070128770932833,-0.0025214624482199,17.5,2
2023-05-11,4139.5,4143.75,1.0,-0.003430634968402,0.0010266940451746,17.5,3
2023-05-12,4155.0,4137.25,1.0,0.0027149321266968,-0.0042719614921781,17.5,4
2023-05-15,4141.25,4149.25,3.0,0.0009668257900778,0.0019317838816781,65.5,0
2023-05-16,4139.5,4122.5,1.0,-0.0023498222570343,-0.0041067761806981,17.5,1
2023-05-17,4142.75,4169.75,1.0,0.0049120679199514,0.0065174099330154,17.5,2
2023-05-18,4167.5,4211.5,1.0,-0.0005396006954853,0.0105578884223156,17.5,3
2023-05-19,4219.0,4205.5,1.0,0.0017808381811705,-0.0031998103816069,17.5,4
2023-05-22,4206.25,4206.0,3.0,0.0001783378908573,-5.943536404162675e-05,65.5,0
2023-05-23,4185.75,4158.5,1.0,-0.0048145506419401,-0.0065101833602102,17.5,1
2023-05-24,4137.25,4125.0,1.0,-0.005110015630636,-0.0029609039821136,17.5,2
2023-05-25,4152.0,4160.75,1.0,0.0065454545454546,0.0021074181117533,17.5,3
2023-05-26,4167.75,4215.25,1.0,0.0016823889923691,0.0113970367704396,17.5,4
2023-05-30,4236.25,4214.25,4.0,0.0049819109186881,-0.0051932723517261,89.5,1
2023-05-31,4196.5,4193.0,1.0,-0.0042119001008482,-0.0008340283569641,17.5,2
2023-06-01,4188.75,4227.25,1.0,-0.0010135940853803,0.0091912861832288,17.5,3
2023-06-02,4260.25,4288.0,1.0,0.0078064935832988,0.0065137022475207,17.5,4
2023-06-05,4292.75,4280.75,3.0,0.0011077425373133,-0.0027954108671597,65.5,0
2023-06-06,4272.75,4289.75,1.0,-0.0018688313963675,0.0039787022409454,17.5,1
2023-06-07,4295.25,4274.5,1.0,0.0012821259980184,-0.0048309178743961,17.5,2
2023-06-08,4272.75,4295.75,1.0,-0.0004094046087261,0.005382950090691,17.5,3
2023-06-09,4305.0,4306.25,1.0,0.0021532910434731,0.0002903600464576,17.5,4
2023-06-12,4312.75,4342.5,3.0,0.0015094339622641,0.0068981508318357,65.5,0
2023-06-13,4358.5,4369.5,1.0,0.003684513529073,0.0025238040610302,17.5,1
2023-06-14,4370.75,4377.0,1.0,0.0002860739215013,0.0014299605330891,17.5,2
2023-06-15,4367.5,4427.0,1.0,-0.0021704363719442,0.0136233543216943,17.5,3
2023-06-20,4434.0,4431.25,5.0,0.0015812062344702,-0.0006202074875958,113.5,1
2023-06-21,4416.25,4410.5,1.0,-0.0033850493653032,-0.0013020096235494,17.5,2
2023-06-22,4396.25,4423.75,1.0,-0.0032309261988436,0.0062553312482229,17.5,3
2023-06-23,4386.75,4389.0,1.0,-0.0083639446171235,0.0005129081894341,17.5,4
2023-06-26,4385.75,4373.75,3.0,-0.0007404875825928,-0.0027361340705694,65.5,0
2023-06-27,4382.0,4415.5,1.0,0.0018862532152044,0.0076449109995435,17.5,1
2023-06-28,4406.25,4422.5,1.0,-0.0020948929906012,0.0036879432624112,17.5,2
2023-06-29,4412.25,4436.75,1.0,-0.0023176936122102,0.0055527225338545,17.5,3
2023-06-30,4465.5,4483.5,1.0,0.0064799684453711,0.0040309035942223,17.5,4
2023-07-05,4474.25,4483.25,5.0,-0.0020631203300992,0.0020115103089903,113.5,2
2023-07-06,4444.25,4447.0,1.0,-0.0086990464506775,0.0006187770714969,17.5,3
2023-07-07,4435.25,4436.75,1.0,-0.0026422307173374,0.0003381996505269,17.5,4
2023-07-10,4436.0,4444.75,3.0,-0.0001690426550966,0.0019724977457169,65.5,0
2023-07-11,4451.75,4470.25,1.0,0.0015748917261937,0.0041556691188857,17.5,1
2023-07-12,4510.5,4510.25,1.0,0.0090039706951512,-5.542622769094674e-05,17.5,2
2023-07-13,4521.75,4543.5,1.0,0.0025497477966853,0.0048100845911427,17.5,3
2023-07-14,4550.5,4536.5,1.0,0.0015406624848683,-0.0030765849906603,17.5,4
2023-07-17,4541.25,4552.25,3.0,0.0010470627135457,0.0024222405725295,65.5,0
2023-07-18,4546.0,4585.5,1.0,-0.0013729474435718,0.0086889573251209,17.5,1
2023-07-19,4599.0,4594.5,1.0,0.0029440628066732,-0.0009784735812132,17.5,2
2023-07-20,4586.0,4566.5,1.0,-0.0018500380890195,-0.0042520715220235,17.5,3
2023-07-21,4577.5,4564.5,1.0,0.002408847038213,-0.0028399781540141,17.5,4
2023-07-24,4579.5,4583.25,3.0,0.0032862306933947,0.0008188666885031,65.5,0
2023-07-25,4580.25,4594.5,1.0,-0.0006545573555882,0.0031111838873423,17.5,1
2023-07-26,4589.25,4595.25,1.0,-0.0011426705843944,0.0013074031704527,17.5,2
2023-07-27,4626.25,4564.25,1.0,0.0067460965127033,-0.0134017833018103,17.5,3
2023-07-28,4598.0,4605.75,1.0,0.0073944240565262,0.0016855154414963,17.5,4
2023-07-31,4611.0,4616.5,3.0,0.0011398794984529,0.0011927998265017,65.5,0
2023-08-01,4598.75,4600.25,1.0,-0.0038449041481641,0.0003261755911931,17.5,1
2023-08-02,4568.5,4536.75,1.0,-0.0069017988152817,-0.0069497646930064,17.5,2
2023-08-03,4515.75,4520.25,1.0,-0.0046288642750867,0.0009965122072745,17.5,3
2023-08-04,4537.75,4499.25,1.0,0.0038714672861013,-0.0084843810258388,17.5,4
2023-08-07,4524.25,4537.0,3.0,0.0055564816358282,0.0028181466541414,65.5,0
2023-08-08,4511.0,4518.0,1.0,-0.0057306590257879,0.0015517623586787,17.5,1
2023-08-09,4517.5,4489.75,1.0,-0.0001106684373616,-0.0061427780852241,17.5,2
2023-08-10,4510.5,4484.75,1.0,0.004621638175845,-0.0057089014521671,17.5,3
2023-08-11,4463.25,4483.5,1.0,-0.0047940241930988,0.0045370525962022,17.5,4
2023-08-14,4473.0,4506.75,3.0,-0.0023419203747072,0.0075452716297785,65.5,0
2023-08-15,4488.5,4454.25,1.0,-0.0040494813335552,-0.0076306115628829,17.5,1
2023-08-16,4449.75,4420.0,1.0,-0.0010102710894089,-0.0066857688634193,17.5,2
2023-08-17,4434.75,4383.75,1.0,0.0033371040723981,-0.0115000845594452,17.5,3
2023-08-18,4356.25,4389.0,1.0,-0.0062731679498146,0.0075179340028694,17.5,4
2023-08-21,4394.25,4409.75,3.0,0.0011961722488038,0.0035273368606703,65.5,0
2023-08-22,4428.25,4399.75,1.0,0.0041952491637848,-0.0064359509964433,17.5,1
2023-08-23,4414.25,4446.5,1.0,0.0032956417978293,0.0073058843518152,17.5,2
2023-08-24,4463.0,4383.5,1.0,0.0037107837625098,-0.0178131301814922,17.5,3
2023-08-25,4405.25,4416.5,1.0,0.0049617885251511,0.0025537710686112,17.5,4
2023-08-28,4434.75,4441.25,3.0,0.0041322314049587,0.0014656970516939,65.5,0
2023-08-29,4441.0,4506.0,1.0,-5.629045876720529e-05,0.0146363431659535,17.5,1
2023-08-30,4511.75,4524.0,1.0,0.0012760763426542,0.0027151327090375,17.5,2
2023-08-31,4529.75,4517.75,1.0,0.0012709991158266,-0.0026491528230034,17.5,3
2023-09-01,4543.5,4521.5,1.0,0.0056997399147806,-0.004842082095301,17.5,4
2023-09-05,4517.5,4504.0,4.0,-0.000884662169634,-0.0029883785279468,89.5,1
2023-09-06,4489.5,4470.25,1.0,-0.0032193605683836,-0.0042877826038534,17.5,2
2023-09-07,4439.5,4453.5,1.0,-0.0068788099099602,0.0031535082779592,17.5,3
2023-09-08,4459.0,4461.0,1.0,0.0012349837206691,0.000448531060776,17.5,4
2023-09-11,4490.5,4491.0,3.0,0.0066128670701637,0.0001113461752588,65.5,0
2023-09-12,4473.0,4466.25,1.0,-0.0040080160320641,-0.0015090543259557,17.5,1
2023-09-13,4470.0,4471.5,1.0,0.0008396305625524,0.0003355704697987,17.5,2
2023-09-14,4489.0,4506.0,1.0,0.0039136755003914,0.0037870349743818,17.5,3
2023-09-18,4495.75,4501.75,4.0,-0.0022747447847314,0.0013345937830173,89.5,0
2023-09-19,4490.0,4493.0,1.0,-0.002610096073749,0.0006681514476614,17.5,1
2023-09-20,4499.25,4446.5,1.0,0.0013910527487202,-0.0117241762515974,17.5,2
2023-09-21,4418.25,4371.5,1.0,-0.006353311593388,-0.0105811124313924,17.5,3
2023-09-22,4379.5,4364.75,1.0,0.0018300354569369,-0.0033679643794953,17.5,4
2023-09-25,4349.25,4380.75,3.0,-0.0035511770433587,0.0072426280393171,65.5,0
2023-09-26,4349.0,4315.25,1.0,-0.0072476174171089,-0.0077604046907334,17.5,1
2023-09-27,4327.75,4315.75,1.0,0.0028967035513585,-0.0027728034197909,17.5,2
2023-09-28,4304.5,4336.0,1.0,-0.0026067311591264,0.0073179231037285,17.5,3
2023-09-29,4364.75,4325.0,1.0,0.0066305350553506,-0.0091070508047425,17.5,4
2023-10-02,4315.5,4326.5,3.0,-0.0021965317919074,0.0025489514540608,65.5,0
2023-10-03,4303.25,4268.75,1.0,-0.0053738587773026,-0.0080171963051182,17.5,1
2023-10-04,4274.25,4293.25,1.0,0.0012884333821376,0.0044452243083581,17.5,2
2023-10-05,4290.5,4291.25,1.0,-0.0006405403831596,0.0001748048013052,17.5,3
2023-10-06,4267.5,4341.75,1.0,-0.0055345179143606,0.0173989455184533,17.5,4
2023-10-09,4322.5,4369.0,3.0,-0.0044336960902862,0.0107576633892423,65.5,0
2023-10-10,4372.75,4390.5,1.0,0.0008583199816891,0.0040592304613802,17.5,1
2023-10-11,4408.25,4410.25,1.0,0.0040428197244049,0.0004536947768389,17.5,2
2023-10-12,4410.25,4381.25,1.0,0.0,-0.0065755909528938,17.5,3
2023-10-13,4400.25,4355.5,1.0,0.004336661911555,-0.0101698767115504,17.5,4
2023-10-16,4378.0,4400.5,3.0,0.0051658822178854,0.0051393330287803,65.5,0
2023-10-17,4372.75,4400.5,1.0,-0.0063061015793659,0.0063461208621575,17.5,1
2023-10-18,4383.0,4348.75,1.0,-0.0039768208158164,-0.0078142824549395,17.5,2
2023-10-19,4350.0,4300.75,1.0,0.0002874389192295,-0.0113218390804598,17.5,3
2023-10-20,4295.75,4246.25,1.0,-0.0011625879207115,-0.011523016935343,17.5,4
2023-10-23,4233.5,4244.5,3.0,-0.0030026493965263,0.0025983229006731,65.5,0
2023-10-24,4265.25,4278.25,1.0,0.0048886794675462,0.0030478869937284,17.5,1
2023-10-25,4250.75,4212.0,1.0,-0.0064278618594051,-0.0091160383461742,17.5,2
2023-10-26,4196.75,4157.75,1.0,-0.0036206077872744,-0.0092929052242807,17.5,3
2023-10-27,4172.5,4140.0,1.0,0.0035475918465515,-0.0077890952666267,17.5,4
2023-10-30,4168.25,4186.75,3.0,0.0068236714975844,0.0044383134408925,65.5,0
2023-10-31,4187.25,4209.5,1.0,0.0001194243745148,0.0053137500746314,17.5,1
2023-11-01,4219.5,4256.25,1.0,0.0023755790473927,0.0087095627444009,17.5,2
2023-11-02,4295.5,4334.75,1.0,0.0092217327459618,0.0091374694447676,17.5,3
2023-11-03,4360.0,4377.25,1.0,0.0058250187438722,0.0039564220183485,17.5,4
2023-11-06,4389.25,4383.75,3.0,0.002741447255697,-0.0012530614569686,65.5,0
2023-11-07,4382.25,4395.25,1.0,-0.0003421727972625,0.0029665126362028,17.5,1
2023-11-08,4402.75,4397.5,1.0,0.0017063875774985,-0.0011924365453409,17.5,2
2023-11-09,4405.0,4363.25,1.0,0.0017055144968731,-0.0094778660612939,17.5,3
2023-11-10,4379.75,4432.25,1.0,0.0037815848278233,0.0119869855585363,17.5,4
2023-11-13,4418.0,4426.25,3.0,-0.0032150713520221,0.0018673607967405,65.5,0
2023-11-14,4487.5,4514.25,1.0,0.0138378988986163,0.0059610027855152,17.5,1
2023-11-15,4525.25,4517.0,1.0,0.0024367281386719,-0.0018231036959284,17.5,2
2023-11-16,4515.5,4522.75,1.0,-0.0003320788133717,0.0016055807773225,17.5,3
2023-11-17,4523.5,4527.25,1.0,0.0001658283124206,0.0008290040897536,17.5,4
2023-11-20,4527.25,4561.25,3.0,0.0,0.0075100778618366,65.5,0
2023-11-21,4549.5,4548.75,1.0,-0.0025760482323924,-0.0001648532805802,17.5,1
2023-11-22,4570.0,4567.0,1.0,0.0046716130805166,-0.0006564551422318,17.5,2
2023-11-27,4566.5,4560.0,5.0,-0.0001094810597767,-0.0014234096134895,113.5,0
2023-11-28,4553.75,4563.75,1.0,-0.0013706140350877,0.0021959923140268,17.5,1
2023-11-29,4585.5,4561.75,1.0,0.0047658175842235,-0.0051793697524806,17.5,2
2023-11-30,4564.75,4575.25,1.0,0.0006576423521675,0.0023002355003012,17.5,3
2023-12-01,4566.5,4601.25,1.0,-0.0019124637997923,0.0076097667798094,17.5,4
2023-12-04,4567.25,4575.25,3.0,-0.0073892963868513,0.0017516010728555,65.5,0
2023-12-05,4563.75,4577.0,1.0,-0.0025135238511556,0.0029033141605039,17.5,1
2023-12-06,4595.5,4556.75,1.0,0.0040419488748089,-0.0084321618975083,17.5,2
2023-12-07,4576.75,4588.0,1.0,0.0043890931036374,0.0024580761457366,17.5,3
2023-12-08,4585.0,4607.5,1.0,-0.0006538796861377,0.0049073064340239,17.5,4
2023-12-11,4601.0,4625.0,3.0,-0.0014107433532284,0.0052162573353617,65.5,0
2023-12-12,4619.75,4646.0,1.0,-0.0011351351351351,0.0056821256561501,17.5,1
2023-12-13,4648.5,4709.5,1.0,0.0005380972879895,0.0131225126384855,17.5,2
2023-12-14,4731.25,4722.75,1.0,0.0046183246629154,-0.0017965653896961,17.5,3
2023-12-18,4782.75,4789.75,4.0,0.0127044624424328,0.0014635931211124,89.5,0
2023-12-19,4799.25,4820.5,1.0,0.0019834020564748,0.0044277751732042,17.5,1
2023-12-20,4810.75,4748.75,1.0,-0.0020226117622653,-0.0128878033570648,17.5,2
2023-12-21,4786.25,4794.0,1.0,0.007896814951303,0.001619221728911,17.5,3
2023-12-22,4807.5,4806.5,1.0,0.0028160200250313,-0.0002080083203328,17.5,4
2023-12-26,4810.75,4826.0,4.0,0.0008842192863829,0.0031699838902456,89.5,1
2023-12-27,4822.0,4834.5,1.0,-0.0008288437629506,0.0025922853587723,17.5,2
2023-12-28,4835.0,4832.75,1.0,0.0001034233116143,-0.0004653567735263,17.5,3
2023-12-29,4830.75,4816.5,1.0,-0.0004138430500232,-0.0029498525073746,17.5,4
2024-01-02,4787.25,4787.5,4.0,-0.0060728744939271,5.222204814869791e-05,89.5,1
2024-01-03,4764.75,4746.75,1.0,-0.0047519582245431,-0.0037777427986778,17.5,2
2024-01-04,4741.0,4729.25,1.0,-0.0012113551377258,-0.0024783800885889,17.5,3
2024-01-05,4729.5,4735.5,1.0,5.28625046254394e-05,0.0012686330478908,17.5,4
2024-01-08,4741.5,4800.0,3.0,0.0012670256572695,0.012337867763366,65.5,0
2024-01-09,4772.75,4794.5,1.0,-0.0056770833333333,0.0045571211565658,17.5,1
2024-01-10,4798.25,4820.25,1.0,0.0007821462091981,0.0045850049497213,17.5,2
2024-01-11,4828.0,4813.75,1.0,0.001607800425289,-0.0029515327257663,17.5,3
2024-01-12,4829.75,4816.5,1.0,0.0033238119968839,-0.0027434132201459,17.5,4
2024-01-16,4804.25,4799.25,4.0,-0.0025433406000208,-0.0010407451735442,89.5,1
2024-01-17,4765.25,4771.0,1.0,-0.0070844402771266,0.0012066523267404,17.5,2
2024-01-18,4786.75,4807.25,1.0,0.0033011947180885,0.0042826552462527,17.5,3
2024-01-19,4819.25,4870.5,1.0,0.0024962296531281,0.0106344348186957,17.5,4
2024-01-22,4886.5,4881.5,3.0,0.0032850836669746,-0.0010232272587741,65.5,0
2024-01-23,4887.75,4896.0,1.0,0.0012803441565092,0.0016878932023938,17.5,1
2024-01-24,4919.75,4898.75,1.0,0.0048508986928104,-0.0042685095787388,17.5,2
2024-01-25,4912.75,4924.0,1.0,0.0028578719060985,0.0022899597984835,17.5,3
2024-01-26,4919.75,4915.75,1.0,-0.0008631194151096,-0.0008130494435693,17.5,4
2024-01-29,4918.0,4952.5,3.0,0.0004577124548643,0.0070150467669785,65.5,0
2024-01-30,4950.0,4950.0,1.0,-0.0005047955577991,0.0,17.5,1
2024-01-31,4926.75,4867.0,1.0,-0.0046969696969696,-0.0121276703709342,17.5,2
2024-02-01,4890.0,4927.75,1.0,0.0047257037189234,0.0077198364008179,17.5,3
2024-02-02,4934.5,4974.25,1.0,0.0013697935163106,0.0080555274090585,17.5,4
2024-02-05,4968.5,4957.5,3.0,-0.0011559531587677,-0.002213947871591,65.5,0
2024-02-06,4973.75,4974.75,1.0,0.0032778618255169,0.0002010555415934,17.5,1
2024-02-07,4997.75,5013.75,1.0,0.0046233479069299,0.0032014406482916,17.5,2
2024-02-08,5010.75,5015.25,1.0,-0.000598354525056,0.0008980691513247,17.5,3
2024-02-09,5017.75,5042.5,1.0,0.0004984796371068,0.0049324896617009,17.5,4
2024-02-12,5043.75,5041.0,3.0,0.0002478929102627,-0.000545229244114,65.5,0
2024-02-13,4972.25,4970.5,1.0,-0.0136381670303511,-0.0003519533410427,17.5,1
2024-02-14,4998.75,5018.75,1.0,0.0056835328437783,0.0040010002500625,17.5,2
2024-02-15,5020.75,5047.25,1.0,0.000398505603985,0.0052780959020066,17.5,3
2024-02-16,5041.25,5018.5,1.0,-0.00118876615979,-0.0045127696503842,17.5,4
2024-02-20,5003.5,4989.75,4.0,-0.0029889409186011,-0.0027480763465573,89.5,1
2024-02-21,4979.75,4995.25,1.0,-0.0020041084222656,0.0031126060545207,17.5,2
2024-02-22,5056.0,5096.25,1.0,0.0121615534758019,0.0079608386075948,17.5,3
2024-02-23,5115.0,5098.25,1.0,0.0036791758646064,-0.0032746823069403,17.5,4
2024-02-26,5104.25,5079.75,3.0,0.0011768744176923,-0.0047999216339325,65.5,0
2024-02-27,5085.5,5089.5,1.0,0.0011319454697573,0.000786549995084,17.5,1
2024-02-28,5074.5,5079.75,1.0,-0.0029472443265546,0.0010345846881465,17.5,2
2024-02-29,5099.0,5100.75,1.0,0.0037895565726659,0.0003432045499116,17.5,3
2024-03-01,5110.75,5144.0,1.0,0.0019604960054893,0.0065058944381939,17.5,4
2024-03-04,5137.25,5136.5,3.0,-0.0013122083981337,-0.000145992505718,65.5,0
2024-03-05,5117.0,5087.75,1.0,-0.0037963593886888,-0.0057162399843658,17.5,1
2024-03-06,5118.5,5113.5,1.0,0.0060439290452558,-0.0009768486861385,17.5,2
2024-03-07,5140.0,5159.5,1.0,0.0051823604184999,0.0037937743190661,17.5,3
2024-03-08,5166.75,5133.25,1.0,0.0014051749200503,-0.0064837663908646,17.5,4
2024-03-11,5118.5,5124.25,3.0,-0.0028734232698582,0.0011233759890592,65.5,0
2024-03-12,5145.0,5177.5,1.0,0.0040493730789872,0.0063168124392614,17.5,1
2024-03-13,5178.25,5169.25,1.0,0.0001448575567357,-0.0017380389127601,17.5,2
2024-03-14,5174.5,5154.5,1.0,0.0010156212216472,-0.0038651077398782,17.5,3
2024-03-18,5226.5,5212.25,4.0,0.0139683771461829,-0.0027264900028699,89.5,0
2024-03-19,5202.0,5242.75,1.0,-0.0019665211760755,0.0078335255670896,17.5,1
2024-03-20,5241.5,5285.75,1.0,-0.0002384244909636,0.0084422398168462,17.5,2
2024-03-21,5311.75,5303.25,1.0,0.0049188856832047,-0.0016002259142466,17.5,3
2024-03-22,5300.75,5292.25,1.0,-0.0004714090416254,-0.0016035466679243,17.5,4
2024-03-25,5278.5,5279.75,3.0,-0.0025981387878502,0.0002368096997253,65.5,0
2024-03-26,5288.0,5270.0,1.0,0.0015625739855107,-0.0034039334341906,17.5,1
2024-03-27,5291.5,5309.75,1.0,0.0040796963946869,0.0034489275252764,17.5,2
2024-03-28,5307.75,5304.75,1.0,-0.0003766655680587,-0.0005652112477038,17.5,3
2024-04-01,5309.0,5293.75,4.0,0.0008011687638436,-0.0028724806931625,89.5,0
2024-04-02,5255.0,5260.75,1.0,-0.0073199527744982,0.001094196003806,17.5,1
2024-04-03,5248.25,5269.25,1.0,-0.0023760870598298,0.0040013337779258,17.5,2
2024-04-04,5303.25,5200.75,1.0,0.0064525311951415,-0.0193277707066421,17.5,3
2024-04-05,5210.5,5251.0,1.0,0.0018747296063068,0.0077727665291238,17.5,4
2024-04-08,5257.0,5255.25,3.0,0.0011426394972386,-0.0003328894806924,65.5,0
2024-04-09,5270.0,5263.25,1.0,0.0028067170924312,-0.0012808349146109,17.5,1
2024-04-10,5197.5,5203.0,1.0,-0.0124922813850757,0.0010582010582009,17.5,2
2024-04-11,5216.5,5241.25,1.0,0.0025946569286949,0.0047445605290903,17.5,3
2024-04-12,5205.75,5169.5,1.0,-0.0067731934176007,-0.006963453873121,17.5,4
2024-04-15,5207.25,5100.25,3.0,0.0073024470451688,-0.0205482740410005,65.5,0
2024-04-16,5106.0,5089.0,1.0,0.0011273957158963,-0.0033294163728946,17.5,1
2024-04-17,5113.5,5056.5,1.0,0.0048143053645117,-0.0111469639190378,17.5,2
2024-04-18,5074.0,5050.0,1.0,0.0034608919212895,-0.0047299960583365,17.5,3
2024-04-19,5042.0,5002.0,1.0,-0.0015841584158415,-0.0079333597778659,17.5,4
2024-04-22,5029.25,5044.0,3.0,0.0054478208716512,0.002932842869215,65.5,0
2024-04-23,5066.25,5105.5,1.0,0.0044111816019032,0.0077473476437206,17.5,1
2024-04-24,5114.25,5106.75,1.0,0.0017138380178238,-0.0014664906877841,17.5,2
2024-04-25,5040.0,5091.5,1.0,-0.013070935526509,0.010218253968254,17.5,3
2024-04-26,5109.5,5130.5,1.0,0.0035353039379357,0.0041099911928759,17.5,4
2024-04-29,5147.5,5149.75,3.0,0.0033135172010525,0.0004371053909664,65.5,0
2024-04-30,5128.5,5067.25,1.0,-0.0041264139035875,-0.0119430632738617,17.5,1
2024-05-01,5060.5,5046.75,1.0,-0.0013320834772312,-0.0027171228139512,17.5,2
2024-05-02,5083.25,5096.5,1.0,0.007232377272502,0.0026066001081985,17.5,3
2024-05-03,5154.25,5156.5,1.0,0.0113313057980968,0.0004365329582383,17.5,4
2024-05-06,5175.25,5206.25,3.0,0.0036361873363714,0.0059900487899136,65.5,0
2024-05-07,5215.0,5212.25,1.0,0.0016806722689075,-0.0005273250239693,17.5,1
2024-05-08,5196.0,5212.0,1.0,-0.0031176555230466,0.0030792917628945,17.5,2
2024-05-09,5215.0,5239.0,1.0,0.000575594781274,0.0046021093000958,17.5,3
2024-05-10,5251.0,5243.5,1.0,0.0022905134567665,-0.0014282993715483,17.5,4
2024-05-13,5260.75,5245.25,3.0,0.0032897873557737,-0.002946347954189,65.5,0
2024-05-14,5248.75,5268.5,1.0,0.0006672703874934,0.0037628006668253,17.5,1
2024-05-15,5295.25,5329.0,1.0,0.0050773464933093,0.0063736367499174,17.5,2
2024-05-16,5334.5,5319.0,1.0,0.0010320885719647,-0.0029056143968506,17.5,3
2024-05-17,5324.0,5324.5,1.0,0.000940026320737,9.391435011263384e-05,17.5,4
2024-05-20,5329.25,5334.25,3.0,0.0008921025448398,0.0009382183234039,65.5,0
2024-05-21,5323.75,5343.25,1.0,-0.0019684116792426,0.0036628316506222,17.5,1
2024-05-22,5339.25,5332.75,1.0,-0.0007486080568942,-0.0012173994474878,17.5,2
2024-05-23,5353.25,5284.25,1.0,0.0038441704561436,-0.0128893662728248,17.5,3
2024-05-24,5302.75,5322.0,1.0,0.0035009698632728,0.0036301918815708,17.5,4
2024-05-28,5328.0,5328.5,4.0,0.0011273957158963,9.38438438438105e-05,89.5,1
2024-05-29,5284.75,5285.75,1.0,-0.0082105658252791,0.0001892237097307,17.5,2
2024-05-30,5268.75,5249.75,1.0,-0.0032161944851724,-0.0036061684460261,17.5,3
2024-05-31,5259.0,5298.5,1.0,0.0017619886661268,0.0075109336375736,17.5,4
2024-06-03,5309.0,5298.75,3.0,0.0019816929319618,-0.0019306837445847,65.5,0
2024-06-04,5285.25,5302.5,1.0,-0.0025477707006369,0.003263800198666,17.5,1
2024-06-05,5322.75,5364.5,1.0,0.0038189533239039,0.0078436898219904,17.5,2
2024-06-06,5367.75,5362.0,1.0,0.000605834653742,-0.0010712123329141,17.5,3
2024-06-07,5345.25,5355.0,1.0,-0.0031238343901529,0.001824049389645,17.5,4
2024-06-10,5346.5,5369.75,3.0,-0.0015873015873015,0.0043486392967362,65.5,0
2024-06-11,5351.75,5381.5,1.0,-0.0033521113645886,0.0055589293221842,17.5,1
2024-06-12,5427.5,5425.75,1.0,0.0085478026572516,-0.0003224320589589,17.5,2
2024-06-13,5441.0,5437.75,1.0,0.00281067133576,-0.0005973166697298,17.5,3
2024-06-14,5418.5,5436.5,1.0,-0.0035400671233506,0.0033219525698993,17.5,4
2024-06-17,5428.0,5478.75,3.0,-0.0015635059321253,0.0093496683861458,65.5,0
2024-06-18,5481.25,5490.5,1.0,0.0004563084645219,0.0016875712656785,17.5,1
2024-06-20,5499.25,5474.25,2.0,0.0015936617794372,-0.0045460744646996,41.5,3
2024-06-24,5530.5,5513.75,4.0,0.0102753801890669,-0.003028659253232,89.5,0
2024-06-25,5525.25,5533.5,1.0,0.0020856948537746,0.0014931451065562,17.5,1
2024-06-26,5520.75,5538.0,1.0,-0.0023041474654378,0.0031245754652899,17.5,2
2024-06-27,5541.75,5547.5,1.0,0.0006771397616467,0.00103757838228,17.5,3
2024-06-28,5548.25,5526.0,1.0,0.0001351960342497,-0.0040102735096652,17.5,4
2024-07-01,5535.75,5534.5,3.0,0.0017643865363734,-0.0002258049948065,65.5,0
2024-07-02,5516.75,5565.5,1.0,-0.0032071551178968,0.0088367245207776,17.5,1
2024-07-05,5591.75,5618.5,3.0,0.0047165573623213,0.0047838333258818,65.5,4
2024-07-08,5631.25,5625.5,3.0,0.0022692889561271,-0.0010210876803551,65.5,0
2024-07-09,5636.0,5632.75,1.0,0.0018665007554883,-0.0005766501064584,17.5,1
2024-07-10,5645.25,5685.5,1.0,0.0022191647064044,0.0071298879589034,17.5,2
2024-07-11,5687.75,5634.5,1.0,0.0003957435581742,-0.009362225836227,17.5,3
2024-07-12,5646.25,5670.25,1.0,0.0020853669358416,0.0042506088111577,17.5,4
2024-07-15,5690.75,5686.0,3.0,0.0036153608747409,-0.0008346878706673,65.5,0
2024-07-16,5698.75,5715.0,1.0,0.0022423496306718,0.0028515025224828,17.5,1
2024-07-17,5660.5,5633.0,1.0,-0.0095363079615048,-0.004858228071725,17.5,2
2024-07-18,5648.0,5595.5,1.0,0.0026628794603231,-0.0092953257790368,17.5,3
2024-07-19,5586.75,5556.75,1.0,-0.001563756590117,-0.0053698483017854,17.5,4
2024-07-22,5586.5,5611.25,3.0,0.0053538489224815,0.004430323100331,65.5,0
2024-07-23,5607.75,5602.75,1.0,-0.0006237469369569,-0.0008916232000356,17.5,1
2024-07-24,5550.0,5473.75,1.0,-0.0094150194101111,-0.0137387387387387,17.5,2
2024-07-25,5470.0,5439.5,1.0,-0.0006850879196163,-0.0055758683729433,17.5,3
2024-07-26,5472.25,5497.0,1.0,0.0060207739681956,0.0045228196811184,17.5,4
2024-07-29,5507.75,5503.5,3.0,0.0019556121520829,-0.0007716399618719,65.5,0
2024-07-30,5514.75,5460.25,1.0,0.0020441537203597,-0.0098825876059658,17.5,1
2024-07-31,5539.0,5566.5,1.0,0.0144224165560185,0.0049647950893663,17.5,2
2024-08-01,5580.75,5479.0,1.0,0.0025599568849365,-0.0182323164449222,17.5,3
2024-08-02,5403.25,5374.0,1.0,-0.0138255156050374,-0.0054134085966779,17.5,4
2024-08-05,5152.25,5228.5,3.0,-0.0412634908820245,0.0147993595031297,65.5,0
2024-08-06,5237.25,5261.75,1.0,0.0016735201300563,0.0046780275908158,17.5,1
2024-08-07,5328.75,5226.75,1.0,0.0127334061861548,-0.0191414496833216,17.5,2
2024-08-08,5283.5,5360.0,1.0,0.0108576074998805,0.014479038516135,17.5,3
2024-08-09,5336.5,5369.25,1.0,-0.0043843283582089,0.0061369811674318,17.5,4
2024-08-12,5383.0,5373.5,3.0,0.002560879079946,-0.0017648151588333,65.5,0
2024-08-13,5406.5,5455.75,1.0,0.0061412487205732,0.0091094053454174,17.5,1
2024-08-14,5469.0,5477.25,1.0,0.0024286303441323,0.0015085024684586,17.5,2
2024-08-15,5537.25,5568.5,1.0,0.0109544023004244,0.005643595647659,17.5,3
2024-08-16,5548.5,5578.5,1.0,-0.0035916314986081,0.0054068667207354,17.5,4
2024-08-19,5582.25,5627.5,3.0,0.0006722237160528,0.0081060504276948,65.5,0
2024-08-20,5629.25,5622.25,1.0,0.0003109729009329,-0.0012435049074033,17.5,1
2024-08-21,5632.5,5641.5,1.0,0.0018231135221664,0.0015978695073235,17.5,2
2024-08-22,5662.5,5594.75,1.0,0.0037224142515288,-0.0119646799116998,17.5,3
2024-08-23,5622.0,5650.5,1.0,0.0048706376513696,0.005069370330843,17.5,4
2024-08-26,5663.5,5636.25,3.0,0.0023006813556323,-0.0048115123157058,65.5,0
2024-08-27,5621.25,5644.5,1.0,-0.0026613439787092,0.0041360907271514,17.5,1
2024-08-28,5643.5,5604.75,1.0,-0.0001771636105943,-0.0068663063701603,17.5,2
2024-08-29,5625.0,5613.25,1.0,0.0036130068245685,-0.0020888888888889,17.5,3
2024-08-30,5631.5,5655.25,1.0,0.0032512359150225,0.0042173488413388,17.5,4
2024-09-03,5627.5,5544.25,4.0,-0.0049069448742319,-0.0147934251443803,89.5,1
2024-09-04,5523.5,5528.25,1.0,-0.0037426162240158,0.0008599619806282,17.5,2
2024-09-05,5532.25,5516.25,1.0,0.0007235562791119,-0.0028921324958199,17.5,3
2024-09-06,5525.0,5414.5,1.0,0.0015862225243599,-0.02,17.5,4
2024-09-09,5460.5,5481.25,3.0,0.0084957059746975,0.0038000183133413,65.5,0
2024-09-10,5498.75,5500.25,1.0,0.0031927023945268,0.0002727892702887,17.5,1
2024-09-11,5490.5,5555.5,1.0,-0.0017726466978773,0.0118386303615336,17.5,2
2024-09-12,5558.25,5600.5,1.0,0.0004950049500493,0.0076013133630188,17.5,3
2024-09-13,5606.25,5629.25,1.0,0.0010266940451746,0.004102564102564,17.5,4
2024-09-16,5627.75,5636.75,3.0,-0.0002664653373006,0.0015992181600106,65.5,0
2024-09-17,5660.75,5640.0,1.0,0.0042577726526811,-0.0036655920151923,17.5,1
2024-09-18,5640.25,5621.25,1.0,4.4326241134706734e-05,-0.0033686450068702,17.5,2
2024-09-19,5714.0,5715.25,1.0,0.0164998888147653,0.0002187609380468,17.5,3
2024-09-23,5772.0,5777.75,4.0,0.0099295743843226,0.0009961884961884,89.5,0
2024-09-24,5780.25,5791.0,1.0,0.0004326943879537,0.0018597811513343,17.5,1
2024-09-25,5797.25,5779.25,1.0,0.0010792609221206,-0.0031049204364138,17.5,2
2024-09-26,5818.25,5804.25,1.0,0.0067482804862222,-0.0024062218020882,17.5,3
2024-09-27,5810.75,5790.0,1.0,0.0011198690614635,-0.0035709676031493,17.5,4
2024-09-30,5781.25,5809.5,3.0,-0.0015112262521589,0.0048864864864865,65.5,0
2024-10-01,5804.0,5765.25,1.0,-0.0009467251914966,-0.0066764300482425,17.5,1
2024-10-02,5742.25,5760.75,1.0,-0.0039894193660292,0.0032217336409943,17.5,2
2024-10-03,5746.5,5749.0,1.0,-0.0024736362452805,0.0004350474201688,17.5,3
2024-10-04,5790.5,5798.75,1.0,0.007218646721169,0.0014247474311372,17.5,4
2024-10-07,5781.0,5748.5,3.0,-0.0030610045268376,-0.0056218647292856,65.5,0
2024-10-08,5770.75,5798.25,1.0,0.0038705749325911,0.0047654117748991,17.5,1
2024-10-09,5795.75,5838.25,1.0,-0.0004311645755185,0.0073329594961826,17.5,2
2024-10-10,5822.5,5828.75,1.0,-0.0026977262022009,0.0010734220695578,17.5,3
2024-10-11,5825.0,5860.25,1.0,-0.0006433626420758,0.0060515021459226,17.5,4
2024-10-14,5874.75,5908.5,3.0,0.0024742971716222,0.0057449253159709,65.5,0
2024-10-15,5911.0,5864.0,1.0,0.0004231192350003,-0.007951277279648,17.5,1
2024-10-16,5860.75,5885.25,1.0,-0.0005542291950886,0.0041803523439831,17.5,2
2024-10-17,5918.25,5888.75,1.0,0.0056072384350707,-0.0049845815908419,17.5,3
2024-10-18,5895.5,5905.75,1.0,0.0011462534493738,0.001738614197269,17.5,4
2024-10-21,5900.75,5896.5,3.0,-0.000846632519155,-0.0007202474261746,65.5,0
2024-10-22,5867.5,5890.25,1.0,-0.0049181717968286,0.003877290157648,17.5,1
2024-10-23,5873.0,5835.5,1.0,-0.0029285683969271,-0.0063851523923037,17.5,2
2024-10-24,5852.25,5852.5,1.0,0.0028703624368091,4.271861249938169e-05,17.5,3
2024-10-25,5878.25,5845.75,1.0,0.0043998291328493,-0.0055288563773231,17.5,4
2024-10-28,5872.5,5861.75,3.0,0.0045759739982038,-0.0018305661983822,65.5,0
2024-10-29,5848.5,5874.5,1.0,-0.002260417110931,0.0044455843378643,17.5,1
2024-10-30,5862.25,5845.0,1.0,-0.002085283853945,-0.0029425561857648,17.5,2
2024-10-31,5802.5,5743.0,1.0,-0.0072711719418305,-0.0102542007755277,17.5,3
2024-11-01,5761.75,5760.5,1.0,0.0032648441581055,-0.0002169479758753,17.5,4
2024-11-04,5758.5,5743.5,3.0,-0.0003471920840204,-0.0026048450117217,65.5,0
2024-11-05,5756.25,5813.75,1.0,0.0022199007573779,0.0099891422366993,17.5,1
2024-11-06,5926.25,5959.75,1.0,0.0193506772737046,0.0056528158616324,17.5,2
2024-11-07,5979.75,6002.0,1.0,0.0033558454633164,0.0037208913416113,17.5,3
2024-11-08,6008.75,6027.25,1.0,0.0011246251249583,0.0030788433534429,17.5,4
2024-11-11,6044.0,6028.5,3.0,0.0027790451698535,-0.0025645268034414,65.5,0
2024-11-12,6031.5,6014.0,1.0,0.0004976362279174,-0.002901434137445,17.5,1
2024-11-13,6017.25,6016.0,1.0,0.0005404057199867,-0.0002077360920685,17.5,2
2024-11-14,6018.25,5975.75,1.0,0.0003740026595744,-0.0070618535288498,17.5,3
2024-11-15,5938.25,5902.75,1.0,-0.0062753629251558,-0.00597819222835,17.5,4
2024-11-18,5895.75,5920.5,3.0,-0.0011858879335903,0.0041979391934867,65.5,0
2024-11-19,5884.75,5943.25,1.0,-0.0060383413563043,0.0099409490632567,17.5,1
2024-11-20,5936.75,5941.25,1.0,-0.0010936777015942,0.0007579904830083,17.5,2
2024-11-21,5961.0,5971.25,1.0,0.003324216284452,0.0017195101493037,17.5,3
2024-11-22,5971.75,5989.5,1.0,8.37345614401741e-05,0.002972328044543,17.5,4
2024-11-25,6021.5,6005.0,3.0,0.0053426830286333,-0.0027401810180187,65.5,0
2024-11-26,6019.75,6039.75,1.0,0.0024562864279766,0.0033223971095144,17.5,1
2024-11-27,6029.0,6016.25,1.0,-0.0017798749948259,-0.0021147785702437,17.5,2
2024-12-02,6059.75,6063.75,5.0,0.0072304176189486,0.0006600932381699,113.5,0
2024-12-03,6057.5,6063.0,1.0,-0.0010307153164296,0.0009079653322328,17.5,1
2024-12-04,6080.25,6096.5,1.0,0.0028451261751607,0.0026725874758439,17.5,2
2024-12-05,6100.25,6087.25,1.0,0.0006151070286228,-0.0021310602024506,17.5,3
2024-12-06,6096.5,6099.25,1.0,0.0015195695921803,0.0004510784876567,17.5,4
2024-12-09,6092.5,6064.5,3.0,-0.0011066934459155,-0.0045958145260566,65.5,0
2024-12-10,6066.0,6048.0,1.0,0.0002473410833538,-0.002967359050445,17.5,1
2024-12-11,6072.75,6089.75,1.0,0.0040922619047618,0.002799390720843,17.5,2
2024-12-12,6081.75,6059.75,1.0,-0.0013136828277022,-0.0036173798659925,17.5,3
2024-12-13,6076.75,6054.0,1.0,0.002805396262222,-0.0037437775126506,17.5,4
2024-12-16,6072.25,6081.0,3.0,0.00301453584407,0.0014409815142657,65.5,0
2024-12-17,6049.75,6050.75,1.0,-0.005138957408321,0.0001652960866151,17.5,1
2024-12-18,6050.75,5871.25,1.0,0.0,-0.0296657439160434,17.5,2
2024-12-19,5923.25,5872.0,1.0,0.0088567170534383,-0.0086523445743468,17.5,3
2024-12-23,6007.75,6040.25,4.0,0.0231181880108992,0.0054096791644127,89.5,0
2024-12-26,6083.5,6095.25,3.0,0.0071602996564712,0.001931453932769,65.5,3
2024-12-27,6053.0,6030.0,1.0,-0.0069316270866658,-0.0037997687097307,17.5,4
2024-12-30,5949.5,5955.5,3.0,-0.0133499170812603,0.0010084881082443,65.5,0
2024-12-31,5976.25,5936.25,1.0,0.0034841742926705,-0.0066931604266889,17.5,1
2025-01-02,5968.5,5921.0,2.0,0.0054327226784585,-0.007958448521404,41.5,3
2025-01-03,5947.25,5987.75,1.0,0.004433372741091,0.006809870108033,17.5,4
2025-01-06,6034.75,6025.5,3.0,0.0078493591081791,-0.0015327892621898,65.5,0
2025-01-07,6044.0,5955.75,1.0,0.0030702846236827,-0.0146012574454004,17.5,1
2025-01-08,5946.25,5964.25,1.0,-0.0015950971749989,0.0030271179314693,17.5,2
2025-01-10,5912.0,5868.25,2.0,-0.0087605315001886,-0.0074002029769959,41.5,4
2025-01-13,5818.75,5875.25,3.0,-0.0084352234482171,0.0097099892588614,65.5,0
2025-01-14,5897.25,5887.0,1.0,0.0037445215097229,-0.001738098266141,17.5,1
2025-01-15,5961.25,5989.0,1.0,0.0126125360964837,0.0046550639547073,17.5,2
2025-01-16,5997.0,5975.5,1.0,0.0013357822674904,-0.0035851258962814,17.5,3
2025-01-17,6023.25,6032.25,1.0,0.0079909630993222,0.001494209936496,17.5,4
2025-01-21,6063.75,6089.25,4.0,0.0052219321148825,0.0042053184910326,89.5,1
2025-01-22,6112.25,6120.75,1.0,0.0037771482530688,0.0013906499243323,17.5,2
2025-01-23,6113.25,6150.75,1.0,-0.0012253400318588,0.0061342166605324,17.5,3
2025-01-24,6153.5,6131.75,1.0,0.0004470999471608,-0.0035345738197773,17.5,4
2025-01-27,6015.5,6046.0,3.0,-0.0189586985770783,0.005070235225667,65.5,0
2025-01-28,6055.25,6093.25,1.0,0.001529937148528,0.0062755460137897,17.5,1
2025-01-29,6086.5,6061.25,1.0,-0.0011077832027243,-0.0041485254251211,17.5,2
2025-01-30,6090.0,6103.25,1.0,0.0047432460301093,0.002175697865353,17.5,3
2025-01-31,6123.5,6067.5,1.0,0.0033179043951991,-0.0091450967583898,17.5,4
2025-02-03,5975.0,6022.0,3.0,-0.015245158632056,0.0078661087866109,65.5,0
2025-02-04,6022.0,6063.25,1.0,0.0,0.0068498837595483,17.5,1
2025-02-05,6050.25,6085.75,1.0,-0.0021440646517956,0.0058675261352836,17.5,2
2025-02-06,6098.75,6099.75,1.0,0.0021361376987223,0.0001639680262348,17.5,3
2025-02-07,6111.25,6052.75,1.0,0.0018853231689823,-0.0095725097156882,17.5,4
2025-02-10,6077.0,6085.75,3.0,0.0040064433521953,0.0014398551917065,65.5,0
2025-02-11,6069.0,6092.0,1.0,-0.0027523312656615,0.0037897511945954,17.5,1
2025-02-12,6026.75,6074.0,1.0,-0.0107107682206172,0.0078400464595345,17.5,2
2025-02-13,6084.25,6133.0,1.0,0.0016875205795192,0.0080124912684389,17.5,3
2025-02-14,6137.5,6129.75,1.0,0.0007337355291048,-0.0012627291242363,17.5,4
2025-02-18,6143.5,6147.25,4.0,0.0022431583669806,0.0006104012370797,89.5,1
2025-02-19,6133.25,6157.75,1.0,-0.0022774411322136,0.0039946194921127,17.5,2
2025-02-20,6148.5,6135.75,1.0,-0.0015021720595996,-0.0020736765064649,17.5,3
2025-02-21,6127.75,6033.0,1.0,-0.0013038340871124,-0.0154624454326628,17.5,4
2025-02-24,6051.25,6002.5,3.0,0.0030250290071274,-0.0080561867382772,65.5,0
2025-02-25,6000.5,5974.5,1.0,-0.0003331945022907,-0.0043329722523123,17.5,1
2025-02-26,5979.25,5976.0,1.0,0.0007950456105112,-0.0005435464314086,17.5,2
2025-02-27,5998.75,5875.75,1.0,0.0038068942436413,-0.0205042717232757,17.5,3
2025-02-28,5875.5,5962.75,1.0,-4.254775986045623e-05,0.0148498000170198,17.5,4
2025-03-03,5982.25,5866.75,3.0,0.003270303131944,-0.0193071168874587,65.5,0
2025-03-04,5816.25,5797.0,1.0,-0.0086078322751097,-0.0033096926713948,17.5,1
2025-03-05,5793.75,5851.5,1.0,-0.0005606348111092,0.0099676375404531,17.5,2
2025-03-06,5773.75,5750.25,1.0,-0.0132871913184653,-0.0040701450530418,17.5,3
2025-03-07,5733.75,5772.75,1.0,-0.0028694404591105,0.0068018312622628,17.5,4
2025-03-10,5698.25,5620.25,3.0,-0.012905461002122,-0.0136884131092879,65.5,0
2025-03-11,5613.25,5583.5,1.0,-0.0012454961967883,-0.0052999599162695,17.5,1
2025-03-12,5633.75,5600.5,1.0,0.008999731351303,-0.0059019303305968,17.5,2
2025-03-13,5589.75,5532.0,1.0,-0.0019194714757611,-0.0103314101704011,17.5,3
2025-03-14,5573.25,5632.5,1.0,0.0074566160520608,0.0106311398196743,17.5,4
2025-03-17,5633.5,5678.75,3.0,0.0001775410563693,0.0080323067364871,65.5,0
2025-03-18,5650.5,5626.0,1.0,-0.0049746863306184,-0.0043358994779223,17.5,1
2025-03-19,5637.0,5682.5,1.0,0.0019552079630287,0.0080716693276565,17.5,2
2025-03-20,5637.0,5666.25,1.0,-0.0080070391553013,0.0051889302820649,17.5,3
2025-03-24,5776.25,5816.0,4.0,0.0194131921464812,0.0068816273533867,89.5,0
2025-03-25,5828.25,5828.5,1.0,0.0021062585969737,4.289452236938551e-05,17.5,1
2025-03-26,5825.75,5759.0,1.0,-0.000471819507592,-0.011457752220744,17.5,2
2025-03-27,5744.0,5744.75,1.0,-0.0026046188574405,0.0001305710306407,17.5,3
2025-03-28,5722.75,5622.25,1.0,-0.0038295835327908,-0.0175614870473111,17.5,4
2025-03-31,5566.75,5643.75,3.0,-0.009871492729779,0.013832128261553,65.5,0
2025-04-01,5631.25,5674.25,1.0,-0.0022148394241418,0.0076359600443951,17.5,1
2025-04-02,5613.25,5708.5,1.0,-0.0107503194254747,0.0169687792277202,17.5,2
2025-04-03,5527.75,5434.75,1.0,-0.0316633091004642,-0.0168242051467595,17.5,3
2025-04-04,5303.0,5108.75,1.0,-0.0242421454528727,-0.0366302093154817,17.5,4
2025-04-07,4932.75,5104.75,3.0,-0.034450697333007,0.0348689878870811,65.5,0
2025-04-08,5272.5,5016.5,1.0,0.0328615505166756,-0.0485538169748696,17.5,1
2025-04-09,4993.25,5498.0,1.0,-0.0046347054719425,0.1010864667300857,17.5,2
2025-04-10,5383.75,5299.0,1.0,-0.0207802837395416,-0.0157418156489436,17.5,3
2025-04-11,5292.25,5394.75,1.0,-0.0012738252500471,0.0193679436912466,17.5,4
2025-04-14,5488.25,5447.25,3.0,0.0173316650447195,-0.0074705051701362,65.5,0
2025-04-15,5449.25,5428.75,1.0,0.000367157740144,-0.0037619855943478,17.5,1
2025-04-16,5372.75,5304.0,1.0,-0.0103154501496661,-0.0127960541622074,17.5,2
2025-04-17,5329.5,5312.5,1.0,0.0048076923076922,-0.0031897926634768,17.5,3
2025-04-21,5261.0,5184.0,4.0,-0.0096941176470588,-0.0146360007603116,89.5,0
2025-04-22,5237.5,5325.75,1.0,0.0103202160493827,0.0168496420047732,17.5,1
2025-04-23,5447.75,5397.0,1.0,0.0229075717035158,-0.0093157725666559,17.5,2
2025-04-24,5407.25,5512.0,1.0,0.0018992032610709,0.0193721392574783,17.5,3
2025-04-25,5514.0,5549.5,1.0,0.0003628447024672,0.0064381574174827,17.5,4
2025-04-28,5564.75,5549.0,3.0,0.0027479953148932,-0.0028303158273058,65.5,0
2025-04-29,5534.0,5586.75,1.0,-0.0027031897639214,0.0095319840983014,17.5,1
2025-04-30,5498.5,5587.75,1.0,-0.0157963037544189,0.0162316995544238,17.5,2
2025-05-01,5644.0,5634.5,1.0,0.0100666636839514,-0.0016832034018426,17.5,3
2025-05-02,5687.0,5707.75,1.0,0.0093175969473777,0.0036486724107613,17.5,4
2025-05-05,5665.75,5672.5,3.0,-0.0073584161885156,0.0011913691920752,65.5,0
2025-05-06,5619.25,5624.75,1.0,-0.0093873953283384,0.0009787783067134,17.5,1
2025-05-07,5632.5,5659.0,1.0,0.0013778390150673,0.0047048379937859,17.5,2
2025-05-08,5691.75,5692.5,1.0,0.0057872415621134,0.0001317696666227,17.5,3
2025-05-09,5705.25,5678.5,1.0,0.0022397891963108,-0.0046886639498707,17.5,4
2025-05-12,5840.0,5869.0,3.0,0.0284406093158404,0.0049657534246574,65.5,0
2025-05-13,5864.25,5900.25,1.0,-0.0008093371954336,0.0061388924414886,17.5,1
2025-05-14,5918.25,5906.5,1.0,0.003050718189907,-0.0019853841929624,17.5,2
2025-05-15,5890.0,5939.0,1.0,-0.0027935325488868,0.0083191850594226,17.5,3
2025-05-16,5939.25,5972.5,1.0,4.20946287253976e-05,0.0055983499600118,17.5,4
2025-05-19,5921.25,5976.5,3.0,-0.0085809962327333,0.0093308000844416,65.5,0
2025-05-20,5966.5,5955.75,1.0,-0.0016732201121058,-0.001801726305204,17.5,1
2025-05-21,5921.75,5859.75,1.0,-0.0057087688368383,-0.0104698779921476,17.5,2
2025-05-22,5856.75,5860.5,1.0,-0.0005119672340969,0.000640286848508,17.5,3
2025-05-23,5788.0,5815.25,1.0,-0.0123709581093763,0.00470801658604,17.5,4
2025-05-27,5887.75,5933.5,4.0,0.0124672198099824,0.0077703706848966,89.5,1
2025-05-28,5941.75,5894.0,1.0,0.0013904103817308,-0.0080363529263264,17.5,2
2025-05-29,5948.25,5920.5,1.0,0.0092042755344416,-0.0046652376749464,17.5,3
2025-05-30,5902.25,5924.25,1.0,-0.0030825099231484,0.0037273920962344,17.5,4
2025-06-02,5905.0,5949.5,3.0,-0.0032493564586234,0.0075359864521591,65.5,0
2025-06-03,5950.5,5979.25,1.0,0.000168081351374,0.004831526762457,17.5,1
2025-06-04,5990.25,5977.5,1.0,0.0018396956139983,-0.0021284587454614,17.5,2
2025-06-05,5996.0,5953.75,1.0,0.003094939355918,-0.0070463642428285,17.5,3
2025-06-06,6001.5,6005.5,1.0,0.0080201553642662,0.0006665000416563,17.5,4
2025-06-09,6012.5,6008.75,3.0,0.0011655982016485,-0.0006237006237006,65.5,0
2025-06-10,6020.5,6041.25,1.0,0.0019554815893487,0.0034465575948841,17.5,1
2025-06-11,6051.25,6025.25,1.0,0.0016552865714876,-0.0042966329270811,17.5,2
2025-06-12,6017.5,6048.75,1.0,-0.0012862536824198,0.0051931865392604,17.5,3
2025-06-13,6004.25,5982.75,1.0,-0.0073568919198181,-0.003580796935504,17.5,4
2025-06-16,6019.75,6039.5,3.0,0.0061844469516527,0.0032808671456456,65.5,0
2025-06-17,6014.25,5988.75,1.0,-0.0041808096696746,-0.0042399301658561,17.5,1
2025-06-18,5987.75,5988.0,1.0,-0.0001669797537048,4.175191014987867e-05,17.5,2
2025-06-23,6018.0,6073.0,5.0,0.0050100200400802,0.0091392489199069,113.5,0
2025-06-24,6116.75,6143.75,1.0,0.0072040177836325,0.0044141087996076,17.5,1
2025-06-25,6156.75,6144.75,1.0,0.0021159715157681,-0.0019490802777439,17.5,2
2025-06-26,6167.0,6191.75,1.0,0.0036209772570079,0.0040132965785633,17.5,3
2025-06-27,6207.5,6219.0,1.0,0.0025437073525256,0.0018525976641159,17.5,4
2025-06-30,6246.5,6251.5,3.0,0.0044219327866217,0.0008004482510206,65.5,0
2025-07-01,6237.75,6246.0,1.0,-0.0021994721266895,0.0013225922808706,17.5,1
2025-07-02,6245.25,6274.0,1.0,-0.0001200768491834,0.0046034986589809,17.5,2
2025-07-07,6307.0,6270.75,5.0,0.0052598023589416,-0.0057475820516885,113.5,0
2025-07-08,6278.25,6271.5,1.0,0.0011960291831121,-0.0010751403655476,17.5,1
2025-07-09,6296.75,6307.5,1.0,0.0040261500438492,0.001707229920197,17.5,2
2025-07-10,6308.5,6323.75,1.0,0.0001585414189457,0.0024173733851153,17.5,3
2025-07-11,6295.25,6298.5,1.0,-0.0045068195295513,0.0005162622612286,17.5,4
2025-07-14,6292.0,6309.0,3.0,-0.001031991744066,0.0027018436109345,65.5,0
2025-07-15,6340.25,6283.0,1.0,0.004953241401173,-0.0090296123969875,17.5,1
2025-07-16,6297.5,6301.25,1.0,0.0023078147381823,0.000595474394601,17.5,2
2025-07-17,6304.75,6339.5,1.0,0.0005554453481451,0.0055117173559617,17.5,3
2025-07-18,6346.75,6335.0,1.0,0.0011436233141415,-0.0018513412376413,17.5,4
2025-07-21,6347.25,6346.75,3.0,0.0019337016574585,-7.877427232261258e-05,65.5,0
2025-07-22,6342.75,6345.0,1.0,-0.0006302438255799,0.0003547357218871,17.5,1
2025-07-23,6366.75,6393.5,1.0,0.0034278959810873,0.0042015156869674,17.5,2
2025-07-24,6404.0,6400.5,1.0,0.0016422929537811,-0.0005465334166145,17.5,3
2025-07-25,6406.25,6424.25,1.0,0.0008983673150535,0.002809756097561,17.5,4
2025-07-28,6430.5,6425.25,3.0,0.0009728762112308,-0.0008164217401446,65.5,0
2025-07-29,6439.0,6405.75,1.0,0.0021399945527411,-0.0051638453175959,17.5,1
2025-07-30,6406.75,6397.5,1.0,0.0001561097451507,-0.0014437897529948,17.5,2
2025-07-31,6438.75,6374.0,1.0,0.0064478311840563,-0.0100562997476217,17.5,3
2025-08-01,6300.75,6264.5,1.0,-0.0114919987449011,-0.005753283339285,17.5,4
2025-08-04,6308.0,6355.75,3.0,0.0069438901747944,0.0075697526949904,65.5,0
2025-08-05,6357.5,6324.0,1.0,0.0002753412264484,-0.0052693668895006,17.5,1
2025-08-06,6331.0,6369.5,1.0,0.0011068943706515,0.0060811878060338,17.5,2
2025-08-07,6402.75,6372.25,1.0,0.0052201899678154,-0.0047635781500137,17.5,3
2025-08-08,6387.0,6416.0,1.0,0.0023147239985876,0.004540472835447,17.5,4
2025-08-11,6414.75,6399.5,3.0,-0.000194825436409,-0.002377333489224,65.5,0
2025-08-12,6424.5,6466.75,1.0,0.0039065551996249,0.0065763872674915,17.5,1
2025-08-13,6485.5,6490.25,1.0,0.0028994471720724,0.0007324030529642,17.5,2
2025-08-14,6465.25,6486.25,1.0,-0.0038519317437695,0.0032481342562158,17.5,3
2025-08-15,6489.75,6468.0,1.0,0.0005396030063595,-0.00335143880735,17.5,4
2025-08-18,6468.0,6468.5,3.0,0.0,7.730364873226314e-05,65.5,0
2025-08-19,6464.75,6434.75,1.0,-0.0005797325500502,-0.0046405506786805,17.5,1
2025-08-20,6424.0,6414.0,1.0,-0.0016706165740705,-0.0015566625155666,17.5,2
2025-08-21,6385.25,6388.75,1.0,-0.0044823822887434,0.0005481382874594,17.5,3
2025-08-22,6403.5,6483.0,1.0,0.002308745842301,0.012415085500117,17.5,4
2025-08-25,6469.75,6456.25,3.0,-0.002043806879531,-0.0020866339503071,65.5,0
2025-08-26,6449.5,6480.75,1.0,-0.0010454985479186,0.0048453368478176,17.5,1
2025-08-27,6473.25,6494.75,1.0,-0.0011572734637195,0.0033213609855946,17.5,2
2025-08-28,6506.25,6514.5,1.0,0.001770660918434,0.0012680115273775,17.5,3
2025-08-29,6499.5,6473.5,1.0,-0.002302555836979,-0.0040003077159781,17.5,4
2025-09-02,6388.5,6426.0,4.0,-0.0131304549316444,0.0058699225170226,89.5,1
2025-09-03,6448.0,6460.5,1.0,0.0034235916588858,0.0019385856079403,17.5,2
2025-09-04,6464.75,6510.0,1.0,0.0006578438201376,0.0069994972736764,17.5,3
2025-09-05,6535.0,6488.75,1.0,0.0038402457757296,-0.0070772762050497,17.5,4
2025-09-08,6501.0,6506.5,3.0,0.0018878828742052,0.0008460236886633,65.5,0
2025-09-09,6505.5,6518.5,1.0,-0.0001536924613847,0.0019983091230497,17.5,1
2025-09-10,6544.5,6539.0,1.0,0.0039886476950219,-0.0008404003361601,17.5,2
2025-09-11,6558.25,6590.75,1.0,0.0029438752102768,0.004955590287043,17.5,3
2025-09-12,6589.25,6587.0,1.0,-0.0002275917004893,-0.0003414652653943,17.5,4
2025-09-15,6612.75,6619.0,3.0,0.0039092151206923,0.000945143850894,65.5,0
2025-09-16,6628.25,6612.25,1.0,0.0013974920682882,-0.0024139101572813,17.5,1
2025-09-17,6616.0,6606.75,1.0,0.0005671291920299,-0.0013981257557436,17.5,2
2025-09-18,6624.25,6635.0,1.0,0.0026488061452303,0.0016228252254972,17.5,3
2025-09-22,6708.75,6749.25,4.0,0.0111152976639035,0.0060368921185018,89.5,0
2025-09-23,6750.5,6716.0,1.0,0.0001852057636033,-0.0051107325383304,17.5,1
2025-09-24,6724.0,6695.0,1.0,0.0011911852293031,-0.0043129089827483,17.5,2
2025-09-25,6653.75,6663.0,1.0,-0.0061613144137415,0.0013901934999061,17.5,3
2025-09-26,6669.5,6697.5,1.0,0.0009755365450998,0.0041982157583027,17.5,4
2025-09-29,6720.5,6715.5,3.0,0.0034341172079133,-0.0007439922624804,65.5,0
2025-09-30,6707.0,6733.5,1.0,-0.0012657285384558,0.0039510958699866,17.5,1
2025-10-01,6707.5,6758.0,1.0,-0.0038612905621148,0.0075288855758479,17.5,2
2025-10-02,6773.75,6768.5,1.0,0.0023305711749037,-0.0007750507473703,17.5,3
2025-10-03,6774.5,6765.75,1.0,0.0008864593336781,-0.0012916082367702,17.5,4
2025-10-06,6785.25,6788.25,3.0,0.002882163839929,0.0004421355145352,65.5,0
2025-10-07,6795.5,6765.75,1.0,0.0010680219496925,-0.0043778971378117,17.5,1
2025-10-08,6770.75,6800.75,1.0,0.0007390163692124,0.0044308237639847,17.5,2
2025-10-09,6805.0,6780.25,1.0,0.0006249310737787,-0.0036370315944158,17.5,3
2025-10-10,6786.5,6593.5,1.0,0.0009217949190662,-0.0284388123480439,17.5,4
2025-10-13,6671.0,6693.75,3.0,0.0117540001516645,0.0034102833158446,65.5,0
2025-10-14,6631.25,6691.25,1.0,-0.0093370681605975,0.0090480678605089,17.5,1
2025-10-15,6727.25,6719.75,1.0,0.0053801606575751,-0.0011148686313129,17.5,2
2025-10-16,6734.0,6670.25,1.0,0.002120614606198,-0.0094668844668844,17.5,3
2025-10-17,6648.75,6703.5,1.0,-0.0032232674937221,0.0082346305696558,17.5,4
2025-10-20,6742.25,6772.25,3.0,0.0057805623927797,0.0044495531907005,65.5,0
2025-10-21,6772.25,6773.75,1.0,0.0,0.0002214921185721,17.5,1
2025-10-22,6770.75,6739.0,1.0,-0.0004428861413544,-0.0046892884835505,17.5,2
2025-10-23,6740.5,6775.25,1.0,0.0002225849532571,0.0051554039017875,17.5,3
2025-10-24,6814.75,6826.25,1.0,0.0058300431718387,0.0016875160497449,17.5,4
2025-10-27,6884.0,6907.75,3.0,0.0084599890130012,0.0034500290528762,65.5,0
2025-10-28,6922.75,6923.75,1.0,0.0021714740689804,0.0001444512657542,17.5,1
2025-10-29,6936.5,6933.5,1.0,0.0018414876331467,-0.0004324947740215,17.5,2
2025-10-30,6887.75,6860.25,1.0,-0.0065983990769452,-0.0039925955500708,17.5,3
2025-10-31,6899.5,6871.25,1.0,0.0057213658394372,-0.0040944996014203,17.5,4
2025-11-03,6903.75,6883.25,3.0,0.0047298526468984,-0.0029694006880318,65.5,0
2025-11-04,6811.75,6806.0,1.0,-0.0103875349580503,-0.0008441296289499,17.5,1
2025-11-05,6800.25,6821.75,1.0,-0.0008448427857772,0.0031616484688063,17.5,2
2025-11-06,6812.5,6752.75,1.0,-0.0013559570491442,-0.0087706422018348,17.5,3
2025-11-07,6710.0,6756.5,1.0,-0.0063307541372034,0.006929955290611,17.5,4
2025-11-10,6820.75,6857.25,3.0,0.0095093613557315,0.0053513176703441,65.5,0
2025-11-11,6848.25,6874.5,1.0,-0.0013124794925079,0.0038330960464352,17.5,1
2025-11-12,6887.25,6879.25,1.0,0.0018546803403884,-0.0011615666630367,17.5,2
2025-11-13,6842.0,6768.25,1.0,-0.0054148344659664,-0.0107790119847998,17.5,3
2025-11-14,6687.25,6755.0,1.0,-0.0119676430391902,0.0101312198586862,17.5,4
2025-11-17,6728.5,6697.0,3.0,-0.0039230199851961,-0.0046815783607044,65.5,0
2025-11-18,6659.5,6634.0,1.0,-0.0055995221741078,-0.0038291163000224,17.5,1
2025-11-19,6640.75,6662.75,1.0,0.001017485679831,0.0033128788163987,17.5,2
2025-11-20,6765.25,6560.5,1.0,0.0153840381223968,-0.0302649569491149,17.5,3
2025-11-21,6588.75,6626.0,1.0,0.004306074232147,0.0056535761715044,17.5,4
2025-11-24,6661.75,6720.0,3.0,0.005395412013281,0.0087439486621383,65.5,0
2025-11-25,6714.75,6781.25,1.0,-0.0007812499999999,0.0099035704977847,17.5,1
2025-11-26,6810.0,6829.25,1.0,0.0042396313364054,0.0028267254038178,17.5,2
2025-12-01,6818.25,6829.25,5.0,-0.001610718600139,0.0016133172001613,113.5,0
2025-12-02,6842.5,6840.0,1.0,0.0019401837683494,-0.000365363536719,17.5,1
2025-12-03,6827.5,6863.0,1.0,-0.001827485380117,0.0051995606005126,17.5,2
2025-12-04,6873.5,6866.75,1.0,0.0015299431735391,-0.0009820324434421,17.5,3
2025-12-05,6882.25,6879.0,1.0,0.0022572541595369,-0.0004722292854807,17.5,4
2025-12-08,6883.75,6855.75,3.0,0.0006905073411833,-0.0040675503904121,65.5,0
2025-12-09,6852.75,6847.75,1.0,-0.0004375888852423,-0.0007296340885045,17.5,1
2025-12-10,6842.75,6894.0,1.0,-0.0007301668431236,0.0074896788571845,17.5,2
2025-12-11,6863.5,6908.0,1.0,-0.0044241369306643,0.0064835725213083,17.5,3
2025-12-12,6894.0,6835.0,1.0,-0.0020266357845976,-0.008558166521613,17.5,4
2025-12-15,6865.5,6823.5,3.0,0.0044623262618872,-0.0061175442429538,65.5,0
2025-12-16,6812.5,6799.25,1.0,-0.0016120759141202,-0.0019449541284403,17.5,1
2025-12-17,6807.0,6731.5,1.0,0.0011398315990733,-0.0110915234317614,17.5,2
2025-12-18,6791.25,6774.75,1.0,0.0088761791576914,-0.0024295969077857,17.5,3
2025-12-22,6920.25,6931.75,4.0,0.0214768072622606,0.0016617896752284,89.5,0
2025-12-23,6933.0,6958.25,1.0,0.0001803296425866,0.0036420020193279,17.5,1
2025-12-26,6980.5,6980.0,3.0,0.003197643085546,-7.162810686911492e-05,65.5,4
2025-12-29,6952.25,6955.0,3.0,-0.0039756446991403,0.0003955553957351,65.5,0
2025-12-30,6952.5,6945.25,1.0,-0.0003594536304816,-0.0010427903631786,17.5,1
2025-12-31,6946.5,6896.5,1.0,0.0001799791224217,-0.0071978694306484,17.5,2
2026-01-02,6931.0,6904.25,2.0,0.0050025375190314,-0.0038594719376713,41.5,4
2026-01-05,6942.0,6943.25,3.0,0.0054676467393273,0.0001800633823105,65.5,0
2026-01-06,6951.25,6987.75,1.0,0.0011521981780866,0.0052508541629203,17.5,1
2026-01-07,6986.25,6962.75,1.0,-0.0002146613716861,-0.0033637502236536,17.5,2
2026-01-08,6953.25,6964.75,1.0,-0.0013644034325518,0.0016539028511846,17.5,3
2026-01-09,6972.5,7004.25,1.0,0.0011127463297317,0.0045536034420938,17.5,4
2026-01-12,6976.0,7015.75,3.0,-0.0040332655173644,0.005698107798165,65.5,0
2026-01-13,7021.5,7002.75,1.0,0.0008195845062894,-0.0026703695791497,17.5,1
2026-01-14,6974.25,6970.0,1.0,-0.0040698297097568,-0.0006093845216331,17.5,2
2026-01-15,7003.75,6984.0,1.0,0.0048421807747489,-0.0028199179011243,17.5,3
2026-01-16,6998.0,6977.75,1.0,0.0020045819014891,-0.0028936839096884,17.5,4
2026-01-20,6881.75,6833.25,4.0,-0.0137580165526136,-0.0070476259672321,89.5,1
2026-01-21,6859.25,6914.25,1.0,0.0038049244502982,0.0080183693552502,17.5,2
2026-01-22,6955.5,6944.75,1.0,0.0059659399067144,-0.0015455395011142,17.5,3
2026-01-23,6936.25,6943.75,1.0,-0.0012239461463695,0.0010812759055685,17.5,4
2026-01-26,6955.0,6980.0,3.0,0.0016201620162015,0.0035945363048166,65.5,0
2026-01-27,6994.5,7007.0,1.0,0.002077363896848,0.0017871184502109,17.5,1
2026-01-28,7027.0,6992.0,1.0,0.0028542885685742,-0.0049807883876475,17.5,2
2026-01-29,7017.0,6993.0,1.0,0.0035755148741418,-0.0034202650705429,17.5,3
2026-01-30,6976.75,6964.0,1.0,-0.0023237523237523,-0.0018274984770846,17.5,4
2026-02-02,6952.75,6997.75,3.0,-0.0016154508902929,0.006472259178023,65.5,0
2026-02-03,7013.75,6943.25,1.0,0.0022864492158194,-0.0100516841917661,17.5,1
2026-02-04,6944.5,6911.75,1.0,0.0001800309653259,-0.0047159622723018,17.5,2
2026-02-05,6844.25,6823.5,1.0,-0.0097659782254856,-0.0030317419731892,17.5,3
2026-02-06,6857.25,6945.0,1.0,0.0049461420092327,0.0127966750519523,17.5,4
2026-02-09,6928.0,6983.5,3.0,-0.0024478041756659,0.0080109699769053,65.5,0
2026-02-10,6992.0,6964.25,1.0,0.0012171547218442,-0.0039688215102975,17.5,1
2026-02-11,7009.0,6959.5,1.0,0.0064256739778152,-0.0070623484091881,17.5,2
2026-02-12,6981.75,6848.5,1.0,0.0031970687549391,-0.019085472839904,17.5,3
2026-02-13,6852.0,6853.5,1.0,0.000511060816237,0.0002189141856392,17.5,4
2026-02-17,6840.0,6863.0,4.0,-0.0019697964543663,0.0033625730994151,89.5,1
2026-02-18,6865.0,6893.25,1.0,0.0002914177473407,0.0041150764748725,17.5,2
2026-02-19,6874.25,6877.0,1.0,-0.0027563195880027,0.0004000436411244,17.5,3
2026-02-20,6849.5,6923.25,1.0,-0.0039988367020503,0.0107672092853492,17.5,4
2026-02-23,6921.0,6853.0,3.0,-0.000324991875203,-0.0098251697731541,65.5,0
2026-02-24,6846.25,6903.75,1.0,-0.0009849700860936,0.0083987584444038,17.5,1
2026-02-25,6938.25,6959.25,1.0,0.0049972840847365,0.003026699816236,17.5,2
2026-02-26,6951.5,6920.75,1.0,-0.0011136257499012,-0.0044235057181902,17.5,3
2026-02-27,6859.25,6883.75,1.0,-0.0088863201242639,0.0035718190764295,17.5,4
2026-03-02,6816.5,6886.25,3.0,-0.0097693844198293,0.0102325240225922,65.5,0
2026-03-03,6784.5,6825.0,1.0,-0.0147758213831911,0.0059694892770285,17.5,1
2026-03-04,6850.5,6869.0,1.0,0.0037362637362636,0.0027005328078242,17.5,2
2026-03-05,6846.5,6833.0,1.0,-0.0032755859659339,-0.0019718104140802,17.5,3
2026-03-06,6746.5,6739.0,1.0,-0.0126591541050783,-0.0011116875416883,17.5,4
2026-03-09,6692.25,6807.25,3.0,-0.0069372310431814,0.0171840561843923,65.5,0
2026-03-10,6802.25,6790.25,1.0,-0.0007345109993022,-0.0017641221654599,17.5,1
2026-03-11,6798.0,6776.75,1.0,0.0011413423658923,-0.0031259193880552,17.5,2
2026-03-12,6722.0,6678.75,1.0,-0.0080790939609695,-0.006434096994942,17.5,3
2026-03-13,6714.25,6634.25,1.0,0.0053153658993074,-0.0119149569944521,17.5,4
2026-03-16,6696.0,6703.0,3.0,0.0093077589780306,0.0010454002389486,65.5,0
2026-03-17,6739.75,6721.5,1.0,0.0054826197225124,-0.0027078155717942,17.5,1
2026-03-18,6691.5,6626.0,1.0,-0.0044632894443205,-0.0097885376970784,17.5,2
2026-03-19,6568.5,6611.0,1.0,-0.0086779354059765,0.0064702747963767,17.5,3
2026-03-23,6653.25,6625.25,4.0,0.0063908637119951,-0.0042084695449592,89.5,0
2026-03-24,6590.75,6608.0,1.0,-0.0052073506660126,0.0026173045556272,17.5,1
2026-03-25,6671.75,6645.5,1.0,0.009647397094431,-0.0039344999437929,17.5,2
2026-03-26,6589.0,6524.25,1.0,-0.0085019938304115,-0.0098269843678858,17.5,3
2026-03-27,6488.0,6402.0,1.0,-0.0055561941985668,-0.0132552404438964,17.5,4
2026-03-30,6463.0,6383.25,3.0,0.0095282724148704,-0.012339470833978,65.5,0
2026-03-31,6463.5,6572.25,1.0,0.012571965691458,0.0168252494778371,17.5,1
2026-04-01,6609.75,6620.5,1.0,0.0057058085130663,0.0016263852641931,17.5,2
2026-04-02,6532.25,6622.25,1.0,-0.0133298089268182,0.0137777947874009,17.5,3
2026-04-06,6630.75,6652.0,4.0,0.0012835516629543,0.0032047656750744,89.5,0
2026-04-07,6629.5,6652.0,1.0,-0.0033824413710162,0.0033939211101892,17.5,1
2026-04-08,6828.25,6823.25,1.0,0.0264957907396272,-0.0007322520411525,17.5,2
2026-04-09,6810.75,6862.0,1.0,-0.0018319715678012,0.00752486877363,17.5,3
2026-04-10,6877.75,6853.25,1.0,0.0022952491984844,-0.0035622114790447,17.5,4
2026-04-13,6836.75,6920.5,3.0,-0.0024076168241344,0.0122499725746882,65.5,0
2026-04-14,6941.0,7003.75,1.0,0.0029622137128819,0.0090404840801037,17.5,1
2026-04-15,7015.75,7057.0,1.0,0.0017133678386578,0.0058796279799022,17.5,2
2026-04-16,7069.25,7076.5,1.0,0.0017358650984837,0.0010255684832196,17.5,3
2026-04-17,7121.75,7162.0,1.0,0.0063944040132835,0.0056517007757923,17.5,4
2026-04-20,7150.5,7147.0,3.0,-0.0016056967327562,-0.0004894762604014,65.5,0
2026-04-21,7155.25,7095.25,1.0,0.0011543304883168,-0.0083854512420949,17.5,1
2026-04-22,7147.0,7167.25,1.0,0.0072936119234698,0.0028333566531411,17.5,2
2026-04-23,7154.0,7138.0,1.0,-0.0018486867348006,-0.0022365110427732,17.5,3
2026-04-24,7158.75,7195.75,1.0,0.002906976744186,0.0051685000873058,17.5,4
2026-04-27,7185.5,7204.5,3.0,-0.0014244519334328,0.0026442140421683,65.5,0
2026-04-28,7163.5,7169.25,1.0,-0.0056908876396696,0.0008026802540657,17.5,1
2026-04-29,7158.5,7172.5,1.0,-0.001499459497158,0.0019557169798141,17.5,2
2026-04-30,7189.75,7242.0,1.0,0.0024050191704425,0.0072672902395771,17.5,3
2026-05-01,7263.75,7257.25,1.0,0.0030033140016569,-0.0008948545861297,17.5,4
2026-05-04,7247.25,7227.0,3.0,-0.0013779324124151,-0.0027941633033219,65.5,0
2026-05-05,7267.5,7287.5,1.0,0.0056039850560398,0.002751977984176,17.5,1
2026-05-06,7329.75,7385.75,1.0,0.0057975986277873,0.0076400968655139,17.5,2
2026-05-07,7397.75,7357.75,1.0,0.0016247503638764,-0.0054070494407083,17.5,3
2026-05-08,7395.5,7419.0,1.0,0.0051306445584586,0.0031776080048677,17.5,4
2026-05-11,7414.75,7438.75,3.0,-0.000572853484297,0.0032367915303954,65.5,0
2026-05-12,7411.5,7422.25,1.0,-0.0036632498739707,0.0014504486271336,17.5,1
2026-05-13,7423.0,7469.75,1.0,0.0001010475260196,0.0062979927253132,17.5,2
2026-05-14,7486.0,7526.75,1.0,0.0021754409451453,0.0054434945231098,17.5,3
2026-05-15,7451.25,7422.0,1.0,-0.0100308898262861,-0.0039255158530447,17.5,4
2026-05-18,7436.75,7423.25,3.0,0.0019873349501482,-0.0018153091068007,65.5,0
2026-05-19,7386.25,7372.75,1.0,-0.0049843397433738,-0.001827720426468,17.5,1
2026-05-20,7394.5,7446.25,1.0,0.0029500525584076,0.0069984447900466,17.5,2
2026-05-21,7418.25,7469.0,1.0,-0.0037602820211516,0.0068412361405991,17.5,3
2026-05-22,7501.75,7488.75,1.0,0.0043847904672646,-0.0017329289832372,17.5,4
2026-05-26,7533.75,7538.5,4.0,0.0060090135202803,0.0006304961008793,89.5,1
2026-05-27,7543.0,7539.5,1.0,0.0005969357299198,-0.0004640063635158,17.5,2
2026-05-28,7535.5,7581.75,1.0,-0.0005305391604217,0.0061376152876384,17.5,3
2026-05-29,7587.75,7597.5,1.0,0.0007913740231477,0.0012849658989819,17.5,4
2026-06-01,7578.0,7614.0,3.0,-0.0025666337611056,0.004750593824228,65.5,0
2026-06-02,7599.25,7623.75,1.0,-0.001937220908852,0.0032240023686547,17.5,1
2026-06-03,7610.75,7572.75,1.0,-0.0017051975733727,-0.0049929376211279,17.5,2
2026-06-04,7545.75,7599.0,1.0,-0.0035654154699416,0.0070569525892059,17.5,3
2026-06-05,7543.75,7398.75,1.0,-0.0072706935123042,-0.0192212096106048,17.5,4
2026-06-08,7467.0,7414.0,3.0,0.0092245311708059,-0.0070978974152939,65.5,0
2026-06-09,7459.0,7391.0,1.0,0.0060695980577285,-0.009116503552755,17.5,1
2026-06-10,7355.0,7271.25,1.0,-0.0048707887971857,-0.011386811692726,17.5,2
2026-06-11,7305.0,7393.0,1.0,0.004641567818463,0.0120465434633811,17.5,3
2026-06-12,7412.25,7433.75,1.0,0.002603814419045,0.0029006037303112,17.5,4
2026-06-15,7543.75,7564.5,3.0,0.0147973768286531,0.0027506213753107,65.5,0
2026-06-16,7562.5,7517.5,1.0,-0.0002643928878313,-0.0059504132231404,17.5,1
2026-06-17,7523.5,7432.5,1.0,0.0007981376787495,-0.0120954343058417,17.5,2
2026-06-22,7586.5,7542.75,5.0,0.020719811638076,-0.0057668226454886,113.5,0
2026-06-23,7419.5,7434.25,1.0,-0.0163401942262437,0.0019880045825191,17.5,1
2026-06-24,7442.75,7431.25,1.0,0.0011433567609375,-0.0015451278089415,17.5,2
