day,p_open,p_close,overnight,intraday,fullday
2015-06-26,2097.0,2093.5,0.002390057361376652,-0.0016690510252741486,0.0007170172084129955
2015-06-29,2075.5,2050.0,-0.008598041557200897,-0.012286196097325952,-0.020778600429902094
2015-06-30,2064.75,2053.5,0.0071951219512194076,-0.005448601525608443,0.0017073170731707332
2015-07-01,2070.75,2070.25,0.008400292184076008,-0.00024145840878908587,0.0081568054541028
2015-07-02,2076.0,2068.25,0.002777442337881908,-0.003733140655105993,-0.0009660669001327893
2015-07-06,2053.5,2060.5,-0.007131633023087169,0.0034088142196251336,-0.0037471292155203395
2015-07-07,2061.0,2075.5,0.0002426595486533234,0.007035419699175094,0.0072797864595972595
2015-07-08,2057.5,2038.75,-0.008672609009877097,-0.009113001215066863,-0.01770657672849918
2015-07-09,2064.25,2043.5,0.012507664009809849,-0.010052077025554107,0.0023298589822196014
2015-07-10,2068.5,2070.5,0.01223391240518712,0.0009668842156151936,0.013212625397602151
2015-07-13,2084.25,2093.5,0.006640907993238354,0.004438047259206046,0.011108427915962338
2015-07-14,2092.25,2103.0,-0.0005970862192500315,0.005138009320109882,0.004537855266300461
2015-07-15,2100.75,2100.5,-0.0010699001426534016,-0.00011900511722007234,-0.001188777936281471
2015-07-16,2113.0,2117.75,0.0059509640561770105,0.002247988641741694,0.008212330397524337
2015-07-17,2117.5,2119.5,-0.00011804981702279171,0.0009445100354190661,0.000826348719159542
2015-07-20,2120.5,2120.25,0.00047180938900681646,-0.00011789672247108918,0.00035385704175516786
2015-07-21,2118.75,2113.25,-0.0007074637424832053,-0.002595870206489659,-0.003301497464921588
2015-07-22,2106.25,2106.25,-0.0033124334555778567,0.0,-0.0033124334555778567
2015-07-23,2108.5,2096.25,0.001068249258160181,-0.005809817405738715,-0.004747774480712175
2015-07-24,2096.5,2075.75,0.00011926058437694564,-0.00989744812783211,-0.00977936791890277
2015-07-27,2063.75,2061.75,-0.00578104299650728,-0.0009691096305269875,-0.006744550162591789
2015-07-28,2071.25,2087.5,0.004607736146477581,0.00784550392275185,0.012489390081241725
2015-07-29,2087.5,2100.25,0.0,0.006107784431137686,0.006107784431137686
2015-07-30,2096.5,2103.0,-0.001785501725985017,0.003100405437634235,0.001309367932389005
2015-07-31,2105.5,2099.75,0.001188777936281582,-0.0027309427689384824,-0.0015454113171659012
2015-08-03,2098.5,2090.5,-0.0005953089653529808,-0.0038122468429830914,-0.004405286343612369
2015-08-04,2091.25,2086.25,0.0003587658454915488,-0.002390914524805776,-0.002033006457785258
2015-08-05,2098.75,2095.25,0.005991611743559,-0.0016676593210244173,0.0043139604553625865
2015-08-06,2097.0,2077.0,0.0008352225271446301,-0.009537434430138325,-0.008710177783080808
2015-08-07,2074.0,2073.25,-0.001444390948483365,-0.00036162005785922435,-0.0018054886856042618
2015-08-10,2088.25,2099.75,0.007235017484625628,0.005507003471806549,0.012781864222838557
2015-08-11,2083.5,2079.75,-0.007739016549589195,-0.0017998560115191076,-0.009524943445648248
2015-08-12,2064.0,2082.75,-0.007573025604038941,0.009084302325581328,0.0014424810674360522
2015-08-13,2080.0,2080.75,-0.0013203697035170103,0.00036057692307700506,-0.0009602688752851085
2015-08-14,2078.75,2087.75,-0.0009611918779286466,0.0043295249549006876,0.003364171572750152
2015-08-17,2079.75,2099.5,-0.0038318764219853474,0.00949633369395353,0.005628068494791139
2015-08-18,2095.25,2093.25,-0.002024291497975672,-0.0009545400310225771,-0.002976899261728949
2015-08-19,2082.5,2075.25,-0.005135554759345462,-0.0034813925570228443,-0.008599068434252954
2015-08-20,2058.25,2029.5,-0.008191784122394852,-0.013968176849265102,-0.02204553668232745
2015-08-21,2011.25,1974.0,-0.0089923626508992,-0.018520820385332537,-0.02734663710273466
2015-08-24,1850.5,1887.75,-0.06256332320162106,0.02012969467711434,-0.043693009118541015
2015-08-25,1944.5,1868.0,0.03006224341146857,-0.039341733093340214,-0.010462190438352503
2015-08-26,1910.25,1940.5,0.022617773019272036,0.015835623609475213,0.03881156316916479
2015-08-27,1963.5,1986.25,0.011852615305333769,0.01158645276292325,0.023576397835609386
2015-08-28,1978.5,1985.0,-0.003901825047199492,0.0032853171594642294,-0.0006293266205160686
2015-08-31,1974.75,1965.5,-0.0051637279596977725,-0.004684137232561114,-0.009823677581863977
2015-09-01,1923.75,1911.0,-0.021241414398371905,-0.006627680311890871,-0.02772831340625792
2015-09-02,1936.25,1946.5,0.01321297749869177,0.005293737895416317,0.01857666143380432
2015-09-03,1954.5,1946.75,0.004109940919599264,-0.003965208493220795,0.00012843565373743537
2015-09-04,1922.25,1920.25,-0.01258507769359185,-0.0010404473923787405,-0.01361243097470144
2015-09-08,1951.5,1966.75,0.01627392266631955,0.007814501665385665,0.02421559692748332
2015-09-09,1984.25,1940.5,0.00889792805389611,-0.0220486329847549,-0.013346892080844053
2015-09-10,1937.25,1949.75,-0.0016748260757536437,0.006452445476835766,0.00476681267714496
2015-09-11,1943.0,1960.25,-0.0034619823054238275,0.008878023674729896,0.005385305808436991
2015-09-14,1959.5,1953.0,-0.00038260425966074596,-0.0033171727481500213,-0.003698507843387322
2015-09-15,1959.25,1979.75,0.0032002048131081207,0.01046318744417496,0.013696876600102437
2015-09-16,1979.75,1994.75,0.0,0.007576714231595005,0.007576714231595005
2015-09-17,1993.0,1989.25,-0.0008773029201654126,-0.0018815855494229705,-0.0027572377490913125
2015-09-21,1957.75,1960.25,-0.01583511373633284,0.001276976120546447,-0.014578358677893699
2015-09-22,1930.75,1934.5,-0.015049100879989785,0.0019422504208208569,-0.013136079581686055
2015-09-23,1933.25,1928.25,-0.0006461617989144131,-0.0025863183757920405,-0.0032308089945722873
2015-09-24,1913.75,1922.25,-0.007519771813820797,0.004441541476159383,-0.003111629716063824
2015-09-25,1939.5,1920.5,0.008973858759266484,-0.009796339262696518,-0.0009103914683313841
2015-09-28,1908.5,1872.25,-0.006248372819578241,-0.01899397432538641,-0.025123665712054155
2015-09-29,1877.5,1874.25,0.0028041126986246834,-0.0017310252996005637,0.0010682334089999745
2015-09-30,1895.25,1906.75,0.011204481792717047,0.006067801081651503,0.01734026944110978
2015-10-01,1915.5,1913.75,0.004588960272715381,-0.0009135995823544851,0.0036711682181722605
2015-10-02,1889.75,1939.5,-0.012540822991508827,0.026326233628786833,0.013455258001306314
2015-10-05,1957.0,1978.0,0.009022944057746951,0.01073071027082273,0.019850476927043115
2015-10-06,1974.5,1968.75,-0.0017694641051567706,-0.002912129653076745,-0.004676440849342822
2015-10-07,1982.25,1988.25,0.006857142857142895,0.003026863412788572,0.00990476190476186
2015-10-08,1982.25,2004.75,-0.003017729158808047,0.011350737797956922,0.008298755186721962
2015-10-09,2007.5,2006.75,0.00137174211248281,-0.00037359900373601374,0.0009976306272603264
2015-10-12,2007.0,2008.5,0.00012457954403877203,0.0007473841554559435,0.0008720568082720703
2015-10-13,1999.25,1996.75,-0.004605426935524015,-0.0012504689258472368,-0.005850136918098103
2015-10-14,1996.0,1986.5,-0.00037561036684607974,-0.004759519038076143,-0.0051333416802303855
2015-10-15,1994.5,2015.5,0.004027183488547692,0.010528954625219411,0.014598540145985384
2015-10-16,2022.25,2024.75,0.0033490449020094903,0.0012362467548523437,0.004589431902753738
2015-10-19,2017.75,2027.0,-0.0034572169403630504,0.004584314211373952,0.0011112483022595043
2015-10-20,2023.25,2023.75,-0.0018500246669955756,0.00024712714691710325,-0.0016033547113961655
2015-10-21,2029.25,2012.0,0.0027177269919702596,-0.008500677590242756,-0.005806053119209342
2015-10-22,2026.75,2045.5,0.007331013916501039,0.009251264339459775,0.016650099403578533
2015-10-23,2064.75,2068.75,0.009410901979955977,0.0019372805424384687,0.011366414079687193
2015-10-26,2066.5,2063.5,-0.0010876132930514038,-0.00145172997822407,-0.0025377643504531644
2015-10-27,2055.75,2059.25,-0.0037557547855585627,0.001702541651465328,-0.0020596074630482297
2015-10-28,2065.25,2083.25,0.002913682165837095,0.008715651858128615,0.01165472866334838
2015-10-29,2077.75,2081.0,-0.002640105604224119,0.001564192034652967,-0.0010800432017280537
2015-10-30,2085.0,2072.75,0.001922152811148381,-0.005875299760191854,-0.0039644401729937995
2015-11-02,2076.25,2097.0,0.0016885779761186548,0.009993979530403374,0.011699433120250902
2015-11-03,2092.5,2101.75,-0.0021459227467811592,0.004420549581839905,0.002265140677157884
2015-11-04,2107.25,2097.25,0.0026168668966337627,-0.004745521414165399,-0.0021410729154276442
2015-11-05,2098.0,2093.5,0.00035761115746812955,-0.002144899904671149,-0.0017880557873405367
2015-11-06,2091.5,2092.75,-0.0009553379508000504,0.0005976571838393063,-0.0003582517315500189
2015-11-09,2085.25,2074.5,-0.003583801218492444,-0.005155257163409699,-0.008720582964998225
2015-11-10,2069.5,2077.25,-0.002410219329958996,0.0037448659096399606,0.0013256206314775643
2015-11-11,2081.5,2069.0,0.0020459742447946905,-0.006005284650492437,-0.003971597063425203
2015-11-12,2058.25,2042.25,-0.0051957467375544075,-0.00777359407263456,-0.012928951184146942
2015-11-13,2036.25,2017.0,-0.002937936099889793,-0.009453652547575242,-0.012363814420369712
2015-11-16,2015.75,2050.5,-0.0006197322756569257,0.01723924097730367,0.016608824987605297
2015-11-17,2051.0,2048.25,0.00024384296513035864,-0.0013408093612872207,-0.001097293343087058
2015-11-18,2053.25,2081.0,0.0024411082631514702,0.013515158894435553,0.01598925912364213
2015-11-19,2080.0,2078.5,-0.00048053820278715076,-0.0007211538461538991,-0.0012013455069678214
2015-11-20,2086.75,2087.25,0.003969208563868065,0.00023960704444703218,0.004209766658648029
2015-11-23,2086.5,2083.5,-0.00035932446999642487,-0.0014378145219267058,-0.0017966223499820133
2015-11-24,2072.75,2086.5,-0.0051595872330213455,0.006633699191894715,0.0014398848092151972
2015-11-25,2086.75,2086.75,0.00011981787682713296,0.0,0.00011981787682713296
2015-12-01,2087.25,2099.5,0.0032444124008652597,0.0058689663432747174,0.009132420091324311
2015-12-02,2098.75,2080.25,-0.000357227911407465,-0.008814770696843333,-0.009168849726125305
2015-12-03,2083.25,2051.25,0.0014421343588510993,-0.015360614424577035,-0.013940632135560627
2015-12-04,2054.5,2087.75,0.0015843997562461354,0.016183986371379966,0.017794028031687947
2015-12-07,2083.75,2078.5,-0.0019159382109926737,-0.002519496100779839,-0.004430607112920648
2015-12-08,2056.5,2062.75,-0.010584556170315174,0.0030391441769996863,-0.007577579985566518
2015-12-09,2055.5,2045.25,-0.0035147254878196144,-0.004986621260034019,-0.008483820143012966
2015-12-10,2048.0,2051.75,0.0013445789023347476,0.0018310546875,0.0031780955873366157
2015-12-11,2025.75,2011.5,-0.012672109175094426,-0.007034431691965937,-0.019617399780675004
2015-12-14,2013.5,2023.0,0.00099428287347747,0.004718152470821968,0.005717126522495564
2015-12-15,2040.25,2041.25,0.008526940187839838,0.0004901360127436138,0.009021255561048047
2015-12-16,2059.5,2073.75,0.008940600122473885,0.006919155134741395,0.015921616656460413
2015-12-17,2075.75,2039.5,0.000964436407474345,-0.01746356738528243,-0.016515973477998824
2015-12-21,2011.25,2011.0,-0.013851434175042865,-0.00012430080795522436,-0.013974013238538863
2015-12-22,2021.75,2030.0,0.005345599204375828,0.004080623222455726,0.009448035803083066
2015-12-23,2042.25,2057.5,0.0060344827586207295,0.007467254253886724,0.013546798029556717
2015-12-29,2061.75,2071.75,0.006468147424945059,0.004850248575239524,0.011349768123016801
2015-12-30,2068.0,2055.0,-0.001810063955593133,-0.006286266924564798,-0.00808495233498252
2015-12-31,2044.75,2032.25,-0.004987834549878389,-0.006113216774666808,-0.011070559610705577
2016-01-04,1999.0,2005.25,-0.01636117603641285,0.0031265632816408484,-0.013285767007011895
2016-01-05,2007.25,2011.0,0.0009973818725843575,0.0018682276746793125,0.0028674728836803887
2016-01-06,1980.0,1984.75,-0.015415216310293411,0.0023989898989897895,-0.013053207359522645
2016-01-07,1947.0,1934.75,-0.019020027711298626,-0.0062917308680020545,-0.025192089683839236
2016-01-08,1947.0,1911.25,0.006331567385967185,-0.01836158192090398,-0.012146272128181979
2016-01-11,1926.75,1914.5,0.00810987573577493,-0.006357856494096259,0.0017004578155657146
2016-01-12,1931.0,1931.25,0.008618438234526016,0.00012946659761792212,0.008749020632018878
2016-01-13,1938.25,1882.0,0.0036245954692557536,-0.02902102411969565,-0.025501618122977354
2016-01-14,1891.25,1915.75,0.004914984059511074,0.012954395241242533,0.017933049946865065
2016-01-15,1862.0,1876.0,-0.028056896776719298,0.007518796992481258,-0.020749053895341207
2016-01-19,1894.25,1873.25,0.009728144989338938,-0.011086181866173939,-0.0014658848614071962
2016-01-20,1846.0,1852.5,-0.014546910449753092,0.0035211267605634866,-0.011077005204857882
2016-01-21,1852.25,1860.25,-0.00013495276653174848,0.004319071399649044,0.004183535762483093
2016-01-22,1890.5,1898.75,0.01626125520763333,0.00436392488759596,0.02069614299153333
2016-01-25,1893.0,1869.5,-0.003028308097432486,-0.012414157422081407,-0.015404871626069738
2016-01-26,1879.0,1894.75,0.00508157261299802,0.00838211814795109,0.013506285102968807
2016-01-27,1889.75,1874.5,-0.002638870563398843,-0.008069850509326626,-0.010687425781765403
2016-01-28,1893.25,1885.5,0.0100026673779674,-0.004093490030371072,0.0058682315284075415
2016-01-29,1894.5,1929.5,0.004773269689737569,0.018474531538664518,0.0233359851498276
2016-02-01,1918.25,1932.5,-0.005830526043016371,0.007428645901212061,0.0015548069448043655
2016-02-02,1911.75,1898.5,-0.01073738680465719,-0.006930822544788828,-0.017593790426908118
2016-02-03,1908.0,1906.5,0.005003950487226794,-0.0007861635220125507,0.00421385304187516
2016-02-04,1902.0,1908.5,-0.002360346184106965,0.0034174553101997684,0.0010490427484919351
2016-02-05,1903.0,1874.0,-0.0028818443804035088,-0.015239096163951693,-0.018077023840712636
2016-02-08,1849.25,1849.0,-0.013207043756670256,-0.0001351899418683411,-0.013340448239060887
2016-02-09,1827.5,1849.25,-0.011627906976744207,0.011901504787961592,0.00013520822065982152
2016-02-10,1859.0,1845.25,0.005272407732864748,-0.007396449704141994,-0.0021630390698932356
2016-02-11,1818.5,1823.75,-0.01449668066657639,0.0028869947759142534,-0.01165153773201466
2016-02-12,1842.25,1859.5,0.010143934201507943,0.009363550006785237,0.019602467443454508
2016-02-16,1883.0,1892.0,0.012637805861790863,0.004779607010090281,0.017477816617370356
2016-02-17,1906.75,1922.5,0.0077959830866807245,0.008260128490887642,0.016120507399577155
2016-02-18,1925.25,1915.25,0.0014304291287385862,-0.005194130632385385,-0.0037711313394017676
2016-02-19,1907.75,1914.0,-0.00391593786711919,0.003276110601493798,-0.0006526563111864947
2016-02-22,1934.0,1940.25,0.010449320794148287,0.003231644260599742,0.01371473354231978
2016-02-23,1933.75,1918.5,-0.00335008375209378,-0.007886231415643152,-0.01120989563200614
2016-02-24,1899.25,1928.0,-0.010033880635913484,0.015137554297749212,0.004951785248892282
2016-02-25,1932.5,1950.0,0.002334024896265552,0.009055627425614388,0.011410788381742698
2016-02-26,1960.25,1944.75,0.0052564102564103266,-0.007907154699655639,-0.0026923076923076605
2016-02-29,1943.75,1929.75,-0.0005142049106569013,-0.007202572347266845,-0.007713073659853409
2016-03-01,1945.75,1976.25,0.0082912294338644,0.015675189515610866,0.024096385542168752
2016-03-02,1971.0,1984.0,-0.0026565464895635937,0.006595636732622978,0.0039215686274509665
2016-03-03,1980.5,1991.25,-0.0017641129032257563,0.005427922241858063,0.003654233870967749
2016-03-04,1994.75,1997.25,0.0017576898932831764,0.001253289885950526,0.003013182674199699
2016-03-07,1987.25,2000.25,-0.005006884466140948,0.00654170335891302,0.0015020653398423178
2016-03-08,1986.0,1980.5,-0.007124109486314256,-0.0027693856998992628,-0.009873765779277566
2016-03-09,1988.25,1989.0,0.00391315324413033,0.0003772161448509781,0.0042918454935623185
2016-03-10,1991.25,1989.25,0.0011312217194570096,-0.001004394224733196,0.00012569130216188995
2016-03-11,2008.25,2020.0,0.009551338444137247,0.005850865181127762,0.015458087218801042
2016-03-14,2016.0,2020.5,-0.001980198019801982,0.0022321428571427937,0.0002475247524751367
2016-03-15,2007.5,2015.0,-0.006434050977480843,0.0037359900373599153,-0.0027220984904726686
2016-03-16,2012.0,2027.0,-0.0014888337468982327,0.00745526838966204,0.005955334987593153
2016-03-17,2026.25,2042.25,-0.0003700049333991151,0.007896360271437475,0.007523433645781896
2016-03-21,2036.25,2041.5,-0.002937936099889793,0.0025782688766113893,-0.00036724201248627963
2016-03-22,2032.5,2040.75,-0.00440852314474649,0.00405904059040596,-0.00036737692872890193
2016-03-23,2034.5,2028.75,-0.0030625995344848445,-0.002826247235192869,-0.0058801911062109635
2016-03-24,2014.5,2027.5,-0.007024029574861368,0.006453214197071233,-0.0006161429451633227
2016-03-28,2031.5,2028.0,0.0019728729963008895,-0.0017228648781688616,0.0002466091245376667
2016-03-29,2022.5,2047.0,-0.002712031558185446,0.012113720642768833,0.009368836291913318
2016-03-30,2057.75,2056.25,0.00525158768930134,-0.0007289515247236311,0.00451880801172444
2016-03-31,2054.25,2050.75,-0.0009726443768997006,-0.0017037848363149477,-0.002674772036474149
2016-04-01,2038.75,2064.25,-0.005851517737413103,0.012507664009809849,0.0065829574545897
2016-04-04,2063.5,2057.5,-0.00036332808526096105,-0.002907681124303396,-0.0032699527673488715
2016-04-05,2043.25,2038.25,-0.006925880923450811,-0.002447081854888067,-0.00935601458080193
2016-04-06,2039.75,2058.5,0.0007359254262235826,0.009192302978306088,0.009934993254016922
2016-04-07,2046.5,2036.25,-0.005829487490891405,-0.0050085511849499165,-0.010808841389361223
2016-04-08,2049.0,2040.25,0.006261510128913406,-0.0042703757930697694,0.0019643953345611642
2016-04-11,2050.5,2035.0,0.00502389413062132,-0.007559131919044115,-0.002573214066903584
2016-04-12,2039.25,2054.25,0.0020884520884520974,0.007355645457888915,0.009459459459459474
2016-04-13,2066.25,2075.5,0.005841548010222741,0.004476709013914171,0.010344407934769428
2016-04-14,2076.25,2076.0,0.00036135870874498544,-0.00012040939193258549,0.00024090580582991628
2016-04-15,2075.75,2074.5,-0.00012042389210020765,-0.0006021919788028463,-0.0007225433526011349
2016-04-18,2065.75,2087.25,-0.00421788382742827,0.01040784218806734,0.006146059291395556
2016-04-19,2092.75,2094.5,0.0026350461133068936,0.0008362202843148481,0.003473469876631885
2016-04-20,2096.0,2097.25,0.0007161613750299445,0.0005963740458014843,0.0013129625208880835
2016-04-21,2097.0,2087.75,-0.00011920371915608019,-0.004411063423938932,-0.004529741327929382
2016-04-22,2082.25,2085.0,-0.002634415040114968,0.0013206867571136094,-0.001317207520057484
2016-04-25,2079.0,2082.0,-0.0028776978417266452,0.0014430014430013571,-0.0014388489208633226
2016-04-26,2086.0,2087.5,0.0019212295869357465,0.0007190795781399917,0.002641690682036568
2016-04-27,2082.5,2088.25,-0.0023952095808382756,0.002761104441776796,0.0003592814371258246
2016-04-28,2078.5,2069.75,-0.004668981204357769,-0.004209766658648029,-0.008859092541601776
2016-04-29,2064.75,2061.25,-0.0024157506945283735,-0.0016951204746337156,-0.004106776180698102
2016-05-02,2063.75,2074.5,0.0012128562765312267,0.005208964264082461,0.006428138265615502
2016-05-03,2060.25,2057.0,-0.006869125090383177,-0.0015774784613518111,-0.00843576765485654
2016-05-04,2045.25,2046.0,-0.00571220223626645,0.0003667033370002848,-0.005347593582887722
2016-05-05,2051.0,2043.0,0.0024437927663734094,-0.003900536323744541,-0.0014662756598240456
2016-05-06,2036.0,2053.25,-0.0034263338228095463,0.008472495088408749,0.0050171316691141055
2016-05-09,2049.75,2054.75,-0.0017046146353342229,0.002439321868520583,0.0007305491294289368
2016-05-10,2062.25,2078.5,0.0036500790850468867,0.007879742999151507,0.011558583769315067
2016-05-11,2074.75,2059.75,-0.001804185710849171,-0.007229786721291709,-0.009020928554245855
2016-05-12,2068.0,2059.75,0.004005340453938633,-0.003989361702127714,0.0
2016-05-13,2056.75,2043.0,-0.001456487437795806,-0.006685304485231525,-0.00813205486102686
2016-05-16,2044.25,2063.25,0.0006118453255017364,0.009294362235538811,0.009911894273127775
2016-05-17,2059.25,2043.0,-0.001938688961589774,-0.007891222532475428,-0.009814612868047967
2016-05-18,2039.75,2042.25,-0.001590797846304448,0.0012256403971075969,-0.00036710719530097524
2016-05-19,2033.25,2036.5,-0.0044069041498346895,0.0015984261650068277,-0.002815522095727774
2016-05-20,2043.75,2049.75,0.0035600294623128192,0.0029357798165137172,0.006506260741468095
2016-05-23,2048.25,2046.0,-0.0007317965605562193,-0.0010984987184181616,-0.0018294914013904373
2016-05-24,2056.75,2073.5,0.005254154447702941,0.008143916372918447,0.013440860215053752
2016-05-25,2081.75,2087.75,0.003978779840848823,0.0028821904647531316,0.006872437906920714
2016-05-26,2090.25,2088.25,0.0011974613818703794,-0.0009568233464896103,0.00023949227637398707
2016-05-27,2089.25,2097.0,0.00047886986711365154,0.0037094651190618944,0.004190111337244007
2016-05-31,2100.0,2092.75,0.0014306151645206988,-0.0034523809523809845,-0.0020267048164044343
2016-06-01,2085.75,2097.25,-0.0033448811372596143,0.005513604219105739,0.0021502807310953553
2016-06-02,2091.5,2103.25,-0.002741685540588845,0.00561797752808979,0.0028608892597448143
2016-06-03,2096.75,2097.25,-0.0030904552478306924,0.0002384642899726508,-0.002852727921074494
2016-06-06,2101.25,2108.0,0.001907259506496617,0.003212373587150541,0.005125759923709561
2016-06-07,2109.75,2111.5,0.0008301707779885259,0.0008294821661334328,0.0016603415559772738
2016-06-08,2114.0,2118.0,0.0011839924224485987,0.0018921475875117721,0.0030783802983660458
2016-06-09,2109.75,2115.5,-0.0038951841359773365,0.0027254414030097873,-0.0011803588290840716
2016-06-10,2099.5,2096.5,-0.007563223824155085,-0.00142891164562986,-0.008981328291184143
2016-06-13,2089.25,2079.75,-0.0034581445265919886,-0.0045470862749790175,-0.007989506320057238
2016-06-14,2075.25,2075.25,-0.0021637216011539673,0.0,-0.0021637216011539673
2016-06-15,2079.5,2071.25,0.0020479460305986574,-0.003967299831690307,-0.0019274786170341285
2016-06-16,2062.5,2077.75,-0.004224502112251005,0.007393939393939286,0.003138201569100829
2016-06-20,2086.0,2074.5,0.003970641318734147,-0.005512943432406492,-0.001564192034652856
2016-06-21,2078.75,2081.0,0.0020486864304651853,0.001082381238725283,0.003133285128946728
2016-06-22,2083.0,2077.0,0.0009610764055743015,-0.002880460873739832,-0.001922152811148492
2016-06-23,2095.25,2104.75,0.008786711603274044,0.0045340651473571025,0.013360616273471404
2016-06-24,2031.25,2028.5,-0.03492101199667419,-0.00135384615384615,-0.03622758047274022
2016-06-27,2006.5,1988.25,-0.01084545230465861,-0.00909543982058314,-0.01984224796647771
2016-06-28,2010.5,2026.75,0.011190745630579757,0.008082566525739798,0.019363762102351245
2016-06-29,2045.75,2062.75,0.00937461453065258,0.008309910790663677,0.017762427531762714
2016-06-30,2067.25,2087.5,0.00218155375106055,0.009795622203410348,0.011998545630832691
2016-07-01,2090.75,2095.25,0.001556886227545018,0.0021523376778667114,0.0037125748502992995
2016-07-05,2085.25,2080.0,-0.004772700155112775,-0.0025176837309675015,-0.007278367736546998
2016-07-06,2072.5,2091.25,-0.0036057692307692735,0.009047044632086942,0.005408653846153744
2016-07-07,2095.25,2090.25,0.001912731619844621,-0.0023863500775563873,-0.00047818290496115523
2016-07-08,2106.0,2121.25,0.00753498385360607,0.0072412155745489315,0.014830761870589626
2016-07-11,2129.0,2130.0,0.003653506187389466,0.00046970408642565964,0.004124926340601132
2016-07-12,2142.0,2145.5,0.005633802816901401,0.0016339869281045694,0.0072769953051643466
2016-07-13,2150.0,2145.75,0.002097413190398578,-0.001976744186046542,0.00011652295502218024
2016-07-14,2160.5,2157.25,0.006874053361295651,-0.0015042814163388485,0.005359431434230455
2016-07-15,2163.75,2155.25,0.0030130953760574286,-0.003928365106874665,-0.000927106269556166
2016-07-18,2156.0,2160.25,0.0003479874724510168,0.001971243042671711,0.0023199164830065566
2016-07-19,2155.5,2158.25,-0.0021988195810670463,0.001275806077476238,-0.0009258187709755283
2016-07-20,2163.75,2167.0,0.002548360940576755,0.0015020219526284961,0.004054210587281393
2016-07-21,2166.0,2158.5,-0.00046146746654363024,-0.003462603878116366,-0.0039224734656206905
2016-07-22,2160.0,2168.0,0.0006949270326614965,0.0037037037037037646,0.004401204540189996
2016-07-25,2165.25,2162.0,-0.0012684501845018348,-0.001500981410922475,-0.002767527675276771
2016-07-26,2162.25,2163.25,0.00011563367252542811,0.0004624812117006716,0.0005781683626271406
2016-07-27,2169.0,2161.25,0.0026580376747948886,-0.0035730751498386226,-0.0009245348434069323
2016-07-28,2159.75,2164.5,-0.0006940427993059606,0.0021993286259984757,0.0015037593984963404
2016-07-29,2162.75,2168.5,-0.0008085008085008116,0.002658652178938903,0.0018480018480018234
2016-08-01,2168.75,2164.75,0.00011528706479135842,-0.0018443804034582456,-0.0017293059718699322
2016-08-02,2161.75,2152.75,-0.0013858413211687015,-0.004163293627847842,-0.005543365284674917
2016-08-03,2150.5,2155.75,-0.0010451747764487207,0.0024412927226227232,0.0013935663685982203
2016-08-04,2160.0,2159.75,0.0019714716455989656,-0.00011574074074072183,0.0018555027252695755
2016-08-05,2168.0,2178.0,0.003819886560944452,0.004612546125461359,0.008450052089362226
2016-08-08,2179.25,2175.5,0.0005739210284665397,-0.001720775496156901,-0.0011478420569329684
2016-08-09,2176.75,2177.75,0.000574580556194082,0.0004594004823705866,0.0010342450011491255
2016-08-10,2179.25,2172.25,0.000688784295717948,-0.003212114259492971,-0.00252554241763292
2016-08-11,2179.25,2182.0,0.003222465185867218,0.0012619020305151274,0.004488433651743673
2016-08-12,2177.0,2180.75,-0.0022914757103574823,0.0017225539733578543,-0.0005728689275893428
2016-08-15,2186.0,2186.5,0.0024074286369368814,0.00022872827081421576,0.002636707554740436
2016-08-16,2181.5,2176.5,-0.0022867596615595565,-0.002292000916800374,-0.004573519323119113
2016-08-17,2175.75,2179.75,-0.000344589937973816,0.001838446512696823,0.0014932230645532396
2016-08-18,2180.0,2183.75,0.00011469205184089226,0.0017201834862385912,0.001835072829452944
2016-08-19,2177.75,2180.75,-0.0027475672581568356,0.001377568591436118,-0.0013737836290784733
2016-08-22,2176.0,2180.75,-0.0021781497191333266,0.002182904411764719,0.0
2016-08-23,2189.25,2185.5,0.0038977416026595435,-0.0017129153819801513,0.0021781497191333266
2016-08-24,2182.5,2175.5,-0.0013726835964310569,-0.0032073310423825774,-0.004575611988103412
2016-08-25,2169.25,2172.75,-0.002872902780969855,0.0016134608735738354,-0.0012640772236267583
2016-08-26,2176.75,2168.25,0.0018409849269358514,-0.00390490410014932,-0.0020711080428028605
2016-08-29,2171.5,2178.75,0.0014989046466045153,0.003338705963619626,0.004842615012106588
2016-08-30,2180.75,2175.0,0.0009179575444635546,-0.002636707554740325,-0.0017211703958691649
2016-08-31,2172.25,2169.25,-0.0012643678160919603,-0.0013810565082288395,-0.0026436781609195936
2016-09-01,2169.75,2167.75,0.00023049441051048447,-0.0009217651803202775,-0.0006914832315316755
2016-09-02,2180.0,2178.5,0.005651020643524296,-0.0006880733944953921,0.004959058932072491
2016-09-06,2182.0,2185.25,0.0016066100527887262,0.0014894592117322691,0.0030984622446637022
2016-09-07,2182.0,2184.5,-0.001487244022423062,0.0011457378551786856,-0.0003432101590207237
2016-09-08,2179.75,2180.5,-0.0021744106202792324,0.00034407615552245474,-0.001831082627603564
2016-09-09,2163.25,2127.25,-0.007911029580371487,-0.016641627181324448,-0.024421004356798948
2016-09-12,2119.0,2158.25,-0.0038782465624632723,0.018522888154790085,0.014572805265013589
2016-09-13,2140.5,2127.75,-0.008224255762770749,-0.00595655220742819,-0.014131819761380782
2016-09-14,2128.25,2125.25,0.00023499001292437427,-0.0014096088335486812,-0.0011749500646222044
2016-09-15,2124.25,2146.25,-0.0004705328784848639,0.010356596445804334,0.009881190448182586
2016-09-19,2139.75,2132.5,-0.003028538147932469,-0.003388246290454533,-0.006406523005241693
2016-09-20,2141.5,2132.75,0.004220398593200558,-0.004085921083352817,0.00011723329425561424
2016-09-21,2141.25,2155.75,0.003985464775524639,0.006771745475773416,0.010784198804360656
2016-09-22,2167.5,2168.5,0.005450539255479558,0.00046136101499416604,0.005914414936796897
2016-09-23,2164.25,2159.0,-0.001959880101452649,-0.002425782603673321,-0.00438090846207051
2016-09-26,2148.5,2140.0,-0.004863362667901772,-0.00395624854549681,-0.008800370541917513
2016-09-27,2134.5,2153.25,-0.0025700934579439005,0.008784258608573348,0.0061915887850467755
2016-09-28,2155.5,2163.5,0.0010449320794148065,0.003711435861748935,0.00476024613955639
2016-09-29,2161.5,2146.0,-0.0009244280101686764,-0.00717094610224378,-0.008088745088976168
2016-09-30,2156.75,2160.5,0.005009319664492029,0.001738727251651806,0.006756756756756799
2016-10-03,2154.25,2154.5,-0.002892848877574683,0.00011604966925848892,-0.002777134922471669
2016-10-04,2156.5,2142.25,0.0009282896263633766,-0.0066079295154185536,-0.0056857739614759595
2016-10-05,2151.75,2152.5,0.0044345898004434225,0.00034855350296281173,0.004784688995215225
2016-10-06,2151.0,2155.5,-0.0006968641114982743,0.0020920502092049986,0.0013937282229965486
2016-10-07,2158.25,2146.75,0.001275806077476238,-0.00532839105756977,-0.0040593829737879394
2016-10-10,2159.75,2157.5,0.006055665540934063,-0.0010417872438939213,0.0050075695819262744
2016-10-11,2151.75,2132.5,-0.002665121668597892,-0.008946206576042726,-0.011587485515643148
2016-10-12,2132.0,2133.0,-0.00023446658851111746,0.00046904315197005,0.00023446658851122848
2016-10-13,2118.25,2126.5,-0.006915142991092305,0.003894724418741946,-0.0030473511486169835
2016-10-14,2137.75,2127.25,0.005290383258875986,-0.00491170623318915,0.00035269221725831024
2016-10-17,2127.75,2121.5,0.0002350452462098751,-0.0029373751615556776,-0.0027030203314137857
2016-10-18,2138.0,2133.0,0.007777515908555355,-0.002338634237605275,0.0054206929059628095
2016-10-19,2136.5,2138.5,0.001640881387716897,0.0009361104610343673,0.0025785278949836954
2016-10-20,2133.75,2135.75,-0.002221183072246946,0.000937316930287091,-0.0012859480944586998
2016-10-21,2126.25,2135.25,-0.004448086152405439,0.004232804232804144,-0.00023410979749505234
2016-10-24,2146.25,2144.5,0.0051516215899778395,-0.0008153756552126135,0.00433204542793586
2016-10-25,2142.25,2136.75,-0.001049195616693921,-0.0025673940949936247,-0.0036138960130566167
2016-10-26,2127.5,2133.25,-0.0043290043290042934,0.002702702702702675,-0.0016380016380016515
2016-10-27,2141.5,2126.75,0.0038673385679128813,-0.006887695540508942,-0.003046994023204075
2016-10-28,2127.0,2124.0,0.00011755025273307851,-0.0014104372355430161,-0.0012930527800635305
2016-10-31,2124.75,2122.25,0.0003531073446327859,-0.001176609012825014,-0.0008239171374764265
2016-11-01,2124.75,2107.5,0.0011779950524208882,-0.008118602188492807,-0.006950170809282619
2016-11-02,2100.5,2090.75,-0.0033214709371293116,-0.004641751963818108,-0.007947805456702262
2016-11-03,2094.75,2083.25,0.0019131890469927804,-0.005489915264351386,-0.0035872294631112966
2016-11-04,2083.0,2082.0,-0.00012000480019203064,-0.000480076812290009,-0.0006000240009600422
2016-11-07,2110.75,2127.75,0.01380883765609986,0.008054009238422255,0.021974063400576282
2016-11-08,2122.75,2137.5,-0.00234990012924452,0.006948533741608864,0.004582305252026853
2016-11-09,2126.0,2159.25,-0.005380116959064374,0.015639698965192794,0.010175438596491171
2016-11-10,2169.25,2163.75,0.004631237698274893,-0.0025354385156159953,0.002084056964223757
2016-11-11,2157.5,2161.5,-0.002888503755054894,0.0018539976825029392,-0.0010398613518197708
2016-11-14,2166.0,2159.75,0.002081887578070818,-0.0028855032317636198,-0.0008096229470275773
2016-11-15,2166.0,2177.5,0.002893853455260942,0.005309325946444954,0.008218543812941403
2016-11-16,2170.75,2173.75,-0.003099885189437379,0.0013820108257514008,-0.001722158438576371
2016-11-17,2174.25,2183.75,0.00023001725129390138,0.004369322754973037,0.004600345025876917
2016-11-18,2185.75,2179.25,0.0009158557527189082,-0.002973807617522639,-0.0020606754436176544
2016-11-21,2186.75,2195.5,0.003441550992313802,0.004001371898936679,0.007456693816680016
2016-11-22,2200.5,2201.25,0.002277385561375578,0.0003408316291750868,0.0026189933955818034
2016-11-23,2195.25,2201.5,-0.00272572402044291,0.002847056143947091,0.00011357183418514438
2016-11-29,2200.5,2203.75,0.0001136234518803736,0.0014769370597591536,0.0015907283263265626
2016-11-30,2211.25,2199.75,0.003403289846851898,-0.0052006783493498965,-0.0018150879183210789
2016-12-01,2201.25,2190.25,0.0006818956699625733,-0.004997160704145354,-0.00431867257642915
2016-12-02,2189.75,2192.0,-0.0002282844424152941,0.0010275145564562216,0.0007989955484533073
2016-12-05,2201.5,2203.75,0.004333941605839442,0.001022030433795118,0.005360401459854058
2016-12-06,2206.0,2211.5,0.0010209869540556138,0.0024932003626472188,0.003516732841746917
2016-12-07,2208.0,2239.25,-0.0015826362197602917,0.014153079710145011,0.012548044313814177
2016-12-08,2238.25,2246.75,-0.0004465780953444298,0.0037976097397520725,0.0033493357150831127
2016-12-09,2248.75,2259.5,0.0008901746967842072,0.004780433574207876,0.005674863691999654
2016-12-12,2259.75,2256.75,0.00011064394777604569,-0.001327580484566826,-0.0012170834255366136
2016-12-13,2265.5,2272.25,0.0038772571175362813,0.00297947472964033,0.006868284036778638
2016-12-14,2270.0,2254.75,-0.0009902079436682198,-0.006718061674008791,-0.0077016173396413645
2016-12-15,2256.0,2263.25,0.0005543851868277105,0.003213652482269458,0.0037698192704291866
2016-12-19,2255.75,2258.5,-0.003313818623660647,0.0012191067272526723,-0.0020987517949850876
2016-12-20,2265.25,2266.0,0.0029887093203453396,0.0003310892837435908,0.0033207881337171674
2016-12-21,2265.5,2260.75,-0.00022065313327446212,-0.0020966674023394916,-0.0023168578993821853
2016-12-22,2258.5,2257.25,-0.0009952449408382469,-0.0005534646889528982,-0.0015481587968594335
2016-12-23,2257.0,2259.25,-0.00011075423634954173,0.000996898537882096,0.0008860338907963339
2016-12-27,2262.5,2263.25,0.0014385304857806869,0.0003314917127070771,0.0017704990594222814
2016-12-28,2266.25,2244.75,0.0013255274494643476,-0.009487038058466624,-0.008174085938362996
2016-12-29,2246.75,2244.5,0.0008909678137878352,-0.0010014465338822331,-0.00011137097672342389
2016-12-30,2247.5,2235.0,0.001336600579193492,-0.005561735261401579,-0.004232568500779688
2017-01-03,2250.5,2252.0,0.006935123042505653,0.0006665185514329597,0.0076062639821028455
2017-01-04,2260.5,2265.25,0.00377442273534645,0.0021013050210130224,0.005883658969804584
2017-01-05,2261.0,2262.75,-0.0018761726078799779,0.0007739938080495445,-0.0011036309458116733
2017-01-06,2264.0,2272.75,0.0005524251463926433,0.0038648409893993207,0.004419401171141368
2017-01-09,2267.25,2264.5,-0.0024199758002420024,-0.0012129231447789435,-0.003629963700362948
2017-01-10,2264.0,2264.75,-0.00022079929344220872,0.00033127208480565606,0.00011039964672110436
2017-01-11,2263.25,2270.25,-0.0006623247599072402,0.0030928973820831818,0.0024285241196599916
2017-01-12,2263.0,2264.25,-0.003193480894174705,0.0005523641184268513,-0.0026428807400066257
2017-01-13,2268.5,2269.75,0.0018770012145301607,0.0005510249063258588,0.0024290603952743517
2017-01-17,2263.25,2262.25,-0.0028637515144839254,-0.00044184248315470853,-0.0033043286705584096
2017-01-18,2264.0,2266.75,0.0007735661399048688,0.0012146643109540722,0.001989170074041313
2017-01-19,2268.5,2260.5,0.0007720304400573585,-0.003526559400484852,-0.0027572515716334234
2017-01-20,2268.0,2266.75,0.0033178500331785266,-0.0005511463844797282,0.002764875027648772
2017-01-23,2263.5,2261.75,-0.0014337708172493802,-0.0007731389441131276,-0.0022058012573067387
2017-01-24,2263.0,2275.0,0.000552669393169003,0.0053026955368979944,0.005858295567591432
2017-01-25,2285.25,2294.5,0.004505494505494534,0.004047697188491517,0.008571428571428674
2017-01-26,2294.25,2293.0,-0.00010895619960771263,-0.000544840361774046,-0.0006537371976464978
2017-01-27,2294.25,2289.5,0.0005451373746183652,-0.0020703933747412417,-0.0015263846489315114
2017-01-30,2280.5,2275.25,-0.0039309892989736195,-0.002302126726595022,-0.006224066390041472
2017-01-31,2269.5,2276.25,-0.002527194813756739,0.002974223397224085,0.00043951214152282425
2017-02-01,2283.0,2275.0,0.0029654036243822457,-0.003504161191414834,-0.000549148819329992
2017-02-02,2270.5,2276.75,-0.001978021978021993,0.0027526976436909045,0.0007692307692308553
2017-02-03,2286.5,2291.25,0.0042824201163940145,0.00207741089000657,0.006368727352585868
2017-02-06,2287.0,2288.0,-0.0018548827059465811,0.00043725404459982187,-0.0014184397163120588
2017-02-07,2292.5,2288.25,0.001966783216783119,-0.001853871319520195,0.00010926573426583985
2017-02-08,2283.5,2290.75,-0.0020758221348191608,0.00317495073352303,0.0010925379656943068
2017-02-09,2293.5,2303.25,0.0012004801920768582,0.004251144538914398,0.00545672814580378
2017-02-10,2307.25,2312.5,0.0017366764354715958,0.0022754361252572686,0.004016064257028162
2017-02-13,2318.5,2325.75,0.002594594594594657,0.0031270217813241796,0.005729729729729627
2017-02-14,2323.5,2335.25,-0.000967429861335023,0.005057026038304269,0.004084703858970196
2017-02-15,2332.75,2348.0,-0.001070549191735326,0.006537348622869921,0.005459800877850363
2017-02-16,2347.0,2346.0,-0.0004258943781941804,-0.0004260758414997845,-0.0008517887563883608
2017-02-17,2339.75,2348.5,-0.002664109121909619,0.0037397157816005944,0.0010656436487639365
2017-02-21,2353.5,2361.75,0.002129018522461168,0.0035054174633524227,0.005641899084521951
2017-02-22,2357.5,2360.25,-0.0017995130729332454,0.0011664899257688432,-0.0006351222610352369
2017-02-23,2365.75,2361.75,0.0023302616248279673,-0.001690795730740824,0.0006355258976802336
2017-02-24,2353.0,2364.75,-0.003704879856038956,0.004993625159370962,0.0012702445220704739
2017-02-27,2364.0,2367.75,-0.00031715826197276087,0.0015862944162436943,0.0012686330478908214
2017-02-28,2365.25,2362.5,-0.001055854714391291,-0.0011626677941021235,-0.0022172949002217113
2017-03-01,2382.0,2394.25,0.00825396825396818,0.005142737195633851,0.013439153439153362
2017-03-02,2390.25,2378.75,-0.0016706693118930804,-0.004811212216295324,-0.0064738435835857144
2017-03-03,2379.25,2381.0,0.00021019442984759884,0.0007355259010193294,0.0009458749343143058
2017-03-06,2371.75,2375.0,-0.003884922301554017,0.001370296194792786,-0.002519949601007987
2017-03-07,2371.0,2367.0,-0.0016842105263158436,-0.001687051876845258,-0.003368421052631576
2017-03-08,2369.0,2363.0,0.0008449514152937265,-0.0025327142254115698,-0.001689902830587231
2017-03-09,2362.25,2365.0,-0.00031739314430812016,0.0011641443538998875,0.0008463817181549871
2017-03-10,2375.5,2370.75,0.004439746300211489,-0.0019995790359924603,0.002431289640592027
2017-03-13,2372.75,2374.0,0.0008436148898027795,0.0005268148772521464,0.0013708741959295168
2017-03-14,2367.0,2365.5,-0.0029486099410277467,-0.0006337135614702394,-0.003580454928390875
2017-03-15,2371.5,2384.0,0.0025364616360177283,0.005270925574530905,0.007820756711054644
2017-03-16,2387.25,2381.5,0.0013632550335569427,-0.002408629175829957,-0.0010486577181207934
2017-03-20,2372.25,2370.25,-0.0038841066554692327,-0.0008430814627463645,-0.004723913499894983
2017-03-21,2376.75,2339.75,0.002742326758780722,-0.015567476596192287,-0.012867840945048004
2017-03-22,2339.25,2344.75,-0.0002136980446628689,0.002351180934060171,0.002136980446628911
2017-03-23,2342.0,2341.0,-0.001172832924618783,-0.000426985482493647,-0.0015993176244801788
2017-03-24,2347.0,2343.25,0.002563007261853878,-0.0015977844056241919,0.000961127723195121
2017-03-27,2319.0,2339.25,-0.010348874426544308,0.008732212160413866,-0.0017070308332444162
2017-03-28,2335.25,2353.75,-0.0017099497702255384,0.007922064018841768,0.006198567917067521
2017-03-29,2350.5,2357.25,-0.0013807753584704763,0.002871729419272606,0.0014869888475836923
2017-03-30,2356.0,2364.75,-0.0005302789267154218,0.0037139219015280833,0.0031816735602927526
2017-03-31,2360.0,2359.75,-0.002008668992493967,-0.00010593220338983578,-0.00211438841315148
2017-04-03,2360.0,2357.0,0.00010594342621050856,-0.0012711864406779183,-0.001165377688314484
2017-04-04,2350.0,2357.0,-0.002969876962240159,0.0029787234042553123,0.0
2017-04-05,2364.25,2347.75,0.0030759439966059343,-0.006978957386063245,-0.003924480271531583
2017-04-06,2349.75,2352.5,0.0008518794590566259,0.001170337269922328,0.0020232137152593754
2017-04-07,2352.25,2353.25,-0.00010626992561102444,0.00042512488043366936,0.00031880977683318434
2017-04-10,2354.0,2353.0,0.0003187081695528171,-0.0004248088360238045,-0.0001062360565176057
2017-04-11,2347.75,2349.75,-0.0022311942201445056,0.0008518794590566259,-0.0013812154696132284
2017-04-12,2345.0,2343.25,-0.0020214916480476575,-0.0007462686567164534,-0.0027662517289073207
2017-04-13,2334.75,2325.75,-0.0036274405206444538,-0.003854802441374927,-0.007468259895444307
2017-04-17,2331.5,2344.75,0.0024723207567451944,0.005683036671670694,0.008169407717940391
2017-04-18,2336.5,2338.25,-0.00351849877385646,0.000748983522362412,-0.0027721505490990728
2017-04-19,2346.0,2333.5,0.003314444563241814,-0.005328218243819238,-0.002031433764567492
2017-04-20,2340.5,2353.25,0.0029997857295906982,0.005447553941465566,0.00846368116563112
2017-04-21,2352.0,2346.0,-0.0005311802825879175,-0.0025510204081632404,-0.0030808456390098993
2017-04-24,2371.25,2370.25,0.010763000852515026,-0.00042171850289929314,0.010336743393009273
2017-04-25,2378.0,2384.0,0.0032696972893153653,0.002523128679562614,0.005801075835882186
2017-04-26,2384.75,2383.25,0.0003145973154361492,-0.0006289967501834637,-0.00031459731543626024
2017-04-27,2385.0,2384.75,0.000734291408790444,-0.00010482180293502896,0.0006293926361060631
2017-04-28,2386.75,2381.75,0.0008386623335778776,-0.0020948989211270197,-0.0012579935003669274
2017-05-01,2385.25,2385.0,0.0014695077149156077,-0.0001048108164762862,0.0013645428781359215
2017-05-02,2387.75,2386.5,0.0011530398322852076,-0.0005235053921055499,0.0006289308176101738
2017-05-03,2380.75,2384.25,-0.002409386130316382,0.0014701249606217104,-0.0009428032683846954
2017-05-04,2386.5,2384.75,0.0009436929852155718,-0.0007332914309658989,0.0002097095522701764
2017-05-05,2390.5,2395.5,0.0024111542090365923,0.002091612633340345,0.004507810042981397
2017-05-08,2395.5,2394.75,0.0,-0.00031308703819665773,-0.00031308703819665773
2017-05-09,2397.25,2393.0,0.0010439503079653356,-0.0017728647408489229,-0.0007307652155756905
2017-05-10,2390.5,2396.0,-0.0010447137484329572,0.0023007738966742686,0.001253656498119593
2017-05-11,2391.0,2392.5,-0.002086811352253748,0.0006273525721456341,-0.001460767946577679
2017-05-12,2389.25,2388.5,-0.0013584117032392484,-0.0003139060374593994,-0.0016718913270636904
2017-05-15,2392.75,2399.75,0.001779359430605032,0.0029255041270503934,0.004710069081013124
2017-05-16,2402.75,2398.75,0.001250130221898127,-0.0016647591301633957,-0.0004167100739660423
2017-05-17,2381.0,2359.0,-0.007399687337154792,-0.009239815203695878,-0.016571130797290223
2017-05-18,2352.75,2365.25,-0.0026494277236116526,0.005312931675698573,0.0026494277236117636
2017-05-19,2370.0,2380.5,0.0020082443716309406,0.004430379746835467,0.006447521403657008
2017-05-22,2385.5,2393.0,0.0021003990758243773,0.003143994969608155,0.005250997689560943
2017-05-23,2397.25,2397.75,0.001776013372335905,0.00020857232245274915,0.001984956122022652
2017-05-24,2399.5,2401.75,0.0007298509018871524,0.0009376953531985421,0.001668230632885015
2017-05-25,2407.0,2413.75,0.002185906110127922,0.002804320731200738,0.004996356823149695
2017-05-26,2413.25,2413.75,-0.00020714655618847555,0.00020718947477460503,0.0
2017-05-30,2409.5,2411.75,-0.0017607457276023197,0.0009338036937123206,-0.0008285862247540132
2017-05-31,2414.25,2411.25,0.0010365916865346936,-0.0012426219322770882,-0.0002073183373069165
2017-06-01,2415.25,2428.25,0.001658890616899944,0.005382465583273044,0.0070502851218248175
2017-06-02,2430.25,2437.5,0.0008236384227324756,0.0029832321777594206,0.003809327705137422
2017-06-05,2436.0,2435.5,-0.0006153846153845732,-0.00020525451559938457,-0.0008205128205128753
2017-06-06,2428.5,2429.25,-0.002874153151303682,0.00030883261272385276,-0.002566208170806772
2017-06-07,2431.75,2432.25,0.001029124215292887,0.0002056132414927081,0.00123494905835142
2017-06-08,2434.0,2432.75,0.0007194984068250587,-0.000513557929334385,0.0002055709733785882
2017-06-09,2438.25,2429.5,0.002260815949028938,-0.0035886393930072424,-0.0013359366971533726
2017-06-12,2426.75,2429.0,-0.0011319201481786445,0.0009271659627072548,-0.00020580366330524846
2017-06-13,2436.0,2440.5,0.0028818443804035088,0.001847290640394128,0.004734458624948479
2017-06-14,2442.0,2437.75,0.0006146281499692652,-0.0017403767403767478,-0.0011268182749436528
2017-06-15,2421.5,2433.75,-0.006665982976104989,0.005058847821598267,-0.001640857347964264
2017-06-19,2439.75,2450.5,0.0024653312788907034,0.00440618915872526,0.006882383153569593
2017-06-20,2445.25,2435.75,-0.0021424199143031952,-0.00388508332481341,-0.006019179759232829
2017-06-21,2437.75,2433.25,0.0008211023298778652,-0.001845964516459797,-0.001026377912347276
2017-06-22,2434.0,2431.75,0.00030822973389499353,-0.0009244042728019375,-0.0006164594677899871
2017-06-23,2432.5,2436.0,0.00030841986223917317,0.0014388489208632116,0.001747712552688352
2017-06-26,2442.25,2435.5,0.0025656814449916965,-0.0027638448152318418,-0.00020525451559938457
2017-06-27,2432.75,2418.0,-0.0011291315951550418,-0.006063097317850152,-0.0071853828782590945
2017-06-28,2429.0,2438.0,0.00454921422663368,0.003705228489090162,0.008271298593879317
2017-06-29,2439.25,2419.0,0.0005127153404429485,-0.008301732089781688,-0.007793273174733439
2017-06-30,2427.0,2421.25,0.003307151715584933,-0.0023691800576843836,0.0009301364200082762
2017-07-06,2419.75,2409.0,-0.004013171434451568,-0.004442607707407786,-0.008437950195513522
2017-07-07,2414.5,2422.5,0.0022831050228311334,0.003313315386208382,0.005603985056039873
2017-07-10,2419.5,2425.75,-0.0012383900928792935,0.002583178342632886,0.001341589267285892
2017-07-11,2423.5,2424.0,-0.0009275481809749575,0.0002063131834124654,-0.0007214263629805595
2017-07-12,2436.0,2440.75,0.004950495049504955,0.0019499178981936538,0.0069100660066006014
2017-07-13,2440.75,2445.0,0.0,0.0017412680528525737,0.0017412680528525737
2017-07-14,2446.25,2455.75,0.0005112474437627412,0.003883495145631022,0.00439672801635993
2017-07-17,2455.25,2456.75,-0.00020360378703043747,0.0006109357499235468,0.00040720757406087493
2017-07-18,2451.0,2457.75,-0.0023404904853974173,0.0027539779681762244,0.0004070418235473383
2017-07-19,2462.25,2470.25,0.0018309429356118123,0.0032490608183572967,0.00508595259892175
2017-07-20,2474.5,2472.0,0.0017204736362717021,-0.0010103051121438389,0.0007084303208177989
2017-07-21,2466.75,2469.25,-0.0021237864077670032,0.0010134792743488052,-0.001112459546925515
2017-07-24,2468.25,2468.75,-0.0004049812696163002,0.00020257267294643277,-0.0002024906348081501
2017-07-25,2477.5,2474.0,0.0035443037974682845,-0.0014127144298687888,0.0021265822784810595
2017-07-26,2477.25,2475.25,0.0013136620856912806,-0.0008073468563931652,0.0005052546483428344
2017-07-27,2478.5,2471.5,0.0013129986870012988,-0.00282428888440589,-0.001514998485001473
2017-07-28,2468.0,2469.75,-0.0014161440420796811,0.0007090761750405683,-0.0007080720210398406
2017-07-31,2473.5,2468.75,0.0015183723048890485,-0.0019203557711744423,-0.0004048992813038277
2017-08-01,2474.75,2473.25,0.002430379746835465,-0.0006061218304879157,0.0018227848101266542
2017-08-02,2474.75,2473.75,0.0006064894369757212,-0.00040408122032531413,0.00020216314565857374
2017-08-03,2472.25,2470.0,-0.0006063668519453724,-0.000910102133683921,-0.001515917129863542
2017-08-04,2475.25,2473.5,0.002125506072874428,-0.0007069992930006652,0.001417004048583026
2017-08-07,2474.25,2477.5,0.0003032140691328067,0.0013135293523289793,0.0016171417020416357
2017-08-08,2473.5,2471.75,-0.0016145307769929174,-0.0007074994946432156,-0.0023208879919273118
2017-08-09,2463.5,2471.75,-0.003337716192980733,0.003348893850213086,0.0
2017-08-10,2459.75,2438.25,-0.004854859917062804,-0.008740725683504369,-0.01355315060180029
2017-08-11,2439.25,2439.5,0.00041013021634372926,0.0001024905196269632,0.0005126627704297171
2017-08-14,2455.0,2462.75,0.006353761016601789,0.0031568228105907092,0.009530641524902572
2017-08-15,2467.5,2463.75,0.0019287381991675012,-0.001519756838905817,0.0004060501471931932
2017-08-16,2467.75,2467.0,0.001623541349568658,-0.0003039205754229446,0.0013191273465245068
2017-08-17,2459.25,2429.75,-0.0031414673692744532,-0.011995527091593017,-0.015099310903931906
2017-08-18,2426.75,2425.0,-0.0012346949274616437,-0.0007211290821056426,-0.0019549336351476487
2017-08-21,2424.0,2427.25,-0.0004123711340205949,0.0013407590759075827,0.0009278350515464773
2017-08-22,2433.75,2451.0,0.00267792769595232,0.007087827426810467,0.009784735812133016
2017-08-23,2440.25,2442.25,-0.004385964912280715,0.0008195881569510455,-0.0035699714402285254
2017-08-24,2447.0,2439.25,0.0019449278329408681,-0.0031671434409481503,-0.0012283754734363495
2017-08-25,2447.0,2443.0,0.003177206108434971,-0.001634654679198988,0.001537357794404004
2017-08-28,2448.25,2444.0,0.0021489971346704273,-0.0017359338302869176,0.00040933278755628244
2017-08-29,2428.0,2445.5,-0.006546644844517169,0.007207578253706659,0.0006137479541734603
2017-08-30,2445.0,2457.25,-0.0002044571662236372,0.005010224948875264,0.004804743406256362
2017-08-31,2462.75,2468.75,0.0022382744938447274,0.0024363008831591593,0.004680028487130006
2017-09-01,2476.0,2475.25,0.002936708860759474,-0.0003029079159935222,0.0026329113924050684
2017-09-05,2470.0,2458.5,-0.0021209978790021067,-0.004655870445344101,-0.0067669932330067795
2017-09-06,2464.5,2464.5,0.0024405125076265577,0.0,0.0024405125076265577
2017-09-07,2467.5,2465.5,0.00121728545343891,-0.000810536980749732,0.000405761817813044
2017-09-08,2460.0,2461.25,-0.0022307848306631906,0.000508130081300795,-0.001723788278239713
2017-09-11,2476.5,2487.25,0.006196038598273335,0.004340803553402051,0.010563737938039663
2017-09-12,2491.5,2496.0,0.0017087144436627177,0.0018061408789886713,0.003517941501658406
2017-09-13,2491.5,2496.75,-0.0018028846153845812,0.0021071643588199684,0.00030048076923083755
2017-09-14,2493.25,2496.25,-0.0014018223690798193,0.0012032487716835405,-0.0002002603384400059
2017-09-18,2501.0,2502.25,0.0019028542814221172,0.0004998000799680824,0.0024036054081122415
2017-09-19,2504.25,2504.5,0.0007992806474172998,9.983028850957254e-05,0.0008991907283444345
2017-09-20,2506.5,2505.75,0.0007985625873427882,-0.00029922202274090814,0.0004991016170892149
2017-09-21,2503.25,2499.5,-0.0009977052778609163,-0.00149805253170876,-0.002494263194652291
2017-09-22,2495.5,2499.5,-0.0016003200640127835,0.0016028851933480581,0.0
2017-09-25,2496.25,2495.25,-0.001300260052010449,-0.00040060090135207727,-0.0017003400680135616
2017-09-26,2497.5,2494.75,0.0009017132551849549,-0.0011011011011010652,-0.00020038072337436041
2017-09-27,2503.5,2504.5,0.00350736546748176,0.00039944078290399254,0.003908207235193917
2017-09-28,2501.25,2507.25,-0.001297664204432003,0.0023988005997002126,0.0010980235575963615
2017-09-29,2506.25,2516.5,-0.00039884335427264883,0.004089775561097353,0.0036893010270215854
2017-10-02,2518.25,2526.25,0.0006954102920724292,0.0031768092921671265,0.003874428770117122
2017-10-03,2527.5,2532.0,0.0004948045522019662,0.0017804154302669684,0.0022761009401286447
2017-10-04,2530.0,2535.0,-0.0007898894154818592,0.0019762845849802257,0.0011848341232227888
2017-10-05,2537.75,2549.5,0.0010848126232740896,0.004630085705841891,0.005719921104536452
2017-10-06,2545.0,2546.5,-0.0017650519709746515,0.0005893909626719651,-0.001176701313983175
2017-10-09,2549.0,2543.25,0.0009817396426468061,-0.0022557865829737622,-0.0012762615354408036
2017-10-10,2548.25,2549.25,0.001965988400668417,0.00039242617482582176,0.0023591860808021003
2017-10-11,2548.25,2553.0,-0.00039227223693238944,0.0018640243304228754,0.0014710208884967102
2017-10-12,2548.5,2549.0,-0.001762632197414793,0.0001961938395134144,-0.0015667841754798406
2017-10-13,2553.5,2551.75,0.0017653981953706932,-0.0006853338554924093,0.0010788544527264854
2017-10-16,2555.75,2555.75,0.0015675516802193812,0.0,0.0015675516802193812
2017-10-17,2554.75,2556.75,-0.00039127457693433065,0.0007828554653097619,0.00039127457693433065
2017-10-18,2561.5,2559.75,0.0018578273198397444,-0.000683193441342933,0.0011733646230565054
2017-10-19,2549.75,2560.75,-0.003906631506983116,0.004314148445926147,0.000390663150698245
2017-10-20,2568.0,2573.25,0.00283120179634877,0.0020443925233644133,0.004881382407497803
2017-10-23,2575.25,2564.0,0.0007772272418147264,-0.00436850791185317,-0.0035946759933935812
2017-10-24,2568.0,2567.25,0.0015600624024960652,-0.00029205607476634476,0.0012675507020281085
2017-10-25,2563.5,2556.25,-0.0014607069821793717,-0.0028281646186854026,-0.004284740481059535
2017-10-26,2561.75,2556.75,0.0021515892420538307,-0.0019517907680296487,0.00019559902200483315
2017-10-27,2565.75,2577.75,0.003520093869169738,0.004676995030692854,0.008213552361396204
2017-10-30,2571.5,2569.75,-0.002424595092619497,-0.0006805366517597111,-0.003103481718553014
2017-10-31,2572.5,2572.5,0.0010701430100203968,0.0,0.0010701430100203968
2017-11-01,2581.0,2575.75,0.00330417881438283,-0.0020340953118945793,0.0012633624878521932
2017-11-02,2574.5,2577.75,-0.00048529554498688565,0.0012623810448630923,0.000776472871979017
2017-11-03,2578.5,2584.25,0.0002909514111142375,0.0022299786697692614,0.002521578896324206
2017-11-06,2582.75,2587.5,-0.0005804391989938651,0.0018391249637015328,0.0012576182644867817
2017-11-07,2590.0,2586.5,0.0009661835748793202,-0.0013513513513513375,-0.00038647342995168366
2017-11-08,2585.75,2590.25,-0.0002899671370577561,0.0017403074543169694,0.0014498356852890026
2017-11-09,2578.25,2583.75,-0.0046327574558440165,0.002133229904004663,-0.0025094102885822034
2017-11-10,2578.25,2579.5,-0.002128688921141708,0.00048482497818280734,-0.0016448959845186684
2017-11-13,2573.5,2582.5,-0.002326032176778403,0.0034971828249465986,0.0011630160883893126
2017-11-14,2573.5,2578.0,-0.0034849951597289985,0.0017485914124732993,-0.0017424975798644438
2017-11-15,2564.25,2563.75,-0.005333591931729997,-0.0001949887881447232,-0.005527540729247438
2017-11-16,2575.0,2583.5,0.004388103364212581,0.0033009708737863352,0.007703559239395474
2017-11-17,2581.25,2578.25,-0.0008709115540932455,-0.001162227602905519,-0.002032126959551017
2017-11-20,2578.25,2580.5,0.0,0.0008726849607292309,0.0008726849607292309
2017-11-21,2590.5,2597.5,0.003875217981011536,0.00270218104613007,0.006587870567719367
2017-11-22,2598.25,2595.25,0.0002887391722810051,-0.0011546233041470622,-0.0008662175168431263
2017-11-28,2605.5,2626.0,0.0014413375612567503,0.007867971598541468,0.009320649562794214
2017-11-29,2629.0,2624.25,0.0011424219345010922,-0.0018067706352224988,-0.0006664127951256926
2017-11-30,2636.25,2644.25,0.004572735067162048,0.003034613560929378,0.007621225111936747
2017-12-01,2647.0,2643.25,0.001039992436418613,-0.001416698148847706,-0.00037817906778858656
2017-12-04,2660.5,2638.75,0.006526056937482316,-0.008175155046043936,-0.0017024496358649666
2017-12-05,2638.5,2630.5,-9.47418285173196e-05,-0.0030320257722190602,-0.0031264803410705477
2017-12-06,2626.0,2629.5,-0.0017107013875689026,0.0013328255902513853,-0.00038015586390416356
2017-12-07,2629.0,2637.75,-0.00019015021867274662,0.003328261696462498,0.0031374786081004302
2017-12-08,2646.75,2651.25,0.003411998862667076,0.0017001983564748357,0.005117998294000614
2017-12-11,2653.25,2660.5,0.0007543611504008396,0.002732497879958551,0.003488920320603439
2017-12-12,2662.75,2665.0,0.0008457056944184416,0.0008449910806496153,0.001691411388836661
2017-12-13,2668.0,2664.75,0.0011257035647278535,-0.0012181409295352053,-9.380863039398779e-05
2017-12-14,2667.0,2654.25,0.0008443568815086344,-0.004780652418447717,-0.0039403321137067016
2017-12-18,2691.75,2694.75,0.014128284826222082,0.0011145165784340882,0.015258547612319928
2017-12-19,2696.5,2686.75,0.0006494108915484631,-0.0036157982569998692,-0.002968735504221165
2017-12-20,2694.25,2682.75,0.0027914766911696365,-0.004268349262317894,-0.0014887875686238061
2017-12-21,2689.0,2689.25,0.0023296990028889297,9.297136481967172e-05,0.0024228869630043004
2017-12-22,2687.75,2688.5,-0.0005577763316909623,0.00027904380987808786,-0.00027888816584553666
2017-12-26,2685.5,2687.25,-0.0011158638646084906,0.0006516477378515351,-0.00046494327692025994
2017-12-27,2688.75,2685.25,0.0005581914596706206,-0.001301720130172046,-0.0007442552795609014
2017-12-28,2687.5,2686.0,0.0008379108090494913,-0.0005581395348837059,0.0002793036030164231
2017-12-29,2693.0,2677.25,0.002606105733432562,-0.005848496101002576,-0.003257632166790758
2018-01-02,2685.25,2693.5,0.0029881408161358536,0.00307233963318132,0.006069661032776175
2018-01-03,2697.75,2711.75,0.0015778726563950851,0.005189509776665657,0.006775570818637444
2018-01-04,2718.75,2723.0,0.0025813589010785787,0.0015632183908045327,0.004148612519590644
2018-01-05,2732.75,2740.5,0.0035806096217407823,0.0028359710913914427,0.006426735218509005
2018-01-08,2741.25,2746.5,0.00027367268746569806,0.0019151846785225857,0.0021893814997262506
2018-01-09,2751.5,2752.75,0.0018204988166756753,0.00045429765582416515,0.0022756235208447606
2018-01-10,2742.75,2748.75,-0.003632730905458126,0.0021875854525568172,-0.0014530923621832725
2018-01-11,2754.25,2768.5,0.002000909504320081,0.005173822274666451,0.007185084129149644
2018-01-12,2770.75,2786.75,0.0008127144663174768,0.005774609762699612,0.0065920173379085956
2018-01-16,2801.0,2780.75,0.005113483448461409,-0.00722956087111748,-0.002153045662510067
2018-01-17,2786.75,2804.0,0.0021576912703407114,0.006190006279716442,0.008361053672570451
2018-01-18,2800.0,2801.5,-0.0014265335235378318,0.000535714285714306,-0.0008915834522110755
2018-01-19,2806.5,2813.5,0.001784758165268574,0.0024942098699447524,0.004283419596644578
2018-01-22,2810.0,2835.75,-0.0012440021325751394,0.009163701067615548,0.007908299271370156
2018-01-23,2834.0,2840.75,-0.0006171206911751437,0.0023817925194071776,0.0017632019747861882
2018-01-24,2848.0,2839.75,0.0025521429200034973,-0.0028967696629212947,-0.000352019713103946
2018-01-25,2848.75,2840.0,0.0031692930715732093,-0.0030715225976305494,8.80359186548052e-05
2018-01-26,2848.75,2872.75,0.0030809859154929953,0.008424747696358148,0.011531690140845097
2018-01-29,2867.0,2855.5,-0.002001566443303404,-0.004011161492849635,-0.0060046993299103235
2018-01-30,2830.25,2827.75,-0.008842584486079441,-0.0008833141948590972,-0.009718087900542849
2018-01-31,2834.75,2827.0,0.0024754663601802562,-0.0027339271540700594,-0.0002652285385907893
2018-02-01,2814.75,2823.0,-0.004333215422709591,0.002930988542499291,-0.0014149274849664106
2018-02-02,2806.75,2760.75,-0.005756287637265323,-0.0163890620824797,-0.02205100956429329
2018-02-05,2734.5,2642.0,-0.009508285791904325,-0.033827025050283455,-0.04301367382051979
2018-02-06,2589.75,2696.0,-0.019776684330052974,0.041027126170479766,0.02043906131718387
2018-02-07,2686.5,2679.25,-0.0035237388724035368,-0.0026986785780755973,-0.006212908011869467
2018-02-08,2680.75,2592.0,0.0005598581692638493,-0.03310640678914478,-0.03256508351217691
2018-02-09,2605.0,2617.0,0.005015432098765427,0.004606525911708292,0.009645061728394966
2018-02-12,2644.25,2648.5,0.010412686282002204,0.001607261038101493,0.012036683225066902
2018-02-13,2636.5,2660.0,-0.004530866528223543,0.008913332069030888,0.004342080422880867
2018-02-14,2648.0,2696.5,-0.004511278195488688,0.018315709969788596,0.013721804511278135
2018-02-15,2715.5,2731.25,0.0070461709623586,0.005800036825630572,0.012887075839050688
2018-02-16,2728.0,2734.0,-0.0011899313501144704,0.0021994134897360684,0.001006864988558398
2018-02-20,2722.5,2713.75,-0.004206291148500352,-0.003213957759412356,-0.007406730065837586
2018-02-21,2718.25,2696.25,0.0016582220175034301,-0.008093442472178802,-0.006448641179180092
2018-02-22,2711.5,2705.5,0.005656003708854884,-0.0022127973446431914,0.0034306907742234216
2018-02-23,2719.0,2745.75,0.004989835520236463,0.009838175799926407,0.01487710219922378
2018-02-26,2758.25,2780.25,0.004552490212146099,0.007976071784645988,0.012564872985523001
2018-02-27,2779.75,2746.25,-0.00017983994245118762,-0.01205144347513265,-0.012229116086682867
2018-02-28,2757.25,2713.5,0.004005461993627613,-0.01586725904433761,-0.01192535275375517
2018-03-01,2714.0,2676.75,0.00018426386585601584,-0.013725128960943245,-0.01354339414040906
2018-03-02,2658.25,2689.25,-0.006911366395815799,0.011661807580174877,0.004669842159334969
2018-03-05,2678.5,2719.0,-0.003997397043785433,0.015120403210752364,0.011062563911871326
2018-03-06,2731.5,2726.5,0.0045972784111805165,-0.0018304960644334178,0.0027583670467083987
2018-03-07,2704.5,2725.0,-0.008068952869979773,0.007579959327047581,-0.0005501558774986259
2018-03-08,2734.25,2738.5,0.0033944954128439786,0.0015543567705951222,0.004954128440366912
2018-03-09,2757.25,2784.0,0.0068468139492423585,0.00970169552996647,0.01661493518349455
2018-03-12,2789.75,2784.75,0.0020653735632183423,-0.001792275293485024,0.0002693965517241992
2018-03-13,2796.25,2767.5,0.004129634617111133,-0.010281627179257957,-0.006194451925666589
2018-03-14,2777.75,2749.0,0.0037037037037037646,-0.010350103501035046,-0.006684733514001784
2018-03-15,2755.75,2749.25,0.002455438341214977,-0.0023587045268983475,9.094216078575634e-05
2018-03-19,2741.25,2717.25,-0.0029098845139583496,-0.008755129958960328,-0.011639538055833398
2018-03-20,2722.75,2720.25,0.002024105253473074,-0.0009181893306400291,0.001104057410985293
2018-03-21,2718.25,2714.5,-0.0007352265416781245,-0.0013795640577577428,-0.0021137763073246774
2018-03-22,2686.5,2647.0,-0.01031497513354207,-0.014703145356411707,-0.024866457911217554
2018-03-23,2652.75,2590.0,0.002172270494899875,-0.023654697954952453,-0.02153381186248582
2018-03-26,2630.75,2657.5,0.015733590733590708,0.010168202983939834,0.026061776061776065
2018-03-27,2666.5,2617.75,0.00338664158043267,-0.01828239264954057,-0.014957666980244588
2018-03-28,2616.5,2605.75,-0.0004775093114315343,-0.004108541945346822,-0.0045840893897430846
2018-03-29,2620.75,2639.25,0.005756500047970903,0.007059047982447719,0.012856183440468127
2018-04-02,2629.25,2577.5,-0.0037889551956048484,-0.019682418940762614,-0.02339679833285968
2018-04-03,2593.5,2611.5,0.006207565470417009,0.006940427993059606,0.013191076624636366
2018-04-04,2574.5,2643.0,-0.014168102623013601,0.026607108176344818,0.012062033314187204
2018-04-05,2658.75,2663.0,0.00595913734392739,0.0015984955336154627,0.007567158531971208
2018-04-06,2640.25,2604.0,-0.00854299662035296,-0.013729760439352368,-0.022155463762673633
2018-04-09,2620.0,2611.25,0.006144393241167334,-0.0033396946564885344,0.0027841781874040628
2018-04-10,2650.5,2654.5,0.01503111536620394,0.0015091492171288579,0.016562948779320186
2018-04-11,2640.5,2640.75,-0.005274062912036137,9.46790380609297e-05,-0.005179883217178327
2018-04-12,2655.75,2663.5,0.0056802044873616175,0.0029181963663749144,0.008614976805831676
2018-04-13,2679.75,2656.5,0.006100994931481196,-0.008676182479708916,-0.0026281208935611255
2018-04-16,2675.5,2680.75,0.007152268021833219,0.0019622500467202375,0.009128552606813445
2018-04-17,2695.5,2706.25,0.005502191550871949,0.003988128362085064,0.009512263359134465
2018-04-18,2711.0,2708.5,0.001755196304849882,-0.00092216894135011,0.0008314087759815347
2018-04-19,2701.5,2692.75,-0.0025844563411482335,-0.0032389413288913538,-0.005815026767583498
2018-04-20,2694.0,2672.0,0.00046420945130432045,-0.008166295471418006,-0.007705876891653474
2018-04-23,2676.5,2669.75,0.0016841317365270392,-0.0025219503082383188,-0.0008420658682635196
2018-04-24,2681.5,2635.0,0.004401161157411737,-0.017341040462427793,-0.013016200018728386
2018-04-25,2632.0,2640.75,-0.0011385199240986354,0.0033244680851063357,0.002182163187855801
2018-04-26,2649.25,2667.0,0.00321878254283825,0.006700009436632959,0.00994035785288272
2018-04-27,2675.0,2671.0,0.0029996250468691255,-0.0014953271028037562,0.0014998125234346737
2018-04-30,2676.75,2647.25,0.0021527517783601624,-0.011020827496030616,-0.008891800823661589
2018-05-01,2640.0,2651.25,-0.002738691094532064,0.0042613636363635354,0.0015110019831900967
2018-05-02,2648.75,2632.0,-0.0009429514380009385,-0.0063237376120811595,-0.007260726072607304
2018-05-03,2623.5,2628.75,-0.0032294832826748054,0.0020011435105775632,-0.001234802431610893
2018-05-04,2615.5,2660.25,-0.005040418449833606,0.01710953928503156,0.011982881597717654
2018-05-07,2668.5,2671.0,0.003101212292077715,0.0009368559115607855,0.004040973592707386
2018-05-08,2664.75,2670.0,-0.0023399475851740847,0.0019701660568534063,-0.0003743916136278447
2018-05-09,2677.5,2696.5,0.002808988764045006,0.00709617180205413,0.009925093632958903
2018-05-10,2703.75,2720.0,0.002688670498794732,0.006010171058714819,0.008715000927127736
2018-05-11,2723.0,2727.75,0.0011029411764706953,0.0017443995593096062,0.002849264705882426
2018-05-14,2734.25,2730.75,0.0023829163229767136,-0.0012800585169607803,0.0010998075336816626
2018-05-15,2715.0,2711.25,-0.00576764625102999,-0.0013812154696132284,-0.007140895358417998
2018-05-16,2713.0,2722.5,0.0006454587367450415,0.0035016586804275107,0.004149377593360981
2018-05-17,2719.25,2719.25,-0.0011937557392103226,0.0,-0.0011937557392103226
2018-05-18,2715.75,2713.5,-0.0012871196101866822,-0.0008285004142501995,-0.0021145536453066605
2018-05-21,2730.5,2732.0,0.006264971439100764,0.0005493499359092713,0.006817763036668589
2018-05-22,2738.0,2725.0,0.002196193265007418,-0.0047479912344776665,-0.0025622254758418395
2018-05-23,2710.5,2731.25,-0.00532110091743121,0.007655414130234295,0.002293577981651307
2018-05-24,2725.5,2727.5,-0.002105263157894721,0.0007338103100349436,-0.0013729977116704317
2018-05-25,2722.25,2718.5,-0.0019248395967003118,-0.001377536963908521,-0.0032997250229147568
2018-05-29,2700.75,2690.25,-0.006529336030899446,-0.0038878089419606132,-0.010391760161853947
2018-05-30,2705.0,2723.5,0.005482761825109206,0.006839186691312449,0.012359446148127562
2018-05-31,2716.75,2706.0,-0.0024784284927482636,-0.003956933836385401,-0.006425555351569634
2018-06-01,2721.75,2732.5,0.005820399113082075,0.003949664737760594,0.00979305247597928
2018-06-04,2742.25,2745.75,0.0035681610247026985,0.0012763241863433805,0.004849039341262573
2018-06-05,2748.0,2750.25,0.0008194482381862489,0.0008187772925765113,0.0016388964763724978
2018-06-06,2755.25,2771.75,0.0018180165439505291,0.005988567280646118,0.007817471138987342
2018-06-07,2775.25,2772.5,0.0012627401461171583,-0.0009909017205657067,0.00027058717416794664
2018-06-08,2767.0,2778.25,-0.0019837691614066344,0.004065775207806377,0.0020739404869252187
2018-06-11,2780.25,2782.5,0.0007198776208043878,0.0008092797410303998,0.0015297399442095738
2018-06-12,2786.75,2785.5,0.0015274034141958825,-0.00044855117968956026,0.0010781671159030282
2018-06-13,2787.25,2776.75,0.0006282534553940788,-0.0037671540048435093,-0.003141267276970061
2018-06-14,2785.0,2783.5,0.002971099306743552,-0.0005385996409336125,0.002430899432790179
2018-06-18,2765.0,2778.25,-0.006646308604275175,0.004792043399638235,-0.001886114603915967
2018-06-19,2751.5,2765.25,-0.009628363178259658,0.0049972742140651505,-0.004679204535228965
2018-06-20,2775.25,2772.0,0.0036163095560979297,-0.0011710656697594413,0.0024410089503661414
2018-06-21,2769.25,2753.75,-0.0009920634920634885,-0.005597183352893387,-0.0065836940836940805
2018-06-22,2767.5,2761.0,0.004993191103041417,-0.0023486901535682003,0.0026327734906945732
2018-06-25,2744.25,2717.0,-0.006066642520825782,-0.00992985332968932,-0.015936254980079667
2018-06-26,2727.0,2726.25,0.003680529996319404,-0.0002750275027503246,0.003404490246595504
2018-06-27,2732.25,2703.75,0.0022008253094909502,-0.010430963491627754,-0.008253094910591452
2018-06-28,2702.75,2717.0,-0.0003698566805362402,0.005272407732864748,0.004900601017105766
2018-06-29,2732.5,2725.0,0.005704821494295187,-0.0027447392497712553,0.002944423997055523
2018-07-02,2702.75,2727.0,-0.008165137614678852,0.00897234298399785,0.0007339449541283738
2018-07-05,2732.25,2738.0,0.0019251925192518282,0.002104492634275701,0.004033736707004021
2018-07-06,2737.25,2760.75,-0.0002739225712198312,0.008585258927755968,0.008308984660335916
2018-07-09,2774.0,2786.25,0.004799420447342273,0.004416005767844178,0.009236620483564328
2018-07-10,2792.75,2795.25,0.002332884701659932,0.0008951750067138775,0.0032301480484522305
2018-07-11,2778.75,2775.25,-0.005902870941776217,-0.001259559154295986,-0.0071549950809408625
2018-07-12,2790.0,2799.0,0.005314836501216114,0.003225806451612856,0.008557787586704002
2018-07-13,2798.25,2801.5,-0.000267952840300123,0.0011614401858304202,0.0008931761343335953
2018-07-16,2802.25,2800.5,0.0002677137247903971,-0.0006244981711125419,-0.0003569516330537148
2018-07-17,2792.5,2811.5,-0.0028566327441528205,0.006803939122649982,0.003927870023210156
2018-07-18,2812.25,2816.75,0.0002667615152054381,0.001600142234865265,0.0018673306064378448
2018-07-19,2809.25,2805.25,-0.0026626431170675424,-0.0014238675803149858,-0.004082719446170224
2018-07-20,2804.0,2803.0,-0.00044559308439529044,-0.0003566333808844302,-0.0008020675519115894
2018-07-23,2801.25,2808.0,-0.0006243310738494046,0.002409638554216942,0.0017838030681411876
2018-07-24,2823.75,2820.0,0.00560897435897445,-0.0013280212483399723,0.004273504273504258
2018-07-25,2819.75,2845.75,-8.865248226952449e-05,0.009220675591807836,0.009131205673758913
2018-07-26,2838.75,2838.5,-0.00245980848633931,-8.806693086749195e-05,-0.0025476587894228686
2018-07-27,2842.5,2818.75,0.00140919499735781,-0.008355321020228623,-0.0069579002994539785
2018-07-30,2820.5,2803.75,0.0006208425720621857,-0.0059386633575607695,-0.005321507760532196
2018-07-31,2815.25,2822.75,0.004101649576460087,0.0026640618062339083,0.00677663843067311
2018-08-01,2820.5,2812.5,-0.0007970950314409864,-0.0028363765289842746,-0.003631210698786691
2018-08-02,2796.0,2828.25,-0.005866666666666687,0.011534334763948495,0.005600000000000049
2018-08-03,2828.5,2840.0,8.839388314330066e-05,0.004065759236344446,0.004154512507734465
2018-08-06,2837.5,2850.75,-0.0008802816901408717,0.004669603524229071,0.0037852112676055594
2018-08-07,2856.75,2859.5,0.00210470928702966,0.0009626323619498223,0.0030693677102517913
2018-08-08,2856.75,2857.0,-0.0009617065920615175,8.751203290446874e-05,-0.0008742787200559654
2018-08-09,2858.0,2854.0,0.0003500175008750439,-0.0013995801259621965,-0.0010500525026251317
2018-08-10,2835.75,2835.5,-0.006394533987386097,-8.816009873935382e-05,-0.0064821303433777455
2018-08-13,2837.25,2824.75,0.0006171751013930304,-0.004405674508767277,-0.0037912184799858695
2018-08-14,2831.5,2838.75,0.0023895919992920067,0.0025604803107892593,0.004956190813346417
2018-08-15,2823.0,2820.75,-0.005548216644649884,-0.0007970244420828498,-0.006340819022457089
2018-08-16,2836.25,2843.0,0.005494992466542614,0.00237990304098723,0.007887973056811104
2018-08-17,2838.75,2850.75,-0.0014948997537812536,0.0042272126816380595,0.0027259936686598873
2018-08-20,2856.5,2858.5,0.002017013066736739,0.0007001575354455003,0.0027185828290801073
2018-08-21,2863.0,2863.0,0.001574252230190698,0.0,0.001574252230190698
2018-08-22,2859.25,2862.25,-0.0013098148794969955,0.001049226195680708,-0.0002619629758994213
2018-08-23,2859.5,2858.75,-0.0009607826011005516,-0.0002622836160167674,-0.0012228142195824798
2018-08-24,2865.5,2875.75,0.0023611718408396154,0.0035770371662886546,0.0059466550065587764
2018-08-27,2889.5,2896.0,0.004781361383986882,0.0022495241391244925,0.00704164131096241
2018-08-28,2902.5,2899.5,0.0022444751381216488,-0.001033591731266159,0.0012085635359115887
2018-08-29,2902.0,2915.0,0.0008622176237282897,0.004479669193659497,0.005345749267114952
2018-08-30,2908.0,2902.75,-0.002401372212692987,-0.001805364511691887,-0.004202401372212727
2018-08-31,2897.5,2902.0,-0.0018086297476530566,0.0015530629853321987,-0.0002583756782361668
2018-09-04,2896.5,2898.25,-0.0018952446588559324,0.0006041774555498591,-0.0012922122674018377
2018-09-05,2890.75,2889.75,-0.0025877684809798573,-0.0003459309867681615,-0.00293280427844389
2018-09-06,2889.5,2880.25,-8.651267410675345e-05,-0.00320124589029247,-0.003287481616056742
2018-09-07,2868.5,2871.75,-0.004079506987240689,0.0011329963395503295,-0.0029511327141741317
2018-09-10,2885.5,2879.0,0.004788021241403317,-0.002252642522959647,0.002524593018194521
2018-09-11,2870.0,2889.25,-0.0031260854463355248,0.006707317073170627,0.0035602639805487613
2018-09-12,2886.75,2889.0,-0.0008652764558276793,0.000779423226812126,-8.652764558281234e-05
2018-09-13,2899.25,2905.0,0.0035479404638283363,0.0019832715357419595,0.005538248528902834
2018-09-14,2906.5,2907.5,0.000516351118760694,0.0003440564252537026,0.000860585197934638
2018-09-17,2903.5,2892.25,-0.001375752364574323,-0.0038746340623385667,-0.0052450558899398425
2018-09-18,2894.25,2906.0,0.0006915031549832307,0.004059773689211399,0.004754084190509156
2018-09-19,2906.5,2908.75,0.00017205781142459742,0.0007741269568208864,0.0009463179628355078
2018-09-20,2924.5,2931.5,0.005414697034808791,0.0023935715506924193,0.007821229050279266
2018-09-24,2926.25,2925.75,-0.0017908920347944335,-0.00017086715079028814,-0.001961453180965411
2018-09-25,2929.25,2921.0,0.0011962744595401809,-0.0028164205854740443,-0.0016235153379475786
2018-09-26,2923.5,2908.75,0.000855871276959963,-0.005045322387549178,-0.0041937692571036855
2018-09-27,2918.25,2919.25,0.0032660077352815176,0.0003426711213911915,0.0036097980232059346
2018-09-28,2913.75,2921.0,-0.0018840455596471628,0.0024882024882024734,0.0005994690417059356
2018-10-01,2934.25,2928.0,0.0045361177678877596,-0.0021300161881230295,0.002396439575487852
2018-10-02,2927.5,2928.75,-0.00017076502732238374,0.000426985482493647,0.00025614754098368664
2018-10-03,2939.75,2929.5,0.00375586854460086,-0.0034866910451568645,0.0002560819462227304
2018-10-04,2923.25,2908.0,-0.0021334698754054138,-0.005216796373898935,-0.007339136371394384
2018-10-05,2908.5,2891.25,0.00017193947730409498,-0.005930892212480665,-0.005759972489683629
2018-10-08,2881.75,2892.5,-0.003285776048421951,0.003730372169688634,0.0004323389537397304
2018-10-09,2885.75,2885.5,-0.0023336214347450257,-8.663259118080191e-05,-0.002420051858254113
2018-10-10,2876.75,2792.0,-0.0030324033962918495,-0.02946032849569824,-0.03240339629180389
2018-10-11,2782.0,2733.75,-0.003581661891117527,-0.01734363767074043,-0.020863180515759305
2018-10-12,2775.5,2767.0,0.015272062185642366,-0.0030625112592326253,0.012162780064014722
2018-10-15,2764.25,2752.5,-0.0009938561619081687,-0.00425070091344848,-0.0052403324900613946
2018-10-16,2772.25,2807.75,0.007175295186194308,0.012805482910992927,0.020072661217075405
2018-10-17,2810.5,2812.5,0.0009794319294809117,0.0007116171499732538,0.0016917460600125445
2018-10-18,2800.75,2775.75,-0.004177777777777725,-0.008926180487369484,-0.013066666666666671
2018-10-19,2780.0,2766.5,0.0015311177159327283,-0.004856115107913617,-0.0033324326758533696
2018-10-22,2778.75,2757.25,0.004427977589011478,-0.007737291947818248,-0.0033435749141514925
2018-10-23,2711.75,2742.0,-0.01650194940611116,0.011155158108232754,-0.005530873152597704
2018-10-24,2738.5,2663.25,-0.0012764405543399526,-0.02747854664962568,-0.028719912472647713
2018-10-25,2679.75,2705.5,0.006195437904815471,0.009609105326989553,0.015864075847179304
2018-10-26,2665.25,2661.5,-0.01487710219922378,-0.0014069974674045804,-0.016263167621511698
2018-10-29,2694.25,2640.0,0.01230509111403344,-0.020135473693977946,-0.008078151418373092
2018-10-30,2637.25,2681.75,-0.0010416666666667185,0.016873637311593415,0.01581439393939399
2018-10-31,2710.5,2709.75,0.01072061154097148,-0.0002767017155506091,0.010440943413815518
2018-11-01,2721.75,2737.5,0.00442845280929971,0.005786718104160871,0.010240797121505718
2018-11-02,2748.5,2722.75,0.00401826484018275,-0.009368746589048627,-0.005388127853881319
2018-11-05,2728.75,2740.0,0.002203654393535981,0.0041227668346313084,0.00633550638141589
2018-11-06,2736.5,2756.0,-0.0012773722627736905,0.0071258907363420665,0.005839416058394109
2018-11-07,2778.5,2814.0,0.00816400580551524,0.012776678063703528,0.021044992743106006
2018-11-08,2806.25,2808.5,-0.0027540867093105437,0.0008017817371936964,-0.0019545131485430023
2018-11-09,2793.0,2779.75,-0.005518960299092046,-0.004744002864303654,-0.010236781199928768
2018-11-12,2775.75,2730.0,-0.0014389783253889732,-0.016482031883274795,-0.017897292922025354
2018-11-13,2735.75,2718.25,0.0021062271062270987,-0.006396783331810263,-0.004304029304029289
2018-11-14,2745.0,2703.0,0.009840890278671965,-0.015300546448087426,-0.005610227168214799
2018-11-15,2685.5,2730.0,-0.0064742878283389205,0.016570471048221957,0.009988901220865598
2018-11-16,2717.5,2739.75,-0.0045787545787545625,0.008187672493100262,0.0035714285714285587
2018-11-19,2731.75,2693.25,-0.002919974450223517,-0.014093529788597015,-0.016972351491924442
2018-11-20,2650.25,2638.5,-0.015965840527244035,-0.004433544005282508,-0.02032859927596775
2018-11-21,2658.0,2648.5,0.007390562819783897,-0.003574115876598949,0.003790032215273742
2018-11-27,2662.25,2681.75,-0.004952345356008192,0.0073246314207906504,0.0023360119603812457
2018-11-28,2695.25,2741.25,0.0050340262888040055,0.017067062424635848,0.022187004754358197
2018-11-29,2735.25,2739.25,-0.002188782489740082,0.0014623891783200893,-0.000729594163246694
2018-11-30,2738.0,2757.25,-0.0004563292872136193,0.00703067932797663,0.0065711417358766955
2018-12-03,2801.0,2789.25,0.01586725904433761,-0.004194930382006468,0.011605766615286894
2018-12-04,2783.5,2701.75,-0.002061486062561624,-0.02936949883240525,-0.03137044008245948
2018-12-06,2655.75,2697.25,-0.0170260016655871,0.015626470865103936,-0.0016655871194596328
2018-12-07,2692.25,2632.5,-0.0018537399202891436,-0.022193332714272485,-0.02400593196774492
2018-12-10,2629.25,2641.5,-0.0012345679012345512,0.004659123324141756,0.0034188034188034067
2018-12-11,2674.5,2639.0,0.01249290176036344,-0.01327350906711533,-0.0009464319515426478
2018-12-12,2672.0,2652.5,0.012504736642667602,-0.0072979041916168,0.005115574081091312
2018-12-13,2662.25,2647.0,0.0036757775683318172,-0.0057282373931825115,-0.0020735155513665893
2018-12-14,2624.0,2601.75,-0.0086890819795995,-0.008479420731707266,-0.017094824329429548
2018-12-17,2588.25,2550.5,-0.005188815220524612,-0.014585144402588623,-0.01969828000384355
2018-12-18,2565.5,2544.0,0.005881199764752099,-0.008380432664197968,-0.002548519898059154
2018-12-19,2547.25,2506.25,0.0012775157232705059,-0.016095789576994757,-0.01483883647798745
2018-12-20,2495.0,2471.0,-0.0044887780548628076,-0.009619238476953895,-0.014064837905236938
2018-12-27,2434.5,2493.5,-0.014871016691957561,0.02423495584308899,0.009003540718260039
2018-12-28,2505.5,2482.5,0.004812512532584634,-0.009179804430253458,-0.004411469821535952
2018-12-31,2503.5,2505.75,0.008459214501510548,0.0008987417615338167,0.009365558912386662
2019-01-02,2468.75,2511.75,-0.014766038112341562,0.01741772151898724,0.002394492666866199
2019-01-03,2491.75,2452.75,-0.007962575893301516,-0.01565165044647332,-0.023489598885239382
2019-01-04,2484.25,2530.75,0.012842727550708366,0.018717922914360363,0.031801039649373086
2019-01-07,2534.5,2550.5,0.0014817741776154136,0.006312882225290917,0.0078040106687740085
2019-01-08,2576.75,2574.75,0.010292099588316006,-0.0007761715339089648,0.009507939619682437
2019-01-09,2583.5,2585.0,0.003398388193028401,0.0005806077027288303,0.003980969026118997
2019-01-10,2570.0,2598.75,-0.005802707930367523,0.011186770428015524,0.005319148936170137
2019-01-11,2583.5,2595.5,-0.005868205868205911,0.004644861621830865,-0.0012506012506012798
2019-01-14,2574.0,2579.0,-0.008283567713350037,0.0019425019425018952,-0.006357156617222137
2019-01-15,2585.75,2609.5,0.002617293524622033,0.009184956008894796,0.011826289259402767
2019-01-16,2614.5,2615.5,0.0019160758766048058,0.00038248231019322176,0.0022992910519257226
2019-01-17,2606.5,2635.75,-0.0034410246606767503,0.01122194513715713,0.00774230548652266
2019-01-18,2653.5,2671.5,0.006734326093142284,0.006783493499151971,0.013563501849568338
2019-01-22,2654.75,2635.0,-0.006269885831929667,-0.007439495244373262,-0.013662736290473543
2019-01-23,2646.5,2638.75,0.004364326375711602,-0.0029283959947099536,0.0014231499051233776
2019-01-24,2637.0,2639.75,-0.0006631927996210152,0.0010428517254454928,0.00037896731406905637
2019-01-25,2660.5,2662.0,0.007860592859172177,0.000563803796278961,0.008428828487546225
2019-01-28,2637.0,2642.5,-0.009391435011269711,0.0020857034508912076,-0.0073253193087904345
2019-01-29,2644.25,2637.5,0.0006622516556291647,-0.0025527087075730703,-0.0018921475875117721
2019-01-30,2654.75,2677.0,0.006540284360189608,0.008381203503154744,0.014976303317535633
2019-01-31,2680.0,2704.75,0.0011206574523721091,0.00923507462686568,0.01036608143444151
2019-02-01,2704.75,2704.25,0.0,-0.00018485996857375842,-0.00018485996857375842
2019-02-04,2704.25,2722.75,0.0,0.00684108347970791,0.00684108347970791
2019-02-05,2728.0,2734.25,0.0019281975943439278,0.002291055718474988,0.004223670920944
2019-02-06,2732.75,2731.0,-0.0005485965072689059,-0.000640380569023824,-0.001188625765749296
2019-02-07,2711.5,2704.25,-0.00714024166971805,-0.002673796791443861,-0.00979494690589533
2019-02-08,2692.0,2706.75,-0.004529906628455205,0.005479197622585419,0.000924470740501171
2019-02-11,2715.75,2706.5,0.0033250207813799726,-0.0034060572585842275,-9.236168837167824e-05
2019-02-12,2727.0,2742.5,0.007574358026972039,0.0056839017235057465,0.013301311657121673
2019-02-13,2752.75,2750.25,0.0037374658158615404,-0.0009081827263645037,0.002825888787602482
2019-02-14,2738.25,2745.5,-0.004363239705481359,0.0026476764356797577,-0.0017271157167529916
2019-02-15,2765.75,2776.0,0.007375705700236823,0.0037060471843080034,0.011109087597887424
2019-02-19,2767.75,2779.0,-0.002971902017291028,0.004064673471231073,0.0010806916426513435
2019-02-20,2780.5,2785.0,0.0005397625044980536,0.0016184139543247156,0.0021590500179919925
2019-02-21,2778.0,2776.0,-0.0025134649910233398,-0.0007199424046075986,-0.0032315978456014527
2019-02-22,2783.25,2790.75,0.0026116714697406174,0.00269469145782808,0.005313400576368865
2019-02-25,2808.5,2796.0,0.006360297411090121,-0.004450774434751614,0.0018812147272238011
2019-02-26,2792.5,2792.25,-0.001251788268955667,-8.952551477170445e-05,-0.0013412017167382384
2019-02-27,2788.0,2794.25,-0.0015220700152207556,0.002241750358680017,0.0007162682424568523
2019-02-28,2789.75,2785.75,-0.0016104500313143255,-0.001433820234788108,-0.0030419611702603433
2019-03-01,2806.0,2804.5,0.007269137575159235,-0.0005345687811831867,0.0067306829399622625
2019-03-04,2817.0,2792.75,0.004457122481725806,-0.008608448704295335,-0.004189695132822302
2019-03-05,2793.25,2789.75,0.00017903500134286432,-0.001253020674841121,-0.0010742100080565198
2019-03-06,2789.75,2773.75,0.0,-0.00573528093915221,-0.00573528093915221
2019-03-07,2766.25,2749.0,-0.002703920684993255,-0.006235878897424274,-0.008922938260477742
2019-03-08,2726.0,2743.25,-0.00836667879228814,0.006327953044754198,-0.002091669698072063
2019-03-11,2750.75,2781.75,0.002733983413834018,0.0112696537308008,0.014034448191014404
2019-03-12,2788.25,2791.75,0.002336658578233175,0.0012552676409933738,0.0035948593511279103
2019-03-13,2802.25,2811.0,0.0037610817587534484,0.0031224908555624875,0.0068953165577148035
2019-03-14,2811.5,2807.5,0.0001778726431875821,-0.001422728081095448,-0.0012451085023122976
2019-03-18,2831.25,2840.0,0.008459483526269018,0.003090507726269287,0.011576135351736516
2019-03-19,2849.75,2838.0,0.0034330985915493883,-0.004123168699008639,-0.0007042253521126751
2019-03-20,2832.5,2828.5,-0.0019379844961240345,-0.0014121800529567352,-0.0033474277660323626
2019-03-21,2822.5,2859.0,-0.0021212656885274406,0.01293179805137279,0.010783100583348082
2019-03-22,2847.5,2809.0,-0.004022385449457877,-0.01352063213345045,-0.017488632388947156
2019-03-25,2801.25,2803.5,-0.00275898896404414,0.0008032128514057213,-0.001957992168031275
2019-03-26,2823.75,2821.5,0.007223113964687,-0.0007968127490040056,0.006420545746388395
2019-03-27,2826.75,2809.75,0.0018607123870282294,-0.006013973644644954,-0.004164451532872593
2019-03-28,2818.25,2819.0,0.0030251801761722596,0.0002661225938083156,0.0032921078387757596
2019-03-29,2835.5,2837.75,0.005853139411138741,0.000793510844648182,0.0066512947853849536
2019-04-01,2859.75,2868.25,0.0077526209144569425,0.0029722877873941123,0.010747951722315241
2019-04-02,2871.5,2870.0,0.0011330950928265526,-0.0005223750652968429,0.0006101281269066394
2019-04-03,2883.25,2876.75,0.004616724738675915,-0.0022544004161969555,0.0023519163763066064
2019-04-04,2878.5,2884.0,0.0006083253671678168,0.001910717387528127,0.0025202050925523523
2019-04-05,2890.5,2896.75,0.002253814147018085,0.002162255665109747,0.004420943134535449
2019-04-08,2890.75,2898.5,-0.002071286786916371,0.002680965147453085,0.0006041253128505897
2019-04-09,2886.5,2882.25,-0.004140072451267907,-0.0014723713840291142,-0.005606348111091952
2019-04-10,2888.0,2893.75,0.001994969208084063,0.001990997229916802,0.003989938416167904
2019-04-11,2895.25,2892.0,0.0005183585313175421,-0.0011225282790777724,-0.0006047516198703917
2019-04-12,2908.75,2911.5,0.005791839557399703,0.0009454232917920358,0.006742738589211594
2019-04-15,2912.5,2910.0,0.00034346556757691715,-0.0008583690987123971,-0.0005151983513652647
2019-04-16,2918.5,2912.25,0.0029209621993127044,-0.002141511050196998,0.000773195876288657
2019-04-17,2921.0,2902.0,0.003004549746759455,-0.00650462170489563,-0.00351961541763246
2019-04-18,2908.5,2909.25,0.0022398345968297484,0.00025786487880341546,0.002498277050310138
2019-04-22,2899.25,2911.25,-0.0034373120219988174,0.004139001465896408,0.0006874624043997635
2019-04-23,2913.5,2937.75,0.0007728638900816875,0.008323322464389937,0.009102619149849778
2019-04-24,2934.5,2931.0,-0.001106288826482893,-0.0011927074459021636,-0.002297676793464376
2019-04-25,2927.5,2927.75,-0.0011941316956669557,8.539709649868499e-05,-0.0011088365745479667
2019-04-26,2927.0,2941.0,-0.0002561694133720316,0.004783054321831237,0.004525659636239521
2019-04-29,2942.0,2944.5,0.0003400204012240504,0.0008497620666212402,0.0011900714042842875
2019-04-30,2937.75,2947.5,-0.002292409577177801,0.003318866479448568,0.0010188487009679115
2019-05-01,2953.0,2923.75,0.0018659881255300714,-0.009905181171689814,-0.008057675996607339
2019-05-02,2920.25,2917.5,-0.001197092774690045,-0.0009417001969009853,-0.0021376656690893503
2019-05-03,2932.75,2945.5,0.005227077977720596,0.0043474554598925685,0.009597257926306835
2019-05-06,2898.25,2935.0,-0.016041419113902555,0.012680065556801567,-0.0035647598030894567
2019-05-07,2907.75,2887.5,-0.009284497444633777,-0.0069641475367552275,-0.016183986371379855
2019-05-08,2882.0,2882.5,-0.0019047619047618536,0.00017349063150584598,-0.0017316017316016952
2019-05-09,2856.0,2871.5,-0.009193408499566402,0.00542717086834732,-0.0038161318300086178
2019-05-10,2863.25,2883.75,-0.0028730628591328022,0.007159696149480421,0.0042660630332578275
2019-05-13,2831.75,2812.75,-0.0180320762895535,-0.006709631853094367,-0.02462071954919809
2019-05-14,2822.75,2836.5,0.00355523953426351,0.004871136303250312,0.008443693893876114
2019-05-15,2817.25,2852.25,-0.006786532698748404,0.01242346259650362,0.005552617662612391
2019-05-16,2861.25,2878.25,0.0031554036287142484,0.0059414591524682425,0.009115610482951952
2019-05-17,2854.75,2860.5,-0.00816468340137233,0.0020141868815133357,-0.006166941718057872
2019-05-20,2841.25,2842.0,-0.006729592728544009,0.00026396832380104485,-0.006467400804055279
2019-05-21,2858.25,2865.75,0.0057178043631245234,0.002623983206507585,0.008356790992259056
2019-05-22,2855.25,2858.0,-0.0036639623135305,0.0009631380789774102,-0.002704353136177229
2019-05-23,2830.25,2820.75,-0.009709587123862828,-0.003356593940464614,-0.013033589923023059
2019-05-24,2839.0,2828.0,0.006469910484800057,-0.00387460373370907,0.002570238411769843
2019-05-28,2831.75,2803.5,0.00132602545968874,-0.00997616314999561,-0.008663366336633671
2019-05-29,2786.5,2782.0,-0.006063848760477941,-0.001614929122555231,-0.00766898519707504
2019-05-30,2790.75,2789.0,0.0031452192667145162,-0.000627071575741267,0.0025161754133715686
2019-05-31,2761.75,2753.5,-0.009770527070634638,-0.0029872363537611912,-0.012728576550735005
2019-06-03,2751.75,2744.75,-0.0006355547485018542,-0.0025438357408921197,-0.003177773742509493
2019-06-04,2771.0,2804.5,0.009563712542125957,0.012089498376037566,0.021768831405410305
2019-06-05,2821.25,2827.75,0.005972544125512513,0.0023039432875497923,0.008290247816010066
2019-06-06,2829.0,2845.0,0.0004420475643178712,0.005655708731000297,0.006100256387587377
2019-06-07,2856.25,2871.5,0.003954305799648505,0.0053391684901531455,0.009314586994727536
2019-06-10,2890.75,2886.75,0.00670381333797665,-0.0013837239470725349,0.005310813163851735
2019-06-11,2909.25,2885.75,0.0077942322681214815,-0.00807768325169722,-0.00034641032302762387
2019-06-12,2887.0,2880.25,0.00043316295590400955,-0.002338067197783178,-0.001905917005977642
2019-06-13,2891.25,2892.5,0.0038191129242253208,0.0004323389537397304,0.004253103029250971
2019-06-14,2888.5,2889.5,-0.0013828867761451757,0.0003462004500605076,-0.0010371650821089373
2019-06-17,2891.75,2891.0,0.0007786814327739311,-0.00025935851992742176,0.0005191209551824727
2019-06-18,2908.0,2919.5,0.005880318228986603,0.003954607977991742,0.009858180560359697
2019-06-19,2922.5,2927.0,0.0010275732145914596,0.0015397775876817565,0.002568933036478871
2019-06-20,2956.25,2956.0,0.009993167065254438,-8.45665961944908e-05,0.009907755380936134
2019-06-24,2957.5,2951.25,0.0005074424898512397,-0.0021132713440406015,-0.0016069012178620001
2019-06-25,2950.5,2923.0,-0.0002541296060991627,-0.009320454160311797,-0.0095722151630665
2019-06-26,2930.75,2918.5,0.002651385562777886,-0.004179817452870438,-0.001539514197742009
2019-06-27,2927.25,2930.0,0.0029981154702758417,0.0009394482876419197,0.0039403803323625475
2019-06-28,2939.75,2946.75,0.003327645051194539,0.0023811548601071486,0.005716723549488156
2019-07-01,2980.5,2967.25,0.0114532960040723,-0.004445562825029392,0.006956816832103252
2019-07-02,2966.75,2975.75,-0.00016850619260255773,0.003033622651049228,0.0028646052742438144
2019-07-05,2986.5,2994.0,0.003612534655129007,0.0025113008538422132,0.0061329076703351415
2019-07-08,2980.0,2980.75,-0.004676018704074858,0.0002516778523489194,-0.00442551770207078
2019-07-09,2967.0,2983.0,-0.004612932986664431,0.005392652510953777,0.0007548435796360664
2019-07-10,2996.0,2997.75,0.004358028830036886,0.0005841121495326895,0.004944686557157185
2019-07-11,3002.5,3004.25,0.001584521724626864,0.0005828476269775784,0.0021682928863313577
2019-07-12,3008.25,3016.75,0.0013314471165848385,0.0028255630349871552,0.004160772239327537
2019-07-15,3018.75,3017.5,0.0006629651114609114,-0.00041407867494824835,0.00024861191679792505
2019-07-16,3015.75,3007.75,-0.0005799502899751507,-0.00265273978280689,-0.0032311516155758557
2019-07-17,3007.25,2989.0,-0.0001662372205136764,-0.00606866738714773,-0.006233895769262698
2019-07-18,2981.25,2998.0,-0.0025928404148544137,0.005618448637316531,0.0030110404817664804
2019-07-19,3008.5,2980.0,0.0035023348899265727,-0.00947315938175175,-0.006004002668445585
2019-07-22,2985.0,2986.5,0.001677852348993314,0.0005025125628139726,0.0021812080536913747
2019-07-23,2999.25,3007.0,0.004269211451531918,0.0025839793281654533,0.006864222333835546
2019-07-24,2999.0,3020.75,-0.0026604589291653324,0.007252417472490835,0.004572663784502717
2019-07-25,3015.75,3006.75,-0.0016552180749813683,-0.002984332255657751,-0.0046346106099478535
2019-07-26,3015.25,3026.25,0.0028269726448824084,0.0036481220462647457,0.006485407832377055
2019-07-29,3025.75,3021.25,-0.0001652209830648177,-0.0014872345699413758,-0.00165220983064851
2019-07-30,3005.5,3014.0,-0.005213074058750489,0.002828148394609986,-0.002399669011170835
2019-07-31,3015.75,2979.75,0.0005806237558061422,-0.011937329022631227,-0.011363636363636354
2019-08-01,2982.75,2953.75,0.001006795872136923,-0.009722571452518647,-0.008725564225186666
2019-08-02,2942.75,2929.75,-0.0037240795598815213,-0.004417636564438054,-0.008125264494286966
2019-08-05,2884.75,2844.75,-0.015359672326990315,-0.01386601958575262,-0.029012714395426187
2019-08-06,2864.5,2882.0,0.006942613586431223,0.006109268633269327,0.013094296511116932
2019-08-07,2848.0,2886.0,-0.01179736294240108,0.01334269662921339,0.001387925052047212
2019-08-08,2900.0,2939.25,0.00485100485100487,0.013534482758620792,0.018451143451143404
2019-08-09,2928.5,2919.75,-0.0036573955941141545,-0.0029878777531159306,-0.0066343454963000426
2019-08-12,2903.5,2882.75,-0.0055655449952907166,-0.0071465472705355415,-0.012672317835431102
2019-08-13,2878.5,2927.25,-0.0014742867054028386,0.016935904116727407,0.015436649033041316
2019-08-14,2883.0,2842.5,-0.015116576992057373,-0.014047866805411036,-0.0289520881373303
2019-08-15,2853.25,2849.5,0.003781882145998283,-0.0013142907211075583,0.0024626209322780035
2019-08-16,2869.5,2888.0,0.007018775223723406,0.006447116222338289,0.013511142305667745
2019-08-19,2925.25,2923.5,0.01289819944598336,-0.0005982394667122248,0.012292243767312971
2019-08-20,2918.5,2901.0,-0.001710278775440388,-0.005996230940551683,-0.007696254489481746
2019-08-21,2927.0,2926.0,0.008962426749396846,-0.0003416467372736598,0.008617718028266053
2019-08-22,2933.5,2923.25,0.0025632262474368783,-0.0034941196522925155,-0.0009398496240601295
2019-08-23,2909.5,2850.5,-0.00470366886171214,-0.02027839835023204,-0.024886684341058785
2019-08-26,2870.75,2882.0,0.007104016839150962,0.003918836540973691,0.011050692860901545
2019-08-27,2894.75,2864.0,0.004424011103400405,-0.010622678987822765,-0.006245662734212343
2019-08-28,2861.75,2887.75,-0.0007856145251396995,0.009085349873329207,0.008292597765363174
2019-08-29,2917.0,2924.75,0.01012899316076532,0.0026568392183750067,0.012812743485412614
2019-08-30,2941.0,2923.0,0.005556030429951342,-0.006120367222033352,-0.0005983417386101753
2019-09-03,2904.0,2905.0,-0.006500171057133075,0.0003443526170798794,-0.006158056790968147
2019-09-04,2930.25,2938.0,0.008691910499139421,0.0026448255268320953,0.0113597246127366
2019-09-05,2966.5,2973.75,0.009700476514635792,0.0024439575257035884,0.012168141592920456
2019-09-06,2980.0,2978.75,0.0021017234131988083,-0.00041946308724827297,0.0016813787305589578
2019-09-09,2988.0,2978.25,0.0031053294167016077,-0.003263052208835382,-0.00016785564414600884
2019-09-10,2969.75,2977.25,-0.002854025014689787,0.002525465106490543,-0.00033576764878706644
2019-09-11,2979.25,3000.0,0.0006717608531363606,0.00696484014433163,0.007641279704425186
2019-09-12,3009.0,3010.75,0.0029999999999998916,0.0005815885676303534,0.0035833333333332718
2019-09-13,3014.25,3008.0,0.001162501037947461,-0.0020734842829891464,-0.0009133936726729575
2019-09-16,2994.5,2998.75,-0.004488031914893664,0.0014192686592084947,-0.003075132978723416
2019-09-17,2994.5,3005.5,-0.001417257190496013,0.0036734012355985612,0.0022509378907877853
2019-09-18,2999.75,3007.5,-0.001913159208118409,0.0025835486290524123,0.0006654466810847026
2019-09-19,3011.75,3007.0,0.0014131338320864106,-0.0015771561384576582,-0.00016625103906897643
2019-09-23,2986.5,2994.75,-0.006817426005986005,0.0027624309392264568,-0.004073827735284308
2019-09-24,3004.25,2969.5,0.0031722180482511853,-0.01156694682533077,-0.008431421654562121
2019-09-25,2970.0,2987.25,0.0001683785149015904,0.005808080808080707,0.005977437279003128
2019-09-26,2984.5,2981.0,-0.000920579127960508,-0.0011727257497068377,-0.002092225290819316
2019-09-27,2987.0,2964.5,0.002012747400201187,-0.0075326414462671965,-0.005535055350553542
2019-09-30,2970.0,2980.0,0.0018552875695732052,0.0033670033670034627,0.0052285376960701235
2019-10-01,2988.5,2940.75,0.002852348993288567,-0.015977915342144877,-0.01317114093959737
2019-10-02,2920.25,2888.5,-0.00697101079656548,-0.010872356818765527,-0.017767576298563292
2019-10-03,2882.75,2911.5,-0.0019906525878483627,0.009973115948313183,0.007962610351393451
2019-10-04,2919.5,2949.5,0.002747724540614893,0.010275732145915484,0.01305169156792041
2019-10-07,2941.5,2937.25,-0.002712324122732701,-0.0014448410674825496,-0.004153246312934344
2019-10-08,2913.5,2893.75,-0.008085794535705126,-0.006778788398833058,-0.014809771044344222
2019-10-09,2914.25,2915.25,0.007084233261339001,0.00034314146006697577,0.007429805615550844
2019-10-10,2916.5,2939.25,0.00042877969299381924,0.0078004457397564675,0.00823257010547973
2019-10-11,2971.5,2965.75,0.010972186782342463,-0.0019350496382298799,0.009015905418048753
2019-10-14,2967.5,2964.75,0.0005900699654388664,-0.0009267059814658252,-0.00033718283739359034
2019-10-15,2976.75,2996.0,0.004047558816089092,0.0064667842445620405,0.010540517750231793
2019-10-16,2989.0,2991.0,-0.002336448598130869,0.0006691201070592179,-0.0016688918558077637
2019-10-17,3003.25,2997.5,0.004095620193915073,-0.001914592524764891,0.0021731862253426826
2019-10-18,2995.25,2985.25,-0.0007506255212677004,-0.0033386194808446845,-0.004086738949124258
2019-10-21,3000.0,3005.0,0.004940959718616522,0.0016666666666667052,0.006615861318147509
2019-10-22,3012.5,2995.0,0.0024958402662229595,-0.0058091286307053736,-0.0033277870216306127
2019-10-23,2994.5,3003.5,-0.00016694490818025542,0.003005510101853348,0.0028380634390650084
2019-10-24,3013.75,3010.25,0.0034126852005993413,-0.001161343840729967,0.00224737805893116
2019-10-25,3002.5,3020.5,-0.0025745369985881172,0.005995004163197315,0.0034050328045842626
2019-10-28,3035.5,3036.75,0.004966065220989968,0.0004117937736780597,0.005379903989405799
2019-10-29,3034.0,3035.5,-0.0009055733926072174,0.0004943968358601669,-0.000411624269366917
2019-10-30,3036.0,3044.5,0.00016471750947122388,0.0027997364953886716,0.002964915170482696
2019-10-31,3042.25,3037.5,-0.0007390376088027839,-0.0015613443997041232,-0.0022992281162752537
2019-11-01,3052.5,3063.25,0.004938271604938205,0.0035217035217034454,0.008477366255144059
2019-11-04,3083.0,3076.75,0.006447400636578893,-0.002027246188777143,0.004407083979433679
2019-11-05,3077.5,3072.5,0.00024376371170875544,-0.0016246953696181787,-0.0013813276996831325
2019-11-06,3071.25,3073.75,-0.00040683482506098656,0.0008140008140007371,0.00040683482506098656
2019-11-07,3088.25,3084.25,0.004717364782431899,-0.0012952319274670554,0.0034160227734851834
2019-11-08,3081.0,3091.25,-0.0010537407797681642,0.003326841934436775,0.002269595525654644
2019-11-11,3075.25,3085.75,-0.005175899716942989,0.0034143565563775624,-0.0017792155276991073
2019-11-12,3089.25,3090.75,0.0011342461314105545,0.00048555474629763395,0.001620351616300697
2019-11-13,3079.5,3093.5,-0.0036398932297986297,0.004546192563727791,0.0008897516783952231
2019-11-14,3088.25,3096.5,-0.0016971068369161513,0.002671415850400649,0.0009697753353805627
2019-11-15,3110.0,3118.75,0.004359761020507058,0.002813504823151236,0.00718553205231709
2019-11-18,3115.25,3121.0,-0.0011222444889779082,0.0018457587673541553,0.0007214428857715838
2019-11-19,3126.25,3119.25,0.0016821531560398117,-0.002239104358256694,-0.0005607177186799372
2019-11-20,3114.0,3107.25,-0.001683096898292824,-0.0021676300578035157,-0.0038470786246693756
2019-11-21,3108.75,3102.5,0.0004827419744146688,-0.002010454362685987,-0.0015286829189797846
2019-11-22,3111.0,3110.5,0.00273972602739736,-0.00016072002571521082,0.002578565672844535
2019-11-25,3121.0,3133.0,0.0033756630766756945,0.003844921499519316,0.007233563735733695
2019-11-26,3132.75,3139.75,-7.979572294924964e-05,0.0022344585428137886,0.00215448451962974
2019-11-27,3145.25,3153.75,0.0017517318257822545,0.0027024878785470996,0.0044589537383550315
2019-12-03,3080.5,3092.75,-0.01123415182153742,0.003976627170913849,-0.007302198683999395
2019-12-04,3104.0,3112.0,0.003637539406676993,0.002577319587628857,0.006224234095869363
2019-12-05,3116.0,3117.25,0.0012853470437017567,0.00040115532734263937,0.0016870179948587083
2019-12-06,3140.75,3145.75,0.0075386959659957675,0.0015919764387486435,0.009142673831101122
2019-12-09,3143.0,3136.0,-0.0008741953429229898,-0.00222717149220486,-0.0030994198521815397
2019-12-10,3133.0,3133.5,-0.000956632653061229,0.00015959144589849927,-0.0007971938775510612
2019-12-11,3137.0,3141.75,0.001116961863730559,0.0015141855275742078,0.002632838678793714
2019-12-12,3140.25,3166.0,-0.00047744091668655564,0.008199984077700728,0.007718628153099427
2019-12-13,3164.25,3170.25,-0.0005527479469361607,0.0018961839298412553,0.0013423878711307236
2019-12-16,3191.25,3193.0,0.006624083274189729,0.0005483744614178665,0.007176090213705466
2019-12-17,3195.5,3192.0,0.0007829627309741127,-0.0010952902519167917,-0.0003131850923896451
2019-12-18,3196.0,3192.5,0.0012531328320801727,-0.0010951188986232374,0.00015664160400996607
2019-12-19,3194.75,3206.5,0.0007047768206733807,0.003677909069567331,0.004385277995301529
2019-12-23,3229.25,3226.0,0.007094963355683825,-0.0010064256406285832,0.006081397162014612
2019-12-26,3231.0,3242.25,0.001549907005579776,0.0034818941504177747,0.005037197768133828
2019-12-27,3249.25,3240.75,0.002158994525406799,-0.002615988304993433,-0.0004626416840157743
2019-12-30,3241.0,3224.5,7.714263673541666e-05,-0.005091021289725384,-0.005014271387796088
2019-12-31,3214.0,3232.0,-0.0032563188091176976,0.005600497822028538,0.0023259420065127046
2020-01-02,3248.25,3257.5,0.00502784653465338,0.0028476872161933287,0.007889851485148425
2020-01-03,3226.25,3235.5,-0.009593246354566376,0.0028671057729561245,-0.0067536454336147855
2020-01-06,3215.75,3247.5,-0.006104157008190336,0.009873279950244784,0.0037088548910524377
2020-01-07,3237.75,3236.25,-0.003002309468822184,-0.00046328468844103465,-0.0034642032332563577
2020-01-08,3236.5,3256.0,7.724990343760396e-05,0.006025027035377661,0.006102742371572045
2020-01-09,3272.25,3275.25,0.004990786240786305,0.0009168003667201496,0.00591216216216206
2020-01-10,3281.5,3265.0,0.00190825127852845,-0.005028188328508265,-0.003129532096786458
2020-01-13,3273.75,3288.0,0.0026799387442573153,0.004352806414662069,0.007044410413476365
2020-01-14,3285.75,3285.0,-0.0006843065693430406,-0.0002282583884958278,-0.0009124087591241281
2020-01-15,3282.5,3291.75,-0.0007610350076103778,0.0028179741051028717,0.00205479452054802
2020-01-16,3304.75,3316.75,0.0039492671071619245,0.0036311369997730214,0.007594744436849599
2020-01-17,3324.5,3327.5,0.0023366247079219526,0.0009023913370431735,0.003241124594859368
2020-01-21,3319.0,3322.25,-0.0025544703230653276,0.0009792106056041305,-0.0015777610818933363
2020-01-22,3329.0,3321.0,0.0020317555873279325,-0.0024031240612796267,-0.0003762510346903003
2020-01-23,3313.0,3324.75,-0.002408912978018707,0.003546634470268595,0.001129177958446359
2020-01-24,3331.5,3294.5,0.002030227836679499,-0.0111061083595978,-0.009098428453267138
2020-01-27,3235.75,3241.5,-0.017832751555623028,0.00177702232867194,-0.016087418424647115
2020-01-28,3259.0,3277.0,0.005398735153478329,0.005523166615526209,0.010951719882770217
2020-01-29,3290.5,3273.5,0.004119621605126689,-0.005166388086916829,-0.0010680500457735942
2020-01-30,3251.0,3285.5,-0.006873377119291257,0.010612119347892968,0.003665801130288582
2020-01-31,3275.5,3224.25,-0.003043676761527947,-0.01564646618836818,-0.018642520164358523
2020-02-03,3243.25,3245.25,0.005892843296890771,0.0006166653819470458,0.006513142591300314
2020-02-04,3288.25,3296.0,0.013250134812418102,0.002356876758154103,0.015638240505353895
2020-02-05,3329.0,3334.75,0.01001213592233019,0.0017272454190446762,0.011756674757281482
2020-02-06,3341.75,3344.5,0.002099107879151463,0.0008229221216429217,0.0029237574031035773
2020-02-07,3330.5,3325.0,-0.0041859769771266375,-0.0016514036931392084,-0.005830467932426364
2020-02-10,3317.75,3350.25,-0.002180451127819505,0.009795795343229496,0.007593984962406042
2020-02-11,3366.0,3357.5,0.004701141705842904,-0.002525252525252486,0.0021640176106261233
2020-02-12,3373.5,3379.0,0.004765450483991129,0.001630354231510367,0.006403574087862962
2020-02-13,3360.0,3376.0,-0.005622965374371125,0.004761904761904745,-0.0008878366380585812
2020-02-14,3377.0,3379.0,0.0002962085308055862,0.0005922416345869319,0.0008886255924169806
2020-02-18,3367.75,3370.75,-0.003329387392719707,0.0008908024645535306,-0.002441550754661126
2020-02-19,3380.25,3389.0,0.0028183638656085197,0.002588565934472209,0.005414225320774291
2020-02-20,3381.25,3372.75,-0.0022868102685157377,-0.002513863216266121,-0.0047949247565654
2020-02-21,3359.5,3339.25,-0.003928544955896562,-0.006027682690876612,-0.009932547624342147
2020-02-24,3234.5,3224.5,-0.031369319457962064,-0.003091667954861599,-0.0343640038930898
2020-02-25,3246.5,3131.0,0.0068227632191038,-0.035576774988449134,-0.028996743681190873
2020-02-26,3148.0,3112.75,0.00542957521558618,-0.01119758576874208,-0.005828808687320386
2020-02-27,3057.75,2984.5,-0.017669263512970823,-0.02395552285177005,-0.04120150991888205
2020-03-02,2983.5,3087.75,-0.0003350644999162711,0.03494218200100563,0.034595409616351214
2020-03-03,3080.25,3002.5,-0.0024289531212047244,-0.025241457673890078,-0.02760910047769416
2020-03-04,3061.25,3119.75,0.019567027477102483,0.019109840751327045,0.03905079100749376
2020-03-05,3048.75,3015.5,-0.022758233832839148,-0.010906109061090574,-0.033416139113710996
2020-03-06,2929.25,2964.75,-0.028602221853755605,0.012119143125373322,-0.016829713148731607
2020-03-09,2759.5,2725.25,-0.06923012058352307,-0.012411668780576202,-0.08078252803777719
2020-03-10,2841.5,2883.75,0.04265663700577926,0.014868907267288511,0.05815980185304093
2020-03-11,2799.75,2735.0,-0.029128738621586492,-0.023127064916510398,-0.05158214130905936
2020-03-12,2559.75,2470.75,-0.06407678244972581,-0.034769020412149576,-0.09661791590493607
2020-03-13,2623.75,2694.0,0.0619245168471112,0.02677465459742745,0.09035717899423257
2020-03-16,2513.5,2408.0,-0.06700074239049736,-0.04197334394270935,-0.10616184112843352
2020-03-17,2448.75,2512.5,0.016922757475082983,0.026033690658499253,0.04339700996677731
2020-03-18,2376.75,2384.5,-0.05402985074626865,0.00326075523298619,-0.05094527363184076
2020-03-19,2379.75,2403.0,-0.0019920318725099584,0.009769933816577314,0.007758439924512528
2020-03-23,2261.5,2206.75,-0.05888472742405326,-0.024209595401282313,-0.08166874739908447
2020-03-24,2341.0,2423.0,0.0608360711453495,0.03502776591200352,0.0979947887164383
2020-03-25,2423.0,2475.5,0.0,0.021667354519190996,0.021667354519190996
2020-03-26,2509.75,2606.5,0.013835588769945506,0.038549656340272964,0.052918602302565176
2020-03-27,2535.5,2531.75,-0.027239593324381306,-0.0014789982252021439,-0.028678304239401542
2020-03-30,2560.0,2608.25,0.011158289720549108,0.018847656249999956,0.03021625357953983
2020-03-31,2599.5,2564.5,-0.0033547397680436797,-0.013464127716868668,-0.01677369884021851
2020-04-01,2477.0,2453.0,-0.03411971144472603,-0.00968914008881716,-0.04347826086956519
2020-04-02,2457.25,2513.75,0.001732572360375162,0.022993183436768705,0.02476559315124338
2020-04-03,2505.0,2478.5,-0.00348085529587272,-0.010578842315369208,-0.014022874191944257
2020-04-06,2574.5,2641.0,0.03873310470042357,0.02583025830258312,0.06556384910227964
2020-04-07,2739.0,2650.0,0.037107156380159045,-0.03249361080686386,0.0034078000757289395
2020-04-08,2684.25,2736.75,0.01292452830188684,0.019558535903883678,0.03273584905660387
2020-04-09,2769.5,2778.0,0.011966748880972045,0.0030691460552445538,0.015072622636338684
2020-04-13,2766.5,2755.25,-0.004139668826493859,-0.004066510030724779,-0.00818934485241185
2020-04-14,2802.25,2836.0,0.017058343163052436,0.012043893300026864,0.02930768532801009
2020-04-15,2773.0,2775.75,-0.02221438645980256,0.0009917057338622026,-0.021244710860366722
2020-04-16,2791.25,2788.25,0.005584076375754199,-0.0010747872816838644,0.004503287399801881
2020-04-17,2849.75,2863.5,0.022056845691742044,0.004824984647776143,0.026988254281359314
2020-04-20,2820.5,2815.75,-0.015016588091496419,-0.0016840985640843575,-0.016675397241138423
2020-04-21,2765.25,2733.0,-0.017934830862114892,-0.011662598318416095,-0.029388262452277325
2020-04-22,2781.75,2786.75,0.017837541163556514,0.0017974296755638441,0.01966703256494684
2020-04-23,2801.25,2785.25,0.005203193684399476,-0.005711735832217735,-0.0005382614156275167
2020-04-24,2807.5,2829.75,0.00798851090566366,0.00792520035618871,0.01597702181132754
2020-04-27,2850.0,2869.75,0.007156109196925442,0.006929824561403564,0.014135524339605965
2020-04-28,2910.5,2857.75,0.014199843191915695,-0.01812403367119053,-0.004181548915410782
2020-04-29,2909.5,2933.75,0.01810865191146882,0.008334765423612334,0.02659434870090105
2020-04-30,2911.0,2896.0,-0.007754580315296078,-0.005152868430092772,-0.012867490413293603
2020-05-01,2851.5,2825.5,-0.015366022099447485,-0.009118008065930217,-0.024343922651933747
2020-05-04,2799.0,2831.25,-0.009378870996283872,0.011521972132904512,0.002035038046363402
2020-05-05,2860.75,2858.75,0.01041942604856505,-0.000699117364327484,0.009713024282560712
2020-05-06,2876.75,2835.75,0.006296458242238678,-0.014252194316503042,-0.00804547442063841
2020-05-07,2877.5,2875.0,0.014722736489464872,-0.0008688097306689402,0.013841135502071777
2020-05-08,2905.75,2925.25,0.010695652173912995,0.006710831971091791,0.017478260869565165
2020-05-11,2898.25,2923.5,-0.009229980343560373,0.008712153885965579,-0.0005982394667122248
2020-05-12,2937.0,2860.75,0.004617752693689026,-0.025961865849506327,-0.021463998631776948
2020-05-13,2856.5,2810.25,-0.0014856243991959728,-0.01619114300717661,-0.01765271344927033
2020-05-14,2788.0,2847.5,-0.007917445067164852,0.021341463414634054,0.013255048483231002
2020-05-15,2820.75,2856.25,-0.009394205443371328,0.012585305326597629,0.0030728709394205467
2020-05-18,2928.75,2947.25,0.02538293216630194,0.00631668800682883,0.03185995623632376
2020-05-19,2938.75,2915.75,-0.00288404444821444,-0.007826456826882211,-0.01068792942573582
2020-05-20,2957.25,2967.75,0.014233044671182471,0.003550595992898753,0.017834176455457484
2020-05-21,2964.25,2945.0,-0.0011793446213461678,-0.006494054145230632,-0.007665740038749869
2020-05-22,2942.5,2951.5,-0.000848896434634927,0.003058623619371259,0.0022071307300508547
2020-05-26,3016.0,2990.25,0.021853294934778944,-0.008537798408488118,0.013128917499576565
2020-05-27,3017.5,3030.0,0.00911295042220539,0.0041425020712511085,0.013293202909455681
2020-05-28,3040.75,3031.5,0.003547854785478588,-0.0030420126613499576,0.0004950495049504955
2020-05-29,3017.25,3044.25,-0.0047006432459179015,0.008948545861297452,0.004205838693716046
2020-06-01,3027.75,3050.5,-0.005420054200542035,0.007513830402113841,0.002053050833538572
2020-06-02,3060.0,3077.0,0.003114243566628483,0.005555555555555536,0.008687100475331944
2020-06-03,3100.0,3118.0,0.007474813129671798,0.005806451612903274,0.013324666883328007
2020-06-04,3106.5,3110.25,-0.0036882617062219403,0.0012071463061322785,-0.0024855676715843655
2020-06-05,3172.5,3191.0,0.020014468290330267,0.005831363278171686,0.02596254320392255
2020-06-08,3202.5,3228.5,0.0036038859291758207,0.008118657298985088,0.011751801942964546
2020-06-09,3196.25,3206.75,-0.009989159052191443,0.0032850997262416914,-0.00673687470961748
2020-06-10,3212.0,3189.25,0.0016371715911749352,-0.007082814445828145,-0.005457238637249562
2020-06-11,3107.0,3012.25,-0.025789762483342527,-0.030495654972642394,-0.0554989417574665
2020-06-12,3079.0,3040.75,0.022159515312474065,-0.012422864566417613,0.009461366088472145
2020-06-15,2982.25,3069.0,-0.01923867466907836,0.029088775253583776,0.00929047110087966
2020-06-16,3150.0,3124.0,0.02639296187683282,-0.008253968253968291,0.017921146953405076
2020-06-17,3133.5,3114.0,0.0030409731113956173,-0.006223073240785082,-0.003201024327784907
2020-06-18,3095.5,3113.75,-0.005940912010276134,0.005895654983039789,-8.028259473347177e-05
2020-06-22,3080.5,3107.25,-0.010678442392613396,0.008683655250770972,-0.0020875150541951326
2020-06-23,3133.25,3123.25,0.008367527556521148,-0.003191574243995854,0.005149247727089801
2020-06-24,3098.0,3045.75,-0.008084527335307734,-0.016865719819238234,-0.02481389578163773
2020-06-25,3033.5,3073.0,-0.004021997865878646,0.013021262567990854,0.008946893211852602
2020-06-26,3062.5,3006.5,-0.003416856492027387,-0.01828571428571424,-0.021640091116173155
2020-06-29,3014.25,3045.5,0.0025777482122069095,0.010367421414945621,0.012971894229170111
2020-07-01,3096.0,3102.25,0.016581842062058705,0.002018733850129184,0.0186340502380562
2020-07-02,3142.5,3122.25,0.012974454025304283,-0.00644391408114553,0.006446933677169753
2020-07-06,3165.25,3167.25,0.01377211946512924,0.0006318616223046636,0.014412683161181938
2020-07-07,3151.0,3137.0,-0.005130633830610187,-0.004443033957473808,-0.009550872207751193
2020-07-08,3143.5,3158.5,0.0020720433535224014,0.004771751232702348,0.006853681861651362
2020-07-09,3169.0,3142.0,0.003324362830457561,-0.008520037866834973,-0.005223998733576041
2020-07-10,3144.75,3176.5,0.0008752387014641094,0.010096192066141985,0.010980267345639616
2020-07-13,3202.5,3148.0,0.008185109397135237,-0.017017954722872708,-0.008972139146859792
2020-07-14,3132.0,3185.75,-0.0050825921219822545,0.017161558109833885,0.011991740787801852
2020-07-15,3224.0,3218.5,0.01200659185435149,-0.00170595533498763,0.010280153809934856
2020-07-16,3199.25,3208.0,-0.005981047071617174,0.0027350160193795325,-0.003262389311791236
2020-07-17,3214.75,3217.75,0.0021041147132170313,0.0009331985379890106,0.003039276807980107
2020-07-20,3216.5,3244.0,-0.00038847020433530055,0.008549665785791971,0.008157874291041978
2020-07-21,3261.25,3250.5,0.005317509247842134,-0.0032962821004216547,0.0020036991368681534
2020-07-22,3246.0,3267.0,-0.0013844023996307797,0.006469500924214389,0.0050761421319796
2020-07-23,3263.0,3227.75,-0.0012243648607285218,-0.010802942077842492,-0.012014080195898336
2020-07-24,3206.75,3207.0,-0.00650608008674769,7.796055196074292e-05,-0.00642862675238165
2020-07-27,3213.0,3231.25,0.00187090739008422,0.005680049797696762,0.007561584034923685
2020-07-28,3226.5,3211.5,-0.0014700193423597963,-0.004649000464900022,-0.006112185686653726
2020-07-29,3221.5,3247.5,0.0031138097462244385,0.008070774483936116,0.011209715086408112
2020-07-30,3215.5,3237.25,-0.009853733641262519,0.006764111335717526,-0.0031562740569669456
2020-07-31,3254.25,3262.75,0.0052513707622210415,0.002611968963663003,0.007877056143331451
2020-08-03,3280.75,3285.75,0.005516818634587306,0.001524041758744099,0.0070492682553060515
2020-08-04,3280.25,3299.5,-0.0016738948489690708,0.005868455148235752,0.0041847371224226215
2020-08-05,3312.5,3320.5,0.003939990907713353,0.0024150943396226143,0.006364600697075229
2020-08-06,3316.0,3342.25,-0.0013552175877127315,0.007916164053076047,0.0065502183406114245
2020-08-07,3331.0,3344.0,-0.0033659959608048906,0.003902731912338586,0.000523599371680783
2020-08-10,3350.75,3355.25,0.0020185406698565167,0.0013429829142728167,0.003364234449760861
2020-08-11,3370.0,3325.0,0.00439609567096344,-0.013353115727002929,-0.00901572163028086
2020-08-12,3357.5,3369.75,0.009774436090225658,0.003648548026805587,0.013458646616541392
2020-08-13,3364.75,3366.75,-0.0014837895986349325,0.0005943978007281192,-0.0008902737591809373
2020-08-14,3363.5,3364.5,-0.0009653226405287318,0.00029730935037908246,-0.000668300289596746
2020-08-17,3377.0,3377.5,0.0037152622975182847,0.0001480604086467885,0.0038638727894189095
2020-08-18,3384.0,3384.25,0.0019245003700962826,7.387706855799259e-05,0.001998519615100003
2020-08-19,3390.0,3369.5,0.001699047056216374,-0.006047197640117963,-0.004358425057250481
2020-08-20,3352.75,3382.75,-0.0049710639560766046,0.008947878607113546,0.003932334174209906
2020-08-21,3378.5,3394.25,-0.0012563742517183174,0.004661832174041702,0.003399600916414114
2020-08-24,3421.25,3426.5,0.007954629152242765,0.001534526854219953,0.009501362598512086
2020-08-25,3434.5,3440.75,0.002334743907777659,0.0018197699810744705,0.004158762585728892
2020-08-26,3445.5,3474.25,0.0013805129695561025,0.008344217094761186,0.009736249364237448
2020-08-27,3483.75,3483.25,0.0027344031085845266,-0.00014352350197344155,0.002590487155501142
2020-08-28,3493.75,3505.0,0.0030144261824445184,0.003220035778175312,0.006244168520777915
2020-08-31,3503.0,3496.75,-0.0005706134094151105,-0.0017841849842992197,-0.0023537803138373725
2020-09-01,3497.25,3525.25,0.00014298991921068982,0.008006290656944692,0.008150425395009542
2020-09-02,3542.25,3577.75,0.004822353024608095,0.010021878749382429,0.014892560811289979
2020-09-03,3561.25,3462.0,-0.004611837048424272,-0.02786942786942792,-0.032352735657885545
2020-09-04,3463.0,3425.0,0.0002888503755054117,-0.010973144672249524,-0.010687463893703009
2020-09-08,3354.5,3338.0,-0.02058394160583943,-0.0049187658369355125,-0.025401459854014652
2020-09-09,3376.0,3390.5,0.011384062312762122,0.004295023696682554,0.015727980826842458
2020-09-10,3415.25,3337.75,0.007299808287863252,-0.02269233584657049,-0.015558177259991202
2020-09-11,3360.25,3340.75,0.006741068084787694,-0.005803139647347688,0.0008988090779717961
2020-09-14,3375.75,3383.75,0.010476689366160308,0.002369843738428523,0.01287136122128274
2020-09-15,3410.75,3404.0,0.007979312892500978,-0.0019790368687239157,0.005984484669375734
2020-09-16,3413.5,3387.25,0.0027908343125735424,-0.007690054196572427,-0.004920681551116357
2020-09-17,3331.5,3363.0,-0.016458779245700828,0.009455200360198202,-0.007159199940955041
2020-09-21,3256.25,3273.0,-0.03174249182277733,0.005143953934740875,-0.0267618198037467
2020-09-22,3286.25,3302.75,0.0040482737549649705,0.00502092050209213,0.009089520317751232
2020-09-23,3308.25,3228.5,0.0016652789342215257,-0.024106400665004135,-0.022481265611990042
2020-09-24,3217.5,3236.75,-0.0034071550255536653,0.005982905982905962,0.0025553662691653045
2020-09-25,3225.5,3284.5,-0.0034757086583764307,0.018291737715082856,0.014752452305553332
2020-09-28,3333.75,3341.0,0.014994671943979299,0.0021747281589801215,0.01720200943827077
2020-09-29,3337.0,3327.5,-0.0011972463334330996,-0.002846868444710826,-0.004040706375336711
2020-09-30,3338.0,3335.0,0.0031555221637866726,-0.0008987417615338167,0.002253944402704766
2020-10-01,3376.25,3369.5,0.01236881559220393,-0.0019992595335061036,0.010344827586206806
2020-10-02,3320.75,3338.75,-0.014468021961715372,0.005420462244974722,-0.00912598308354351
2020-10-05,3364.5,3395.25,0.007712467240733822,0.009139545251894754,0.016922500935979023
2020-10-06,3400.75,3352.5,0.001619910168617844,-0.014188046754392447,-0.012591119946984808
2020-10-07,3385.0,3405.25,0.009694258016405666,0.005982274741506588,0.015734526472781507
2020-10-08,3427.5,3436.75,0.006534028338594844,0.002698760029175684,0.009250422142280224
2020-10-09,3456.5,3470.0,0.0057467083727358315,0.0039056849414147443,0.009674838146504605
2020-10-12,3494.5,3524.75,0.007060518731988541,0.00865646015166699,0.015778097982708905
2020-10-13,3522.5,3504.0,-0.0006383431449038524,-0.0052519517388218695,-0.00588694233633591
2020-10-14,3506.25,3479.75,0.0006421232876712146,-0.007557932263814626,-0.006920662100456609
2020-10-15,3435.75,3476.0,-0.012644586536389113,0.011715054937058822,-0.0010776636252604055
2020-10-16,3490.75,3472.5,0.004243383199079354,-0.005228102843228499,-0.0010069044879171818
2020-10-19,3488.75,3424.75,0.004679625629949502,-0.018344679326406266,-0.013750899928005711
2020-10-20,3434.25,3429.75,0.00277392510402219,-0.0013103297663245028,0.0014599605810643457
2020-10-21,3433.75,3431.75,0.0011662657628106476,-0.0005824535857298363,0.0005831328814054348
2020-10-22,3434.5,3447.5,0.0008013404239819444,0.0037851215606348187,0.004589495155532974
2020-10-23,3459.5,3453.25,0.003480783176214697,-0.0018066194536783264,0.0016678752719361256
2020-10-26,3423.5,3395.75,-0.008615072757547249,-0.008105739740032147,-0.0166509809599652
2020-10-27,3396.0,3383.75,7.362143856282088e-05,-0.003607184923439366,-0.0035338290510196213
2020-10-28,3321.25,3267.75,-0.018470631695604034,-0.016108392924350734,-0.03428149242704104
2020-10-29,3273.5,3299.5,0.0017596205340066895,0.007942569115625409,0.009716165557340783
2020-10-30,3284.25,3271.0,-0.004621912410971318,-0.004034406637740684,-0.008637672374602223
2020-11-02,3300.25,3302.75,0.008942219504738613,0.0007575183698205201,0.009706511770100956
2020-11-03,3337.75,3355.0,0.010597229581409406,0.005168152198337106,0.01582014987510405
2020-11-04,3414.0,3435.75,0.017585692995529145,0.006370826010544839,0.024068554396423192
2020-11-05,3492.25,3502.5,0.016444735501709884,0.0029350705132793475,0.019428072473259173
2020-11-06,3497.5,3502.5,-0.001427551748750866,0.0014295925661187425,0.0
2020-11-09,3638.75,3548.25,0.03890078515346174,-0.024871178289247675,0.013062098501070762
2020-11-10,3538.0,3546.75,-0.002888747974353567,0.0024731486715658946,-0.0004227436060029177
2020-11-11,3562.25,3569.0,0.004370198068654352,0.0018948698154257482,0.006273348840487802
2020-11-12,3556.25,3537.0,-0.0035724292518912737,-0.005413005272407734,-0.008966096945923208
2020-11-13,3558.5,3581.75,0.006078597681651088,0.006533651819586872,0.01265196494204135
2020-11-16,3610.25,3626.0,0.0079570042576953,0.004362578768783321,0.012354296084316374
2020-11-17,3598.5,3608.75,-0.007584114726971847,0.00284840905933037,-0.004757308328736887
2020-11-18,3608.25,3568.25,-0.00013855213023905577,-0.011085706367352621,-0.011222722549359188
2020-11-19,3552.75,3580.25,-0.004343866040776301,0.007740482724649889,0.0033629930638268135
2020-11-20,3574.0,3550.5,-0.001745688150268876,-0.006575265808617781,-0.008309475595279614
2020-11-23,3575.25,3575.25,0.006970849176172411,0.0,0.006970849176172411
2020-11-24,3603.0,3633.0,0.007761694986364587,0.008326394671107407,0.01615271659324513
2020-11-25,3628.0,3626.75,-0.0013762730525735956,-0.0003445424476296033,-0.0017203413157170777
2020-12-01,3656.75,3659.5,0.008202371105596962,0.0007520339098927575,0.008960573476702427
2020-12-02,3646.25,3668.5,-0.0036207132121874874,0.006102159753170966,0.0024593523705425113
2020-12-03,3668.75,3663.75,6.814774430963233e-05,-0.0013628620102215105,-0.0012948071418835694
2020-12-04,3674.25,3699.5,0.002865916069600738,0.006872150779070552,0.00975776185602184
2020-12-07,3689.5,3689.75,-0.0027030679821598014,6.775985905949078e-05,-0.002635491282605762
2020-12-08,3680.25,3703.25,-0.00257470018293926,0.006249575436451327,0.0036587844704925043
2020-12-09,3707.25,3665.25,0.0010801323162086263,-0.011329152336637671,-0.010261257003982949
2020-12-10,3654.5,3667.75,-0.002932951367573877,0.003625666985907827,0.0006820817133892376
2020-12-11,3651.25,3658.75,-0.004498670847249642,0.002054091064703778,-0.002453820462136158
2020-12-14,3686.5,3648.25,0.007584557567475336,-0.01037569510375691,-0.002869832593098698
2020-12-15,3674.5,3691.75,0.0071952305900089275,0.004694516260715709,0.011923524977728972
2020-12-16,3697.75,3703.25,0.0016252454797860416,0.0014873909810020347,0.0031150538362565428
2020-12-17,3721.25,3722.75,0.004860595422939262,0.0004030903594223201,0.005265645041517608
2020-12-21,3655.5,3680.75,-0.018064602780202832,0.0069073998085076305,-0.01128198240547984
2020-12-22,3684.0,3678.0,0.0008829722203356205,-0.0016286644951140072,-0.0007471303402839524
2020-12-23,3691.5,3682.25,0.0036704730831973453,-0.0025057564675605715,0.001155519303969621
2020-12-29,3745.5,3721.25,0.005166051660516535,-0.006474435989854532,-0.0013418316001342356
2020-12-30,3730.75,3721.25,0.0025529056096742497,-0.002546404878375652,0.0
2020-12-31,3723.25,3751.5,0.0005374538125630934,0.007587457194655256,0.008128988915015123
2021-01-04,3757.25,3694.0,0.0015327202452353195,-0.016834120699980026,-0.015327202452352418
2021-01-05,3692.25,3717.0,-0.0004737412019490961,0.006703229737964556,0.006226312939902501
2021-01-06,3704.75,3734.0,-0.003295668549905817,0.007895269586341902,0.004573580844767333
2021-01-07,3766.25,3795.5,0.00863685056239949,0.007766345834716137,0.0164702731655062
2021-01-08,3812.0,3820.0,0.004347253326307365,0.0020986358866736943,0.006455012514820169
2021-01-11,3782.5,3796.75,-0.00981675392670156,0.003767349636483841,-0.0060863874345549185
2021-01-12,3794.5,3792.75,-0.0005926121024560915,-0.00046119383317955176,-0.0010535326265885825
2021-01-13,3794.75,3803.25,0.0005273218640828858,0.002239936754727001,0.0027684397864347066
2021-01-14,3810.5,3790.25,0.001906264379149425,-0.0053142632200499085,-0.0034181292315782486
2021-01-15,3773.5,3757.0,-0.004419233559791569,-0.0043725983834635995,-0.008772508409735535
2021-01-19,3792.0,3788.75,0.009315943571998941,-0.0008570675105484815,0.008450891668884797
2021-01-20,3812.5,3840.5,0.006268558231606658,0.007344262295081894,0.013658858462553658
2021-01-21,3847.25,3846.0,0.001757583647962413,-0.00032490740139057284,0.0014321051946362129
2021-01-22,3826.5,3831.75,-0.005070202808112323,0.0013720109760877452,-0.003705148205928266
2021-01-25,3844.5,3850.25,0.0033274613427285438,0.001495643126544488,0.004828081163958942
2021-01-26,3861.25,3843.5,0.0028569573404324533,-0.004596956943994868,-0.0017531329134471418
2021-01-27,3795.5,3754.75,-0.012488617145830605,-0.010736398366486655,-0.023090932743593084
2021-01-28,3769.0,3776.0,0.0037951927558426135,0.0018572565667285268,0.005659497969239036
2021-01-29,3758.25,3710.25,-0.004700741525423768,-0.012771901816004738,-0.017412605932203395
2021-02-01,3745.5,3761.5,0.00950070749949461,0.004271792818048237,0.013813085371605638
2021-02-02,3800.5,3814.25,0.010368204173866857,0.003617945007236001,0.014023660773627489
2021-02-03,3826.0,3825.25,0.0030805531887003745,-0.00019602718243594275,0.002883922134102379
2021-02-04,3832.5,3864.5,0.0018953009607214355,0.00834964122635351,0.010260767270113158
2021-02-05,3885.0,3881.25,0.005304696597231207,-0.0009652509652510188,0.00433432526846933
2021-02-08,3897.0,3908.5,0.004057971014492789,0.002950987939440486,0.007020933977455623
2021-02-09,3899.25,3908.5,-0.0023666368171932906,0.0023722510739245806,0.0
2021-02-10,3925.5,3906.0,0.004349494691058053,-0.004967520061138764,-0.0006396315722143608
2021-02-11,3915.75,3910.5,0.0024961597542243474,-0.0013407393219689867,0.0011520737327188613
2021-02-12,3903.75,3933.0,-0.0017261219792865656,0.007492795389048901,0.005753739930955071
2021-02-16,3941.75,3927.25,0.0022247648105770956,-0.0036785691634426687,-0.0014619883040936088
2021-02-17,3908.0,3927.75,-0.004901648736393205,0.005053735926304981,0.00012731555159462005
2021-02-18,3898.25,3913.0,-0.0075106613200941474,0.003783749118194013,-0.0037553306600470737
2021-02-19,3923.25,3901.5,0.0026194735497060417,-0.00554387306442361,-0.00293892154357267
2021-02-22,3876.75,3876.0,-0.006343713956170727,-0.0001934610176049789,-0.006535947712418277
2021-02-23,3846.75,3881.25,-0.007546439628483004,0.008968609865470878,0.0013544891640866474
2021-02-24,3867.75,3921.0,-0.003478260869565264,0.01376769439596659,0.010241545893719728
2021-02-25,3908.0,3831.0,-0.0033154807447079992,-0.019703172978505656,-0.022953328232593773
2021-02-26,3844.75,3807.0,0.003589141216392644,-0.00981858378308087,-0.006264682850430692
2021-03-01,3863.75,3895.5,0.014906750722353479,0.008217405370430253,0.023246650906225463
2021-03-02,3902.5,3869.5,0.0017969451931716396,-0.008456117873158253,-0.006674367860351693
2021-03-03,3864.25,3815.5,-0.001356764439850111,-0.012615643397813292,-0.01395529138131546
2021-03-04,3818.75,3773.0,0.0008517887563883608,-0.011980360065466433,-0.01113877604507929
2021-03-05,3801.25,3840.5,0.0074874105486351095,0.010325550805656114,0.017890272992313827
2021-03-08,3846.25,3819.5,0.001497200885301364,-0.006954826129346725,-0.005468038015883359
2021-03-09,3862.75,3872.75,0.011323471658594153,0.0025888292019933257,0.013941615394685192
2021-03-10,3898.0,3897.75,0.006519914789232528,-6.413545407901733e-05,0.006455361177457819
2021-03-11,3924.5,3935.0,0.006862933743826627,0.0026755000637024295,0.009556795587197797
2021-03-12,3922.0,3944.0,-0.003303684879288449,0.005609382967873611,0.00228716645489202
2021-03-15,3945.75,3967.25,0.000443711967545557,0.005448900715960159,0.00589503042596351
2021-03-16,3970.75,3961.25,0.0008822232024703336,-0.0023924951205691602,-0.0015123826328060641
2021-03-17,3944.5,3975.5,-0.004228463237614388,0.007859044238813562,0.0035973493215526453
2021-03-18,3949.0,3918.75,-0.006665828197710999,-0.007660167130919215,-0.01427493397056978
2021-03-22,3907.5,3932.5,-0.002870813397129135,0.006397952655150307,0.0035087719298245723
2021-03-23,3921.5,3900.5,-0.002797202797202747,-0.005355093714140002,-0.008137317228226304
2021-03-24,3914.75,3878.0,0.003653377772080413,-0.00938757264193113,-0.005768491219074523
2021-03-25,3862.0,3900.75,-0.004125838060856091,0.010033661315380638,0.005866425992779867
2021-03-26,3913.75,3962.5,0.0033326924309426964,0.012456084318109184,0.01583028904697814
2021-03-29,3951.0,3960.25,-0.0029022082018927975,0.00234117944824086,-0.0005678233438485281
2021-03-30,3951.0,3949.5,-0.0023357111293479393,-0.00037965072133638866,-0.002714475096269209
2021-03-31,3959.75,3971.0,0.002595265223445997,0.0028410884525538194,0.00544372705405749
2021-04-01,3987.25,4012.25,0.004092168219592018,0.006269985579033133,0.010387811634348987
2021-04-05,4039.75,4065.5,0.006854009595613331,0.0063741568166346685,0.013271854944233219
2021-04-06,4061.75,4064.75,-0.000922395769278106,0.0007385978949960847,-0.0001844791538556656
2021-04-07,4064.0,4070.5,-0.00018451319269330302,0.001599409448818978,0.0014146011439817308
2021-04-08,4081.75,4091.75,0.002763788232403863,0.002449929564525055,0.005220488883429519
2021-04-09,4088.0,4120.0,-0.0009164782794647275,0.007827788649706457,0.006904136371967962
2021-04-12,4113.0,4123.75,-0.0016990291262135582,0.00261366399221985,0.0009101941747573505
2021-04-13,4119.75,4133.25,-0.0009699909063352052,0.003276897870016393,0.0023037284025462235
2021-04-14,4131.25,4123.5,-0.000483880723401664,-0.001875945537065049,-0.002358918526583209
2021-04-15,4144.0,4162.5,0.0049715047896203846,0.0044642857142858094,0.009457984721716883
2021-04-16,4176.0,4175.25,0.00324324324324321,-0.0001795977011493921,0.0030630630630630318
2021-04-19,4168.0,4156.75,-0.0017364229686844812,-0.0026991362763915117,-0.004430872402850117
2021-04-20,4144.75,4123.25,-0.002886870752390691,-0.005187285119729768,-0.008059180850424008
2021-04-21,4122.0,4161.75,-0.0003031589159037118,0.009643377001455677,0.009337294609834457
2021-04-22,4161.25,4128.0,-0.00012014176728536441,-0.007990387503754914,-0.008109569291764318
2021-04-23,4134.5,4169.75,0.0015746124031008613,0.008525819325190476,0.010113856589147208
2021-04-26,4178.0,4181.0,0.0019785358834463196,0.0007180469123981847,0.002698003477426658
2021-04-27,4180.5,4180.5,-0.00011958861516381258,0.0,-0.00011958861516381258
2021-04-28,4183.25,4177.5,0.0006578160507115793,-0.0013745293730951236,-0.0007176175098672077
2021-04-29,4210.5,4201.5,0.007899461400359131,-0.002137513359458443,0.005745062836624681
2021-04-30,4178.0,4180.0,-0.005593240509341957,0.00047869794159893786,-0.0051172200404617785
2021-05-03,4197.0,4185.75,0.004066985645932997,-0.002680486061472531,0.0013755980861243078
2021-05-04,4167.25,4156.75,-0.004419757510601419,-0.0025196472493851374,-0.0069282685301319535
2021-05-05,4177.0,4158.25,0.00487159439465934,-0.004488867608331337,0.0003608588440489058
2021-05-06,4161.0,4195.5,0.0006613358985150253,0.008291276135544257,0.008958095352612272
2021-05-07,4197.5,4225.25,0.00047670122750576027,0.0066110780226324994,0.007090930759146685
2021-05-10,4227.5,4181.75,0.0005325128690609748,-0.010821998817267864,-0.010295248801846069
2021-05-11,4133.0,4149.75,-0.011657798768458183,0.004052746189208811,-0.0076522986787828096
2021-05-12,4119.75,4062.75,-0.007229351165732867,-0.01383579100673582,-0.020965118380625314
2021-05-13,4080.25,4104.0,0.004307427235247019,0.005820721769499437,0.010153221340225116
2021-05-14,4138.0,4171.25,0.008284600389863561,0.008035282745287642,0.01638645224171542
2021-05-17,4157.75,4157.25,-0.0032364399160923485,-0.00012025735073051269,-0.00335630806113274
2021-05-18,4161.75,4122.5,0.001082446328702913,-0.00943112873190366,-0.008358891093872112
2021-05-19,4067.75,4112.5,-0.013280776228016933,0.011001167721713445,-0.0024257125530624535
2021-05-20,4124.0,4153.25,0.00279635258358657,0.007092628516003785,0.009908814589665749
2021-05-21,4174.0,4156.75,0.004996087401432536,-0.004132726401533282,0.0008427135375910222
2021-05-24,4174.75,4195.5,0.004330306128585981,0.004970357506437484,0.009322186804594956
2021-05-25,4204.75,4185.0,0.0022047431772136417,-0.0046970687912479825,-0.0025026814444046863
2021-05-26,4192.0,4192.75,0.001672640382317736,0.00017891221374055633,0.0018518518518517713
2021-05-27,4206.75,4198.75,0.0033390972512075123,-0.0019017055922030401,0.001431041679088807
2021-05-28,4211.0,4204.75,0.0029175349806489503,-0.0014842080265969892,0.001428996725215903
2021-06-01,4229.5,4198.5,0.005886200130804431,-0.0073294715687433065,-0.001486414174445616
2021-06-02,4203.75,4205.75,0.0012504465880671667,0.0004757656853999759,0.0017268071930451878
2021-06-03,4182.75,4190.25,-0.005468703560601584,0.0017930787161557493,-0.0036854306604053866
2021-06-04,4210.75,4226.0,0.0048923095280710704,0.0036216825981119083,0.008531710518465463
2021-06-07,4228.5,4225.25,0.0005915759583530189,-0.0007685940640889122,-0.00017747278750590567
2021-06-08,4233.75,4225.5,0.0020117152831193863,-0.0019486271036315284,5.916809656225652e-05
2021-06-09,4234.25,4219.5,0.0020707608567034352,-0.0034834976678278506,-0.00141995030173947
2021-06-10,4234.75,4239.5,0.0036141722952955924,0.0011216718814570648,0.004739898092191108
2021-06-11,4242.5,4245.25,0.0007076306168181112,0.0006482027106657906,0.0013562920155678615
2021-06-14,4244.5,4256.5,-0.0001766680407514487,0.002827188125809954,0.0026500206112713975
2021-06-15,4254.5,4247.5,-0.0004698696111828937,-0.0016453167234692367,-0.0021144132503230217
2021-06-16,4250.75,4225.75,0.0007651559741024272,-0.00588131506204792,-0.005120659211300782
2021-06-17,4223.5,4223.0,-0.0005324498609714512,-0.00011838522552387598,-0.000650772052298354
2021-06-21,4177.0,4214.25,-0.010892730286526153,0.008917883648551506,-0.002071986739284881
2021-06-22,4211.5,4235.25,-0.0006525479029483305,0.005639320907040224,0.004983093077060019
2021-06-23,4238.75,4234.0,0.0008263974971960408,-0.0011206133883809866,-0.00029514196328428444
2021-06-24,4253.75,4255.75,0.0046646197449220494,0.00047017337643251444,0.005136986301369939
2021-06-25,4265.5,4273.25,0.002291018034423997,0.0018169030594303859,0.004112083651530263
2021-06-28,4277.25,4278.75,0.0009360556953139643,0.00035069261792042283,0.0012870765810566454
2021-06-29,4287.25,4283.5,0.0019865614957639277,-0.0008746865706454887,0.0011101373064563713
2021-06-30,4281.0,4291.75,-0.0005836348780202671,0.002511095538425545,0.0019259950974670481
2021-07-01,4296.5,4310.25,0.001106774625735385,0.0032002792971022043,0.004310595910758996
2021-07-02,4321.0,4341.25,0.002494054869207174,0.004686415181671011,0.0071921582274809825
2021-07-06,4344.25,4331.75,0.0006910452058739303,-0.0028773666340564663,-0.002188309818600631
2021-07-07,4342.25,4348.75,0.0024239626017199534,0.0014969197996430594,0.0039245108789749406
2021-07-08,4295.0,4312.25,-0.012359873526875509,0.004016298020954601,-0.008393216441506146
2021-07-09,4329.75,4359.75,0.0040582062728273804,0.006928806513078145,0.011015131311960191
2021-07-12,4357.5,4377.0,-0.0005160846378806649,0.00447504302925994,0.003956648890418135
2021-07-13,4368.0,4362.25,-0.0020562028786840214,-0.0013163919413919922,-0.0033698880511765505
2021-07-14,4380.0,4369.75,0.004069001088887525,-0.002340182648401856,0.0017192962347412077
2021-07-15,4356.0,4353.25,-0.003146633102580232,-0.0006313131313131493,-0.0037759597230963005
2021-07-16,4363.75,4321.25,0.002411991041176176,-0.009739329704955613,-0.007350829839774864
2021-07-19,4265.0,4253.5,-0.013017066820943057,-0.0026963657678781283,-0.01567833381544692
2021-07-20,4260.75,4314.25,0.0017044786646291943,0.012556474799037654,0.01428235570706482
2021-07-21,4328.75,4352.0,0.003360954974792829,0.0053710655501011395,0.008750072434374534
2021-07-22,4354.0,4360.75,0.0004595588235294379,0.0015502985760220689,0.0020105698529411242
2021-07-23,4378.0,4402.0,0.0039557415582180955,0.005481955230699054,0.009459381987043436
2021-07-26,4399.75,4415.75,-0.0005111313039527499,0.003636570259673899,0.0031235801908222616
2021-07-27,4398.75,4392.25,-0.0038498556304138454,-0.0014776925262858231,-0.005321859253807348
2021-07-28,4400.5,4391.5,0.0018783083840856474,-0.00204522213384839,-0.0001707553076440993
2021-07-29,4406.25,4412.5,0.003358761243311026,0.0014184397163119478,0.0047819651599680935
2021-07-30,4385.5,4393.75,-0.0061189801699716995,0.0018811994071370464,-0.004249291784702569
2021-08-02,4407.0,4382.5,0.0030156472261735345,-0.005559337417744503,-0.0025604551920341834
2021-08-03,4389.0,4411.5,0.0014831717056473792,0.005126452494873535,0.00661722760981176
2021-08-04,4399.75,4394.5,-0.0026634931429219133,-0.001193249616455505,-0.003853564547206201
2021-08-05,4404.75,4420.0,0.0023324610308339544,0.003462171519382551,0.005802707930367523
2021-08-06,4426.25,4430.0,0.001414027149321262,0.0008472182999152977,0.002262443438914019
2021-08-09,4431.5,4426.75,0.00033860045146716367,-0.0010718718266952143,-0.00073363431151241
2021-08-10,4429.25,4427.75,0.0005647484045856466,-0.00033865778630692844,0.00022589936183425863
2021-08-11,4441.75,4440.5,0.003161876799729013,-0.00028142061124558637,0.0028795663711818076
2021-08-12,4437.25,4454.25,-0.000731899560860283,0.0038312017578454594,0.0030964981421011117
2021-08-13,4459.0,4462.25,0.0010663972610427397,0.0007288629737609575,0.0017960374922827427
2021-08-16,4448.0,4476.0,-0.003193456216034507,0.00629496402877705,0.00308140512073507
2021-08-17,4443.75,4441.0,-0.007205093833780207,-0.0006188466947960602,-0.007819481680071516
2021-08-18,4431.75,4395.75,-0.0020828642197703306,-0.008123201895413823,-0.010189146588606146
2021-08-19,4371.25,4403.5,-0.005573565375646905,0.007377752359164935,0.0017630665984189609
2021-08-20,4401.0,4435.25,-0.0005677302146019914,0.007782322199500147,0.007210173725445745
2021-08-23,4458.0,4477.5,0.005129361366326579,0.004374158815612317,0.009525956823178028
2021-08-24,4481.5,4483.25,0.0008933556672250376,0.0003904942541559375,0.0012841987716358805
2021-08-25,4483.0,4493.75,-5.576311827359959e-05,0.0023979478028106627,0.0023420509674900725
2021-08-26,4489.5,4468.25,-0.0009457579972184105,-0.004733266510747347,-0.00567454798331013
2021-08-27,4477.0,4505.75,0.001958261064175071,0.006421710967165595,0.00839254741789297
2021-08-30,4514.0,4524.75,0.0018309937302336543,0.0023814798404961923,0.0042168340453865305
2021-08-31,4522.25,4523.5,-0.0005525167136305464,0.000276411078556027,-0.00027625835681532873
2021-09-01,4527.5,4523.5,0.0008842710290704048,-0.0008834897846493606,0.0
2021-09-02,4538.0,4536.75,0.0032054824803802173,-0.0002754517408549706,0.002929147783795827
2021-09-03,4528.5,4533.25,-0.0018184823937841266,0.0010489124434138741,-0.0007714773791811513
2021-09-07,4528.5,4518.5,-0.0010478133789224575,-0.002208236722976653,-0.0032537362819169413
2021-09-08,4509.5,4512.25,-0.001991811441850122,0.0006098237055105482,-0.0013832023901737545
2021-09-09,4510.0,4493.75,-0.000498642584076725,-0.003603104212860364,-0.0040999501357416035
2021-09-10,4516.5,4459.75,0.005062586926286583,-0.01256503930034314,-0.00756606397774684
2021-09-13,4491.75,4472.0,0.007175290094736164,-0.004396949963822561,0.002746790739391214
2021-09-14,4484.5,4444.75,0.002795169946332665,-0.008863864421897683,-0.006093470483005348
2021-09-15,4451.5,4481.0,0.0015186455931155418,0.006626979669774213,0.00815568929636079
2021-09-16,4474.75,4472.75,-0.0013947779513501235,-0.00044695234370639714,-0.0018411068957822074
2021-09-20,4345.5,4345.5,-0.028450058688726187,0.0,-0.028450058688726187
2021-09-21,4365.0,4341.75,0.004487400759406235,-0.0053264604810996374,-0.0008629616845011734
2021-09-22,4364.25,4383.0,0.005182242183451313,0.00429627083691364,0.009500777336327593
2021-09-23,4406.75,4437.25,0.005418663016198977,0.006921200431156738,0.012377367100159686
2021-09-24,4419.75,4446.75,-0.003943884162488032,0.00610894281350749,0.0021409656882078743
2021-09-27,4435.0,4431.5,-0.0026423792657558343,-0.0007891770011273502,-0.0034294709619384633
2021-09-28,4404.75,4348.5,-0.006036330813494306,-0.0127703047846075,-0.01872954981383279
2021-09-29,4357.75,4352.0,0.002127170288605207,-0.0013194882680281905,0.0008048752443370333
2021-09-30,4366.5,4304.25,0.0033318014705883137,-0.014256269323256632,-0.010971966911764719
2021-10-01,4319.25,4347.5,0.0034849276877504387,0.00654048735312851,0.010048208166347106
2021-10-04,4334.75,4294.75,-0.0029327199539965765,-0.009227752465540084,-0.012133410005750411
2021-10-05,4306.75,4334.5,0.0027941090866756557,0.006443373773727279,0.009255486349612818
2021-10-06,4297.25,4353.75,-0.008593840119967666,0.013147943452207711,0.004441112008305437
2021-10-07,4391.25,4390.5,0.008613264427217882,-0.000170794192997481,0.008440999138673577
2021-10-08,4395.5,4382.0,0.001138822457578792,-0.003071322943919874,-0.0019359981778840352
2021-10-11,4376.5,4348.5,-0.0012551346417161158,-0.00639780646635435,-0.007644910999543564
2021-10-12,4357.25,4335.25,0.0020121881108428052,-0.00504905617074991,-0.0030470277107048638
2021-10-13,4350.25,4355.25,0.0034600080733522276,0.001149359232228031,0.004613344097802896
2021-10-14,4396.0,4428.25,0.009356523735721156,0.0073362147406732525,0.016761379943746046
2021-10-15,4449.75,4463.5,0.0048551911025800365,0.0030900612393953697,0.00796025517981147
2021-10-18,4441.5,4476.0,-0.0049288674806765576,0.0077676460655184965,0.002800492886747996
2021-10-19,4492.0,4512.75,0.003574620196604039,0.004619323241317863,0.008210455764074975
2021-10-20,4515.75,4528.5,0.0006647831145087935,0.0028234512539444534,0.0034901113511716098
2021-10-21,4521.5,4541.25,-0.0015457657060836683,0.004368019462567707,0.002815501821795241
2021-10-22,4536.25,4532.75,-0.0011010184420588986,-0.0007715624138880939,-0.0018717313515000944
2021-10-25,4546.75,4560.25,0.0030886327284760373,0.0029691537911695765,0.006066957145220986
2021-10-26,4574.25,4565.75,0.0030700071268021656,-0.0018582281248291643,0.0012060742283865888
2021-10-27,4569.0,4546.25,0.000711821716037786,-0.00497920770409277,-0.004270930296227382
2021-10-28,4563.75,4589.5,0.003849326367885597,0.005642289783621024,0.009513335166345893
2021-10-29,4564.75,4597.25,-0.005392744307658792,0.007119776548551338,0.0016886371064386285
2021-11-01,4606.75,4604.75,0.0020664527706781843,-0.00043414554729470645,0.0016314100821142041
2021-11-02,4609.0,4622.75,0.0009229599869700067,0.002983293556085842,0.00390900700363761
2021-11-03,4616.75,4650.0,-0.0012979287220810098,0.007202036064331008,0.005894759612784517
2021-11-04,4656.0,4672.75,0.001290322580645098,0.003597508591065335,0.004892473118279561
2021-11-05,4696.25,4686.25,0.005029158418490276,-0.0021293585307425866,0.0028890910063668063
2021-11-08,4701.25,4692.25,0.003200853560949568,-0.001914384472214814,0.0012803414243798272
2021-11-09,4697.0,4677.75,0.0010123075283712257,-0.004098360655737654,-0.003090201928712233
2021-11-10,4663.25,4641.0,-0.003099780877558689,-0.004771350453010248,-0.007856341189674487
2021-11-11,4653.0,4644.0,0.0025856496444731647,-0.0019342359767892114,0.0006464124111182912
2021-11-12,4654.5,4677.25,0.002260981912144633,0.004887743044365678,0.007159776055124967
2021-11-15,4687.5,4680.0,0.002191458656261691,-0.0016000000000000458,0.0005879523224117111
2021-11-16,4675.5,4695.5,-0.0009615384615384581,0.004277617367126618,0.0033119658119658
2021-11-17,4693.0,4685.25,-0.0005324246619103912,-0.0016513956957170395,-0.0021829411138324373
2021-11-18,4694.25,4704.5,0.0019209220425804308,0.0021835223944186577,0.00410863881329715
2021-11-19,4696.75,4693.75,-0.00164735891168033,-0.0006387395539468876,-0.002285046232330723
2021-11-22,4714.75,4677.75,0.0044740346205058845,-0.007847711967760795,-0.003408788282290298
2021-11-23,4680.5,4685.5,0.0005878894767783471,0.001068261937827053,0.0016567794345572207
2021-11-24,4663.75,4699.0,-0.004641980578380056,0.007558295363173428,0.002881229324511736
2021-11-30,4622.25,4574.25,-0.006288294098677816,-0.010384552977446004,-0.016607545952918468
2021-12-01,4617.25,4512.0,0.009400448160900687,-0.02279495370621043,-0.013608788325955024
2021-12-02,4518.75,4576.5,0.001496010638297962,0.012780082987551955,0.014295212765957466
2021-12-03,4594.0,4537.5,0.003823882879930185,-0.012298650413582912,-0.008521796132415549
2021-12-06,4569.75,4588.75,0.007107438016529022,0.004157776683626047,0.011294765840220489
2021-12-07,4648.25,4688.5,0.012966494143285212,0.008659172806970261,0.021737946063742797
2021-12-08,4688.25,4699.0,-5.332195798224415e-05,0.0022929664586999188,0.0022395222352564748
2021-12-09,4683.75,4667.75,-0.0032453713556075403,-0.0034160661862823183,-0.006650351138540067
2021-12-10,4698.75,4709.5,0.0066413154089228765,0.002287842511306204,0.008944352203952732
2021-12-13,4706.25,4669.0,-0.000690094489860904,-0.007915006640106248,-0.008599639027497608
2021-12-14,4636.5,4634.25,-0.006960805311629903,-0.00048527984471047336,-0.0074427072178197
2021-12-15,4639.5,4708.75,0.0011328693963423841,0.01492617738980484,0.016075956195716667
2021-12-16,4728.0,4669.25,0.004088133793469506,-0.012425972927242013,-0.008388638173612906
2021-12-20,4552.5,4557.25,-0.025004015634202514,0.001043382756727107,-0.02398672163623705
2021-12-21,4599.5,4637.25,0.009270941905754615,0.008207413849331546,0.017554446212079577
2021-12-22,4639.5,4685.75,0.00048520135856389146,0.009968746632180281,0.010458784840153168
2021-12-23,4697.0,4718.75,0.002400896334631586,0.0046306152863528904,0.007042629248252608
2021-12-27,4735.25,4783.25,0.0034966887417218206,0.010136740404413702,0.013668874172185541
2021-12-28,4786.0,4781.25,0.0005749229080644902,-0.000992478061011326,-0.0004181257513197201
2021-12-29,4782.0,4785.5,0.00015686274509807419,0.0007319113341697214,0.000888888888888939
2021-12-30,4790.25,4774.5,0.0009925817573921414,-0.0032879286049788403,-0.00229861038553969
2021-12-31,4767.75,4765.5,-0.001413760603204528,-0.00047192071731949614,-0.0018850141376060003
2022-01-03,4774.25,4785.75,0.0018361137341307288,0.0024087553018798946,0.004249291784702569
2022-01-04,4801.5,4782.75,0.0032910202162670377,-0.003905029678225591,-0.0006268609935746738
2022-01-05,4782.25,4693.0,-0.0001045423657937139,-0.018662763343614386,-0.018765354659975975
2022-01-06,4688.25,4686.25,-0.0010121457489878916,-0.0004265984109209642,-0.0014383123801405828
2022-01-07,4685.25,4669.25,-0.00021339023739663787,-0.0034149725201430003,-0.003627634035742844
2022-01-10,4634.25,4662.25,-0.007495850511324065,0.006041970113826345,-0.0014991701022648574
2022-01-11,4656.25,4705.25,-0.0012869322751890566,0.010523489932885877,0.009223014638854554
2022-01-12,4723.0,4721.0,0.003772381913819567,-0.0004234596654668632,0.0033473247967694686
2022-01-13,4728.5,4656.0,0.001588646473204891,-0.015332557893623755,-0.013768269434441871
2022-01-14,4621.5,4655.25,-0.007409793814432963,0.007302823758519983,-0.00016108247422685906
2022-01-18,4599.5,4567.75,-0.011975726330487046,-0.006902924230894669,-0.018795983029912477
2022-01-19,4588.25,4529.25,0.0044879864265776614,-0.012858933144445084,-0.008428657435279985
2022-01-20,4548.0,4473.25,0.004139758238118851,-0.016435795954265586,-0.012364077937848439
2022-01-21,4457.0,4386.5,-0.0036327055273012165,-0.01581781467354726,-0.01939305873805397
2022-01-24,4317.5,4401.25,-0.01573008093012651,0.019397799652576708,0.0033625897640487956
2022-01-25,4335.75,4352.0,-0.014882135756887238,0.003747909819523665,-0.011190002840102298
2022-01-26,4413.5,4339.0,0.014131433823529438,-0.01688002718930559,-0.0029871323529411242
2022-01-27,4390.5,4319.25,0.011869094261350632,-0.01622822002049884,-0.00455174003226555
2022-01-28,4335.5,4418.75,0.003762227238525151,0.019201937492792087,0.023036406783585095
2022-01-31,4416.25,4497.5,-0.0005657708628005187,0.01839796207189348,0.017821782178217838
2022-02-01,4506.0,4536.5,0.001889938854919393,0.006768752774078957,0.00867148415786545
2022-02-02,4558.5,4577.5,0.004849553620632552,0.004168037731709928,0.009037804474815392
2022-02-03,4516.5,4470.5,-0.013326051338066636,-0.010184877670762704,-0.023375204806116878
2022-02-04,4469.0,4492.0,-0.0003355329381501404,0.005146565227120092,0.004809305446818124
2022-02-07,4497.5,4479.0,0.0012243989314335568,-0.004113396331295149,-0.0028940338379340735
2022-02-08,4476.5,4512.5,-0.0005581603036391991,0.008041997095945552,0.007479348068765379
2022-02-09,4557.25,4575.75,0.00991689750692526,0.004059465686543362,0.014016620498614962
2022-02-10,4523.0,4494.5,-0.0115281647817298,-0.006301127570196741,-0.017756651914986654
2022-02-11,4503.25,4408.5,0.0019468238958726403,-0.021040359740187697,-0.019134497719434873
2022-02-14,4413.0,4394.25,0.0010207553589656193,-0.004248810333106756,-0.0032323919700578685
2022-02-15,4441.75,4460.0,0.010809580702053845,0.004108740924185339,0.014962735392842985
2022-02-16,4445.75,4468.5,-0.0031950672645739697,0.00511724680874992,0.0019058295964125005
2022-02-17,4439.25,4374.75,-0.00654582074521648,-0.014529481331305938,-0.020980194696206822
2022-02-18,4381.0,4348.0,0.0014286530658895735,-0.007532526820360652,-0.0061146351220069395
2022-02-22,4328.0,4308.5,-0.004599816007359703,-0.004505545286506485,-0.009084636614535402
2022-02-23,4331.25,4224.5,0.005280259951259136,-0.024646464646464694,-0.019496344435418367
2022-02-24,4114.25,4284.0,-0.02609776304888156,0.04125903870693315,0.014084507042253502
2022-02-25,4293.25,4382.0,0.002159197012138181,0.020671985092878264,0.02287581699346397
2022-02-28,4333.75,4368.5,-0.011010953902327758,0.008018459763484254,-0.0030807850296667993
2022-03-01,4361.75,4305.75,-0.001545152798443361,-0.012838883475669194,-0.01436419823738122
2022-03-02,4329.0,4380.5,0.0053997561400453975,0.011896511896511974,0.017360506299715528
2022-03-03,4410.75,4357.75,0.0069056043830613145,-0.01201609703565154,-0.005193471064946942
2022-03-04,4325.25,4323.75,-0.007457977167116048,-0.0003468007629616743,-0.007802191497906064
2022-03-07,4319.25,4199.25,-0.0010407632263660371,-0.02778260114603226,-0.028794449262792732
2022-03-08,4202.5,4158.75,0.0007739477287611596,-0.010410469958358148,-0.009644579389176622
2022-03-09,4250.5,4278.0,0.02206191764352261,0.006469827079167212,0.02867448151487828
2022-03-10,4230.25,4256.5,-0.011161757830762009,0.006205307014951922,-0.005025712949976668
2022-03-11,4288.5,4205.5,0.0075179137789262995,-0.01935408651043491,-0.011981675085163901
2022-03-14,4218.0,4179.5,0.0029722981809534588,-0.009127548601232771,-0.0061823802163832875
2022-03-15,4206.25,4263.25,0.006400287115683634,0.013551263001485792,0.02003828209115932
2022-03-16,4302.75,4357.0,0.009265231924001638,0.012608215676021217,0.021990265642408913
2022-03-17,4338.25,4412.25,-0.004303419784255191,0.017057569296375252,0.012680743630938629
2022-03-21,4456.25,4451.0,0.00997223638733069,-0.001178120617110756,0.008782367272933245
2022-03-22,4470.25,4506.5,0.0043248708155469995,0.008109166154018244,0.012469108065603196
2022-03-23,4479.25,4445.75,-0.0060468212581826775,-0.00747893062454652,-0.01348052812604017
2022-03-24,4467.75,4513.0,0.0049485463645053684,0.010128140562923216,0.015126806500590506
2022-03-25,4520.75,4533.5,0.0017172612452913683,0.002820328485317658,0.004542432971415877
2022-03-28,4531.5,4569.25,-0.00044116025146134774,0.008330574864835016,0.00788573949487148
2022-03-29,4612.75,4625.5,0.009520161952180306,0.002764077827760003,0.012310554248509131
2022-03-30,4616.0,4598.75,-0.0020538320181602288,-0.0037370017331022076,-0.005783158577451042
2022-03-31,4589.5,4535.25,-0.00201141614569178,-0.011820459745070289,-0.013808100027181247
2022-04-01,4541.0,4535.0,0.0012678463149771169,-0.0013212948689715898,-5.512375282512583e-05
2022-04-04,4540.75,4577.25,0.0012679162072768424,0.008038319660848892,0.00931642778390307
2022-04-05,4566.5,4523.75,-0.0023485717406739326,-0.009361655534873559,-0.011688240755912349
2022-04-06,4483.5,4473.5,-0.008897485493230217,-0.0022304003568640596,-0.011108040895274951
2022-04-07,4469.25,4497.75,-0.0009500391192578395,0.006376908877328447,0.005420811445177254
2022-04-08,4488.5,4487.5,-0.0020565838474793097,-0.00022279157847837627,-0.00227891723639595
2022-04-11,4456.25,4409.25,-0.0069637883008356605,-0.010546984572230023,-0.017437325905292456
2022-04-12,4434.25,4388.25,0.0056698985088166065,-0.010373794892033605,-0.004762714747405972
2022-04-13,4388.75,4438.5,0.00011394063692815593,0.011335801765878672,0.011451034011280115
2022-04-14,4446.25,4386.5,0.001746085389208174,-0.013438290694405386,-0.011715669708234788
2022-04-18,4387.25,4391.0,0.00017097914054486907,0.0008547495583794973,0.0010258748432692144
2022-04-19,4391.0,4450.0,0.0,0.013436574812115687,0.013436574812115687
2022-04-20,4478.5,4459.25,0.0064044943820225075,-0.004298314167690109,0.002078651685393229
2022-04-21,4499.25,4385.75,0.00897011829343497,-0.02522642662665997,-0.01648259236418681
2022-04-22,4375.0,4263.5,-0.0024511201048851294,-0.025485714285714334,-0.02787436584392633
2022-04-25,4234.0,4295.75,-0.00691919784214845,0.014584317430325955,0.00756420781048428
2022-04-26,4264.25,4165.75,-0.007332828958854676,-0.02309902092982352,-0.03026246871908278
2022-04-27,4187.5,4178.0,0.005221148652703622,-0.0022686567164179605,0.0029406469423272075
2022-04-28,4235.25,4279.5,0.013702728578267154,0.01044802550026569,0.024293920536141655
2022-04-29,4241.75,4131.5,-0.008821123963079769,-0.02599163081275413,-0.03458347937843209
2022-05-02,4135.0,4153.0,0.0008471499455404707,0.004353083434099236,0.005203921094033559
2022-05-03,4149.5,4170.5,-0.0008427642667950819,0.005060850704904141,0.00421382133397552
2022-05-04,4174.75,4292.75,0.0010190624625343592,0.02826516557877712,0.029313032010550355
2022-05-05,4248.75,4148.0,-0.010249839846252384,-0.023712856722565512,-0.03371964358511448
2022-05-06,4113.75,4115.5,-0.008256991321118567,0.00042540261318757544,-0.007835101253616195
2022-05-09,4057.5,3994.0,-0.014093062811323054,-0.01565003080714722,-0.029522536751306006
2022-05-10,4063.0,3993.25,0.017275913870806292,-0.01716711789318237,-0.00018778167250876887
2022-05-11,3985.25,3932.5,-0.0020033807049395502,-0.01323630888902827,-0.015213172228135008
2022-05-12,3905.0,3926.5,-0.006993006993006978,0.005505761843789925,-0.0015257469802923973
2022-05-13,3970.25,4018.25,0.011142238634916701,0.012089918770858299,0.02336686616579642
2022-05-16,4007.75,4005.75,-0.002613077832389732,-0.0004990331233235556,-0.0031108069433211094
2022-05-17,4066.5,4084.0,0.015165699307245761,0.0043034550596336985,0.019534419272296155
2022-05-18,4036.75,3921.25,-0.011569539666993145,-0.028612126091534074,-0.039850636630754166
2022-05-19,3892.25,3893.25,-0.007395600892572518,0.0002569208041620641,-0.007140580172139033
2022-05-20,3933.0,3901.25,0.010209978809478049,-0.00807271802695142,0.0020548385025365157
2022-05-23,3931.5,3973.5,0.007753925024030828,0.01068294544067161,0.01851970522268509
2022-05-24,3930.25,3945.5,-0.010884610544859674,0.0038801602951465952,-0.007046684283377402
2022-05-25,3928.5,3977.75,-0.004308706120897177,0.012536591574392242,0.008173868964643338
2022-05-26,3989.5,4054.25,0.0029539312425366226,0.016230104023060576,0.01923197787694053
2022-05-27,4086.5,4155.25,0.00795461552691612,0.01682368775235532,0.024912129247086412
2022-05-31,4138.75,4134.0,-0.00397088021178027,-0.0011476895197825021,-0.005114012393959477
2022-06-01,4158.75,4101.0,0.005986937590711117,-0.013886384129846663,-0.0079825834542816
2022-06-02,4092.0,4172.75,-0.002194586686174116,0.019733626588465336,0.017495732748110226
2022-06-03,4125.0,4105.75,-0.011443292792522874,-0.004666666666666708,-0.016056557426157858
2022-06-06,4154.0,4118.5,0.011751811483894592,-0.008545979778526669,0.0031054009620654632
2022-06-07,4085.25,4153.0,-0.008073327667840191,0.016584052383574965,0.008376836226781537
2022-06-08,4136.25,4114.0,-0.00403322899109082,-0.005379268661226955,-0.009390801830002404
2022-06-09,4098.0,4015.75,-0.003889158969372919,-0.020070766227427983,-0.02388186679630533
2022-06-10,3949.25,3897.5,-0.01655979580402167,-0.013103753877318436,-0.02944655419286557
2022-06-13,3804.0,3743.25,-0.023989737010904455,-0.01597003154574128,-0.03957665169980762
2022-06-14,3769.0,3736.25,0.006879048954785194,-0.008689307508622957,-0.0018700327255727345
2022-06-15,3769.5,3792.5,0.008899297423887509,0.0061016049873987566,0.015055202408832402
2022-06-16,3704.0,3670.5,-0.023335530652603853,-0.009044276457883416,-0.032168754119973664
2022-06-22,3725.0,3764.5,-0.011083825579080164,0.010604026845637549,-0.0005973319174354952
2022-06-23,3787.0,3793.0,0.005976889361136939,0.0015843675732769569,0.00757072652410673
2022-06-24,3833.0,3915.5,0.010545742156604199,0.021523610748760857,0.032296335354600636
2022-06-27,3929.75,3907.25,0.003639381943557618,-0.00572555506075445,-0.0021070105989018373
2022-06-28,3926.75,3826.0,0.004990722375072032,-0.025657350226013897,-0.020794676562799874
2022-06-29,3828.25,3822.75,0.0005880815473078282,-0.0014366877816234247,-0.0008494511238892333
2022-06-30,3782.0,3786.0,-0.010659865280230219,0.0010576414595451222,-0.009613498136158527
2022-07-01,3788.5,3828.5,0.000660327522451043,0.010558268443975116,0.011225567881669285
2022-07-05,3771.0,3831.25,-0.015018936920464965,0.01597719437814904,0.000718296983152733
2022-07-06,3834.75,3849.0,0.0009135399673736444,0.0037160179933501958,0.004632952691680181
2022-07-07,3874.25,3902.5,0.006560145492335634,0.007291733883977525,0.013899714211483394
2022-07-08,3888.0,3903.5,-0.0037155669442664463,0.003986625514403208,0.0002562459961563679
2022-07-11,3874.75,3859.5,-0.007365185090303594,-0.003935737789534821,-0.011271935442551562
2022-07-12,3856.0,3821.75,-0.0009068532193289291,-0.008882261410788406,-0.009781059722761998
2022-07-13,3774.75,3803.25,-0.012298031006737764,0.007550168885356756,-0.0048407143324393775
2022-07-14,3757.5,3796.0,-0.01202918556497734,0.010246174318030654,-0.001906264379149425
2022-07-15,3845.25,3864.5,0.012974183350895618,0.005006176451466171,0.018045310853530117
2022-07-18,3897.5,3836.5,0.00853926769310398,-0.015651058370750426,-0.0072454392547548485
2022-07-19,3872.0,3938.25,0.009253225596246528,0.017110020661156966,0.02652156913853765
2022-07-20,3933.75,3964.0,-0.0011426394972385845,0.007689863361932003,0.006538437123087659
2022-07-21,3952.0,4003.5,-0.003027245206861706,0.013031376518218618,0.009964682139253389
2022-07-22,4006.25,3959.5,0.0006868989634070122,-0.011669266770670816,-0.010990383414512306
2022-07-25,3971.0,3974.0,0.0029044071221113743,0.0007554772097708717,0.003662078545270786
2022-07-26,3953.5,3926.25,-0.005158530447911369,-0.006892626786391798,-0.012015601409159582
2022-07-27,3960.0,4021.0,0.008595988538681931,0.015404040404040309,0.02413244189748487
2022-07-28,4038.5,4072.25,0.00435215120616772,0.008357063266064113,0.012745585675205229
2022-07-29,4089.0,4135.25,0.00411320523052372,0.01131083394472987,0.015470562956596545
2022-08-01,4108.0,4118.5,-0.00658968623420586,0.002555988315481983,-0.004050541079741232
2022-08-02,4101.75,4094.5,-0.004067014689814297,-0.0017675382458706146,-0.00582736433167419
2022-08-03,4117.75,4155.0,0.005678349004762495,0.00904620241636822,0.014775918915618469
2022-08-04,4155.0,4155.5,0.0,0.00012033694344171231,0.00012033694344171231
2022-08-05,4112.75,4143.75,-0.010287570689447745,0.007537535712114796,-0.00282757790879562
2022-08-08,4165.0,4143.0,0.00512820512820511,-0.005282112845138021,-0.00018099547511307712
2022-08-09,4135.0,4127.5,-0.0019309678976586753,-0.0018137847642080152,-0.0037412503017136833
2022-08-10,4197.0,4210.0,0.016838279830405867,0.00309745055992372,0.019987886129618326
2022-08-11,4240.25,4215.5,0.007185273159144856,-0.005836919992924905,0.001306413301662701
2022-08-12,4230.5,4278.5,0.003558296761949853,0.011346176574873024,0.014944846400189782
2022-08-15,4261.75,4297.75,-0.003914923454481745,0.008447234117439972,0.004499240387986436
2022-08-16,4290.75,4304.5,-0.0016287592344831348,0.0032045679659733484,0.0015705892618229633
2022-08-17,4273.0,4277.25,-0.007317923103728696,0.0009946173648489598,-0.0063305842722731764
2022-08-18,4279.0,4288.25,0.0004091413875737526,0.002161720028043934,0.0025717458647496194
2022-08-19,4259.0,4229.25,-0.006820964262811202,-0.006985207795257131,-0.01375852620532847
2022-08-22,4177.75,4143.0,-0.012177099958621485,-0.00831787445395249,-0.020393686823904966
2022-08-23,4138.75,4132.75,-0.0010258266956312267,-0.0014497130776200962,-0.002474052618875233
2022-08-24,4129.25,4142.75,-0.0008468937148388145,0.003269358842404868,0.0024196963281108985
2022-08-25,4156.25,4199.25,0.0032587049665078194,0.010345864661654103,0.013638283748717672
2022-08-26,4198.0,4056.75,-0.0002976722033696255,-0.033646974749880876,-0.033934631184139974
2022-08-29,4027.0,4033.75,-0.007333456584704523,0.001676185746213088,-0.005669563073889217
2022-08-30,4043.75,3988.5,0.0024790827393863513,-0.013663060278207073,-0.011217849395723567
2022-08-31,3998.0,3955.75,0.002381847812460869,-0.010567783891946014,-0.008211106932430767
2022-09-01,3936.0,3967.25,-0.004992732098843433,0.00793953252032531,0.0029071604626176306
2022-09-02,4000.25,3925.75,0.008318104480433464,-0.018623836010249306,-0.01046064654357548
2022-09-06,3942.5,3906.5,0.004266700630452869,-0.009131261889663955,-0.004903521620072571
2022-09-07,3906.0,3979.0,-0.00012799180852429703,0.01868919610855091,0.018558812236016964
2022-09-08,3948.0,4008.25,-0.007790902236742947,0.015260891590678893,0.007351093239507334
2022-09-09,4032.25,4065.25,0.0059876504709037714,0.008184016368032676,0.01422066986839643
2022-09-12,4091.0,4113.5,0.006334173790049746,0.005499877780493767,0.011868888752229356
2022-09-13,4023.25,3936.5,-0.021939953810623525,-0.021562169887528793,-0.043029050686763104
2022-09-14,3943.25,3947.25,0.0017147211990347078,0.001014391681988247,0.0027308522799440738
2022-09-15,3931.0,3905.25,-0.004116790170371809,-0.006550496056982991,-0.01064031920957631
2022-09-19,3858.0,3921.25,-0.012099097368926448,0.01639450492483152,0.004097048844504236
2022-09-20,3883.0,3876.25,-0.009754542556582702,-0.0017383466391964753,-0.01147593241950906
2022-09-21,3897.5,3801.25,0.005482102547565315,-0.024695317511225112,-0.019348597226701014
2022-09-22,3805.0,3769.0,0.0009865175928971404,-0.009461235216819963,-0.00848405129891483
2022-09-23,3730.25,3710.0,-0.010281241708676059,-0.005428590577039039,-0.015654019633855154
2022-09-26,3697.0,3669.25,-0.0035040431266846195,-0.007506086015688362,-0.010983827493261433
2022-09-27,3704.75,3656.25,0.009675001703345343,-0.013091301707267688,-0.003542958370239102
2022-09-28,3667.75,3733.5,0.003145299145299152,0.017926521709494825,0.021128205128205124
2022-09-29,3695.0,3659.0,-0.0103120396410874,-0.009742895805142093,-0.019954466318467978
2022-09-30,3650.75,3604.25,-0.002254714402842306,-0.012737108813257514,-0.014963104673408001
2022-10-03,3636.75,3693.0,0.009017132551848439,0.015467106619921678,0.02462370812235548
2022-10-04,3748.5,3802.75,0.015028432168968209,0.014472455648926186,0.029718386135932917
2022-10-05,3762.75,3801.0,-0.010518703569785015,0.010165437512457576,-0.00046019328117807845
2022-10-06,3782.0,3756.25,-0.0049986845566956095,-0.006808566895822321,-0.011773217574322592
2022-10-07,3712.25,3651.0,-0.011713810316139717,-0.016499427570880187,-0.028019966722129808
2022-10-10,3663.0,3625.5,0.0032867707477404196,-0.010237510237510183,-0.0069843878389482805
2022-10-11,3604.75,3599.75,-0.005723348503654635,-0.0013870587419376745,-0.007102468625017289
2022-10-12,3597.0,3590.25,-0.0007639419404125158,-0.0018765638031693621,-0.002639072157788691
2022-10-13,3513.25,3683.25,-0.02144697444467658,0.04838824450295309,0.025903488614998915
2022-10-14,3706.0,3599.0,0.006176610330550503,-0.028872099298434928,-0.022873820674675915
2022-10-17,3670.25,3691.5,0.01979716587941094,0.005789796335399444,0.025701583773270364
2022-10-18,3772.0,3733.25,0.02180685358255441,-0.010273064687168598,0.011309765677908645
2022-10-19,3716.75,3707.75,-0.0044197415120873496,-0.0024214703706194607,-0.00683050960958953
2022-10-20,3703.25,3676.0,-0.001213674061088299,-0.007358401404171988,-0.008563144764344943
2022-10-21,3660.75,3766.5,-0.004148531011969547,0.028887523048555686,0.02461915125136027
2022-10-24,3778.0,3809.0,0.003053232443913423,0.008205399682371661,0.011283685118810505
2022-10-25,3814.25,3867.25,0.0013783145182462153,0.01389526119158413,0.015292727750065627
2022-10-26,3837.0,3844.0,-0.007822095804512208,0.0018243419338024314,-0.006012024048096198
2022-10-27,3859.5,3822.25,0.0040322580645162365,-0.00965150926285785,-0.005658168574401712
2022-10-28,3819.75,3912.75,-0.0006540650140623994,0.02434714313763986,0.023677153509058746
2022-10-31,3885.0,3881.75,-0.007092198581560294,-0.0008365508365508756,-0.007922816433454716
2022-11-01,3920.0,3867.75,0.009853803052746857,-0.013329081632653006,-0.0036066207251883586
2022-11-02,3856.75,3764.5,-0.002844030767241934,-0.023919102871588827,-0.026695106974339078
2022-11-03,3725.75,3726.5,-0.010293531677513568,0.00020130175132515582,-0.010094302032142344
2022-11-04,3787.75,3780.25,0.01643633436200198,-0.0019800673222889476,0.0144237219911445
2022-11-07,3797.25,3814.75,0.00449705707294501,0.004608598327737079,0.009126380530388278
2022-11-08,3822.0,3830.75,0.0019005177272428675,0.0022893772893772812,0.004194246018742964
2022-11-09,3811.5,3756.25,-0.005025125628140725,-0.014495605404696299,-0.019447888794622448
2022-11-10,3898.0,3959.25,0.037737104825291246,0.01571318624935869,0.054043261231281114
2022-11-11,3968.0,3997.25,0.0022100145229526635,0.007371471774193505,0.009597777356822546
2022-11-14,3983.25,3970.0,-0.00350240790543499,-0.003326429423209709,-0.006817186815935905
2022-11-15,4028.25,4003.0,0.014672544080604588,-0.006268230621237492,0.008312342569269493
2022-11-16,3985.75,3970.75,-0.004309268048963255,-0.003763407137928887,-0.008056457656757443
2022-11-17,3921.5,3956.25,-0.012403198388213799,0.008861405074588768,-0.003651703078763502
2022-11-18,3987.0,3971.75,0.007772511848341157,-0.003824931025833922,0.003917851500789826
2022-11-21,3964.5,3958.75,-0.0018253918297979066,-0.0014503720519611907,-0.0032731163844652578
2022-11-22,3976.75,4009.5,0.00454688980107365,0.008235368076947358,0.012819703189137943
2022-11-23,4009.0,4034.25,-0.00012470382840756855,0.006298328760289351,0.006172839506172867
2022-11-29,3968.0,3962.0,-0.0008812791136849629,-0.0015120967741935054,-0.002392043308573566
2022-11-30,3966.75,4081.25,0.0011988894497727554,0.02886493981218874,0.03009843513377075
2022-12-01,4090.75,4078.0,0.0023277182235834637,-0.0031167878750840705,-0.0007963246554364423
2022-12-02,4036.0,4072.0,-0.01029916625796956,0.008919722497522375,-0.0014713094654241754
2022-12-05,4046.5,4003.75,-0.0062622789783890465,-0.010564685530705553,-0.016760805500982356
2022-12-06,4000.25,3943.75,-0.0008741804558226596,-0.014124117242672374,-0.014985950671245751
2022-12-07,3937.25,3938.25,-0.0016481774960380724,0.00025398437996071443,-0.001394611727416839
2022-12-08,3953.5,3964.25,0.0038722782961975177,0.002719109649677476,0.006601917095156562
2022-12-09,3955.5,3934.25,-0.002207227092135944,-0.005372266464416686,-0.007567635744466172
2022-12-12,3948.0,3988.5,0.003494948211221871,0.010258358662613931,0.013789159306093923
2022-12-13,4102.0,4021.5,0.02845681333834782,-0.019624573378839605,0.008273787138021849
2022-12-14,4023.5,3998.25,0.0004973268680841247,-0.006275630669814847,-0.005781424841477034
2022-12-15,3949.25,3897.5,-0.012255361720752811,-0.013103753877318436,-0.02519852435440506
2022-12-19,3876.0,3845.25,-0.005516356638871067,-0.007933436532507776,-0.013406029506093597
2022-12-20,3834.75,3850.5,-0.0027306417007997297,0.004107177782123994,0.0013653208503998648
2022-12-21,3877.5,3906.0,0.0070120763537202535,0.007350096711798759,0.014413712504869558
2022-12-22,3873.5,3854.0,-0.008320532514080936,-0.005034206789725104,-0.013312852022529409
2022-12-23,3841.25,3869.75,-0.003308251167618015,0.007419459811259355,0.004086663207057528
2022-12-27,3868.5,3858.5,-0.00032301828283476386,-0.0025849812588858434,-0.002907164545513319
2022-12-28,3852.75,3806.5,-0.0014902164053388622,-0.012004412432677913,-0.013476739665673199
2022-12-29,3833.75,3871.0,0.007158807303297099,0.009716335180958602,0.01694469985551028
2022-12-30,3846.25,3861.0,-0.006393696719193986,0.003834904127396843,-0.0025833118057349003
2023-01-03,3878.0,3841.5,0.00440300440300434,-0.009412068076327995,-0.005050505050505083
2023-01-04,3865.75,3870.25,0.00631263829233375,0.0011640690680980725,0.007484055707406068
2023-01-05,3852.25,3831.0,-0.004650862347393536,-0.005516256733078095,-0.010141463729733236
2023-01-06,3858.0,3916.75,0.007047768206734473,0.015228097459823786,0.02238318976768472
2023-01-09,3938.5,3911.75,0.005553073338865122,-0.006791925860099024,-0.0012765685836471086
2023-01-10,3909.5,3941.5,-0.0005751901322936792,0.008185189921984914,0.007605291749217091
2023-01-11,3960.0,3988.5,0.0046936445515666225,0.007196969696969591,0.011924394266142224
2023-01-12,4000.5,4002.75,0.00300864986837146,0.0005624296962880582,0.0035727717186913033
2023-01-13,3973.25,4018.0,-0.00736993317094492,0.011262820109482208,0.003809880707013935
2023-01-17,4020.5,4011.25,0.0006222000995519394,-0.002300708867056356,-0.0016799402687904808
2023-01-18,4025.75,3946.25,0.0036148332813961126,-0.019747873067130328,-0.016204425054534122
2023-01-19,3926.75,3922.0,-0.004941400063351309,-0.0012096517476284374,-0.0061450744377573585
2023-01-20,3925.0,3984.5,0.0007649158592555327,0.015159235668789739,0.015935747067822525
2023-01-23,3991.0,4031.75,0.0016313213703098572,0.010210473565522404,0.011858451499560774
2023-01-24,4012.5,4034.25,-0.004774601599801587,0.005420560747663616,0.0006200781298444369
2023-01-25,3984.25,4031.5,-0.012393877424552224,0.011859195582606619,-0.0006816632583503957
2023-01-26,4062.5,4073.5,0.00768944561577567,0.0027076923076923,0.010417958576212305
2023-01-27,4065.0,4084.75,-0.002086657665398284,0.004858548585485956,0.002761752792438843
2023-01-30,4059.5,4036.0,-0.00618152885733525,-0.005788890257420909,-0.011934634922577847
2023-01-31,4040.0,4088.0,0.0009910802775023875,0.011881188118811892,0.012884043607532147
2023-02-01,4078.5,4130.0,-0.0023238747553816497,0.012627191369376067,0.010273972602739656
2023-02-02,4174.0,4191.5,0.010653753026634405,0.004192620987062856,0.014891041162227614
2023-02-03,4145.75,4147.0,-0.010914946916378399,0.0003015135982633588,-0.010616724323034732
2023-02-06,4125.75,4124.5,-0.005124186158668942,-0.0003029752166272548,-0.0054256088738847685
2023-02-07,4110.75,4170.75,-0.0033337374227179195,0.014595876664842189,0.011213480421869315
2023-02-08,4154.75,4129.5,-0.003836240484325404,-0.006077381310548136,-0.009890307498651274
2023-02-09,4163.0,4091.75,0.008112362271461393,-0.017115061253903385,-0.009141542559631954
2023-02-10,4085.5,4099.5,-0.0015274637991079532,0.0034267531513889615,0.0018940551108939108
2023-02-13,4105.0,4148.75,0.001341627027686254,0.010657734470158386,0.012013660202463639
2023-02-14,4122.0,4145.0,-0.006447725218439282,0.005579815623483642,-0.0009038867128653427
2023-02-15,4122.75,4157.25,-0.005367913148371484,0.008368200836819994,0.0029553679131484323
2023-02-16,4108.5,4097.0,-0.011726501894281038,-0.0027990750882317394,-0.01449275362318836
2023-02-17,4076.25,4086.75,-0.005064681474249433,0.0025758969641214158,-0.002501830607761768
2023-02-21,4050.0,4008.5,-0.008992475683611723,-0.010246913580246875,-0.019147244142656117
2023-02-22,4010.75,3999.75,0.0005613072221528626,-0.0027426291840678685,-0.0021828614194836504
2023-02-23,4027.25,4018.75,0.006875429714357173,-0.0021106213917685412,0.004750296893555772
2023-02-24,3966.75,3973.5,-0.01293934681181963,0.001701644923425949,-0.011259720062208434
2023-02-27,4009.0,3990.0,0.00893418900213927,-0.004739336492891044,0.004152510381275842
2023-02-28,3981.75,3969.25,-0.0020676691729323293,-0.003139323161926333,-0.005200501253132872
2023-03-01,3961.75,3956.25,-0.0018895257290419964,-0.001388275383353288,-0.00327517793033949
2023-03-02,3937.25,3986.25,-0.00480252764612954,0.01244523461807101,0.007582938388625671
2023-03-03,4000.5,4047.25,0.0035747883349013243,0.01168603924509437,0.015302602696770196
2023-03-06,4057.5,4053.0,0.0025325838532337386,-0.0011090573012938476,0.0014207177713261299
2023-03-07,4050.0,3992.0,-0.0007401924500369805,-0.014320987654320994,-0.015050579817419196
2023-03-08,3994.25,3994.5,0.0005636272545090915,6.258997308639103e-05,0.0006262525050100276
2023-03-09,4002.0,3922.5,0.0018775816748028973,-0.019865067466266817,-0.01802478407810737
2023-03-10,3908.25,3863.25,-0.003632887189292555,-0.011514104778353462,-0.015105162523900595
2023-03-13,3824.0,3859.0,-0.010159839513363078,0.009152719665271869,-0.0011001100110010764
2023-03-14,3909.5,3918.5,0.013086291785436632,0.002302084665558146,0.01541850220264318
2023-03-15,3862.5,3896.25,-0.01429118285058062,0.008737864077669855,-0.0056781931861681345
2023-03-16,3867.75,3958.25,-0.007314725697786351,0.023398616766854063,0.015912736605710576
2023-03-20,3958.75,3983.0,0.0001263184488093927,0.006125670982001896,0.006252763216067603
2023-03-21,4023.75,4038.75,0.010230981672106454,0.0037278657968313755,0.013996987195581179
2023-03-22,4034.25,3975.25,-0.0011142061281337323,-0.014624775360971731,-0.015722686474775593
2023-03-23,4002.25,3974.75,0.00679202565876369,-0.006871134986570104,-0.0001257782529400231
2023-03-24,3959.75,4002.0,-0.003773822252971848,0.010669865521813149,0.006855777092898974
2023-03-27,4025.75,4009.75,0.005934532733633091,-0.003974414705334439,0.0019365317341328847
2023-03-28,3999.5,4003.0,-0.00255626909408313,0.0008751093886736339,-0.0016833967204937794
2023-03-29,4041.75,4056.5,0.009680239820134995,0.003649409290530148,0.0133649762677992
2023-03-30,4082.5,4081.0,0.00640946628867245,-0.0003674219228414488,0.006039689387402847
2023-03-31,4092.5,4136.25,0.0028179367802010358,0.010690287110568075,0.013538348444008808
2023-04-03,4133.25,4152.25,-0.0007252946509519465,0.0045968668723159745,0.003868238138410307
2023-04-04,4158.5,4129.75,0.0015052080197484052,-0.006913550559095816,-0.005418748871093948
2023-04-05,4121.75,4117.25,-0.001937163266541586,-0.0010917692727603345,-0.003026817603971166
2023-04-06,4107.75,4131.5,-0.0023073653530876204,0.005781754001582318,0.0034610480296313195
2023-04-10,4105.5,4136.5,-0.006293113881156942,0.007550846425526725,0.0012102142079148948
2023-04-11,4138.25,4139.25,0.00042306297594585374,0.00024164803963033776,0.0006648132479150082
2023-04-12,4154.75,4119.5,0.00374463972941963,-0.008484264997894009,-0.004771395784260446
2023-04-13,4129.5,4171.0,0.00242747906299301,0.010049642813900084,0.012501517174414278
2023-04-14,4168.5,4164.0,-0.0005993766482857987,-0.0010795250089959962,-0.0016782546152002142
2023-04-17,4160.75,4177.5,-0.0007804995196926123,0.004025716517454869,0.0032420749279538086
2023-04-18,4189.25,4175.75,0.002812687013764137,-0.0032225338664438885,-0.0004189108318372048
2023-04-19,4162.0,4175.75,-0.0032928216488056217,0.00330370014416137,0.0
2023-04-20,4148.0,4155.0,-0.006645512782134988,0.0016875602700097136,-0.004969167215470249
2023-04-21,4151.75,4156.25,-0.0007821901323706859,0.001083880291443462,0.00030084235860416975
2023-04-24,4157.75,4160.5,0.00036090225563900624,0.0006614154290180974,0.0010225563909773694
2023-04-25,4140.5,4094.75,-0.004807114529503664,-0.011049390170269291,-0.015803389015743297
2023-04-26,4101.0,4076.25,0.0015263447096891536,-0.006035113386978819,-0.004517980340680183
2023-04-27,4098.0,4152.0,0.005335786568537282,0.013177159590043841,0.01858325666973326
2023-04-28,4148.75,4192.25,-0.0007827552986512387,0.010485085869237798,0.009694123314065495
2023-05-01,4186.5,4187.25,-0.001371578507961102,0.00017914725904688567,-0.0011926769634444945
2023-05-02,4173.25,4137.25,-0.003343483193026464,-0.008626370334870903,-0.01194101140366588
2023-05-03,4143.5,4108.0,0.0015106652969967271,-0.008567636056474037,-0.0070699135899450205
2023-05-04,4095.0,4075.0,-0.0031645569620253333,-0.004884004884004867,-0.008033106134371915
2023-05-05,4112.5,4149.5,0.009202453987730008,0.008996960486322259,0.018282208588957127
2023-05-08,4153.5,4152.25,0.0009639715628388945,-0.0003009510051763531,0.0006627304494517539
2023-05-09,4134.0,4135.25,-0.004395207417665081,0.0003023705853895109,-0.004094165813715467
2023-05-10,4164.25,4153.75,0.007012877093283354,-0.0025214624482199355,0.004473731938818615
2023-05-11,4139.5,4143.75,-0.003430634968402013,0.0010266940451746365,-0.002407463135720711
2023-05-12,4155.0,4137.25,0.002714932126696823,-0.004271961492178122,-0.0015686274509804088
2023-05-15,4141.25,4149.25,0.0009668257900778965,0.0019317838816781396,0.0029004773702339115
2023-05-16,4139.5,4122.5,-0.002349822257034395,-0.004106776180698102,-0.006446948243658546
2023-05-17,4142.75,4169.75,0.004912067919951468,0.006517409933015417,0.011461491813220093
2023-05-18,4167.5,4211.5,-0.0005396006954853094,0.010557888422315642,0.010012590682894729
2023-05-19,4219.0,4205.5,0.0017808381811705853,-0.0031998103816069934,-0.001424670544936446
2023-05-22,4206.25,4206.0,0.00017833789085730523,-5.943536404162675e-05,0.00011889192723812947
2023-05-23,4185.75,4158.5,-0.004814550641940141,-0.006510183360210253,-0.011293390394674252
2023-05-24,4137.25,4125.0,-0.005110015630636067,-0.002960903982113683,-0.008055789347120368
2023-05-25,4152.0,4160.75,0.006545454545454632,0.002107418111753301,0.0086666666666666
2023-05-26,4167.75,4215.25,0.001682388992369166,0.011397036770439684,0.013098600012017014
2023-05-30,4236.25,4214.25,0.004981910918688159,-0.005193272351726175,-0.00023723385327090174
2023-05-31,4196.5,4193.0,-0.004211900100848265,-0.0008340283569641116,-0.005042415613691675
2023-06-01,4188.75,4227.25,-0.001013594085380376,0.009191286183228842,0.008168375864536115
2023-06-02,4260.25,4288.0,0.007806493583298879,0.006513702247520792,0.014371045005618255
2023-06-05,4292.75,4280.75,0.0011077425373133831,-0.002795410867159731,-0.0016907649253731227
2023-06-06,4272.75,4289.75,-0.0018688313963675096,0.003978702240945431,0.002102435320913365
2023-06-07,4295.25,4274.5,0.0012821259980184685,-0.004830917874396157,-0.003554985721778703
2023-06-08,4272.75,4295.75,-0.00040940460872618267,0.005382950090691008,0.004971341677389107
2023-06-09,4305.0,4306.25,0.002153291043473171,0.00029036004645766056,0.0024442763196181883
2023-06-12,4312.75,4342.5,0.0015094339622641062,0.006898150831835759,0.008417997097242447
2023-06-13,4358.5,4369.5,0.0036845135290730635,0.002523804061030255,0.006217616580310947
2023-06-14,4370.75,4377.0,0.000286073921501373,0.0014299605330891918,0.001716443529007794
2023-06-15,4367.5,4427.0,-0.002170436371944251,0.01362335432169437,0.011423349326022292
2023-06-21,4416.25,4410.5,-0.003385049365303261,-0.0013020096235494272,-0.004682651622002876
2023-06-22,4396.25,4423.75,-0.0032309261988436866,0.006255331248222973,0.0030041945357668354
2023-06-23,4386.75,4389.0,-0.008363944617123531,0.0005129081894341692,-0.007855326363379489
2023-06-26,4385.75,4373.75,-0.0007404875825928192,-0.002736134070569496,-0.0034745955798587413
2023-06-27,4382.0,4415.5,0.0018862532152044142,0.007644910999543564,0.009545584452700817
2023-06-28,4406.25,4422.5,-0.0020948929906012825,0.0036879432624112862,0.0015853244253198895
2023-06-29,4412.25,4436.75,-0.0023176936122102365,0.005552722533854526,0.0032221594120971364
2023-06-30,4465.5,4483.5,0.0064799684453711315,0.004030903594222313,0.010536992167690329
2023-07-06,4444.25,4447.0,-0.008699046450677539,0.0006187770714969343,-0.008085652149668165
2023-07-07,4435.25,4436.75,-0.0026422307173374904,0.0003381996505269491,-0.0023049246683156666
2023-07-10,4436.0,4444.75,-0.00016904265509665173,0.00197249774571695,0.001803121654364137
2023-07-11,4451.75,4470.25,0.001574891726193739,0.004155669118885763,0.005737105573991874
2023-07-12,4510.5,4510.25,0.009003970695151242,-5.542622769094674e-05,0.00894804541133043
2023-07-13,4521.75,4543.5,0.0025497477966853754,0.004810084591142738,0.007372096890416291
2023-07-14,4550.5,4536.5,0.0015406624848683936,-0.003076584990660325,-0.0015406624848685047
2023-07-17,4541.25,4552.25,0.00104706271354571,0.0024222405725295992,0.003471839523861986
2023-07-18,4546.0,4585.5,-0.0013729474435718592,0.008688957325120983,0.0073040803998023485
2023-07-19,4599.0,4594.5,0.0029440628066732533,-0.0009784735812132794,0.001962708537782243
2023-07-20,4586.0,4566.5,-0.0018500380890195123,-0.004252071522023559,-0.006094243116770093
2023-07-21,4577.5,4564.5,0.002408847038213091,-0.0028399781540141555,-0.00043797218876606703
2023-07-24,4579.5,4583.25,0.0032862306933947316,0.0008188666885031726,0.0041077883667433035
2023-07-25,4580.25,4594.5,-0.0006545573555882811,0.003111183887342328,0.002454590083456054
2023-07-26,4589.25,4595.25,-0.001142670584394434,0.0013074031704527478,0.0001632386549135223
2023-07-27,4626.25,4564.25,0.0067460965127033035,-0.0134017833018103,-0.0067460965127033035
2023-07-28,4598.0,4605.75,0.007394424056526239,0.0016855154414963103,0.009092402913950748
2023-07-31,4611.0,4616.5,0.0011398794984529559,0.001192799826501778,0.0023340389730228672
2023-08-01,4598.75,4600.25,-0.0038449041481641855,0.0003261755911931896,-0.0035199826708545157
2023-08-02,4568.5,4536.75,-0.0069017988152817455,-0.006949764693006455,-0.013803597630563602
2023-08-03,4515.75,4520.25,-0.004628864275086797,0.0009965122072745913,-0.003636964787568142
2023-08-04,4537.75,4499.25,0.0038714672861013266,-0.008484381025838816,-0.004645760743321681
2023-08-07,4524.25,4537.0,0.005556481635828225,0.0028181466541414846,0.008390287270100494
2023-08-08,4511.0,4518.0,-0.005730659025787954,0.00155176235867871,-0.004187789288075838
2023-08-09,4517.5,4489.75,-0.00011066843736162735,-0.006142778085224121,-0.006252766710933999
2023-08-10,4510.5,4484.75,0.004621638175845044,-0.005708901452167181,-0.001113647753215652
2023-08-11,4463.25,4483.5,-0.0047940241930988226,0.004537052596202296,-0.00027872233680803493
2023-08-14,4473.0,4506.75,-0.0023419203747072626,0.007545271629778583,0.0051856808297088275
2023-08-15,4488.5,4454.25,-0.004049481333555205,-0.007630611562882916,-0.011649192877350667
2023-08-16,4449.75,4420.0,-0.0010102710894089872,-0.006685768863419317,-0.007689285513835076
2023-08-17,4434.75,4383.75,0.003337104072398178,-0.01150008455944529,-0.00820135746606332
2023-08-18,4356.25,4389.0,-0.006273167949814695,0.007517934002869486,0.0011976047904191933
2023-08-21,4394.25,4409.75,0.0011961722488038617,0.003527336860670305,0.004727728411938914
2023-08-22,4428.25,4399.75,0.0041952491637848865,-0.00643595099644334,-0.0022677022506945033
2023-08-23,4414.25,4446.5,0.003295641797829374,0.007305884351815228,0.010625603727484556
2023-08-24,4463.0,4383.5,0.003710783762509884,-0.01781313018149222,-0.014168447093219405
2023-08-25,4405.25,4416.5,0.004961788525151167,0.0025537710686112103,0.007528230865746499
2023-08-28,4434.75,4441.25,0.004132231404958775,0.0014656970516939705,0.005603985056039873
2023-08-29,4441.0,4506.0,-5.629045876720529e-05,0.014636343165953525,0.01457922882071494
2023-08-30,4511.75,4524.0,0.0012760763426542532,0.00271513270903756,0.003994673768308976
2023-08-31,4529.75,4517.75,0.001270999115826621,-0.0026491528230034866,-0.0013815207780725203
2023-09-01,4543.5,4521.5,0.005699739914780677,-0.004842082095301015,0.0008300592108902993
2023-09-05,4517.5,4504.0,-0.0008846621696340096,-0.0029883785279468666,-0.003870396992148639
2023-09-06,4489.5,4470.25,-0.003219360568383678,-0.0042877826038534295,-0.007493339253996423
2023-09-07,4439.5,4453.5,-0.0068788099099602595,0.0031535082779592383,-0.0037469940159946535
2023-09-08,4459.0,4461.0,0.0012349837206691028,0.0004485310607760251,0.0016840687100032614
2023-09-11,4490.5,4491.0,0.00661286707016373,0.00011134617525887514,0.00672494956287828
2023-09-12,4473.0,4466.25,-0.004008016032064132,-0.0015090543259557165,-0.005511022044088154
2023-09-13,4470.0,4471.5,0.0008396305625524292,0.0003355704697987072,0.0011754827875734009
2023-09-14,4489.0,4506.0,0.003913675500391456,0.00378703497438182,0.00771553170077155
2023-09-18,4495.75,4501.75,-0.0022747447847314417,0.0013345937830173682,-0.00094318686196182
2023-09-19,4490.0,4493.0,-0.0026100960737490686,0.0006681514476614137,-0.0019436885655578218
2023-09-20,4499.25,4446.5,0.0013910527487202007,-0.011724176251597496,-0.01034943245047848
2023-09-21,4418.25,4371.5,-0.0063533115933880335,-0.010581112431392481,-0.01686719892049926
2023-09-22,4379.5,4364.75,0.0018300354569369404,-0.0033679643794953806,-0.0015440924167905434
2023-09-25,4349.25,4380.75,-0.003551177043358722,0.007242628039317189,0.0036657311415315696
2023-09-26,4349.0,4315.25,-0.007247617417108998,-0.007760404690733469,-0.014951777663642085
2023-09-27,4327.75,4315.75,0.002896703551358515,-0.0027728034197909146,0.00011586814205433171
2023-09-28,4304.5,4336.0,-0.002606731159126463,0.007317923103728585,0.004692116086427722
2023-09-29,4364.75,4325.0,0.006630535055350606,-0.0091070508047425,-0.0025369003690036696
2023-10-02,4315.5,4326.5,-0.0021965317919074856,0.002548951454060866,0.000346820809248527
2023-10-03,4303.25,4268.75,-0.005373858777302676,-0.008017196305118213,-0.01334797180168723
2023-10-04,4274.25,4293.25,0.001288433382137688,0.004445224308358142,0.005739385065885783
2023-10-05,4290.5,4291.25,-0.0006405403831596379,0.00017480480130527276,-0.0004658475513887872
2023-10-06,4267.5,4341.75,-0.005534517914360659,0.017398945518453335,0.011768132828430033
2023-10-09,4322.5,4369.0,-0.00443369609028621,0.010757663389242333,0.006276271088846652
2023-10-10,4372.75,4390.5,0.0008583199816891707,0.004059230461380237,0.0049210345616845785
2023-10-11,4408.25,4410.25,0.0040428197244049,0.0004536947768389865,0.004498348707436595
2023-10-12,4410.25,4381.25,0.0,-0.0065755909528938394,-0.0065755909528938394
2023-10-13,4400.25,4355.5,0.004336661911555018,-0.010169876711550452,-0.005877318116975783
2023-10-16,4378.0,4400.5,0.005165882217885498,0.005139333028780335,0.010331764435770774
2023-10-17,4372.75,4400.5,-0.0063061015793659525,0.006346120862157578,0.0
2023-10-18,4383.0,4348.75,-0.0039768208158164065,-0.007814282454939536,-0.011760027269628437
2023-10-19,4350.0,4300.75,0.00028743891922955456,-0.011321839080459806,-0.011037654498419092
2023-10-20,4295.75,4246.25,-0.0011625879207115553,-0.011523016935343078,-0.012672208335755442
2023-10-23,4233.5,4244.5,-0.003002649396526391,0.002598322900673189,-0.00041212834854287284
2023-10-24,4265.25,4278.25,0.004888679467546231,0.003047886993728488,0.007951466603840274
2023-10-25,4250.75,4212.0,-0.006427861859405137,-0.009116038346174249,-0.015485303570385134
2023-10-26,4196.75,4157.75,-0.0036206077872744657,-0.009292905224280723,-0.012879867046533766
2023-10-27,4172.5,4140.0,0.003547591846551512,-0.007789095266626744,-0.004269135950935032
2023-10-30,4168.25,4186.75,0.006823671497584449,0.004438313440892516,0.011292270531400916
2023-10-31,4187.25,4209.5,0.00011942437451484267,0.005313750074631418,0.005433809040425119
2023-11-01,4219.5,4256.25,0.0023755790473927174,0.008709562744400934,0.011105832046561348
2023-11-02,4295.5,4334.75,0.00922173274596183,0.009137469444767676,0.01844346549192366
2023-11-03,4360.0,4377.25,0.005825018743872201,0.00395642201834856,0.009804486994636319
2023-11-06,4389.25,4383.75,0.002741447255697027,-0.0012530614569686849,0.0014849505968359544
2023-11-07,4382.25,4395.25,-0.0003421727972625632,0.002966512636202845,0.002623324779013503
2023-11-08,4402.75,4397.5,0.0017063875774985249,-0.001192436545340958,0.0005119162732494242
2023-11-09,4405.0,4363.25,0.0017055144968731728,-0.009477866061293971,-0.007788516202387741
2023-11-10,4379.75,4432.25,0.0037815848278233144,0.01198698555853639,0.015813900189079133
2023-11-13,4418.0,4426.25,-0.0032150713520221474,0.001867360796740547,-0.0013537142534829627
2023-11-14,4487.5,4514.25,0.013837898898616308,0.005961002785515257,0.019881389438011876
2023-11-15,4525.25,4517.0,0.0024367281386719064,-0.0018231036959284186,0.0006091820346680876
2023-11-16,4515.5,4522.75,-0.00033207881337171674,0.001605580777322535,0.0012729687845915993
2023-11-17,4523.5,4527.25,0.0001658283124206239,0.0008290040897536155,0.0009949698745232993
2023-11-20,4527.25,4561.25,0.0,0.0075100778618366615,0.0075100778618366615
2023-11-21,4549.5,4548.75,-0.002576048232392436,-0.00016485328058024606,-0.0027404768429706294
2023-11-22,4570.0,4567.0,0.004671613080516668,-0.0006564551422318932,0.004012091233855486
2023-11-28,4553.75,4563.75,-0.0013706140350877583,0.0021959923140268955,0.000822368421052655
2023-11-29,4585.5,4561.75,0.004765817584223564,-0.005179369752480678,-0.00043823609969873
2023-11-30,4564.75,4575.25,0.0006576423521675867,0.0023002355003012287,0.002959390584753585
2023-12-01,4566.5,4601.25,-0.0019124637997923744,0.0076097667798094015,0.005682749576525925
2023-12-04,4567.25,4575.25,-0.007389296386851374,0.0017516010728555464,-0.0056506384134745735
2023-12-05,4563.75,4577.0,-0.0025135238511556635,0.0029033141605039336,0.0003824927599584971
2023-12-06,4595.5,4556.75,0.004041948874808909,-0.008432161897508395,-0.004424295389993449
2023-12-07,4576.75,4588.0,0.0043890931036374425,0.002458076145736676,0.0068579579744334485
2023-12-08,4585.0,4607.5,-0.0006538796861377261,0.004907306434023928,0.0042502179598953305
2023-12-11,4601.0,4625.0,-0.0014107433532284386,0.005216257335361796,0.0037981551817689585
2023-12-12,4619.75,4646.0,-0.0011351351351351902,0.0056821256561501166,0.004540540540540539
2023-12-13,4648.5,4709.5,0.0005380972879895918,0.013122512638485517,0.013667671114937496
2023-12-14,4731.25,4722.75,0.004618324662915452,-0.001796565389696192,0.0028134621509714464
2023-12-18,4782.75,4789.75,0.01270446244243284,0.0014635931211124387,0.014186649727383482
2023-12-19,4799.25,4820.5,0.001983402056474848,0.004427775173204251,0.0064199592880631595
2023-12-20,4810.75,4748.75,-0.0020226117622653694,-0.012887803357064853,-0.014884348096670497
2023-12-21,4786.25,4794.0,0.00789681495130301,0.0016192217289110467,0.009528823374572282
2023-12-22,4807.5,4806.5,0.0028160200250313405,-0.0002080083203328531,0.002607425949103126
2023-12-26,4810.75,4826.0,0.0008842192863829368,0.003169983890245698,0.0040570061375220234
2023-12-27,4822.0,4834.5,-0.0008288437629506706,0.002592285358772317,0.0017612929962702584
2023-12-28,4835.0,4832.75,0.00010342331161439233,-0.00046535677352632643,-0.0003619815906504842
2023-12-29,4830.75,4816.5,-0.00041384305002323263,-0.002949852507374673,-0.00336247478143914
2024-01-02,4787.25,4787.5,-0.006072874493927127,5.222204814869791e-05,-0.0060209695837226684
2024-01-03,4764.75,4746.75,-0.004751958224543107,-0.003777742798677819,-0.008511749347258513
2024-01-04,4741.0,4729.25,-0.0012113551377258558,-0.0024783800885889162,-0.0036867330278611554
2024-01-05,4729.5,4735.5,5.28625046254394e-05,0.0012686330478908214,0.0013215626156366511
2024-01-08,4741.5,4800.0,0.0012670256572695493,0.012337867763366095,0.013620525815647877
2024-01-09,4772.75,4794.5,-0.005677083333333388,0.004557121156565813,-0.0011458333333332904
2024-01-10,4798.25,4820.25,0.0007821462091981424,0.004585004949721361,0.005370737303159956
2024-01-11,4828.0,4813.75,0.0016078004252890743,-0.002951532725766315,-0.001348477776048962
2024-01-12,4829.75,4816.5,0.0033238119968839186,-0.0027434132201459294,0.0005712801869643958
2024-01-16,4804.25,4799.25,-0.002543340600020816,-0.0010407451735442441,-0.0035814388041108813
2024-01-17,4765.25,4771.0,-0.007084440277126625,0.0012066523267404428,-0.005886336406730197
2024-01-18,4786.75,4807.25,0.0033011947180885404,0.004282655246252709,0.0075979878432195225
2024-01-19,4819.25,4870.5,0.0024962296531281236,0.010634434818695748,0.0131572104633626
2024-01-22,4886.5,4881.5,0.003285083666974664,-0.0010232272587741287,0.002258495021045137
2024-01-23,4887.75,4896.0,0.0012803441565092388,0.0016878932023938198,0.0029703984431015407
2024-01-24,4919.75,4898.75,0.0048508986928104125,-0.0042685095787388105,0.000561683006536029
2024-01-25,4912.75,4924.0,0.0028578719060985414,0.002289959798483565,0.005154376116356163
2024-01-26,4919.75,4915.75,-0.0008631194151096366,-0.0008130494435693025,-0.001675467099918726
2024-01-29,4918.0,4952.5,0.0004577124548643674,0.0070150467669785055,0.007475970096119555
2024-01-30,4950.0,4950.0,-0.0005047955577991425,0.0,-0.0005047955577991425
2024-01-31,4926.75,4867.0,-0.004696969696969644,-0.012127670370934207,-0.016767676767676765
2024-02-01,4890.0,4927.75,0.004725703718923446,0.00771983640081797,0.012482021779330221
2024-02-02,4934.5,4974.25,0.0013697935163106134,0.008055527409058572,0.009436355334584645
2024-02-05,4968.5,4957.5,-0.0011559531587677085,-0.0022139478715910155,-0.0033673418103231656
2024-02-06,4973.75,4974.75,0.0032778618255169256,0.0002010555415934423,0.0034795763993948903
2024-02-07,4997.75,5013.75,0.0046233479069299754,0.0032014406482916424,0.007839589929142132
2024-02-08,5010.75,5015.25,-0.0005983545250560773,0.0008980691513247319,0.00029917726252803867
2024-02-09,5017.75,5042.5,0.0004984796371068079,0.004932489661700901,0.005433428044464339
2024-02-12,5043.75,5041.0,0.00024789291026272586,-0.0005452292441140427,-0.00029747149231529324
2024-02-13,4972.25,4970.5,-0.013638167030351145,-0.00035195334104276554,-0.013985320372941867
2024-02-14,4998.75,5018.75,0.005683532843778316,0.0040010002500625585,0.009707272910169928
2024-02-15,5020.75,5047.25,0.0003985056039850221,0.005278095902006674,0.005678704856787009
2024-02-16,5041.25,5018.5,-0.0011887661597900223,-0.004512769650384274,-0.0056961711823270145
2024-02-20,5003.5,4989.75,-0.002988940918601135,-0.002748076346557382,-0.0057288034273189625
2024-02-21,4979.75,4995.25,-0.002004108422265616,0.0031126060545207945,0.0011022596322460831
2024-02-22,5056.0,5096.25,0.012161553475801945,0.007960838607594889,0.020219208247835407
2024-02-23,5115.0,5098.25,0.003679175864606421,-0.0032746823069403908,0.00039244542555794126
2024-02-26,5104.25,5079.75,0.0011768744176923196,-0.004799921633932502,-0.003628696121218078
2024-02-27,5085.5,5089.5,0.0011319454697573672,0.000786549995084096,0.0019193857965451588
2024-02-28,5074.5,5079.75,-0.0029472443265546877,0.0010345846881465448,-0.0019157088122605526
2024-02-29,5099.0,5100.75,0.0037895565726659974,0.0003432045499116576,0.004134061715635573
2024-03-01,5110.75,5144.0,0.0019604960054893095,0.006505894438193938,0.008479145223741602
2024-03-04,5137.25,5136.5,-0.0013122083981337296,-0.0001459925057180067,-0.0014580093312597242
2024-03-05,5117.0,5087.75,-0.0037963593886888303,-0.0057162399843658784,-0.00949089847172202
2024-03-06,5118.5,5113.5,0.006043929045255858,-0.000976848686138565,0.005061176354970165
2024-03-07,5140.0,5159.5,0.005182360418499954,0.0037937743190661344,0.008995795443434096
2024-03-08,5166.75,5133.25,0.0014051749200503227,-0.006483766390864676,-0.0050877022967341645
2024-03-11,5118.5,5124.25,-0.0028734232698582884,0.0011233759890592054,-0.0017532752155067222
2024-03-12,5145.0,5177.5,0.004049373078987228,0.00631681243926141,0.010391764648485236
2024-03-13,5178.25,5169.25,0.00014485755673576683,-0.0017380389127601426,-0.0015934331240946564
2024-03-14,5174.5,5154.5,0.0010156212216472227,-0.0038651077398782485,-0.002853412003675615
2024-03-18,5226.5,5212.25,0.013968377146182931,-0.0027264900028699524,0.011203802502667504
2024-03-19,5202.0,5242.75,-0.001966521176075542,0.007833525567089605,0.005851599597102908
2024-03-20,5241.5,5285.75,-0.00023842449096367346,0.00844223981684622,0.0082018024891517
2024-03-21,5311.75,5303.25,0.0049188856832047545,-0.001600225914246689,0.003310788440618717
2024-03-22,5300.75,5292.25,-0.00047140904162545905,-0.0016035466679243937,-0.00207419978315182
2024-03-25,5278.5,5279.75,-0.0025981387878502016,0.00023680969972539323,-0.002361944352591072
2024-03-26,5288.0,5270.0,0.0015625739855107401,-0.0034039334341906535,-0.0018466783465126424
2024-03-27,5291.5,5309.75,0.004079696394686971,0.0034489275252764795,0.0075426944971537235
2024-03-28,5307.75,5304.75,-0.00037666556805870943,-0.0005652112477038118,-0.0009416639201469401
2024-04-01,5309.0,5293.75,0.0008011687638436182,-0.0028724806931625935,-0.0020736132711249855
2024-04-02,5255.0,5260.75,-0.007319952774498262,0.0010941960038060028,-0.006233766233766258
2024-04-03,5248.25,5269.25,-0.0023760870598298345,0.004001333777925886,0.001615739200684363
2024-04-04,5303.25,5200.75,0.006452531195141553,-0.019327770706642156,-0.012999952554917704
2024-04-05,5210.5,5251.0,0.0018747296063068575,0.007772766529123842,0.009662067970965804
2024-04-08,5257.0,5255.25,0.0011426394972386955,-0.0003328894806924332,0.0008093696438773446
2024-04-09,5270.0,5263.25,0.002806717092431299,-0.001280834914610951,0.0015222872365729945
2024-04-10,5197.5,5203.0,-0.012492281385075743,0.0010582010582009804,-0.011447299672255773
2024-04-11,5216.5,5241.25,0.0025946569286949828,0.004744560529090336,0.0073515279646358955
2024-04-12,5205.75,5169.5,-0.0067731934176007424,-0.006963453873121028,-0.013689482470784609
2024-04-15,5207.25,5100.25,0.007302447045168803,-0.02054827404100057,-0.01339587967888578
2024-04-16,5106.0,5089.0,0.0011273957158963732,-0.0033294163728946335,-0.0022057742267536096
2024-04-17,5113.5,5056.5,0.004814305364511773,-0.0111469639190378,-0.00638632344271961
2024-04-18,5074.0,5050.0,0.0034608919212895106,-0.004729996058336572,-0.0012854741421932658
2024-04-19,5042.0,5002.0,-0.0015841584158415856,-0.007933359777865912,-0.009504950495049513
2024-04-22,5029.25,5044.0,0.005447820871651299,0.0029328428692150244,0.00839664134346263
2024-04-23,5066.25,5105.5,0.004411181601903236,0.007747347643720648,0.012192704203013438
2024-04-24,5114.25,5106.75,0.0017138380178238766,-0.00146649068778415,0.0002448340025462681
2024-04-25,5040.0,5091.5,-0.013070935526509064,0.010218253968254043,-0.00298624369706757
2024-04-26,5109.5,5130.5,0.0035353039379357742,0.004109991192875917,0.007659825198860881
2024-04-29,5147.5,5149.75,0.0033135172010525515,0.0004371053909664191,0.0037520709482505854
2024-04-30,5128.5,5067.25,-0.004126413903587589,-0.011943063273861743,-0.016020195155104666
2024-05-01,5060.5,5046.75,-0.0013320834772312384,-0.0027171228139512005,-0.004045586856776362
2024-05-02,5083.25,5096.5,0.007232377272502033,0.0026066001081985757,0.009857829296081588
2024-05-03,5154.25,5156.5,0.011331305798096825,0.0004365329582383115,0.011772785244775763
2024-05-06,5175.25,5206.25,0.003636187336371499,0.0059900487899136046,0.009648017065839287
2024-05-07,5215.0,5212.25,0.001680672268907557,-0.0005273250239693494,0.0011524609843938105
2024-05-08,5196.0,5212.0,-0.0031176555230466585,0.003079291762894565,-4.796393112382891e-05
2024-05-09,5215.0,5239.0,0.0005755947812740025,0.004602109300095858,0.005180353031465801
2024-05-10,5251.0,5243.5,0.002290513456766563,-0.0014282993715483139,0.0008589425462874889
2024-05-13,5260.75,5245.25,0.0032897873557737878,-0.0029463479541890214,0.0003337465433392861
2024-05-14,5248.75,5268.5,0.0006672703874934793,0.0037628006668253278,0.0044325818597779065
2024-05-15,5295.25,5329.0,0.005077346493309376,0.006373636749917422,0.01148334440542853
2024-05-16,5334.5,5319.0,0.0010320885719647954,-0.0029056143968506642,-0.001876524676299507
2024-05-17,5324.0,5324.5,0.0009400263207370863,9.391435011263383e-05,0.0010340289528105728
2024-05-20,5329.25,5334.25,0.0008921025448398456,0.0009382183234039054,0.0018311578551977181
2024-05-21,5323.75,5343.25,-0.0019684116792426654,0.0036628316506222003,0.0016872100107794274
2024-05-22,5339.25,5332.75,-0.000748608056894251,-0.001217399447487888,-0.0019650961493472563
2024-05-23,5353.25,5284.25,0.003844170456143603,-0.012889366272824887,-0.009094744737705662
2024-05-24,5302.75,5322.0,0.0035009698632728625,0.0036301918815708767,0.007143870937219132
2024-05-28,5328.0,5328.5,0.0011273957158963732,9.38438438438105e-05,0.0012213453588876266
2024-05-29,5284.75,5285.75,-0.008210565825279126,0.00018922370973073477,-0.00802289574927273
2024-05-30,5268.75,5249.75,-0.003216194485172408,-0.0036061684460261256,-0.006810764792129831
2024-05-31,5259.0,5298.5,0.001761988666126868,0.0075109336375736024,0.009286156483642172
2024-06-03,5309.0,5298.75,0.0019816929319618204,-0.0019306837445847158,4.7183165046815745e-05
2024-06-04,5285.25,5302.5,-0.002547770700636942,0.0032638001986660115,0.0007077140835103357
2024-06-05,5322.75,5364.5,0.0038189533239039175,0.007843689821990463,0.011692597831211682
2024-06-06,5367.75,5362.0,0.0006058346537420878,-0.0010712123329141843,-0.00046602665672479393
2024-06-07,5345.25,5355.0,-0.0031238343901529575,0.0018240493896450882,-0.0013054830287205776
2024-06-10,5346.5,5369.75,-0.0015873015873015817,0.004348639296736234,0.002754435107376274
2024-06-11,5351.75,5381.5,-0.0033521113645886835,0.0055589293221842695,0.002188183807439792
2024-06-12,5427.5,5425.75,0.008547802657251635,-0.00032243205895898797,0.008222614512682247
2024-06-13,5441.0,5437.75,0.0028106713357600732,-0.0005973166697298415,0.002211675805188218
2024-06-14,5418.5,5436.5,-0.003540067123350643,0.0033219525698993113,-0.00022987448852929138
2024-06-17,5428.0,5478.75,-0.0015635059321253975,0.009349668386145815,0.007771544192035407
2024-06-18,5481.25,5490.5,0.0004563084645219373,0.0016875712656785335,0.0021446497832535716
2024-06-20,5499.25,5474.25,0.0015936617794372054,-0.004546074464699679,-0.0029596575903834133
2024-06-24,5530.5,5513.75,0.01027538018906693,-0.0030286592532320356,0.007215600310544801
2024-06-25,5525.25,5533.5,0.0020856948537746334,0.0014931451065562928,0.0035819542053956432
2024-06-26,5520.75,5538.0,-0.0023041474654378336,0.0031245754652899915,0.0008132285172133269
2024-06-27,5541.75,5547.5,0.000677139761646739,0.0010375783822800244,0.001715420729505146
2024-06-28,5548.25,5526.0,0.00013519603424971827,-0.004010273509665208,-0.0038756196484902583
2024-07-01,5535.75,5534.5,0.0017643865363734523,-0.00022580499480651106,0.0015381831342742291
2024-07-02,5516.75,5565.5,-0.0032071551178968205,0.008836724520777661,0.0056012286566085034
2024-07-05,5591.75,5618.5,0.00471655736232135,0.004783833325881837,0.009522953912496579
2024-07-08,5631.25,5625.5,0.0022692889561271024,-0.0010210876803551372,0.0012458841327755987
2024-07-09,5636.0,5632.75,0.0018665007554883317,-0.000576650106458465,0.0012887743311704725
2024-07-10,5645.25,5685.5,0.002219164706404486,0.007129887958903458,0.009364875061027123
2024-07-11,5687.75,5634.5,0.0003957435581742885,-0.009362225836227034,-0.00897018731861754
2024-07-12,5646.25,5670.25,0.002085366935841604,0.004250608811157797,0.00634483982607148
2024-07-15,5690.75,5686.0,0.0036153608747409027,-0.0008346878706673166,0.0027776553062033305
2024-07-16,5698.75,5715.0,0.002242349630671825,0.002851502522482896,0.005100246218783022
2024-07-17,5660.5,5633.0,-0.009536307961504842,-0.00485822807172509,-0.014348206474190772
2024-07-18,5648.0,5595.5,0.0026628794603231754,-0.0092953257790368,-0.006657198650807716
2024-07-19,5586.75,5556.75,-0.0015637565901170936,-0.00536984830178544,-0.006925207756232732
2024-07-22,5586.5,5611.25,0.0053538489224815855,0.0044303231003310906,0.009807891303369676
2024-07-23,5607.75,5602.75,-0.0006237469369569926,-0.0008916232000356628,-0.001514813989752728
2024-07-24,5550.0,5473.75,-0.009415019410111136,-0.013738738738738765,-0.023024407656954127
2024-07-25,5470.0,5439.5,-0.0006850879196163007,-0.005575868372943327,-0.006257136332496027
2024-07-26,5472.25,5497.0,0.00602077396819567,0.004522819681118451,0.010570824524312794
2024-07-29,5507.75,5503.5,0.001955612152082953,-0.0007716399618719061,0.0011824631617245451
2024-07-30,5514.75,5460.25,0.0020441537203597093,-0.009882587605965831,-0.007858635413827586
2024-07-31,5539.0,5566.5,0.014422416556018502,0.004964795089366314,0.01945881598827892
2024-08-01,5580.75,5479.0,0.0025599568849365983,-0.018232316444922292,-0.01571903350399717
2024-08-02,5403.25,5374.0,-0.01382551560503742,-0.005413408596677938,-0.019164081036685543
2024-08-05,5152.25,5228.5,-0.04126349088202452,0.014799359503129716,-0.027074804614812042
2024-08-06,5237.25,5261.75,0.001673520130056394,0.004678027590815814,0.006359376494214475
2024-08-07,5328.75,5226.75,0.012733406186154816,-0.019141449683321654,-0.006651779350976383
2024-08-08,5283.5,5360.0,0.010857607499880517,0.014479038516135079,0.025493853733199456
2024-08-09,5336.5,5369.25,-0.0043843283582089,0.0061369811674318875,0.001725746268656625
2024-08-12,5383.0,5373.5,0.0025608790799460657,-0.0017648151588333105,0.0007915444428923113
2024-08-13,5406.5,5455.75,0.0061412487205732,0.009109405345417487,0.015306597189913562
2024-08-14,5469.0,5477.25,0.002428630344132321,0.0015085024684586834,0.003940796407460034
2024-08-15,5537.25,5568.5,0.010954402300424437,0.005643595647659039,0.016659820165228822
2024-08-16,5548.5,5578.5,-0.0035916314986081943,0.005406866720735426,0.0017958157493040972
2024-08-19,5582.25,5627.5,0.0006722237160528,0.008106050427694855,0.008783723223088735
2024-08-20,5629.25,5622.25,0.0003109729009329598,-0.0012435049074033255,-0.0009329187027987684
2024-08-21,5632.5,5641.5,0.001823113522166464,0.001597869507323546,0.0034238961269954515
2024-08-22,5662.5,5594.75,0.0037224142515288605,-0.011964679911699805,-0.00828680315518926
2024-08-23,5622.0,5650.5,0.004870637651369636,0.005069370330843093,0.009964699048214953
2024-08-26,5663.5,5636.25,0.002300681355632328,-0.004811512315705868,-0.0025219007167507357
2024-08-27,5621.25,5644.5,-0.0026613439787092075,0.004136090727151487,0.0014637391882901252
2024-08-28,5643.5,5604.75,-0.00017716361059438857,-0.006866306370160391,-0.007042253521126751
2024-08-29,5625.0,5613.25,0.0036130068245685543,-0.002088888888888918,0.001516570765868197
2024-08-30,5631.5,5655.25,0.003251235915022521,0.004217348841338842,0.007482296352380624
2024-09-03,5627.5,5544.25,-0.004906944874231933,-0.014793425144380312,-0.019627779496927622
2024-09-04,5523.5,5528.25,-0.003742616224015838,0.0008599619806282099,-0.002885872751048346
2024-09-05,5532.25,5516.25,0.0007235562791119143,-0.002892132495819988,-0.002170668837335521
2024-09-06,5525.0,5414.5,0.0015862225243599148,-0.020000000000000018,-0.018445501926127372
2024-09-09,5460.5,5481.25,0.00849570597469751,0.0038000183133413135,0.012328008126327505
2024-09-10,5498.75,5500.25,0.0031927023945268473,0.00027278927028873134,0.003466362599771955
2024-09-11,5490.5,5555.5,-0.0017726466978773558,0.011838630361533653,0.010044997954638424
2024-09-12,5558.25,5600.5,0.0004950049500493936,0.007601313363018836,0.008100081000810055
2024-09-13,5606.25,5629.25,0.0010266940451746365,0.004102564102564044,0.005133470225872738
2024-09-16,5627.75,5636.75,-0.0002664653373006809,0.0015992181600106292,0.0013323266865035155
2024-09-17,5660.75,5640.0,0.004257772652681124,-0.0036655920151923427,0.0005765733800504602
2024-09-18,5640.25,5621.25,4.4326241134706734e-05,-0.0033686450068702856,-0.0033244680851063357
2024-09-19,5714.0,5715.25,0.016499888814765384,0.00021876093804684693,0.01672225928396709
2024-09-23,5772.0,5777.75,0.009929574384322626,0.0009961884961884326,0.010935654608284828
2024-09-24,5780.25,5791.0,0.00043269438795379145,0.0018597811513343387,0.0022932802561550503
2024-09-25,5797.25,5779.25,0.0010792609221206284,-0.0031049204364138605,-0.002029010533586617
2024-09-26,5818.25,5804.25,0.0067482804862222245,-0.002406221802088271,0.004325820824501392
2024-09-27,5810.75,5790.0,0.001119869061463552,-0.0035709676031493442,-0.0024550975578240264
2024-09-30,5781.25,5809.5,-0.001511226252158937,0.0048864864864865964,0.0033678756476684946
2024-10-01,5804.0,5765.25,-0.0009467251914966335,-0.006676430048242588,-0.0076168344952233236
2024-10-02,5742.25,5760.75,-0.0039894193660292565,0.0032217336409943176,-0.0007805385716144198
2024-10-03,5746.5,5749.0,-0.0024736362452805194,0.0004350474201688659,-0.0020396649741787343
2024-10-04,5790.5,5798.75,0.007218646721169009,0.0014247474311372965,0.008653678900678363
2024-10-07,5781.0,5748.5,-0.003061004526837663,-0.005621864729285608,-0.008665660702737665
2024-10-08,5770.75,5798.25,0.003870574932591131,0.0047654117748991975,0.008654431590849887
2024-10-09,5795.75,5838.25,-0.0004311645755185056,0.007332959496182623,0.006898633208295646
2024-10-10,5822.5,5828.75,-0.0026977262022009896,0.00107342206955785,-0.0016271999314863006
2024-10-11,5825.0,5860.25,-0.0006433626420758731,0.006051502145922649,0.005404246193437601
2024-10-14,5874.75,5908.5,0.002474297171622286,0.005744925315970928,0.008233437140053645
2024-10-15,5911.0,5864.0,0.00042311923500037985,-0.007951277279648061,-0.007531522383007583
2024-10-16,5860.75,5885.25,-0.0005542291950886291,0.004180352343983174,0.0036238062755797884
2024-10-17,5918.25,5888.75,0.005607238435070716,-0.004984581590841919,0.0005947071067500254
2024-10-18,5895.5,5905.75,0.001146253449373802,0.0017386141972690616,0.0028868605391636493
2024-10-21,5900.75,5896.5,-0.0008466325191550661,-0.0007202474261746028,-0.0015662701604368667
2024-10-22,5867.5,5890.25,-0.00491817179682863,0.003877290157648039,-0.0010599508182820294
2024-10-23,5873.0,5835.5,-0.0029285683969271226,-0.00638515239230375,-0.009295021433725181
2024-10-24,5852.25,5852.5,0.0028703624368091596,4.271861249938169e-05,0.002913203667209263
2024-10-25,5878.25,5845.75,0.004399829132849309,-0.005528856377323144,-0.0011533532678342784
2024-10-28,5872.5,5861.75,0.004575973998203864,-0.0018305661983822885,0.002737031176495819
2024-10-29,5848.5,5874.5,-0.0022604171109310567,0.00444558433786435,0.0021751183520279938
2024-10-30,5862.25,5845.0,-0.002085283853945019,-0.0029425561857648885,-0.005021703974806391
2024-10-31,5802.5,5743.0,-0.007271171941830579,-0.010254200775527744,-0.0174508126603935
2024-11-01,5761.75,5760.5,0.003264844158105573,-0.00021694797587534786,0.0030471878808984165
2024-11-04,5758.5,5743.5,-0.00034719208402045343,-0.002604845011721757,-0.0029511327141741317
2024-11-05,5756.25,5813.75,0.0022199007573779905,0.009989142236699333,0.012231217898494018
2024-11-06,5926.25,5959.75,0.019350677273704653,0.005652815861632465,0.025112878950763307
2024-11-07,5979.75,6002.0,0.0033558454633164647,0.0037208913416113543,0.007089223541255851
2024-11-08,6008.75,6027.25,0.0011246251249583672,0.003078843353442995,0.004206931022992411
2024-11-11,6044.0,6028.5,0.0027790451698535,-0.002564526803441436,0.0002073914305860125
2024-11-12,6031.5,6014.0,0.0004976362279174307,-0.002901434137445036,-0.0024052417682673966
2024-11-13,6017.25,6016.0,0.000540405719986703,-0.0002077360920685889,0.00033255736614568043
2024-11-14,6018.25,5975.75,0.000374002659574435,-0.007061853528849804,-0.006690492021276584
2024-11-15,5938.25,5902.75,-0.006275362925155847,-0.005978192228350054,-0.012216039827636749
2024-11-18,5895.75,5920.5,-0.0011858879335903127,0.004197939193486766,0.0030070729744611224
2024-11-19,5884.75,5943.25,-0.006038341356304322,0.00994094906325671,0.0038425808631028513
2024-11-20,5936.75,5941.25,-0.0010936777015942978,0.0007579904830083972,-0.00033651621587516
2024-11-21,5961.0,5971.25,0.0033242162844520085,0.0017195101493037157,0.005049442457395248
2024-11-22,5971.75,5989.5,8.37345614401741e-05,0.00297232804454306,0.0030563114925685753
2024-11-25,6021.5,6005.0,0.005342683028633388,-0.0027401810180187613,0.002587862091994353
2024-11-26,6019.75,6039.75,0.002456286427976684,0.00332239710951443,0.005786844296419735
2024-11-27,6029.0,6016.25,-0.001779874994825903,-0.0021147785702437805,-0.0038908895235729712
2024-12-03,6057.5,6063.0,-0.0010307153164296201,0.0009079653322328074,-0.00012368583797151
2024-12-04,6080.25,6096.5,0.0028451261751607504,0.0026725874758439794,0.005525317499587734
2024-12-05,6100.25,6087.25,0.0006151070286228855,-0.0021310602024506853,-0.0015172640039367025
2024-12-06,6096.5,6099.25,0.0015195695921803587,0.0004510784876567975,0.0019713335249906816
2024-12-09,6092.5,6064.5,-0.0011066934459155187,-0.0045958145260566186,-0.005697421814157444
2024-12-10,6066.0,6048.0,0.0002473410833538914,-0.0029673590504450953,-0.0027207519168933603
2024-12-11,6072.75,6089.75,0.0040922619047618625,0.002799390720843009,0.006903108465608376
2024-12-12,6081.75,6059.75,-0.0013136828277022783,-0.0036173798659925316,-0.004926310603883599
2024-12-13,6076.75,6054.0,0.002805396262222093,-0.003743777512650648,-0.0009488840298692569
2024-12-16,6072.25,6081.0,0.0030145358440700765,0.001440981514265749,0.004459861248761188
2024-12-17,6049.75,6050.75,-0.005138957408321043,0.00016529608661519646,-0.00497451077125477
2024-12-18,6050.75,5871.25,0.0,-0.029665743916043485,-0.029665743916043485
2024-12-19,5923.25,5872.0,0.008856717053438379,-0.008652344574346826,0.00012774111134761235
2024-12-23,6007.75,6040.25,0.023118188010899265,0.005409679164412706,0.028652929155313256
2024-12-26,6083.5,6095.25,0.007160299656471247,0.001931453932769056,0.009105583378171467
2024-12-27,6053.0,6030.0,-0.006931627086665837,-0.0037997687097307553,-0.010705057216685132
2024-12-30,5949.5,5955.5,-0.01334991708126032,0.0010084881082443875,-0.012354892205638457
2024-12-31,5976.25,5936.25,0.003484174292670561,-0.006693160426688993,-0.0032323062715137185
2025-01-02,5968.5,5921.0,0.0054327226784585125,-0.007958448521404038,-0.0025689618867129616
2025-01-03,5947.25,5987.75,0.004433372741091013,0.006809870108033023,0.011273433541631572
2025-01-06,6034.75,6025.5,0.007849359108179188,-0.0015327892621898043,0.006304538432633233
2025-01-07,6044.0,5955.75,0.003070284623682751,-0.014601257445400417,-0.011575802837938798
2025-01-08,5946.25,5964.25,-0.0015950971749989495,0.0030271179314693697,0.0014271922092095046
2025-01-10,5912.0,5868.25,-0.008760531500188629,-0.007400202976995951,-0.01609590476589684
2025-01-13,5818.75,5875.25,-0.008435223448217122,0.009709989258861462,0.001192859881566033
2025-01-14,5897.25,5887.0,0.003744521509722931,-0.0017380982661410194,0.0019999148972384972
2025-01-15,5961.25,5989.0,0.012612536096483717,0.0046550639547073835,0.017326312213351347
2025-01-16,5997.0,5975.5,0.0013357822674904263,-0.0035851258962814603,-0.0022541325763900666
2025-01-17,6023.25,6032.25,0.007990963099322235,0.0014942099364960715,0.009497113212283415
2025-01-21,6063.75,6089.25,0.005221932114882533,0.004205318491032672,0.009449210493596816
2025-01-22,6112.25,6120.75,0.0037771482530688516,0.0013906499243323545,0.00517305086833364
2025-01-23,6113.25,6150.75,-0.0012253400318588126,0.006134216660532488,0.004901360127435472
2025-01-24,6153.5,6131.75,0.0004470999471608561,-0.003534573819777398,-0.0030890541803845206
2025-01-27,6015.5,6046.0,-0.018958698577078326,0.005070235225667075,-0.013984588412769616
2025-01-28,6055.25,6093.25,0.0015299371485280044,0.006275546013789768,0.007815084353291368
2025-01-29,6086.5,6061.25,-0.0011077832027243106,-0.004148525425121119,-0.005251712961063526
2025-01-30,6090.0,6103.25,0.004743246030109338,0.002175697865353099,0.006929263765725002
2025-01-31,6123.5,6067.5,0.0033179043951991893,-0.009145096758389815,-0.0058575349199196936
2025-02-03,5975.0,6022.0,-0.015245158632056,0.007866108786610981,-0.00749896992171406
2025-02-04,6022.0,6063.25,0.0,0.006849883759548314,0.006849883759548314
2025-02-05,6050.25,6085.75,-0.0021440646517956186,0.005867526135283629,0.0037108811281079124
2025-02-06,6098.75,6099.75,0.00213613769872234,0.00016396802623486195,0.00230045598323958
2025-02-07,6111.25,6052.75,0.001885323168982378,-0.009572509715688238,-0.007705233821058255
2025-02-10,6077.0,6085.75,0.004006443352195355,0.0014398551917065294,0.005452067242162739
2025-02-11,6069.0,6092.0,-0.002752331265661545,0.0037897511945954587,0.0010269892782319712
2025-02-12,6026.75,6074.0,-0.010710768220617228,0.007840046459534511,-0.002954694681549519
2025-02-13,6084.25,6133.0,0.0016875205795192638,0.008012491268438948,0.009713533091866955
2025-02-14,6137.5,6129.75,0.0007337355291048286,-0.001262729124236306,-0.0005299201043534874
2025-02-18,6143.5,6147.25,0.0022431583669806354,0.0006104012370797829,0.0028549288307027076
2025-02-19,6133.25,6157.75,-0.00227744113221362,0.003994619492112772,0.0017080808491602983
2025-02-20,6148.5,6135.75,-0.0015021720595996824,-0.00207367650646495,-0.0035727335471560373
2025-02-21,6127.75,6033.0,-0.001303834087112432,-0.015462445432662841,-0.01674611905635004
2025-02-24,6051.25,6002.5,0.003025029007127422,-0.008056186738277238,-0.005055527929719861
2025-02-25,6000.5,5974.5,-0.00033319450229074565,-0.004332972252312328,-0.004664723032069995
2025-02-26,5979.25,5976.0,0.0007950456105112469,-0.0005435464314086369,0.0002510670348983002
2025-02-27,5998.75,5875.75,0.0038068942436413344,-0.020504271723275735,-0.016775435073627887
2025-02-28,5875.5,5962.75,-4.2547759860456225e-05,0.014849800017019854,0.014806620431434325
2025-03-03,5982.25,5866.75,0.0032703031319440967,-0.019307116887458786,-0.016099953880340467
2025-03-04,5816.25,5797.0,-0.00860783227510975,-0.003309692671394804,-0.011889035667106973
2025-03-05,5793.75,5851.5,-0.0005606348111092396,0.009967637540453156,0.009401414524754292
2025-03-06,5773.75,5750.25,-0.013287191318465341,-0.004070145053041818,-0.017303255575493504
2025-03-07,5733.75,5772.75,-0.0028694404591105283,0.0068018312622628585,0.003912873353332458
2025-03-10,5698.25,5620.25,-0.012905461002122087,-0.013688413109287922,-0.026417218829847156
2025-03-11,5613.25,5583.5,-0.001245496196788376,-0.0052999599162695255,-0.006538855033139113
2025-03-12,5633.75,5600.5,0.008999731351303053,-0.005901930330596827,0.0030446852332766117
2025-03-13,5589.75,5532.0,-0.001919471475761103,-0.010331410170401178,-0.012231050799035748
2025-03-14,5573.25,5632.5,0.007456616052060827,0.01063113981967434,0.01816702819956606
2025-03-17,5633.5,5678.75,0.0001775410563693569,0.008032306736487138,0.008211273857079426
2025-03-18,5650.5,5626.0,-0.004974686330618483,-0.004335899477922345,-0.009289016068677047
2025-03-19,5637.0,5682.5,0.0019552079630287267,0.008071669327656572,0.010042659082829752
2025-03-20,5637.0,5666.25,-0.008007039155301321,0.0051889302820649075,-0.002859656841179059
2025-03-24,5776.25,5816.0,0.019413192146481295,0.00688162735338671,0.026428413853959887
2025-03-25,5828.25,5828.5,0.0021062585969737757,4.289452236938551e-05,0.002149243466299966
2025-03-26,5825.75,5759.0,-0.0004718195075920084,-0.011457752220744077,-0.011924165737325243
2025-03-27,5744.0,5744.75,-0.002604618857440566,0.00013057103064073594,-0.0024743879145685543
2025-03-28,5722.75,5622.25,-0.0038295835327908367,-0.017561487047311197,-0.021323817398494316
2025-03-31,5566.75,5643.75,-0.009871492729779052,0.013832128261553,0.003824091778202643
2025-04-01,5631.25,5674.25,-0.0022148394241418012,0.007635960044395151,0.005404208194905946
2025-04-02,5613.25,5708.5,-0.010750319425474775,0.01696877922772022,0.006036040005287013
2025-04-03,5527.75,5434.75,-0.03166330910046422,-0.01682420514675953,-0.047954804239292326
2025-04-04,5303.0,5108.75,-0.024242145452872732,-0.036630209315481776,-0.05998435990615947
2025-04-07,4932.75,5104.75,-0.034450697333007096,0.03486898788708115,-0.0007829703939319366
2025-04-08,5272.5,5016.5,0.03286155051667561,-0.0485538169748696,-0.017287820167491086
2025-04-09,4993.25,5498.0,-0.004634705471942557,0.1010864667300857,0.09598325525764984
2025-04-10,5383.75,5299.0,-0.02078028373954166,-0.015741815648943613,-0.036194979992724585
2025-04-11,5292.25,5394.75,-0.0012738252500471559,0.019367943691246614,0.01806944706548408
2025-04-14,5488.25,5447.25,0.017331665044719502,-0.007470505170136255,0.009731683581259531
2025-04-15,5449.25,5428.75,0.000367157740144064,-0.0037619855943478164,-0.0033962090963329805
2025-04-16,5372.75,5304.0,-0.010315450149666172,-0.012796054162207415,-0.022979507253050868
2025-04-17,5329.5,5312.5,0.004807692307692291,-0.0031897926634768536,0.0016025641025640969
2025-04-21,5261.0,5184.0,-0.009694117647058853,-0.014636000760311685,-0.02418823529411762
2025-04-22,5237.5,5325.75,0.010320216049382713,0.016849642004773235,0.02734375
2025-04-23,5447.75,5397.0,0.022907571703515872,-0.009315772566655944,0.013378397408815745
2025-04-24,5407.25,5512.0,0.0018992032610709586,0.019372139257478382,0.021308134148601
2025-04-25,5514.0,5549.5,0.00036284470246727984,0.0064381574174827705,0.006803338171262663
2025-04-28,5564.75,5549.0,0.0027479953148932257,-0.0028303158273058626,-9.009820704564131e-05
2025-04-29,5534.0,5586.75,-0.0027031897639214764,0.009531984098301471,0.0068030275725357026
2025-04-30,5498.5,5587.75,-0.015796303754418983,0.01623169955442383,0.0001789949433927962
2025-05-01,5644.0,5634.5,0.010066663683951482,-0.0016832034018426922,0.008366516039550742
2025-05-02,5687.0,5707.75,0.009317596947377771,0.003648672410761389,0.013000266217055634
2025-05-05,5665.75,5672.5,-0.007358416188515626,0.0011913691920752978,-0.006175813586789869
2025-05-06,5619.25,5624.75,-0.009387395328338433,0.000978778306713446,-0.008417805200528816
2025-05-07,5632.5,5659.0,0.0013778390150673836,0.00470483799378596,0.006089159518200882
2025-05-08,5691.75,5692.5,0.00578724156211341,0.0001317696666227608,0.005919773811627449
2025-05-09,5705.25,5678.5,0.0022397891963108485,-0.004688663949870775,-0.002459376372419886
2025-05-12,5840.0,5869.0,0.02844060931584047,0.0049657534246574375,0.033547591793607445
2025-05-13,5864.25,5900.25,-0.0008093371954336348,0.006138892441488686,0.005324586812063492
2025-05-14,5918.25,5906.5,0.003050718189907098,-0.0019853841929624583,0.00105927714927323
2025-05-15,5890.0,5939.0,-0.0027935325488868124,0.00831918505942264,0.005502412596292139
2025-05-16,5939.25,5972.5,4.20946287253976e-05,0.00559834996001185,0.0056406802492001695
2025-05-19,5921.25,5976.5,-0.00858099623273334,0.009330800084441648,0.0006697362913352656
2025-05-20,5966.5,5955.75,-0.0016732201121058,-0.0018017263052040322,-0.0034719317326193933
2025-05-21,5921.75,5859.75,-0.005708768836838352,-0.010469877992147603,-0.01611887671577883
2025-05-22,5856.75,5860.5,-0.0005119672340969661,0.0006402868485080315,0.000127991808524186
2025-05-23,5788.0,5815.25,-0.012370958109376384,0.004708016586040031,-0.007721184199300346
2025-05-27,5887.75,5933.5,0.012467219809982444,0.00777037068489661,0.020334465414212577
2025-05-28,5941.75,5894.0,0.0013904103817308222,-0.008036352926326429,-0.0066571163731355965
2025-05-29,5948.25,5920.5,0.009204275534441697,-0.004665237674946421,0.004496097726501613
2025-05-30,5902.25,5924.25,-0.003082509923148402,0.0037273920962344054,0.000633392449961967
2025-06-02,5905.0,5949.5,-0.0032493564586234536,0.007535986452159138,0.004262142887285325
2025-06-03,5950.5,5979.25,0.00016808135137402758,0.004831526762457017,0.005000420203378431
2025-06-04,5990.25,5977.5,0.0018396956139983267,-0.0021284587454614146,-0.00029267884768158225
2025-06-05,5996.0,5953.75,0.0030949393559180916,-0.007046364242828562,-0.003973232956921757
2025-06-06,6001.5,6005.5,0.008020155364266257,0.0006665000416563593,0.008692000839806813
2025-06-09,6012.5,6008.75,0.0011655982016485211,-0.0006237006237006515,0.0005411705936224642
2025-06-10,6020.5,6041.25,0.001955481589348773,0.003446557594884103,0.0054087788641563606
2025-06-11,6051.25,6025.25,0.001655286571487613,-0.0042966329270811565,-0.0026484585143803363
2025-06-12,6017.5,6048.75,-0.0012862536824198578,0.005193186539260486,0.0039002531015310815
2025-06-13,6004.25,5982.75,-0.007356891919818143,-0.0035807969355040603,-0.01091134531928084
2025-06-16,6019.75,6039.5,0.006184446951652767,0.003280867145645683,0.009485604446116014
2025-06-17,6014.25,5988.75,-0.004180809669674601,-0.0042399301658561095,-0.008403013494494571
2025-06-18,5987.75,5988.0,-0.0001669797537048323,4.175191014987867e-05,-0.00012523481527859648
2025-06-24,6116.75,6143.75,0.007204017783632555,0.0044141087996076855,0.011649925901531466
2025-06-25,6156.75,6144.75,0.0021159715157681447,-0.0019490802777439864,0.0001627670396744385
2025-06-26,6167.0,6191.75,0.00362097725700794,0.004013296578563308,0.007648805891207866
2025-06-27,6207.5,6219.0,0.002543707352525626,0.0018525976641159403,0.004401017482940972
2025-06-30,6246.5,6251.5,0.0044219327866217295,0.0008004482510206579,0.005225920566007458
2025-07-01,6237.75,6246.0,-0.0021994721266895834,0.0013225922808706159,-0.0008797888506758555
2025-07-02,6245.25,6274.0,-0.00012007684918347028,0.004603498658980909,0.0044828690361831125
2025-07-08,6278.25,6271.5,0.001196029183112124,-0.0010751403655476777,0.0001196029183112568
2025-07-09,6296.75,6307.5,0.004026150043849208,0.0017072299201970065,0.005740253527864114
2025-07-10,6308.5,6323.75,0.000158541418945779,0.0024173733851153845,0.002576298057867632
2025-07-11,6295.25,6298.5,-0.0045068195295513425,0.0005162622612286949,-0.003992883969163863
2025-07-14,6292.0,6309.0,-0.0010319917440660964,0.0027018436109345068,0.001667063586568318
2025-07-15,6340.25,6283.0,0.004953241401173036,-0.009029612396987519,-0.0041210968457758845
2025-07-16,6297.5,6301.25,0.002307814738182312,0.0005954743946010588,0.0029046633773675
2025-07-17,6304.75,6339.5,0.0005554453481451116,0.005511717355961787,0.006070224161872639
2025-07-18,6346.75,6335.0,0.0011436233141415286,-0.0018513412376413019,-0.000709835160501604
2025-07-21,6347.25,6346.75,0.001933701657458542,-7.877427232261258e-05,0.0018547750591948464
2025-07-22,6342.75,6345.0,-0.000630243825579968,0.0003547357218871561,-0.0002757316736912152
2025-07-23,6366.75,6393.5,0.003427895981087392,0.004201515686967472,0.007643814026792706
2025-07-24,6404.0,6400.5,0.0016422929537811548,-0.0005465334166145919,0.0010948619691875106
2025-07-25,6406.25,6424.25,0.0008983673150535498,0.002809756097561067,0.00371064760565587
2025-07-28,6430.5,6425.25,0.0009728762112308775,-0.0008164217401446239,0.00015566019379686935
2025-07-29,6439.0,6405.75,0.0021399945527411646,-0.00516384531759595,-0.003034901365705611
2025-07-30,6406.75,6397.5,0.0001561097451507898,-0.0014437897529948618,-0.0012879053974944599
2025-07-31,6438.75,6374.0,0.006447831184056341,-0.010056299747621789,-0.0036733098866744696
2025-08-01,6300.75,6264.5,-0.011491998744901144,-0.005753283339285042,-0.017179165359271997
2025-08-04,6308.0,6355.75,0.006943890174794465,0.007569752694990495,0.014566206401149362
2025-08-05,6357.5,6324.0,0.0002753412264484556,-0.005269366889500637,-0.004995476536994059
2025-08-06,6331.0,6369.5,0.00110689437065159,0.006081187806033839,0.007194813409234557
2025-08-07,6402.75,6372.25,0.005220189967815481,-0.004763578150013714,0.00043174503493204064
2025-08-08,6387.0,6416.0,0.0023147239985876755,0.004540472835447007,0.006865706775471825
2025-08-11,6414.75,6399.5,-0.0001948254364090296,-0.002377333489224087,-0.002571695760598458
2025-08-12,6424.5,6466.75,0.003906555199624906,0.006576387267491546,0.01050863348699127
2025-08-13,6485.5,6490.25,0.002899447172072467,0.0007324030529642922,0.0036339737889976576
2025-08-14,6465.25,6486.25,-0.003851931743769521,0.00324813425621584,-0.0006163090790031189
2025-08-15,6489.75,6468.0,0.0005396030063595791,-0.0033514388073500045,-0.0028136442474465673
2025-08-18,6468.0,6468.5,0.0,7.730364873226314e-05,7.730364873226314e-05
2025-08-19,6464.75,6434.75,-0.0005797325500502826,-0.004640550678680522,-0.00521759295045221
2025-08-20,6424.0,6414.0,-0.001670616574070527,-0.0015566625155666314,-0.0032246785034383274
2025-08-21,6385.25,6388.75,-0.004482382288743425,0.0005481382874594765,-0.0039367009666354535
2025-08-22,6403.5,6483.0,0.0023087458423010077,0.012415085500117051,0.014752494619448164
2025-08-25,6469.75,6456.25,-0.002043806879531096,-0.0020866339503071707,-0.004126176153015582
2025-08-26,6449.5,6480.75,-0.0010454985479186885,0.004845336847817627,0.0037947725072604577
2025-08-27,6473.25,6494.75,-0.0011572734637195214,0.003321360985594657,0.0021602437989429735
2025-08-28,6506.25,6514.5,0.0017706609184340305,0.0012680115273775439,0.003040917664267395
2025-08-29,6499.5,6473.5,-0.0023025558369790255,-0.004000307715978146,-0.006293652621076062
2025-09-02,6388.5,6426.0,-0.013130454931644442,0.005869922517022674,-0.007337607167683613
2025-09-03,6448.0,6460.5,0.0034235916588858384,0.0019385856079403574,0.005368814192343585
2025-09-04,6464.75,6510.0,0.0006578438201376713,0.006999497273676436,0.007661945669839687
2025-09-05,6535.0,6488.75,0.0038402457757296116,-0.007077276205049721,-0.003264208909370181
2025-09-08,6501.0,6506.5,0.0018878828742052711,0.0008460236886633776,0.002735503756501556
2025-09-09,6505.5,6518.5,-0.0001536924613847468,0.0019983091230497685,0.0018443095366171836
2025-09-10,6544.5,6539.0,0.003988647695021941,-0.0008404003361601742,0.003144895297997996
2025-09-11,6558.25,6590.75,0.002943875210276836,0.004955590287043066,0.007914054136718196
2025-09-12,6589.25,6587.0,-0.00022759170048936017,-0.0003414652653943584,-0.0005689792512233449
2025-09-15,6612.75,6619.0,0.003909215120692311,0.0009451438508940591,0.004858053742219592
2025-09-16,6628.25,6612.25,0.0013974920682882086,-0.002413910157281318,-0.0010197915092914345
2025-09-17,6616.0,6606.75,0.000567129192029947,-0.0013981257557436066,-0.0008317894816438631
2025-09-18,6624.25,6635.0,0.0026488061452303313,0.001622825225497282,0.004275929920157351
2025-09-22,6708.75,6749.25,0.011115297663903512,0.006036892118501891,0.017219291635267586
2025-09-23,6750.5,6716.0,0.00018520576360336882,-0.005110732538330498,-0.0049264733118494775
2025-09-24,6724.0,6695.0,0.001191185229303171,-0.004312908982748387,-0.0031268612269207408
2025-09-25,6653.75,6663.0,-0.00616131441374157,0.0013901934999061005,-0.004779686333084343
2025-09-26,6669.5,6697.5,0.0009755365450998532,0.0041982157583027035,0.0051778478162989305
2025-09-29,6720.5,6715.5,0.003434117207913312,-0.0007439922624804529,0.002687569988801819
2025-09-30,6707.0,6733.5,-0.001265728538455857,0.003951095869986654,0.002680366316729854
2025-10-01,6707.5,6758.0,-0.0038612905621148164,0.007528885575847966,0.003638523798915827
2025-10-02,6773.75,6768.5,0.0023305711749037616,-0.0007750507473703871,0.0015537141166026558
2025-10-03,6774.5,6765.75,0.0008864593336781468,-0.0012916082367702142,-0.0004062938612691136
2025-10-06,6785.25,6788.25,0.0028821638399290084,0.0004421355145352024,0.0033255736614565823
2025-10-07,6795.5,6765.75,0.001068021949692577,-0.0043778971378117815,-0.0033145508783559707
2025-10-08,6770.75,6800.75,0.0007390163692124752,0.004430823763984737,0.005173114584487992
2025-10-09,6805.0,6780.25,0.0006249310737787006,-0.0036370315944158627,-0.0030143734146969026
2025-10-10,6786.5,6593.5,0.0009217949190662988,-0.028438812348043907,-0.02754323218170418
2025-10-13,6671.0,6693.75,0.011754000151664501,0.0034102833158446977,0.015204367938120855
2025-10-14,6631.25,6691.25,-0.00933706816059754,0.009048067860508935,-0.00037348272642390157
2025-10-15,6727.25,6719.75,0.005380160657575184,-0.0011148686313129375,0.004259293853913659
2025-10-16,6734.0,6670.25,0.002120614606198057,-0.009466884466884484,-0.007366345474162039
2025-10-17,6648.75,6703.5,-0.0032232674937221484,0.008234630569655899,0.004984820658895828
2025-10-20,6742.25,6772.25,0.005780562392779798,0.004449553190700506,0.010255836503319182
2025-10-21,6772.25,6773.75,0.0,0.0002214921185721419,0.0002214921185721419
2025-10-22,6770.75,6739.0,-0.00044288614135445936,-0.004689288483550547,-0.005130097804022848
2025-10-23,6740.5,6775.25,0.00022258495325711003,0.005155403901787592,0.005379136370381454
2025-10-24,6814.75,6826.25,0.005830043171838772,0.0016875160497449304,0.007527397513006795
2025-10-27,6884.0,6907.75,0.008459989013001268,0.00345002905287628,0.011939205273759468
2025-10-28,6922.75,6923.75,0.002171474068980439,0.00014445126575424183,0.0023162390069124683
2025-10-29,6936.5,6933.5,0.0018414876331467323,-0.00043249477402151904,0.0014081964253476187
2025-10-30,6887.75,6860.25,-0.0065983990769452605,-0.00399259555007081,-0.01056464988822381
2025-10-31,6899.5,6871.25,0.005721365839437276,-0.004094499601420387,0.0016034401078677263
2025-11-03,6903.75,6883.25,0.004729852646898403,-0.0029694006880318646,0.0017464071311623641
2025-11-04,6811.75,6806.0,-0.010387534958050337,-0.0008441296289499745,-0.011222896160970497
2025-11-05,6800.25,6821.75,-0.0008448427857772334,0.0031616484688063995,0.0023141345871289243
2025-11-06,6812.5,6752.75,-0.001355957049144263,-0.008770642201834877,-0.010114706636860094
2025-11-07,6710.0,6756.5,-0.006330754137203409,0.006929955290611023,0.0005553293102809054
2025-11-10,6820.75,6857.25,0.00950936135573155,0.005351317670344136,0.014911566639532303
2025-11-11,6848.25,6874.5,-0.0013124794925079009,0.003833096046435225,0.0025155856939735877
2025-11-12,6887.25,6879.25,0.0018546803403884926,-0.001161566663036795,0.0006909593424977434
2025-11-13,6842.0,6768.25,-0.005414834465966467,-0.010779011984799802,-0.016135479885161952
2025-11-14,6687.25,6755.0,-0.01196764303919029,0.010131219858686258,-0.0019576700033243633
2025-11-17,6728.5,6697.0,-0.0039230199851961745,-0.004681578360704486,-0.00858623242042933
2025-11-18,6659.5,6634.0,-0.005599522174107863,-0.0038291163000224726,-0.009407197252501165
2025-11-19,6640.75,6662.75,0.001017485679831065,0.0033128788163987455,0.004333735302984643
2025-11-20,6765.25,6560.5,0.01538403812239686,-0.030264956949114907,-0.015346516078195926
2025-11-21,6588.75,6626.0,0.004306074232147017,0.005653576171504415,0.009983995122323064
2025-11-24,6661.75,6720.0,0.005395412013281087,0.008743948662138346,0.014186537881074601
2025-11-25,6714.75,6781.25,-0.0007812499999999556,0.009903570497784786,0.00911458333333326
2025-11-26,6810.0,6829.25,0.0042396313364054805,0.002826725403817898,0.007078341013824874
2025-12-02,6842.5,6840.0,0.0019401837683494794,-0.00036536353671901,0.0015741113592269151
2025-12-03,6827.5,6863.0,-0.001827485380117011,0.005199560600512632,0.0033625730994151226
2025-12-04,6873.5,6866.75,0.001529943173539161,-0.0009820324434421934,0.0005464082762640654
2025-12-05,6882.25,6879.0,0.0022572541595369255,-0.00047222928548074083,0.001783958932537244
2025-12-08,6883.75,6855.75,0.0006905073411833662,-0.004067550390412178,-0.0033798517226341085
2025-12-09,6852.75,6847.75,-0.00043758888524236816,-0.0007296340885045716,-0.0011669036939795374
2025-12-10,6842.75,6894.0,-0.0007301668431236585,0.007489678857184545,0.0067540432988937305
2025-12-11,6863.5,6908.0,-0.004424136930664346,0.006483572521308378,0.0020307513780097874
2025-12-12,6894.0,6835.0,-0.002026635784597608,-0.008558166521613009,-0.010567458019687281
2025-12-15,6865.5,6823.5,0.004462326261887251,-0.006117544242953854,-0.0016825164594000963
2025-12-16,6812.5,6799.25,-0.00161207591412027,-0.0019449541284403127,-0.0035538946288561357
2025-12-17,6807.0,6731.5,0.001139831599073382,-0.011091523431761452,-0.009964334301577393
2025-12-18,6791.25,6774.75,0.008876179157691455,-0.0024295969077857693,0.00642501671247131
2025-12-22,6920.25,6931.75,0.021476807262260644,0.0016617896752284533,0.023174286874054317
2025-12-23,6933.0,6958.25,0.00018032964258662965,0.003642002019327961,0.0038229884228369038
2025-12-26,6980.5,6980.0,0.0031976430855460425,-7.162810686911492e-05,0.0031257859375561914
2025-12-29,6952.25,6955.0,-0.003975644699140357,0.00039555539573510323,-0.003581661891117527
2025-12-30,6952.5,6945.25,-0.00035945363048162093,-0.0010427903631786695,-0.0014018691588785215
2025-12-31,6946.5,6896.5,0.0001799791224217362,-0.007197869430648485,-0.007019185774450154
2026-01-02,6931.0,6904.25,0.005002537519031458,-0.0038594719376713327,0.0011237584281882373
2026-01-05,6942.0,6943.25,0.005467646739327314,0.00018006338231058017,0.005648694644603047
2026-01-06,6951.25,6987.75,0.0011521981780866497,0.005250854162920371,0.006409102365606989
2026-01-07,6986.25,6962.75,-0.0002146613716861312,-0.00336375022365365,-0.0035776895281027787
2026-01-08,6953.25,6964.75,-0.0013644034325518417,0.0016539028511846077,0.0002872428279057093
2026-01-09,6972.5,7004.25,0.0011127463297317952,0.004553603442093879,0.0056714167773430635
2026-01-12,6976.0,7015.75,-0.004033265517364493,0.005698107798165042,0.0016418602991041809
2026-01-13,7021.5,7002.75,0.0008195845062894946,-0.0026703695791497895,-0.001852973666393476
2026-01-14,6974.25,6970.0,-0.004069829709756889,-0.0006093845216331717,-0.004676734140159233
2026-01-15,7003.75,6984.0,0.004842180774748961,-0.002819917901124347,0.002008608321377281
2026-01-16,6998.0,6977.75,0.002004581901489111,-0.0028936839096884714,-0.0008949026345933531
2026-01-20,6881.75,6833.25,-0.013758016552613661,-0.007047625967232185,-0.020708681165132026
2026-01-21,6859.25,6914.25,0.0038049244502982305,0.008018369355250243,0.011853803095159599
2026-01-22,6955.5,6944.75,0.005965939906714457,-0.0015455395011142459,0.004411179809812982
2026-01-23,6936.25,6943.75,-0.001223946146369559,0.0010812759055685017,-0.00014399366427875204
2026-01-26,6955.0,6980.0,0.0016201620162015207,0.0035945363048166534,0.005220522052205245
2026-01-27,6994.5,7007.0,0.0020773638968480945,0.001787118450210956,0.003868194842406858
2026-01-28,7027.0,6992.0,0.0028542885685742814,-0.0049807883876475945,-0.0021407164264307665
2026-01-29,7017.0,6993.0,0.003575514874141872,-0.0034202650705429383,0.00014302059496573705
2026-01-30,6976.75,6964.0,-0.0023237523237523705,-0.0018274984770846325,-0.004147004147004196
2026-02-02,6952.75,6997.75,-0.0016154508902929132,0.0064722591780230765,0.004846352670878851
2026-02-03,7013.75,6943.25,0.0022864492158194416,-0.010051684191766164,-0.007788217641384709
2026-02-04,6944.5,6911.75,0.000180030965325928,-0.004715962272301866,-0.004536780326216072
2026-02-05,6844.25,6823.5,-0.009765978225485639,-0.003031741973189228,-0.012768112272579346
2026-02-06,6857.25,6945.0,0.004946142009232712,0.012796675051952366,0.017806111233238164
2026-02-09,6928.0,6983.5,-0.002447804175665924,0.008010969976905313,0.005543556515478665
2026-02-10,6992.0,6964.25,0.0012171547218442491,-0.003968821510297538,-0.002756497458294538
2026-02-11,7009.0,6959.5,0.006425673977815238,-0.007062348409188179,-0.0006820547797681265
2026-02-12,6981.75,6848.5,0.003197068754939192,-0.019085472839904027,-0.01594942165385449
2026-02-13,6852.0,6853.5,0.0005110608162370855,0.0002189141856392407,0.0007300868803388205
2026-02-17,6840.0,6863.0,-0.001969796454366346,0.0033625730994151226,0.0013861530604799555
2026-02-18,6865.0,6893.25,0.00029141774734076087,0.0041150764748725255,0.0044076934285297575
2026-02-19,6874.25,6877.0,-0.002756319588002709,0.0004000436411244479,-0.0023573785950024018
2026-02-20,6849.5,6923.25,-0.003998836702050368,0.010767209285349244,0.0067253162716300885
2026-02-23,6921.0,6853.0,-0.0003249918752030734,-0.009825169773154174,-0.010146968548008561
2026-02-24,6846.25,6903.75,-0.0009849700860936617,0.008398758444403853,0.007405515832482168
2026-02-25,6938.25,6959.25,0.004997284084736542,0.0030266998162360448,0.008039109179793558
2026-02-26,6951.5,6920.75,-0.0011136257499012592,-0.004423505718190279,-0.005532205338218965
2026-02-27,6859.25,6883.75,-0.008886320124263936,0.003571819076429561,-0.0053462413755734906
2026-03-02,6816.5,6886.25,-0.00976938441982933,0.010232524022592226,0.0003631741420011547
2026-03-03,6784.5,6825.0,-0.014775821383191112,0.005969489277028561,-0.008894536213468918
2026-03-04,6850.5,6869.0,0.0037362637362636786,0.0027005328078242297,0.006446886446886513
2026-03-05,6846.5,6833.0,-0.0032755859659339137,-0.001971810414080233,-0.005240937545494262
2026-03-06,6746.5,6739.0,-0.01265915410507834,-0.0011116875416883332,-0.013756768622859683
2026-03-09,6692.25,6807.25,-0.0069372310431814466,0.017184056184392338,0.010127615373200838
2026-03-10,6802.25,6790.25,-0.0007345109993022181,-0.0017641221654599581,-0.002497337397627475
2026-03-11,6798.0,6776.75,0.0011413423658923616,-0.003125919388055287,-0.001988144766392974
2026-03-12,6722.0,6678.75,-0.008079093960969508,-0.006434096994942018,-0.014461209281735332
2026-03-13,6714.25,6634.25,0.005315365899307478,-0.011914956994452108,-0.00666292345124464
2026-03-16,6696.0,6703.0,0.0093077589780306,0.0010454002389486128,0.01036288955043907
2026-03-17,6739.75,6721.5,0.005482619722512405,-0.0027078155717942254,0.002759958227659176
2026-03-18,6691.5,6626.0,-0.004463289444320506,-0.009788537697078437,-0.014208138064420117
2026-03-19,6568.5,6611.0,-0.0086779354059765,0.00647027479637674,-0.0022638092363417295
2026-03-23,6653.25,6625.25,0.006390863711995154,-0.004208469544959237,0.0021554984117380105
2026-03-24,6590.75,6608.0,-0.005207350666012633,0.0026173045556272534,-0.0026036753330063167
2026-03-25,6671.75,6645.5,0.009647397094431076,-0.003934499943792913,0.0056749394673123454
2026-03-26,6589.0,6524.25,-0.008501993830411503,-0.009826984367885871,-0.018245429237830124
2026-03-27,6488.0,6402.0,-0.0055561941985668994,-0.013255240443896477,-0.01873778595240827
2026-03-30,6463.0,6383.25,0.00952827241487042,-0.012339470833978017,-0.0029287722586691656
2026-03-31,6463.5,6572.25,0.01257196569145802,0.016825249477837145,0.029608741628480706
2026-04-01,6609.75,6620.5,0.005705808513066346,0.0016263852641931198,0.007341473620145367
2026-04-02,6532.25,6622.25,-0.013329808926818232,0.013777794787400932,0.0002643304886338349
2026-04-06,6630.75,6652.0,0.001283551662954352,0.003204765675074439,0.004492430820340454
2026-04-07,6629.5,6652.0,-0.003382441371016287,0.003393921110189213,0.0
2026-04-08,6828.25,6823.25,0.026495790739627267,-0.0007322520411525701,0.0257441371016236
2026-04-09,6810.75,6862.0,-0.0018319715678012383,0.007524868773630011,0.005679111860183994
2026-04-10,6877.75,6853.25,0.0022952491984844503,-0.0035622114790447856,-0.001275138443602497
2026-04-13,6836.75,6920.5,-0.002407616824134484,0.012249972574688295,0.00981286251048763
2026-04-14,6941.0,7003.75,0.002962213712881967,0.009040484080103717,0.012029477638898944
2026-04-15,7015.75,7057.0,0.001713367838657831,0.005879627979902269,0.007603069784044347
2026-04-16,7069.25,7076.5,0.0017358650984837798,0.0010255684832196632,0.002763213830239586
2026-04-17,7121.75,7162.0,0.006394404013283506,0.0056517007757923565,0.012082244047198376
2026-04-20,7150.5,7147.0,-0.0016056967327562344,-0.0004894762604014113,-0.002094387042725465
2026-04-21,7155.25,7095.25,0.0011543304883168126,-0.008385451242094999,-0.007240800335805209
2026-04-22,7147.0,7167.25,0.007293611923469889,0.002833356653141106,0.010147633980479798
2026-04-23,7154.0,7138.0,-0.001848686734800653,-0.002236511042773226,-0.004081063169276922
2026-04-24,7158.75,7195.75,0.0029069767441860517,0.0051685000873058495,0.008090501541047956
2026-04-27,7185.5,7204.5,-0.0014244519334328798,0.0026442140421683025,0.0012159955529305044
2026-04-28,7163.5,7169.25,-0.005690887639669628,0.000802680254065713,-0.00489277534874033
2026-04-29,7158.5,7172.5,-0.0014994594971580177,0.001955716979814115,0.0004533249642570958
2026-04-30,7189.75,7242.0,0.002405019170442557,0.007267290239577173,0.009689787382363146
2026-05-01,7263.75,7257.25,0.003003314001656987,-0.0008948545861297008,0.0021057718862191876
2026-05-04,7247.25,7227.0,-0.0013779324124151282,-0.0027941633033219393,-0.004168245547555904
2026-05-05,7267.5,7287.5,0.005603985056039873,0.002751977984176035,0.008371385083713934
2026-05-06,7329.75,7385.75,0.0057975986277873925,0.007640096865513923,0.013481989708404862
2026-05-07,7397.75,7357.75,0.0016247503638764371,-0.005407049440708356,-0.0037910841823782793
2026-05-08,7395.5,7419.0,0.005130644558458686,0.0031776080048677713,0.00832455574054558
2026-05-11,7414.75,7438.75,-0.0005728534842970312,0.0032367915303954664,0.002662083838792295
2026-05-12,7411.5,7422.25,-0.0036632498739707087,0.0014504486271336159,-0.0022181146025878062
2026-05-13,7423.0,7469.75,0.00010104752601969302,0.006297992725313284,0.00639967664791663
2026-05-14,7486.0,7526.75,0.002175440945145324,0.005443494523109882,0.007630777469125549
2026-05-15,7451.25,7422.0,-0.010030889826286193,-0.003925515853044792,-0.013917029262297764
2026-05-18,7436.75,7423.25,0.001987334950148245,-0.001815309106800722,0.00016841821611435215
2026-05-19,7386.25,7372.75,-0.004984339743373867,-0.0018277204264680602,-0.006802950190280543
2026-05-20,7394.5,7446.25,0.0029500525584076343,0.006998444790046632,0.009969143128412128
2026-05-21,7418.25,7469.0,-0.0037602820211516397,0.006841236140599172,0.0030552291421857003
2026-05-22,7501.75,7488.75,0.004384790467264699,-0.0017329289832372918,0.0026442629535412543
2026-05-26,7533.75,7538.5,0.006009013520280382,0.0006304961008793963,0.006643298280754495
2026-05-27,7543.0,7539.5,0.0005969357299198119,-0.00046400636351584534,0.0001326523844265015
2026-05-28,7535.5,7581.75,-0.0005305391604217835,0.006137615287638454,0.005603819881955019
2026-05-29,7587.75,7597.5,0.0007913740231477728,0.0012849658989819712,0.0020773568107625984
2026-06-01,7578.0,7614.0,-0.0025666337611056633,0.004750593824228044,0.002171767028627869
2026-06-02,7599.25,7623.75,-0.0019372209088520664,0.0032240023686547215,0.0012805358550038726
2026-06-03,7610.75,7572.75,-0.0017051975733727298,-0.0049929376211279575,-0.006689621249385103
2026-06-04,7545.75,7599.0,-0.003565415469941602,0.0070569525892059115,0.0034663761513320512
2026-06-05,7543.75,7398.75,-0.007270693512304249,-0.019221209610604806,-0.02635215159889459
2026-06-08,7467.0,7414.0,0.009224531170805905,-0.0070978974152939855,0.002061158979557387
2026-06-09,7459.0,7391.0,0.0060695980577285535,-0.009116503552755062,-0.0031022390072835693
2026-06-10,7355.0,7271.25,-0.004870788797185721,-0.01138681169272604,-0.016202137735083166
2026-06-11,7305.0,7393.0,0.004641567818463033,0.012046543463381187,0.016744026130307788
2026-06-12,7412.25,7433.75,0.002603814419045003,0.002900603730311202,0.005511970783173226
2026-06-15,7543.75,7564.5,0.01479737682865312,0.002750621375310791,0.017588700184967276
2026-06-16,7562.5,7517.5,-0.00026439288783131065,-0.005950413223140494,-0.006213232864035967
2026-06-17,7523.5,7432.5,0.0007981376787495886,-0.012095434305841701,-0.011306950448952469
2026-06-23,7419.5,7434.25,-0.016340194226243776,0.0019880045825191317,-0.014384674024725763
2026-06-24,7442.75,7431.25,0.001143356760937575,-0.0015451278089415599,-0.0004035376803308566
