day,p09,p16,overnight,intraday,gap_days
2017-08-18,308.47,293.83,0.02277851458885949,-0.047460044736927554,1.0
2017-08-19,290.85,293.31,-0.010141918796582883,0.008457968024754958,1.0
2017-08-20,296.92,297.88,0.012307797211141835,0.003233194126363914,1.0
2017-08-21,331.3,329.71,0.11219282932724584,-0.0047992755810444265,1.0
2017-08-22,311.23,307.03,-0.05604925540626604,-0.013494843042123339,1.0
2017-08-23,316.96,318.57,0.03234211640556306,0.005079505300353393,1.0
2017-08-24,322.0,321.23,0.01076686442540109,-0.0023913043478260843,1.0
2017-08-25,330.7,328.71,0.029480434579584713,-0.006017538554581203,1.0
2017-08-26,330.11,331.19,0.004259073347327558,0.0032716367271514724,1.0
2017-08-27,333.57,339.64,0.007186207313022663,0.01819708007314813,1.0
2017-08-28,341.76,344.3,0.006241903191614773,0.0074321161048689355,1.0
2017-08-29,358.42,367.44,0.04101074644205638,0.025166006361252213,1.0
2017-08-30,382.01,383.38,0.03965273241889822,0.003586293552524822,1.0
2017-08-31,387.41,384.45,0.010511763785278294,-0.007640484241501322,1.0
2017-09-01,388.8,388.08,0.011314865392118678,-0.0018518518518518823,1.0
2017-09-02,351.92,336.18,-0.09317666460523599,-0.044726074107751757,1.0
2017-09-03,343.0,343.03,0.020286751145219828,8.746355685129714e-05,1.0
2017-09-04,280.03,296.43,-0.18365740605777925,0.058565153733528774,1.0
2017-09-05,299.16,318.26,0.009209594170630497,0.06384543388153485,1.0
2017-09-07,334.37,333.52,0.05061899076226983,-0.002542094087388258,2.0
2017-09-08,326.62,294.06,-0.02068841448788672,-0.09968771048925362,1.0
2017-09-09,302.02,298.76,0.02706930558389442,-0.010793987153168594,1.0
2017-09-10,281.0,302.78,-0.059445708930245034,0.07750889679715289,1.0
2017-09-11,294.32,295.56,-0.027941079331527785,0.00421310138624631,1.0
2017-09-12,306.03,295.07,0.03542427933414527,-0.035813482338332814,1.0
2017-09-13,269.5,266.1,-0.08665740332802385,-0.01261595547309824,1.0
2017-09-14,236.95,234.22,-0.10954528372792194,-0.011521418020679408,1.0
2017-09-15,227.0,259.01,-0.030825719409102503,0.1410132158590307,1.0
2017-09-16,250.98,246.62,-0.031002663989807333,-0.017371902143597073,1.0
2017-09-17,244.0,262.06,-0.01062363149785095,0.07401639344262301,1.0
2017-09-18,298.17,288.0,0.13779287186140587,-0.03410805916088144,1.0
2017-09-19,289.02,282.0,0.003541666666666554,-0.024288976541415708,1.0
2017-09-20,284.11,288.0,0.007482269503546135,0.013691879905670223,1.0
2017-09-21,283.1,260.87,-0.017013888888888773,-0.07852348993288594,1.0
2017-09-22,255.84,259.99,-0.01928163453060916,0.016221075672295138,1.0
2017-09-23,279.0,283.0,0.07311819685372511,0.014336917562723928,1.0
2017-09-24,283.0,284.99,0.0,0.007031802120141428,1.0
2017-09-25,288.84,294.43,0.013509245938453818,0.019353275169644135,1.0
2017-09-26,293.5,287.55,-0.0031586455184594575,-0.020272572402044275,1.0
2017-09-27,296.12,308.64,0.02980351243262036,0.042280156693232485,1.0
2017-09-28,303.0,298.0,-0.018273716951788477,-0.01650165016501648,1.0
2017-09-29,300.82,292.81,0.009463087248322122,-0.026627218934911268,1.0
2017-09-30,302.55,304.01,0.03326389126054452,0.004825648653115078,1.0
2017-10-01,296.42,302.0,-0.02496628400381562,0.01882464071250256,1.0
2017-10-02,297.5,296.87,-0.01490066225165565,-0.0021176470588235574,1.0
2017-10-03,289.8,291.13,-0.023815137939165232,0.004589371980676216,1.0
2017-10-04,289.02,291.25,-0.007247621337546861,0.00771572901529316,1.0
2017-10-05,293.08,296.99,0.006283261802574991,0.013341067285382868,1.0
2017-10-06,303.0,302.01,0.020236371595003133,-0.0032673267326732702,1.0
2017-10-07,305.95,308.02,0.013045925631601563,0.006765811407092537,1.0
2017-10-08,310.78,311.66,0.008960457113174503,0.002831585044082763,1.0
2017-10-09,306.88,288.26,-0.015337226464737341,-0.060675182481751855,1.0
2017-10-10,301.5,300.71,0.045930756955526286,-0.002620232172471093,1.0
2017-10-11,302.9,304.03,0.007282764124904473,0.003730604159788653,1.0
2017-10-12,307.0,305.99,0.009768772818471883,-0.0032899022801302635,1.0
2017-10-13,343.27,341.36,0.12183404686427646,-0.0055641331896174595,1.0
2017-10-14,340.33,348.06,-0.003017342395125522,0.022713248905474215,1.0
2017-10-15,323.18,330.36,-0.07148192840314882,0.022216721331765665,1.0
2017-10-16,343.45,334.31,0.039623441094563505,-0.0266123162032319,1.0
2017-10-17,323.88,322.88,-0.031198588136759353,-0.0030875632950475573,1.0
2017-10-18,296.02,303.04,-0.08318880079286428,0.023714613877440893,1.0
2017-10-19,303.69,306.02,0.0021449313621964006,0.007672297408541473,1.0
2017-10-20,304.54,305.02,-0.0048362852101168086,0.0015761476324946955,1.0
2017-10-21,294.95,296.34,-0.03301422857517533,0.004712663163247921,1.0
2017-10-22,290.38,290.56,-0.020112033475062407,0.0006198774020249598,1.0
2017-10-23,281.68,283.39,-0.030561674008810602,0.006070718545867493,1.0
2017-10-24,307.82,303.42,0.08620628815413389,-0.014294067961795776,1.0
2017-10-25,292.16,295.21,-0.03711027618482632,0.010439485213581401,1.0
2017-10-26,296.02,292.98,0.002743809491548399,-0.010269576379974166,1.0
2017-10-27,296.34,294.2,0.011468359614990709,-0.007221434838361351,1.0
2017-10-28,291.75,293.98,-0.008327668252889109,0.007643530419880085,1.0
2017-10-29,307.5,305.04,0.04598952309680926,-0.007999999999999896,1.0
2017-10-30,308.89,305.03,0.012621295567794233,-0.012496357926770063,1.0
2017-10-31,307.82,305.2,0.00914664131396914,-0.008511467740887513,1.0
2017-11-01,298.58,297.01,-0.021690694626474438,-0.005258222251992795,1.0
2017-11-02,282.02,287.06,-0.050469681155516644,0.017871072973548063,1.0
2017-11-03,296.25,298.94,0.03201421305650376,0.0090801687763713,1.0
2017-11-04,301.89,297.9,0.009868200976784536,-0.013216734572195188,1.0
2017-11-05,297.06,294.63,-0.0028197381671700716,-0.008180165623106417,1.0
2017-11-06,299.05,300.09,0.01500186674812487,0.0034776793178397103,1.0
2017-11-07,291.05,290.0,-0.030124296044519827,-0.0036076275554028925,1.0
2017-11-08,298.49,309.59,0.029275862068965486,0.03718717544976369,1.0
2017-11-09,316.99,324.1,0.023902580832714238,0.022429729644468432,1.0
2017-11-10,305.09,287.0,-0.05865473619253336,-0.059293978825920135,1.0
2017-11-11,297.0,316.03,0.03484320557491283,0.06407407407407395,1.0
2017-11-12,299.02,312.14,-0.05382400405024834,0.0438766637683099,1.0
2017-11-13,309.04,308.29,-0.009931441020054943,-0.002426870308050777,1.0
2017-11-14,324.95,328.74,0.054040027247072464,0.01166333282043408,1.0
2017-11-15,331.81,328.65,0.009338687108353172,-0.009523522497815073,1.0
2017-11-16,325.21,328.01,-0.010467062224250756,0.008609821346207136,1.0
2017-11-17,330.29,331.33,0.006951007591232017,0.0031487480698779713,1.0
2017-11-18,332.81,337.31,0.004466845742914893,0.013521228328475798,1.0
2017-11-19,358.08,350.67,0.06157540541341788,-0.02069369973190338,1.0
2017-11-20,358.96,368.49,0.02364045969144768,0.026548919099621315,1.0
2017-11-21,369.8,365.99,0.00355504898369019,-0.010302866414278022,1.0
2017-11-22,363.24,370.56,-0.007513866499084698,0.020151965642550396,1.0
2017-11-23,392.77,421.82,0.05993631260794463,0.0739618606309036,1.0
2017-11-24,441.7,459.99,0.04712910720212404,0.04140819560787867,1.0
2017-11-25,468.05,462.99,0.017522120046087997,-0.010810810810810811,1.0
2017-11-26,458.01,452.34,-0.010756171839564566,-0.012379642365887289,1.0
2017-11-27,471.39,470.36,0.04211433877172044,-0.0021850272598060716,1.0
2017-11-28,466.1,466.61,-0.00905689259290754,0.0010941857970392377,1.0
2017-11-29,500.41,405.0,0.07243736739461215,-0.1906636558022422,1.0
2017-11-30,393.85,416.75,-0.027530864197530813,0.05814396343785688,1.0
2017-12-01,456.32,461.13,0.09494901019796043,0.010540848527349267,1.0
2017-12-02,459.33,456.72,-0.003903454557283248,-0.005682189275684091,1.0
2017-12-03,476.19,468.85,0.04263005780346818,-0.015414015414015325,1.0
2017-12-04,457.16,459.03,-0.024933347552522078,0.004090471607314683,1.0
2017-12-05,455.68,459.46,-0.007297997952203539,0.008295294943820197,1.0
2017-12-06,438.55,419.96,-0.0455099464588864,-0.04238969330749065,1.0
2017-12-07,411.99,410.72,-0.018977997904562227,-0.0030825990922109803,1.0
2017-12-08,445.01,439.04,0.08348753408648224,-0.013415428866766943,1.0
2017-12-09,465.57,454.25,0.060427295918367374,-0.024314281418476247,1.0
2017-12-10,443.0,441.25,-0.024766097963676348,-0.003950338600451464,1.0
2017-12-11,465.25,470.68,0.05439093484419266,0.01167114454594298,1.0
2017-12-12,558.26,589.47,0.18607121611285793,0.055905850320639106,1.0
2017-12-13,654.02,648.99,0.10950514869289352,-0.0076908963028653465,1.0
2017-12-14,676.0,671.3,0.04161851492318824,-0.006952662721893543,1.0
2017-12-15,670.67,680.69,-0.000938477580813335,0.01494028359700006,1.0
2017-12-16,683.0,678.98,0.003393615302119901,-0.005885797950219596,1.0
2017-12-17,706.69,716.63,0.04081121682523792,0.01406557330654179,1.0
2017-12-18,716.05,766.01,-0.0008093437338655418,0.06977166398994483,1.0
2017-12-19,812.59,804.34,0.060808605631780255,-0.01015272154469038,1.0
2017-12-20,790.06,815.11,-0.017753686252082512,0.03170645267448058,1.0
2017-12-21,807.15,742.99,-0.009765553115530512,-0.07948956203927393,1.0
2017-12-22,570.0,665.0,-0.2328295131832192,0.16666666666666674,1.0
2017-12-23,694.26,707.63,0.04400000000000004,0.01925791490219808,1.0
2017-12-24,617.21,621.0,-0.1277786413803823,0.006140535636169231,1.0
2017-12-25,700.0,713.94,0.12721417069243146,0.019914285714285773,1.0
2017-12-26,734.77,737.0,0.02917612124268132,0.0030349633218558214,1.0
2017-12-27,759.0,721.0,0.029850746268656803,-0.050065876152832645,1.0
2017-12-28,688.61,690.94,-0.04492371705963938,0.0033836278880643444,1.0
2017-12-29,734.71,731.87,0.06334848177844665,-0.0038654707299479174,1.0
2017-12-30,676.38,694.59,-0.07581947613647233,0.02692273574026438,1.0
2017-12-31,719.01,738.0,0.035157431002461825,0.026411315558893422,1.0
2018-01-01,738.93,757.42,0.0012601626016259804,0.02502266791171026,1.0
2018-01-02,861.95,853.47,0.13800797443954482,-0.009838157665757907,1.0
2018-01-03,869.42,913.01,0.018688413183825858,0.050136872857767356,1.0
2018-01-04,982.0,954.0,0.07556324684286042,-0.02851323828920571,1.0
2018-01-05,978.09,971.6,0.025251572327044114,-0.0066353812021389125,1.0
2018-01-06,983.2,1004.99,0.01193906957595714,0.022162327095199386,1.0
2018-01-07,1068.31,1100.13,0.06300560204579142,0.029785361926781606,1.0
2018-01-08,1079.98,1133.17,-0.018316017197967605,0.049250912053927065,1.0
2018-01-09,1138.02,1244.47,0.004280028592355878,0.09353965659654495,1.0
2018-01-10,1333.92,1298.44,0.07187798821988478,-0.02659829674943026,1.0
2018-01-11,1203.54,1179.99,-0.0730877052462956,-0.019567276534223965,1.0
2018-01-12,1264.15,1259.05,0.07132263832744345,-0.004034331368904076,1.0
2018-01-13,1365.01,1416.09,0.08415869107660545,0.0374209712749356,1.0
2018-01-14,1311.8,1315.5,-0.07364644902513251,0.00282055191340147,1.0
2018-01-15,1296.57,1292.11,-0.014389965792474424,-0.0034398451298426336,1.0
2018-01-16,1031.88,971.45,-0.20139926167276767,-0.05856301120285312,1.0
2018-01-17,826.98,980.21,-0.14871583715065106,0.1852886405959031,1.0
2018-01-18,1025.21,1053.02,0.04590852980483784,0.02712614976443839,1.0
2018-01-19,1062.99,1022.01,0.009468006305673127,-0.03855163265882089,1.0
2018-01-20,1116.02,1150.0,0.0919854013170125,0.03044748302001765,1.0
2018-01-21,1102.5,1001.51,-0.04130434782608694,-0.09160090702947843,1.0
2018-01-22,975.0,951.0,-0.026470030254315935,-0.024615384615384595,1.0
2018-01-23,942.31,999.0,-0.009137749737118894,0.060160668994279964,1.0
2018-01-24,1032.0,1035.5,0.033033033033033066,0.0033914728682169493,1.0
2018-01-25,1055.0,1070.76,0.0188314823756639,0.014938388625592491,1.0
2018-01-26,1018.12,1047.75,-0.049161343344913844,0.029102659804345343,1.0
2018-01-27,1072.1,1120.0,0.023240276783583758,0.04467866803469844,1.0
2018-01-28,1246.0,1242.5,0.11250000000000004,-0.002808988764044895,1.0
2018-01-29,1192.39,1177.74,-0.04032997987927556,-0.012286248626707796,1.0
2018-01-30,1136.71,1077.76,-0.03483790989522306,-0.051860193013169575,1.0
2018-01-31,1104.0,1113.03,0.02434679334916856,0.00817934782608698,1.0
2018-02-01,1136.0,1051.02,0.02063735928052246,-0.07480633802816905,1.0
2018-02-02,972.0,898.25,-0.07518410686761434,-0.07587448559670784,1.0
2018-02-03,980.97,973.89,0.09209017534094066,-0.0072173460962109415,1.0
2018-02-04,881.97,837.98,-0.09438437605889782,-0.04987697994262841,1.0
2018-02-05,770.04,717.11,-0.08107592066636438,-0.06873668900316865,1.0
2018-02-06,725.0,758.81,0.011002496130300798,0.0466344827586207,1.0
2018-02-07,822.0,822.06,0.08327512816119986,7.299270072991249e-05,1.0
2018-02-09,841.32,856.3,0.023428946792205085,0.017805353492131193,2.0
2018-02-10,875.75,813.86,0.022714002102067088,-0.07067085355409652,1.0
2018-02-11,830.03,830.0,0.01986828201410562,-3.6143271929911513e-05,1.0
2018-02-12,856.78,871.64,0.03226506024096376,0.01734400896379462,1.0
2018-02-13,844.37,850.96,-0.03128585195722999,0.007804635408647842,1.0
2018-02-14,889.0,904.44,0.04470245369935122,0.01736782902137235,1.0
2018-02-15,920.9,924.0,0.018199106629516626,0.0033662721250951044,1.0
2018-02-16,923.06,936.58,-0.0010173160173160278,0.014646935193811883,1.0
2018-02-17,964.5,960.36,0.029810587456490678,-0.0042923794712286245,1.0
2018-02-18,939.0,934.5,-0.02224165937773337,-0.004792332268370614,1.0
2018-02-19,946.45,943.0,0.01278758694489035,-0.0036452004860267895,1.0
2018-02-20,943.39,917.21,0.000413573700954295,-0.02775098315648883,1.0
2018-02-21,867.63,824.28,-0.05405523271660806,-0.04996369420144531,1.0
2018-02-22,797.38,814.41,-0.03263454166060076,0.021357445634452743,1.0
2018-02-23,871.14,833.5,0.06965778907429931,-0.04320775076336758,1.0
2018-02-24,829.13,808.6,-0.0052429514097180885,-0.0247608939490791,1.0
2018-02-25,823.64,838.03,0.018600049468216584,0.017471225292603476,1.0
2018-02-26,869.3,866.12,0.03731369998687395,-0.003658115725296174,1.0
2018-02-27,889.0,880.14,0.0264166628180853,-0.009966254218222725,1.0
2018-02-28,865.85,872.51,-0.016236053355147995,0.007691863486747108,1.0
2018-03-01,870.4,878.82,-0.002418310391858025,0.009673713235294201,1.0
2018-03-02,861.01,857.57,-0.020265810973805864,-0.003995307836145878,1.0
2018-03-03,865.2,857.04,0.008897232878948724,-0.009431345353675513,1.0
2018-03-04,856.09,867.88,-0.0011084663492951785,0.013771916504105919,1.0
2018-03-05,866.35,857.0,-0.001762916532239478,-0.010792404917181253,1.0
2018-03-06,822.1,809.63,-0.0407234539089848,-0.015168470988930816,1.0
2018-03-07,789.22,737.34,-0.025209046107481203,-0.06573578976711181,1.0
2018-03-08,748.18,707.0,0.014701494561531803,-0.055040230960463954,1.0
2018-03-09,689.1,693.88,-0.025318246110325293,0.006936583950079678,1.0
2018-03-10,723.08,688.99,0.04208220441574917,-0.04714554406151472,1.0
2018-03-11,710.99,729.2,0.03193079725395154,0.025612174573482083,1.0
2018-03-12,735.3,682.54,0.008365331870543002,-0.07175302597579214,1.0
2018-03-13,685.87,683.99,0.004878834940076793,-0.002741044221208133,1.0
2018-03-14,655.95,616.8,-0.0409947513852541,-0.05968442716670497,1.0
2018-03-15,610.58,600.95,-0.010084306095979101,-0.015771889023551422,1.0
2018-03-16,602.65,619.71,0.0028288543140027045,0.02830830498631065,1.0
2018-03-17,589.48,551.67,-0.04878088138000036,-0.06414127705774586,1.0
2018-03-18,502.83,486.4,-0.08853118712273633,-0.032675059165125364,1.0
2018-03-19,528.09,536.43,0.08571134868421071,0.01579276259728446,1.0
2018-03-20,537.2,561.0,0.0014354156180678146,0.044303797468354444,1.0
2018-03-21,573.58,559.3,0.022424242424242458,-0.02489626556016611,1.0
2018-03-22,541.33,531.64,-0.03212944752369018,-0.01790035652928912,1.0
2018-03-23,509.46,526.29,-0.04171996087578067,0.033034978212224786,1.0
2018-03-24,535.86,536.54,0.018183891010659536,0.001268988168551477,1.0
2018-03-25,519.67,526.99,-0.031442203749953435,0.014085862181769215,1.0
2018-03-26,489.02,473.34,-0.07205070304939376,-0.03206412825651306,1.0
2018-03-27,450.0,457.0,-0.04930916465965263,0.015555555555555545,1.0
2018-03-28,456.05,446.51,-0.0020787746170678467,-0.020918758908014534,1.0
2018-03-29,407.37,399.5,-0.08765761125170768,-0.019319046567003006,1.0
2018-03-30,394.31,381.3,-0.012991239048811054,-0.032994344551241395,1.0
2018-03-31,406.4,398.73,0.06582743246787293,-0.018873031496062898,1.0
2018-04-01,375.51,383.43,-0.058234895794146535,0.021091315810497724,1.0
2018-04-02,387.0,382.12,0.009310695563727434,-0.012609819121446986,1.0
2018-04-03,402.69,413.13,0.05383125719669213,0.025925650003725043,1.0
2018-04-04,385.39,381.08,-0.06714593469368002,-0.01118347647837259,1.0
2018-04-05,374.8,376.11,-0.016479479374409522,0.0034951974386339124,1.0
2018-04-06,367.82,370.3,-0.022041424051474356,0.0067424283616988046,1.0
2018-04-07,383.55,389.07,0.03578179854172303,0.0143918654673445,1.0
2018-04-08,402.85,399.39,0.03541779114298205,-0.008588804766042069,1.0
2018-04-09,394.75,393.98,-0.011617717018453155,-0.0019506016466117604,1.0
2018-04-10,398.15,411.55,0.01058429361896529,0.0336556574155471,1.0
2018-04-11,415.73,422.0,0.010156724577815579,0.015081904120462841,1.0
2018-04-12,462.75,464.1,0.09656398104265396,0.00291734197730964,1.0
2018-04-13,527.01,510.99,0.1355526826115061,-0.030397905163089822,1.0
2018-04-14,488.4,504.0,-0.044208301532319694,0.03194103194103204,1.0
2018-04-15,524.28,524.82,0.040238095238095184,0.0010299839780272269,1.0
2018-04-16,502.25,503.53,-0.043005220837620595,0.0025485316077649145,1.0
2018-04-17,515.68,503.11,0.024129644708358988,-0.02437558175612775,1.0
2018-04-18,517.36,517.81,0.028323825803502123,0.0008698005257459229,1.0
2018-04-19,543.03,557.72,0.04870512350089817,0.027051912417362045,1.0
2018-04-20,591.1,593.07,0.05985082120060237,0.0033327694129590135,1.0
2018-04-21,595.0,608.99,0.0032542532921913114,0.02351260504201691,1.0
2018-04-22,621.69,636.58,0.020854201218410973,0.02395084366806599,1.0
2018-04-23,644.77,637.0,0.012865625687266347,-0.012050808815546654,1.0
2018-04-24,702.02,709.94,0.10207221350078499,0.011281729865246115,1.0
2018-04-25,628.03,628.46,-0.11537594726314915,0.0006846806681211071,1.0
2018-04-26,636.52,630.46,0.012825000795595454,-0.009520517815622354,1.0
2018-04-27,681.13,659.0,0.08036988865272976,-0.03249012670121709,1.0
2018-04-28,690.55,687.07,0.04787556904400603,-0.005039461298964487,1.0
2018-04-29,675.0,680.62,-0.017567351216033367,0.008325925925925848,1.0
2018-04-30,688.1,679.97,0.010989979724368881,-0.011815143147798302,1.0
2018-05-01,653.07,662.62,-0.03956056884862569,0.014623241000198961,1.0
2018-05-02,673.0,678.45,0.01566508707856684,0.008098068350668619,1.0
2018-05-03,741.79,762.23,0.09335986439678656,0.027554968387279555,1.0
2018-05-04,797.81,783.01,0.046678823977014616,-0.018550782767826846,1.0
2018-05-05,823.5,812.67,0.05171070612125006,-0.013151183970856128,1.0
2018-05-06,773.48,780.4,-0.04822375626022857,0.008946579097067753,1.0
2018-05-07,731.26,758.0,-0.06296770886724756,0.03656702130569145,1.0
2018-05-08,736.55,750.7,-0.028298153034300833,0.019211187292105247,1.0
2018-05-09,748.19,750.09,-0.0033435460237112302,0.002539461901388762,1.0
2018-05-10,762.78,737.6,0.016917969843618597,-0.03301082881040396,1.0
2018-05-11,677.1,688.97,-0.0820227765726681,0.01753064539949789,1.0
2018-05-12,688.01,681.34,-0.0013933843273292723,-0.009694626531591033,1.0
2018-05-13,702.18,728.64,0.030586784865118677,0.03768264547551925,1.0
2018-05-14,705.54,733.8,-0.03170289855072472,0.040054426396802345,1.0
2018-05-15,735.85,713.77,0.0027936767511584915,-0.030006115376775222,1.0
2018-05-16,703.19,694.05,-0.01482270199083724,-0.012997909526586082,1.0
2018-05-17,696.84,683.7,0.004019883293710835,-0.018856552436714247,1.0
2018-05-18,681.9,689.19,-0.002632733655111963,0.010690717113946535,1.0
2018-05-19,710.3,703.66,0.03063016004294883,-0.009348162748134548,1.0
2018-05-20,707.8,720.48,0.005883523292499193,0.01791466515964979,1.0
2018-05-21,708.52,695.81,-0.016600044414834647,-0.01793880200982334,1.0
2018-05-22,680.0,666.66,-0.022721720009772683,-0.01961764705882363,1.0
2018-05-23,626.66,591.46,-0.06000060000600005,-0.05617081032776938,1.0
2018-05-24,580.0,596.1,-0.019375781963277383,0.027758620689655178,1.0
2018-05-25,605.21,580.84,0.015282670692836842,-0.040267014755208996,1.0
2018-05-26,598.81,600.51,0.030937951931685026,0.002838963945158035,1.0
2018-05-27,574.61,560.48,-0.04313000616142937,-0.02459059187970969,1.0
2018-05-28,538.83,526.2,-0.038627604910076996,-0.02343967485106624,1.0
2018-05-29,557.99,564.96,0.060414291144051724,0.0124912632842884,1.0
2018-05-30,569.38,549.0,0.00782356273010465,-0.03579331904878991,1.0
2018-05-31,574.28,575.47,0.046047358834244045,0.0020721599219892806,1.0
2018-06-01,575.01,572.23,-0.0007993466210228783,-0.00483469852698204,1.0
2018-06-02,590.51,598.46,0.03194519686140174,0.013462938815600234,1.0
2018-06-03,620.94,616.77,0.037563078568325414,-0.006715624698038547,1.0
2018-06-04,596.1,591.5,-0.033513303176224474,-0.007716826035900071,1.0
2018-06-05,588.11,607.24,-0.005731191885038012,0.032527928448759624,1.0
2018-06-06,610.83,598.26,0.005911995257229519,-0.020578557045331847,1.0
2018-06-07,609.38,606.52,0.01858723631865744,-0.004693294824247629,1.0
2018-06-08,595.54,597.79,-0.018103277715491695,0.003778083755918926,1.0
2018-06-09,601.48,599.67,0.006172736245169785,-0.0030092438651327935,1.0
2018-06-10,564.62,538.16,-0.05844881351409936,-0.046863377138606555,1.0
2018-06-11,529.55,519.0,-0.015998959417273695,-0.019922575771881723,1.0
2018-06-12,521.27,491.34,0.004373795761078991,-0.057417461200529485,1.0
2018-06-13,478.0,468.16,-0.0271502421948141,-0.02058577405857731,1.0
2018-06-14,483.48,519.65,0.032723855092276155,0.07481178125258525,1.0
2018-06-15,487.82,495.94,-0.06125276628499954,0.016645483989996324,1.0
2018-06-16,495.71,497.09,-0.0004637657781183524,0.0027838857396460526,1.0
2018-06-17,495.9,501.32,-0.0023939326882456147,0.010929622907844383,1.0
2018-06-18,494.0,514.59,-0.01460145216628106,0.041680161943319805,1.0
2018-06-19,540.61,537.22,0.05056452709924408,-0.006270694215793293,1.0
2018-06-20,521.75,534.82,-0.028796396262238955,0.025050311451844776,1.0
2018-06-21,533.88,524.39,-0.0017576006880820616,-0.017775530081666324,1.0
2018-06-22,478.99,476.19,-0.08657678445431827,-0.0058456335205328,1.0
2018-06-23,470.49,474.53,-0.011970011970011907,0.008586792492932815,1.0
2018-06-24,438.0,454.29,-0.07698143426126902,0.037191780821917764,1.0
2018-06-25,455.76,460.0,0.0032358185300138675,0.009303142004563725,1.0
2018-06-26,450.07,437.82,-0.021586956521739142,-0.027217988312929098,1.0
2018-06-27,432.34,436.77,-0.012516559316614218,0.01024656520331213,1.0
2018-06-28,437.25,435.98,0.0010989765780617944,-0.0029045168667809484,1.0
2018-06-29,410.06,409.85,-0.05945226845268137,-0.0005121201775349915,1.0
2018-06-30,453.77,443.81,0.10716115652067826,-0.02194944575445701,1.0
2018-07-01,450.08,448.88,0.014127667244992148,-0.002666192676857415,1.0
2018-07-02,449.99,476.98,0.0024728212439850683,0.0599791106469032,1.0
2018-07-03,471.5,468.83,-0.011488951318713636,-0.00566277836691409,1.0
2018-07-04,470.9,473.93,0.004415246464603451,0.006434487152261692,1.0
2018-07-05,476.61,462.75,0.005654843542295396,-0.029080380185056987,1.0
2018-07-06,470.2,469.16,0.016099405726634153,-0.002211824755423142,1.0
2018-07-07,468.11,465.97,-0.0022380424588627212,-0.004571575057144672,1.0
2018-07-08,485.05,491.51,0.04094684207137789,0.01331821461704985,1.0
2018-07-09,480.28,477.14,-0.02284795833248565,-0.006537852919130449,1.0
2018-07-10,435.86,438.02,-0.0865154881166953,0.004955719726517538,1.0
2018-07-11,441.89,436.17,0.008835213003972386,-0.012944397927085904,1.0
2018-07-12,431.03,428.14,-0.011784395992388341,-0.006704869730645213,1.0
2018-07-13,440.8,429.39,0.029569766898678074,-0.025884754990925685,1.0
2018-07-14,433.35,434.92,0.009222385244183728,0.0036229375793237484,1.0
2018-07-15,444.58,450.19,0.022210981329899626,0.012618651311349982,1.0
2018-07-16,472.46,477.88,0.049468002398987077,0.011471870634551129,1.0
2018-07-17,467.75,498.47,-0.02119779024022761,0.06567610903260301,1.0
2018-07-18,497.53,483.35,-0.0018857704576004108,-0.028500793921974465,1.0
2018-07-19,481.95,467.85,-0.002896451846488124,-0.02925614690320566,1.0
2018-07-20,463.0,445.71,-0.010366570481992188,-0.03734341252699791,1.0
2018-07-21,458.2,465.98,0.028022705346525845,0.01697948494107382,1.0
2018-07-22,464.0,464.0,-0.004249109403837159,0.0,1.0
2018-07-23,461.32,451.27,-0.0057758620689655205,-0.021785311714211386,1.0
2018-07-24,472.04,476.27,0.04602566091253579,0.008961104991102475,1.0
2018-07-25,471.39,474.23,-0.010246288869758757,0.006024735357135436,1.0
2018-07-26,478.34,478.32,0.008666680724542797,-4.181126395441659e-05,1.0
2018-07-27,459.07,467.36,-0.04024502425154708,0.018058248197442728,1.0
2018-07-28,467.32,465.34,-8.55871276960185e-05,-0.004236925447231088,1.0
2018-07-29,465.41,466.54,0.0001504276443031749,0.0024279667390043613,1.0
2018-07-30,460.34,454.17,-0.013289321387233821,-0.013403136811921512,1.0
2018-07-31,433.6,434.96,-0.04529141070524256,0.003136531365313555,1.0
2018-08-01,423.22,420.02,-0.026990987677027678,-0.00756107934407646,1.0
2018-08-02,410.92,409.16,-0.02166563496976326,-0.004283072130828347,1.0
2018-08-03,413.46,413.5,0.010509336200997144,9.67445460262617e-05,1.0
2018-08-04,408.29,405.65,-0.012599758162031405,-0.006465992309388047,1.0
2018-08-05,408.41,406.38,0.006803894983360204,-0.004970495335569702,1.0
2018-08-06,406.46,404.03,0.00019686008169683689,-0.005978448063770125,1.0
2018-08-07,408.79,394.56,0.011781303368561868,-0.03481004916950026,1.0
2018-08-08,366.59,363.01,-0.07088909164639101,-0.009765678278185419,1.0
2018-08-09,353.7,362.42,-0.02564667640009921,0.024653661294882667,1.0
2018-08-10,362.09,355.4,-0.0009105457756195534,-0.01847606948548708,1.0
2018-08-11,308.08,322.44,-0.1331457512661789,0.046611269800052035,1.0
2018-08-12,317.47,320.41,-0.015413720382086549,0.00926071754811475,1.0
2018-08-13,319.13,288.7,-0.003994881558003871,-0.09535299094412941,1.0
2018-08-14,265.43,260.61,-0.08060270176653961,-0.0181592133519195,1.0
2018-08-15,284.68,287.98,0.09236023176393848,0.011591962905718844,1.0
2018-08-16,287.36,291.49,-0.00215292728661709,0.014372216035634766,1.0
2018-08-17,298.62,302.14,0.02446053037840068,0.011787556091353402,1.0
2018-08-18,308.37,290.31,0.02061958032700084,-0.058566008366572664,1.0
2018-08-19,300.95,295.98,0.036650477076228816,-0.016514371157999586,1.0
2018-08-20,288.8,285.0,-0.024258395837556623,-0.013157894736842146,1.0
2018-08-21,280.9,277.13,-0.014385964912280835,-0.01342114631541469,1.0
2018-08-22,284.42,271.8,0.02630534406235352,-0.04437100063286692,1.0
2018-08-23,271.56,273.58,-0.0008830022075055899,0.007438503461481671,1.0
2018-08-24,277.12,279.35,0.012939542364208023,0.008047055427251815,1.0
2018-08-25,278.44,279.08,-0.003257562197959585,0.0022985203275391886,1.0
2018-08-26,274.04,273.51,-0.018059337824279598,-0.0019340242300395216,1.0
2018-08-27,275.41,277.99,0.006946729552850028,0.009367851566755014,1.0
2018-08-28,287.89,293.14,0.03561279182704413,0.018236131855917215,1.0
2018-08-29,295.01,287.8,0.0063792044756771915,-0.024439849496627142,1.0
2018-08-30,275.63,275.23,-0.042286309937456634,-0.0014512208395311976,1.0
2018-08-31,277.2,283.45,0.007157649965483293,0.02254689754689765,1.0
2018-09-01,284.86,301.46,0.0049744222967014196,0.05827423997753267,1.0
2018-09-02,292.96,294.35,-0.02819611225369867,0.0047446750409614324,1.0
2018-09-03,288.49,292.54,-0.019908272464752907,0.014038614856667575,1.0
2018-09-04,289.64,283.8,-0.009913174266767077,-0.020162960917000317,1.0
2018-09-05,258.0,243.38,-0.09090909090909094,-0.05666666666666664,1.0
2018-09-06,223.64,226.02,-0.08110773276357963,0.010642103380432921,1.0
2018-09-07,221.58,216.45,-0.019644279267321485,-0.023151909017059435,1.0
2018-09-08,217.07,199.7,0.0028644028644029262,-0.08002026995899947,1.0
2018-09-09,203.29,202.16,0.01797696544817229,-0.0055585616606818045,1.0
2018-09-10,195.76,195.49,-0.03165809259992092,-0.0013792398855740906,1.0
2018-09-11,190.01,182.68,-0.02803212440534053,-0.03857691700436816,1.0
2018-09-12,171.5,180.14,-0.06119991241515221,0.05037900874635559,1.0
2018-09-13,198.16,202.72,0.10003330742755634,0.023011707710940632,1.0
2018-09-14,208.46,218.98,0.028314917127071793,0.050465317087210915,1.0
2018-09-15,218.33,224.11,-0.0029683076080005977,0.02647368662116989,1.0
2018-09-16,219.53,222.13,-0.02043639284280041,0.011843483806313504,1.0
2018-09-17,217.24,197.62,-0.022014135866384454,-0.0903148591419628,1.0
2018-09-18,207.65,206.88,0.050753972270013215,-0.0037081627738984047,1.0
2018-09-19,207.15,209.4,0.0013051044083527419,0.01086169442433027,1.0
2018-09-20,211.7,210.4,0.010983763132760282,-0.006140765233821344,1.0
2018-09-21,226.98,247.05,0.07880228136882117,0.08842188739095969,1.0
2018-09-22,238.95,242.21,-0.032786885245901676,0.0136430215526262,1.0
2018-09-23,245.58,243.09,0.013913546096362639,-0.010139262154898687,1.0
2018-09-24,235.31,233.7,-0.03200460734707311,-0.0068420381624241244,1.0
2018-09-25,211.3,209.8,-0.09584937954642692,-0.007098911500236671,1.0
2018-09-26,214.69,217.1,0.023307912297426014,0.011225487912804422,1.0
2018-09-27,219.44,228.6,0.010778443113772518,0.041742617572001484,1.0
2018-09-28,222.95,222.51,-0.02471566054243224,-0.0019735366674141774,1.0
2018-09-29,231.72,232.66,0.0413913981394094,0.004056620058691562,1.0
2018-09-30,235.87,232.97,0.013796956932863536,-0.012294908212150735,1.0
2018-10-01,230.18,229.86,-0.011975790874361514,-0.0013902163524198707,1.0
2018-10-02,228.32,226.51,-0.006699730270599558,-0.007927470217238941,1.0
2018-10-03,218.75,218.25,-0.0342589731137698,-0.0022857142857143353,1.0
2018-10-04,223.52,224.4,0.024146620847651734,0.003937007874015741,1.0
2018-10-05,224.0,223.66,-0.0017825311942959443,-0.0015178571428571264,1.0
2018-10-06,225.49,224.63,0.008182062058481598,-0.0038139163599273385,1.0
2018-10-07,223.25,223.93,-0.006143435872323355,0.003045912653975469,1.0
2018-10-08,229.05,231.29,0.02286428794712636,0.00977952412137073,1.0
2018-10-09,227.49,228.85,-0.01642959055730897,0.005978284759769581,1.0
2018-10-10,226.87,226.85,-0.008651955429320513,-8.815621280910957e-05,1.0
2018-10-11,200.02,201.74,-0.11827198589376231,0.008599140085991497,1.0
2018-10-12,198.22,198.25,-0.017448200654307522,0.00015134698819485592,1.0
2018-10-13,200.76,200.91,0.012660781841109747,0.0007471607890017218,1.0
2018-10-14,202.7,202.63,0.008909461948136022,-0.0003453379378390853,1.0
2018-10-15,218.94,210.45,0.08049153629768546,-0.03877774732803507,1.0
2018-10-16,214.44,213.62,0.018959372772630045,-0.0038239134489833626,1.0
2018-10-17,212.79,212.58,-0.0038854039883906566,-0.0009868884816014445,1.0
2018-10-18,211.3,206.39,-0.006021262583497999,-0.023237103644108026,1.0
2018-10-19,205.8,205.38,-0.002858665633024726,-0.0020408163265306367,1.0
2018-10-20,208.47,208.31,0.015045281916447495,-0.0007674965222813634,1.0
2018-10-21,209.34,208.68,0.004944553790024564,-0.0031527658354829624,1.0
2018-10-22,207.3,205.73,-0.00661299597469811,-0.007573564881813932,1.0
2018-10-23,204.98,206.63,-0.0036455548534486404,0.008049565811298676,1.0
2018-10-24,207.1,205.98,0.0022745971059381365,-0.005408015451472736,1.0
2018-10-25,204.59,204.54,-0.006748227983299326,-0.0002443912214673549,1.0
2018-10-26,205.34,204.37,0.003911215410188795,-0.004723872601538948,1.0
2018-10-27,204.92,204.14,0.0026911973381611443,-0.003806363458910833,1.0
2018-10-28,204.35,204.2,0.0010287057901441354,-0.0007340347443112183,1.0
2018-10-29,197.55,196.4,-0.032566111655239816,-0.005821311060490997,1.0
2018-10-30,197.8,196.11,0.007128309572301372,-0.008543983822042467,1.0
2018-10-31,196.99,198.49,0.004487277548314683,0.007614599725874305,1.0
2018-11-01,198.86,198.72,0.0018640737568642596,-0.0007040128733782902,1.0
2018-11-02,200.72,202.58,0.010064412238325326,0.00926664009565581,1.0
2018-11-03,200.06,199.98,-0.012439530062197668,-0.0003998800359892307,1.0
2018-11-04,202.07,211.8,0.010451045104510559,0.04815163062305161,1.0
2018-11-05,211.38,208.67,-0.001983002832861236,-0.012820512820512886,1.0
2018-11-06,215.96,216.88,0.03493554416063649,0.004260048157066043,1.0
2018-11-07,221.67,218.48,0.022085946145333768,-0.014390761041187305,1.0
2018-11-08,217.14,214.68,-0.0061332845111681245,-0.011329096435479302,1.0
2018-11-09,211.95,210.67,-0.012716601453325982,-0.006039160179287628,1.0
2018-11-10,213.94,214.81,0.015521906298951116,0.004066560717958412,1.0
2018-11-11,212.12,211.49,-0.012522694474186524,-0.0029700169715255464,1.0
2018-11-12,213.32,212.78,0.008652891389663742,-0.002531408213013231,1.0
2018-11-13,211.21,210.72,-0.007378513018140742,-0.0023199659107050463,1.0
2018-11-14,203.22,182.29,-0.035592255125284744,-0.10299183151264646,1.0
2018-11-15,178.28,180.3,-0.021997915409512236,0.011330491361902784,1.0
2018-11-16,180.3,177.07,0.0,-0.017914586799778198,1.0
2018-11-17,176.11,176.48,-0.005421584684023206,0.00210095962750545,1.0
2018-11-18,176.85,177.59,0.002096554850407939,0.004184337008764638,1.0
2018-11-19,156.31,154.07,-0.1198265668111943,-0.014330497089117822,1.0
2018-11-20,136.26,136.15,-0.11559680664632965,-0.0008072801996182877,1.0
2018-11-21,136.08,135.55,-0.0005141388174806361,-0.0038947677836567163,1.0
2018-11-22,132.12,131.58,-0.025304315750645512,-0.004087193460490357,1.0
2018-11-23,123.69,122.52,-0.059963520291837824,-0.009459131700218282,1.0
2018-11-24,124.17,122.07,0.01346718903036237,-0.01691229765643887,1.0
2018-11-25,113.68,116.84,-0.06873105595150308,0.027797325826882435,1.0
2018-11-26,112.62,108.6,-0.036117767887709706,-0.03569525839104959,1.0
2018-11-27,107.8,108.77,-0.007366482504604033,0.008998144712430323,1.0
2018-11-28,117.68,124.45,0.08191596947687785,0.057528891910265,1.0
2018-11-29,117.87,117.74,-0.052872639614302885,-0.0011029099855773827,1.0
2018-11-30,114.11,114.34,-0.030830643791404766,0.0020155989834371724,1.0
2018-12-01,117.55,117.9,0.0280741647717333,0.002977456401531242,1.0
2018-12-02,116.93,117.8,-0.008227311280746386,0.007440348926708307,1.0
2018-12-03,114.11,108.63,-0.03132427843803054,-0.048023836648847684,1.0
2018-12-04,110.96,109.71,0.02144895516892209,-0.011265320836337467,1.0
2018-12-05,108.05,104.42,-0.015130799380184135,-0.03359555761221655,1.0
2018-12-06,98.21,97.72,-0.05947136563876665,-0.0049893086243762985,1.0
2018-12-07,86.24,91.35,-0.11747851002865328,0.059253246753246724,1.0
2018-12-08,86.85,85.81,-0.049261083743842415,-0.011974668969487512,1.0
2018-12-09,92.59,95.29,0.07901177018995464,0.029160816502862064,1.0
2018-12-10,91.83,89.76,-0.0363102109350405,-0.022541653054557242,1.0
2018-12-11,87.46,87.59,-0.025623885918003686,0.001486393780013806,1.0
2018-12-12,89.22,90.16,0.01860943030026263,0.010535754315175838,1.0
2018-12-13,89.97,85.24,-0.002107364685004387,-0.0525730799155274,1.0
2018-12-14,85.72,83.55,0.00563115908024403,-0.025314979001399895,1.0
2018-12-15,83.0,84.19,-0.006582884500299202,0.014337349397590238,1.0
2018-12-16,86.46,86.18,0.026962822187908353,-0.003238491788109976,1.0
2018-12-17,89.6,95.08,0.03968438152703624,0.061160714285714235,1.0
2018-12-18,94.51,92.88,-0.00599495161968866,-0.01724685218495403,1.0
2018-12-19,105.2,101.94,0.1326442721791561,-0.03098859315589353,1.0
2018-12-20,106.79,108.16,0.0475770060820091,0.012828916565221338,1.0
2018-12-21,114.85,106.03,0.061852810650887546,-0.07679582063561163,1.0
2018-12-22,109.82,113.3,0.03574460058474016,0.03168821708249858,1.0
2018-12-23,127.8,128.46,0.12797881729920557,0.005164319248826432,1.0
2018-12-24,146.31,137.02,0.1389537599252686,-0.06349531816007103,1.0
2018-12-25,125.0,129.28,-0.08772441979273105,0.03424000000000005,1.0
2018-12-26,128.0,127.36,-0.00990099009900991,-0.0050000000000000044,1.0
2018-12-27,123.77,113.8,-0.028187814070351758,-0.08055263795750178,1.0
2018-12-28,114.76,133.08,0.008435852372583597,0.15963750435691892,1.0
2018-12-29,134.45,135.07,0.010294559663360126,0.004611379695053985,1.0
2018-12-30,135.39,136.18,0.002369141926408469,0.005834995199054838,1.0
2018-12-31,134.64,130.71,-0.011308562197092198,-0.02918894830659524,1.0
2019-01-01,134.54,137.95,0.02930150715323987,0.025345622119815614,1.0
2019-01-02,151.9,151.18,0.101123595505618,-0.00473996050032921,1.0
2019-01-03,148.29,147.89,-0.0191162852229132,-0.00269741722300898,1.0
2019-01-04,149.38,150.96,0.010075055784704912,0.01057705181416524,1.0
2019-01-05,154.83,155.47,0.02563593004769471,0.004133565846412113,1.0
2019-01-06,150.93,153.01,-0.02920177526210843,0.013781223083548566,1.0
2019-01-07,151.12,150.05,-0.012352133847460811,-0.007080465854949702,1.0
2019-01-08,151.15,147.83,0.0073308897034320974,-0.021964935494541815,1.0
2019-01-09,148.59,147.66,0.005141040384225137,-0.006258833030486577,1.0
2019-01-10,129.52,125.92,-0.12284979005824181,-0.02779493514515141,1.0
2019-01-11,120.81,123.43,-0.04058132147395166,0.021686946444830824,1.0
2019-01-12,124.76,123.64,0.010775338248399935,-0.008977236293683855,1.0
2019-01-13,123.13,113.21,-0.004124878680038857,-0.0805652562332494,1.0
2019-01-14,115.45,126.41,0.019786237964844133,0.09493287137288875,1.0
2019-01-15,128.06,117.52,0.0130527648129104,-0.08230516945181954,1.0
2019-01-16,121.5,120.82,0.03386657590197406,-0.005596707818930069,1.0
2019-01-17,119.09,120.99,-0.01431882138718743,0.015954320261986732,1.0
2019-01-18,119.89,119.14,-0.009091660467807183,-0.006255734423221249,1.0
2019-01-19,123.43,123.14,0.03600805774718818,-0.002349509843636133,1.0
2019-01-20,117.93,117.58,-0.04230956634724703,-0.0029678622911897268,1.0
2019-01-21,116.93,116.12,-0.005528151046096164,-0.006927221414521512,1.0
2019-01-22,116.29,118.32,0.0014640027557699664,0.0174563591022443,1.0
2019-01-23,118.34,115.5,0.00016903313049376756,-0.023998647963495046,1.0
2019-01-24,116.14,116.31,0.005541125541125513,0.0014637506457724214,1.0
2019-01-25,115.44,114.97,-0.007480010317255648,-0.004071379071379111,1.0
2019-01-26,116.12,115.38,0.010002609376358995,-0.006372717878057266,1.0
2019-01-27,113.49,113.78,-0.016380655226209018,0.0025552912150850204,1.0
2019-01-28,104.18,103.96,-0.08437335208296703,-0.002111729698598741,1.0
2019-01-29,105.07,105.0,0.010677183532127765,-0.0006662225183210468,1.0
2019-01-30,108.77,107.77,0.035904761904761884,-0.00919371150133308,1.0
2019-01-31,106.99,106.95,-0.007237635705669487,-0.00037386671651551406,1.0
2019-02-01,107.29,107.05,0.0031790556334736486,-0.002236927952278922,1.0
2019-02-02,107.64,107.34,0.005511443250817427,-0.00278706800445927,1.0
2019-02-03,108.06,106.72,0.006707657909446718,-0.012400518230612612,1.0
2019-02-04,107.39,108.14,0.006278110944527793,0.006983890492597178,1.0
2019-02-05,107.49,107.1,-0.006010726835583569,-0.0036282444878593667,1.0
2019-02-06,102.91,104.06,-0.0391223155929038,0.011174812943348655,1.0
2019-02-07,104.88,104.7,0.00788006919085138,-0.0017162471395880674,1.0
2019-02-08,108.89,118.85,0.04001910219675264,0.09146845440352647,1.0
2019-02-09,119.54,119.1,0.005805637358014426,-0.003680776309185285,1.0
2019-02-10,117.11,118.28,-0.01670864819479423,0.009990607121509676,1.0
2019-02-11,122.03,121.85,0.031704430165708564,-0.0014750471195608128,1.0
2019-02-12,120.77,123.24,-0.008863356585966375,0.020452099031216253,1.0
2019-02-13,122.85,121.38,-0.0031645569620253333,-0.011965811965811923,1.0
2019-02-14,121.41,121.08,0.00024715768660410475,-0.002718062762540163,1.0
2019-02-15,122.78,121.27,0.01404030393128508,-0.012298419938100658,1.0
2019-02-16,123.05,123.86,0.014677991259173684,0.006582689963429589,1.0
2019-02-17,125.63,129.61,0.014290327789439727,0.03168033113109936,1.0
2019-02-18,145.09,144.87,0.11943522876321255,-0.0015163002274449777,1.0
2019-02-19,147.81,146.18,0.020294056740525868,-0.011027670658277478,1.0
2019-02-20,147.0,147.3,0.00560952250649871,0.0020408163265306367,1.0
2019-02-21,145.01,144.19,-0.01554650373387656,-0.005654782428798022,1.0
2019-02-22,148.19,147.32,0.02774117483875438,-0.005870841487279899,1.0
2019-02-23,147.61,159.0,0.0019685039370080926,0.07716279384865521,1.0
2019-02-24,161.03,139.73,0.01276729559748424,-0.13227348941191086,1.0
2019-02-25,138.2,137.62,-0.010949688685321646,-0.004196816208393517,1.0
2019-02-26,135.53,135.09,-0.015186746112483718,-0.003246513687006569,1.0
2019-02-27,139.48,129.63,0.03249685394921897,-0.07061944364783479,1.0
2019-02-28,136.38,135.67,0.052071279796343406,-0.0052060419416337655,1.0
2019-03-01,135.71,136.25,0.0002948330507850372,0.003979073023358648,1.0
2019-03-02,132.75,132.23,-0.025688073394495414,-0.003917137476459609,1.0
2019-03-03,132.59,131.61,0.0027225289268699715,-0.007391205973301118,1.0
2019-03-04,125.05,126.36,-0.04984423676012473,0.010475809676129488,1.0
2019-03-05,134.74,135.62,0.06631845520734414,0.006531096927415714,1.0
2019-03-06,136.96,136.33,0.009880548591653104,-0.004599883177570097,1.0
2019-03-07,137.03,137.64,0.005134599867967271,0.004451579945997208,1.0
2019-03-08,136.98,137.78,-0.0047951176983435095,0.005840268652357983,1.0
2019-03-09,136.78,136.7,-0.007257947452460445,-0.0005848808305308761,1.0
2019-03-10,135.35,134.56,-0.00987564008778341,-0.0058367196158107815,1.0
2019-03-11,131.62,131.54,-0.021848989298454247,-0.0006078103631668164,1.0
2019-03-12,134.43,132.69,0.021970503268967656,-0.012943539388529435,1.0
2019-03-13,132.51,131.77,-0.0013565453312232023,-0.005584484189872341,1.0
2019-03-14,131.63,132.12,-0.0010624573119830671,0.003722555648408399,1.0
2019-03-15,134.69,137.08,0.01945201332122304,0.0177444502190216,1.0
2019-03-16,139.46,140.03,0.017362124306973925,0.004087193460490468,1.0
2019-03-17,138.78,139.3,-0.008926658573162882,0.0037469375990777376,1.0
2019-03-18,137.88,137.39,-0.01019382627422838,-0.0035538149115172946,1.0
2019-03-19,137.51,138.18,0.0008734260135381255,0.004872372918333312,1.0
2019-03-20,138.53,137.83,0.002532928064842954,-0.005053057099545177,1.0
2019-03-21,138.25,135.02,0.003047232097511232,-0.023363471971066807,1.0
2019-03-22,136.75,136.89,0.012812916604947322,0.001023765996343684,1.0
2019-03-23,136.66,136.47,-0.0016801811673605727,-0.0013903117225230188,1.0
2019-03-24,136.44,135.56,-0.00021982853374369338,-0.006449721489299343,1.0
2019-03-25,135.26,132.92,-0.002213042195337911,-0.01730001478633747,1.0
2019-03-26,132.59,133.9,-0.0024826963587119,0.009880081454106682,1.0
2019-03-27,137.83,138.09,0.029350261389096355,0.0018863817746499478,1.0
2019-03-28,137.57,137.51,-0.003765660076761601,-0.00043614160063965013,1.0
2019-03-29,140.83,141.06,0.02414369864009913,0.0016331747496980409,1.0
2019-03-30,142.38,141.63,0.00935772011909819,-0.005267593763168987,1.0
2019-03-31,141.55,141.27,-0.000564852079361633,-0.0019780996114446836,1.0
2019-04-01,142.46,140.49,0.008423586040914532,-0.013828443071739471,1.0
2019-04-02,156.0,159.69,0.1103993166773436,0.023653846153846247,1.0
2019-04-03,167.76,172.8,0.050535412361450316,0.030042918454935785,1.0
2019-04-04,161.54,154.34,-0.06516203703703716,-0.04457100408567527,1.0
2019-04-05,164.91,162.98,0.06848516262796411,-0.011703353344248435,1.0
2019-04-06,163.35,169.5,0.002270217204564995,0.03764921946740141,1.0
2019-04-07,167.55,168.71,-0.011504424778761013,0.006923306475678848,1.0
2019-04-08,176.15,176.39,0.044099342066267644,0.0013624751632130838,1.0
2019-04-09,176.3,175.08,-0.0005102330064060689,-0.006920022688598926,1.0
2019-04-10,180.19,180.08,0.029186657527987103,-0.0006104667295631083,1.0
2019-04-11,163.5,164.94,-0.09207019102621061,0.008807339449541374,1.0
2019-04-12,165.21,163.45,0.0016369588941433921,-0.010653108165365355,1.0
2019-04-13,162.88,161.91,-0.0034873049862342853,-0.005955304518663995,1.0
2019-04-14,162.92,163.46,0.006238033475387539,0.003314510189049935,1.0
2019-04-15,165.28,158.12,0.011134222439740604,-0.04332042594385288,1.0
2019-04-16,161.18,164.38,0.019352390589425728,0.019853579848616354,1.0
2019-04-17,164.49,165.94,0.0006691811655921143,0.008815125539546331,1.0
2019-04-18,171.21,174.09,0.03175846691575268,0.016821447345365392,1.0
2019-04-19,171.76,171.91,-0.013383881900166705,0.0008733115975780859,1.0
2019-04-20,172.64,172.52,0.004246408004188185,-0.0006950880444854812,1.0
2019-04-21,166.74,167.09,-0.03350336192905168,0.002099076406381073,1.0
2019-04-22,170.26,171.53,0.018971811598539556,0.007459180077528549,1.0
2019-04-23,173.25,172.3,0.01002740045473094,-0.0054834054834054236,1.0
2019-04-24,163.89,162.19,-0.04881021474172964,-0.010372811031789553,1.0
2019-04-25,163.22,163.92,0.006350576484370096,0.0042886901115057885,1.0
2019-04-26,157.01,155.35,-0.042154709614446007,-0.010572574995223238,1.0
2019-04-27,156.63,161.35,0.008239459285484418,0.030134712379493056,1.0
2019-04-28,159.48,158.26,-0.011589711806631597,-0.007649862051667955,1.0
2019-04-29,154.09,155.17,-0.02634904587387832,0.007008890907910903,1.0
2019-04-30,159.34,157.77,0.026873751369465904,-0.009853144219907128,1.0
2019-05-01,160.49,159.27,0.017240286492996137,-0.007601719733316692,1.0
2019-05-02,160.35,160.76,0.0067809380297607635,0.0025569067664483747,1.0
2019-05-03,168.67,167.9,0.049203782035332155,-0.004565127171399674,1.0
2019-05-04,163.75,162.78,-0.024717093508040522,-0.0059236641221374065,1.0
2019-05-05,163.28,162.69,0.0030716304214277734,-0.003613424791768738,1.0
2019-05-06,164.07,174.95,0.008482389821132141,0.06631315901749257,1.0
2019-05-07,178.1,171.89,0.01800514432695066,-0.034868051656372856,1.0
2019-05-08,171.05,169.32,-0.004886846238873588,-0.010114001753873225,1.0
2019-05-09,168.83,168.11,-0.002893928655799516,-0.004264644909080184,1.0
2019-05-10,172.29,175.46,0.024864671940990846,0.018399210633234686,1.0
2019-05-11,188.6,194.64,0.07488886355864577,0.032025450689289414,1.0
2019-05-12,190.44,188.02,-0.02157829839704062,-0.012707414408737572,1.0
2019-05-13,192.95,200.26,0.026220614828209587,0.037885462555066196,1.0
2019-05-14,209.21,203.07,0.044691900529312045,-0.02934850150566426,1.0
2019-05-16,245.54,260.63,0.20913970552026395,0.061456381852244,2.0
2019-05-17,235.53,232.27,-0.09630510685646321,-0.013841124272916394,1.0
2019-05-18,235.19,235.81,0.01257157618289062,0.002636166503677817,1.0
2019-05-19,252.99,254.14,0.07285526483185611,0.004545634214790928,1.0
2019-05-20,243.03,247.3,-0.04371606201306366,0.017569847343949396,1.0
2019-05-21,250.37,255.26,0.012414071977355334,0.019531093980908132,1.0
2019-05-22,250.34,252.73,-0.019274465251116424,0.009547016058160773,1.0
2019-05-23,238.18,241.16,-0.057571321172793066,0.01251154588966319,1.0
2019-05-24,251.09,251.48,0.04117598275004153,0.0015532279262415738,1.0
2019-05-25,254.76,248.86,0.013042786702719855,-0.023159051656460927,1.0
2019-05-26,247.55,258.91,-0.005264003857590627,0.04588971924863672,1.0
2019-05-27,270.18,267.61,0.0435286392955081,-0.00951217706714036,1.0
2019-05-28,268.78,270.32,0.004372033929972652,0.005729592975667996,1.0
2019-05-29,269.88,271.3,-0.0016277005031074543,0.005261597747146851,1.0
2019-05-30,283.33,269.28,0.04434205676373004,-0.049588818691984615,1.0
2019-05-31,259.63,261.14,-0.03583630421865713,0.005815968878789102,1.0
2019-06-01,268.28,263.7,0.027341655816803145,-0.017071716117489144,1.0
2019-06-02,271.72,267.22,0.03041334850208588,-0.01656116590607981,1.0
2019-06-03,263.2,261.31,-0.015043784147893313,-0.007180851063829707,1.0
2019-06-04,247.97,237.0,-0.05105047644560101,-0.04423922248659107,1.0
2019-06-05,243.21,244.86,0.026202531645569627,0.006784260515603879,1.0
2019-06-06,243.9,238.47,-0.003920607694192668,-0.022263222632226354,1.0
2019-06-07,246.61,247.85,0.03413427265484126,0.005028182149953375,1.0
2019-06-08,247.09,241.78,-0.003066370788783468,-0.021490145291189422,1.0
2019-06-09,238.58,233.59,-0.013235172470841161,-0.020915416212591187,1.0
2019-06-10,242.78,244.02,0.03934243760434941,0.005107504736798774,1.0
2019-06-11,239.39,243.05,-0.018973854602081897,0.015288859183758774,1.0
2019-06-12,248.4,255.83,0.022011931701295895,0.029911433172302715,1.0
2019-06-13,257.53,258.89,0.006645037720361069,0.00528093814312891,1.0
2019-06-14,255.98,255.07,-0.01124029510602953,-0.0035549652316586577,1.0
2019-06-15,261.03,268.28,0.023366134786529047,0.027774585296709287,1.0
2019-06-16,269.42,265.81,0.004249291784702791,-0.013399153737658764,1.0
2019-06-17,271.02,271.85,0.01960046649862668,0.0030625046122059185,1.0
2019-06-18,267.42,264.52,-0.016295751333455955,-0.010844364669807871,1.0
2019-06-19,266.32,266.45,0.006804778466656725,0.00048813457494745194,1.0
2019-06-20,267.46,267.6,0.003790579846124853,0.0005234427577958112,1.0
2019-06-21,288.31,294.1,0.0773916292974588,0.020082550032950675,1.0
2019-06-22,310.01,306.04,0.05409724583474995,-0.012806038514886486,1.0
2019-06-23,311.34,315.29,0.0173179976473663,0.012687094494764795,1.0
2019-06-24,310.02,309.39,-0.016714770528719725,-0.002032126959551017,1.0
2019-06-25,309.31,310.56,-0.00025857332169743064,0.004041253111764842,1.0
2019-06-26,347.12,354.06,0.1177228232869656,0.019993085964507884,1.0
2019-06-27,311.85,292.98,-0.1192170818505337,-0.060509860509860514,1.0
2019-06-28,304.34,311.48,0.03877397774592106,0.023460603272655645,1.0
2019-06-29,308.76,310.14,-0.00873250288943117,0.00446949086669246,1.0
2019-06-30,305.68,303.21,-0.014380602308634693,-0.008080345459303917,1.0
2019-07-01,290.67,283.36,-0.04135747501731457,-0.025148794165204547,1.0
2019-07-02,282.18,288.7,-0.0041643139469226265,0.023105818980792447,1.0
2019-07-03,294.27,292.36,0.019293384135780967,-0.0064906378495938055,1.0
2019-07-04,293.31,294.0,0.0032494185251059626,0.0023524598547610687,1.0
2019-07-05,291.63,289.46,-0.00806122448979596,-0.007440935431882956,1.0
2019-07-06,289.22,291.68,-0.0008291301043320543,0.008505635848143234,1.0
2019-07-07,293.57,306.32,0.006479703784969759,0.04343086827673126,1.0
2019-07-08,305.18,309.5,-0.003721598328545239,0.01415558031325781,1.0
2019-07-09,311.23,307.2,0.005589660743134051,-0.012948623204704024,1.0
2019-07-10,307.96,287.63,0.0024739583333333037,-0.06601506689180403,1.0
2019-07-11,270.43,272.5,-0.05979904738726838,0.007654476204563165,1.0
2019-07-12,274.55,273.47,0.007522935779816553,-0.003933709706792854,1.0
2019-07-13,267.3,266.99,-0.02256188978681395,-0.0011597456041900767,1.0
2019-07-14,238.64,235.05,-0.10618375220045706,-0.015043580288300218,1.0
2019-07-15,220.62,232.23,-0.06139119336311427,0.052624422083219935,1.0
2019-07-16,218.7,204.23,-0.05826120656245959,-0.06616369455875626,1.0
2019-07-17,202.13,211.31,-0.01028252460461243,0.04541631623212794,1.0
2019-07-18,209.13,223.0,-0.010316596469641781,0.06632238320661799,1.0
2019-07-19,219.1,218.51,-0.017488789237668168,-0.002692834322227333,1.0
2019-07-20,225.09,231.33,0.0301130383048831,0.02772224443555915,1.0
2019-07-21,223.92,219.59,-0.03203216184671265,-0.019337263308324304,1.0
2019-07-22,222.52,213.53,0.013343048408397395,-0.04040086284378941,1.0
2019-07-23,212.18,216.99,-0.006322296632791602,0.022669431614666724,1.0
2019-07-24,207.92,211.7,-0.04179916125167071,0.018180069257406783,1.0
2019-07-25,224.12,218.07,0.05866792631081719,-0.02699446724968768,1.0
2019-07-26,215.97,219.51,-0.009629935341862628,0.01639116543964425,1.0
2019-07-27,206.32,207.34,-0.06008837866156436,0.004943776657619248,1.0
2019-07-28,209.37,208.65,0.00979068197164068,-0.0034388880928499788,1.0
2019-07-29,210.58,209.78,0.009249940091061726,-0.0037990312470320697,1.0
2019-07-30,208.87,210.76,-0.004337877776718457,0.009048690573083773,1.0
2019-07-31,215.57,215.26,0.022822167394192405,-0.0014380479658580025,1.0
2019-08-01,214.02,215.89,-0.005760475703800005,0.008737501168115003,1.0
2019-08-02,220.06,216.62,0.019315392097827733,-0.015632100336271937,1.0
2019-08-03,221.94,221.8,0.024559135813867483,-0.0006308011174190886,1.0
2019-08-04,218.27,220.53,-0.01591523895401259,0.010354148531635188,1.0
2019-08-05,232.43,232.16,0.053960912347526424,-0.00116164006367514,1.0
2019-08-06,228.65,227.98,-0.015118883528600913,-0.0029302427290619493,1.0
2019-08-07,228.65,224.45,0.00293885428546381,-0.018368685764268644,1.0
2019-08-08,224.63,218.28,0.0008019603475162285,-0.028268708542937282,1.0
2019-08-09,211.06,210.02,-0.033076782114714987,-0.004927508765280031,1.0
2019-08-10,205.63,206.52,-0.020902771164651,0.004328162233137256,1.0
2019-08-11,211.36,215.49,0.023435986829362765,0.019540121120363407,1.0
2019-08-12,211.65,212.51,-0.01781985242934714,0.004063312071816538,1.0
2019-08-13,210.64,208.28,-0.008799585901839935,-0.011203949867071739,1.0
2019-08-14,207.22,186.46,-0.00508930286153253,-0.10018337998262716,1.0
2019-08-15,182.66,184.76,-0.020379706103185735,0.011496769955107844,1.0
2019-08-16,184.41,185.72,-0.0018943494262827487,0.007103736239900238,1.0
2019-08-17,184.41,182.83,-0.00705362911910401,-0.008567865083238368,1.0
2019-08-18,191.64,195.76,0.04818684023409703,0.02149864328950124,1.0
2019-08-19,200.09,198.07,0.022118921127911806,-0.010095457044330125,1.0
2019-08-20,196.47,196.31,-0.008077952239107344,-0.0008143736957295644,1.0
2019-08-21,183.24,185.86,-0.06657837094391517,0.014298188168522241,1.0
2019-08-22,188.18,191.89,0.012482513720004196,0.01971516633010939,1.0
2019-08-23,191.5,193.91,-0.0020324144040856362,0.012584856396866906,1.0
2019-08-24,187.64,189.31,-0.03233458821102575,0.008900021317416407,1.0
2019-08-25,191.7,185.36,0.012624795309281067,-0.03307250912884707,1.0
2019-08-26,189.75,187.52,0.02368364264134648,-0.011752305665349128,1.0
2019-08-27,186.02,187.47,-0.00799914675767921,0.0077948607676592285,1.0
2019-08-28,186.68,171.35,-0.004214007574545264,-0.0821191343475467,1.0
2019-08-29,168.04,169.31,-0.019317187044061823,0.007557724351344941,1.0
2019-08-30,169.29,168.8,-0.00011812651349596415,-0.0028944414909326532,1.0
2019-08-31,168.07,167.54,-0.0043246445497631125,-0.003153447968108569,1.0
2019-09-01,169.58,170.43,0.012176196729139388,0.0050123835357942514,1.0
2019-09-02,171.41,177.65,0.005750161356568695,0.0364039437605741,1.0
2019-09-03,178.68,180.34,0.005797917253025586,0.009290351466308522,1.0
2019-09-04,176.56,177.41,-0.020960408117999374,0.004814227458087794,1.0
2019-09-05,171.37,171.67,-0.03404543148638739,0.0017505981210246269,1.0
2019-09-06,175.9,170.37,0.02464029824663605,-0.031438317225696455,1.0
2019-09-07,171.04,178.04,0.003932617244819969,0.040926099158091755,1.0
2019-09-08,179.19,179.77,0.006459222646596263,0.0032367877671746204,1.0
2019-09-09,182.09,180.84,0.012905379095510927,-0.006864737217859296,1.0
2019-09-10,181.31,178.13,0.002598982525989779,-0.01753902156527498,1.0
2019-09-11,178.69,176.11,0.003143771402907891,-0.014438412893838404,1.0
2019-09-12,178.84,179.43,0.015501675089432787,0.0032990382464772594,1.0
2019-09-13,179.3,178.55,-0.0007245165245499674,-0.004182933630786367,1.0
2019-09-14,180.12,186.81,0.00879305516661999,0.037141905396402386,1.0
2019-09-15,188.65,189.23,0.009849579786949336,0.0030744765438641686,1.0
2019-09-16,189.84,191.55,0.0032235903397981325,0.009007585335019108,1.0
2019-09-17,200.05,209.97,0.04437483685721744,0.04958760309922505,1.0
2019-09-18,212.6,211.23,0.012525598895080314,-0.006444026340545639,1.0
2019-09-19,208.09,221.47,-0.014865312692325827,0.06429910135037731,1.0
2019-09-20,219.33,216.81,-0.009662708267485387,-0.011489536315141602,1.0
2019-09-21,215.75,217.35,-0.004889073382224107,0.007415990730011535,1.0
2019-09-22,211.69,206.64,-0.02604094778007815,-0.02385563796116974,1.0
2019-09-23,209.29,206.13,0.012824235385211047,-0.015098666921496418,1.0
2019-09-24,196.06,164.9,-0.04885266579343128,-0.15893093950831372,1.0
2019-09-25,165.41,168.72,0.003092783505154628,0.020010882050661927,1.0
2019-09-26,169.44,165.13,0.004267425320056972,-0.02543673276676106,1.0
2019-09-27,165.43,167.3,0.0018167504390480538,0.011303874750649756,1.0
2019-09-28,171.15,173.59,0.023012552301255207,0.014256500146070605,1.0
2019-09-29,167.01,167.03,-0.03790540929777064,0.00011975330818514429,1.0
2019-09-30,171.98,177.8,0.029635394839250262,0.0338411443191069,1.0
2019-10-01,178.62,176.21,0.004611923509561189,-0.01349233008621653,1.0
2019-10-02,176.18,177.63,-0.00017025140457405108,0.008230219094108149,1.0
2019-10-03,176.17,172.26,-0.008219332319991057,-0.02219447124936136,1.0
2019-10-04,174.11,177.49,0.010739579705097091,0.019413014760783387,1.0
2019-10-05,173.12,174.42,-0.024621105414389555,0.007509242144177364,1.0
2019-10-06,173.66,169.4,-0.004357298474945481,-0.024530692157088474,1.0
2019-10-07,177.0,180.2,0.044864226682408415,0.01807909604519775,1.0
2019-10-08,181.31,178.69,0.006159822419533834,-0.014450388836798833,1.0
2019-10-09,182.28,191.64,0.02009065980189151,0.051349572086899276,1.0
2019-10-10,188.95,191.6,-0.014036735545815082,0.014024874305371915,1.0
2019-10-11,184.99,181.99,-0.03449895615866383,-0.016217092815827838,1.0
2019-10-12,183.45,179.69,0.008022418814220389,-0.020496047969473907,1.0
2019-10-13,183.37,182.95,0.020479715064833925,-0.002290451000709015,1.0
2019-10-14,182.28,185.81,-0.00366220278764684,0.019365810840465292,1.0
2019-10-15,183.95,180.06,-0.010010225499165859,-0.021147050829029568,1.0
2019-10-16,174.11,173.55,-0.03304454070865259,-0.0032163574751593593,1.0
2019-10-17,176.5,176.52,0.016997983290118146,0.00011331444759221654,1.0
2019-10-18,171.68,174.21,-0.027418989349648815,0.014736719478098737,1.0
2019-10-19,173.9,171.08,-0.0017794615693703664,-0.01621621621621616,1.0
2019-10-20,171.71,175.53,0.0036824877250409838,0.0222468114844796,1.0
2019-10-21,176.24,173.25,0.004044892610949757,-0.01696550158874266,1.0
2019-10-22,172.85,172.02,-0.0023088023088023713,-0.004801851316169947,1.0
2019-10-23,160.57,160.63,-0.06656202767120112,0.00037366880488254317,1.0
2019-10-24,161.57,161.88,0.005851957915706807,0.0019186730209816982,1.0
2019-10-25,166.12,180.67,0.026192241166296037,0.08758728629906076,1.0
2019-10-26,181.35,176.39,0.0037637681961588676,-0.027350427350427364,1.0
2019-10-27,179.59,186.73,0.018141618005556026,0.03975722478979882,1.0
2019-10-28,182.75,182.95,-0.02131419696888548,0.0010943912448699855,1.0
2019-10-29,186.56,187.59,0.019732167258813993,0.00552101200686117,1.0
2019-10-30,183.37,183.32,-0.022495868649714756,-0.00027267273817965787,1.0
2019-10-31,183.33,182.93,5.4549421776295404e-05,-0.002181857851961011,1.0
2019-11-01,181.66,181.18,-0.006942546329196997,-0.002642298799955922,1.0
2019-11-02,183.33,183.76,0.011866651948338802,0.0023454971908578592,1.0
2019-11-03,180.94,180.72,-0.015346103613408713,-0.0012158726649718066,1.0
2019-11-04,185.06,186.7,0.02401505090748124,0.008861990705717027,1.0
2019-11-05,186.63,190.0,-0.0003749330476700008,0.01805711836253554,1.0
2019-11-06,189.25,188.66,-0.003947368421052588,-0.003117569352708127,1.0
2019-11-07,186.9,186.21,-0.009328951553058351,-0.003691813804173383,1.0
2019-11-08,182.77,184.12,-0.01847376617797114,0.007386332549105479,1.0
2019-11-09,184.85,184.49,0.003964805561590179,-0.0019475250202866112,1.0
2019-11-10,186.38,189.61,0.010244457694183806,0.017330185642236318,1.0
2019-11-11,186.59,185.82,-0.01592742998786989,-0.004126694892545246,1.0
2019-11-12,184.28,186.79,-0.00828759014099667,0.013620577382244425,1.0
2019-11-13,186.84,187.5,0.000267680282670435,0.0035324341682723137,1.0
2019-11-14,186.05,184.49,-0.007733333333333259,-0.008384842784197821,1.0
2019-11-15,182.89,179.72,-0.008672556778145268,-0.017332823008365583,1.0
2019-11-16,181.97,181.99,0.012519474738482028,0.00010990822663092814,1.0
2019-11-17,184.1,184.27,0.0115940436287707,0.0009234111895710662,1.0
2019-11-18,182.55,178.32,-0.009334129266836744,-0.023171733771569558,1.0
2019-11-19,174.08,174.09,-0.023777478689995357,5.7444852941124225e-05,1.0
2019-11-20,175.13,174.7,0.005973921534838222,-0.002455318905955628,1.0
2019-11-21,168.58,159.01,-0.03503148254149957,-0.056768299916953535,1.0
2019-11-22,144.78,152.35,-0.0894912269668574,0.052286227379472194,1.0
2019-11-23,149.0,150.97,-0.02198884148342628,0.01322147651006711,1.0
2019-11-24,148.31,144.28,-0.017619394581704917,-0.02717281370103164,1.0
2019-11-25,146.17,146.58,0.01309952869420572,0.002804953136758659,1.0
2019-11-26,144.19,146.5,-0.016305089370992065,0.016020528469380624,1.0
2019-11-27,148.29,153.15,0.012218430034129701,0.03277361925955913,1.0
2019-11-28,151.02,152.06,-0.013907933398628725,0.006886505098662399,1.0
2019-11-29,156.02,154.12,0.02604235170327507,-0.012177925906935005,1.0
2019-11-30,152.53,150.9,-0.010316636387230793,-0.01068642234314554,1.0
2019-12-01,151.07,150.07,0.0011265738899932654,-0.0066194479380419224,1.0
2019-12-02,149.44,148.06,-0.004198040914240031,-0.00923447537473232,1.0
2019-12-03,147.51,147.44,-0.003714710252600395,-0.00047454409870517633,1.0
2019-12-04,149.95,145.94,0.01702387411828532,-0.02674224741580522,1.0
2019-12-05,147.57,147.93,0.011168973550774286,0.002439520227688563,1.0
2019-12-06,146.3,147.81,-0.011018725072669433,0.010321257689678731,1.0
2019-12-07,147.66,147.3,-0.0010148163182464032,-0.002438033319788646,1.0
2019-12-08,148.54,150.89,0.008418194161574855,0.015820654369193443,1.0
2019-12-09,149.7,146.8,-0.00788653986347665,-0.019372077488309825,1.0
2019-12-10,147.0,144.69,0.0013623978201633413,-0.01571428571428568,1.0
2019-12-11,145.48,142.49,0.00545994885617529,-0.020552653285674904,1.0
2019-12-12,144.09,145.53,0.011228858165485356,0.009993753903810187,1.0
2019-12-13,144.33,144.53,-0.008245722531436739,0.0013857132959189666,1.0
2019-12-14,142.56,141.79,-0.013630388154708406,-0.005401234567901314,1.0
2019-12-15,142.25,143.02,0.003244234431201143,0.005413005272407734,1.0
2019-12-16,141.99,131.58,-0.007201789959446203,-0.0733150221846609,1.0
2019-12-17,130.54,121.03,-0.007903936768505981,-0.07285123333844024,1.0
2019-12-18,122.26,129.65,0.010162769561265828,0.060444953378046895,1.0
2019-12-19,126.28,126.8,-0.025993058233706123,0.004117833386126035,1.0
2019-12-20,128.09,128.35,0.010173501577287025,0.00202982278085706,1.0
2019-12-21,126.93,127.15,-0.01106349824698083,0.001733238793035552,1.0
2019-12-22,129.53,132.85,0.018718049547778115,0.02563112792403288,1.0
2019-12-23,132.93,128.88,0.0006021829130600231,-0.030467163168585,1.0
2019-12-24,128.55,127.73,-0.0025605214152698563,-0.006378840917930839,1.0
2019-12-25,124.36,125.66,-0.026383778282314307,0.010453522032807916,1.0
2019-12-26,125.58,127.63,-0.0006366385484640746,0.016324255454690295,1.0
2019-12-27,124.52,125.63,-0.02436731176055784,0.00891423064567931,1.0
2019-12-28,127.32,128.65,0.013452200907426493,0.01044612001256695,1.0
2019-12-29,130.93,135.14,0.017722502914885307,0.032154586420224396,1.0
2019-12-30,132.24,131.8,-0.021459227467811037,-0.0033272837265577726,1.0
2019-12-31,131.53,128.39,-0.0020485584218513653,-0.023872880711624855,1.0
2020-01-01,131.68,132.18,0.025625048679803974,0.0037970838396110818,1.0
2020-01-02,129.35,127.16,-0.02141019821455603,-0.016930807885581767,1.0
2020-01-03,133.54,133.45,0.05017301038062283,-0.0006739553691778033,1.0
2020-01-04,132.9,134.08,-0.004121393780441962,0.008878856282919623,1.0
2020-01-05,135.6,137.85,0.011336515513126422,0.0165929203539823,1.0
2020-01-06,140.24,142.17,0.017337685890460808,0.013762122076440342,1.0
2020-01-07,140.93,144.76,-0.008721952591967175,0.02717661250266068,1.0
2020-01-08,143.06,139.14,-0.011743575573362697,-0.027401090451558918,1.0
2020-01-09,138.24,137.75,-0.006468305304010213,-0.0035445601851852304,1.0
2020-01-10,138.78,143.21,0.007477313974591615,0.031921026084450244,1.0
2020-01-11,143.55,145.89,0.0023741358843656357,0.016300940438871203,1.0
2020-01-12,145.17,144.74,-0.004935225169648394,-0.0029620444995520634,1.0
2020-01-13,142.93,144.42,-0.012505181705126489,0.010424683411460078,1.0
2020-01-14,154.08,163.49,0.06688824262567539,0.061072170301142314,1.0
2020-01-15,168.25,166.32,0.029114930576793707,-0.011471025260029744,1.0
2020-01-16,161.71,165.56,-0.027717652717652586,0.023808051450126655,1.0
2020-01-17,168.59,169.13,0.018301522106789037,0.003203036953555838,1.0
2020-01-18,174.17,175.49,0.029799562466741536,0.007578802319572864,1.0
2020-01-19,164.38,164.51,-0.06330845062396728,0.0007908504684268625,1.0
2020-01-20,164.02,167.32,-0.002978542337851664,0.02011949762224119,1.0
2020-01-21,168.88,168.32,0.009323452067893978,-0.003315963998105187,1.0
2020-01-22,166.43,168.16,-0.011228612167300311,0.01039476055999522,1.0
2020-01-23,161.61,161.14,-0.03895099904852506,-0.002908235876492915,1.0
2020-01-24,161.73,163.35,0.003661412436390732,0.01001669449081799,1.0
2020-01-25,160.06,161.19,-0.02014080195898371,0.007059852555291846,1.0
2020-01-26,163.31,166.56,0.013152180656368362,0.019900802155409902,1.0
2020-01-27,169.1,171.97,0.015249759846301503,0.016972205795387385,1.0
2020-01-28,172.0,172.43,0.0001744490318078551,0.0024999999999999467,1.0
2020-01-29,175.83,176.5,0.019718146494229538,0.003810498777227833,1.0
2020-01-30,177.08,184.73,0.0032861189801700608,0.0432008131917776,1.0
2020-01-31,178.23,180.5,-0.035186488388458836,0.012736351904842014,1.0
2020-02-01,181.94,183.4,0.007977839335180148,0.008024623502253636,1.0
2020-02-02,190.74,192.23,0.04002181025081786,0.0078116808220614065,1.0
2020-02-03,188.83,190.46,-0.01768714560682505,0.008632102949743148,1.0
2020-02-04,185.82,188.22,-0.024362070776016043,0.012915724895059766,1.0
2020-02-05,197.52,203.49,0.049410264583997554,0.030224787363305028,1.0
2020-02-06,210.68,213.4,0.03533343161826141,0.012910575280045578,1.0
2020-02-07,220.49,219.14,0.03322399250234298,-0.006122726654270161,1.0
2020-02-08,225.74,223.46,0.030117732956101317,-0.010100115176752023,1.0
2020-02-09,227.21,224.84,0.016781526895193855,-0.010430878922582654,1.0
2020-02-10,219.57,222.67,-0.023438889877246072,0.014118504349410088,1.0
2020-02-11,223.41,237.78,0.00332330354336019,0.06432120316906142,1.0
2020-02-12,256.21,273.71,0.07750862141475312,0.06830334491237666,1.0
2020-02-13,268.3,266.42,-0.0197654451792042,-0.007007081625046596,1.0
2020-02-14,270.22,282.69,0.014263193453945,0.04614758345052161,1.0
2020-02-15,282.25,267.26,-0.0015564752909547064,-0.05310894596988491,1.0
2020-02-16,266.56,252.8,-0.002619172341540077,-0.05162064825930368,1.0
2020-02-17,245.1,258.51,-0.030458860759493778,0.05471236230110166,1.0
2020-02-18,263.17,283.93,0.018026381958144766,0.07888437131891934,1.0
2020-02-20,256.14,257.0,-0.09787623710069393,0.0033575388459436972,2.0
2020-02-21,264.88,263.77,0.03066147859922186,-0.004190576864995577,1.0
2020-02-22,262.57,261.51,-0.0045494180536073126,-0.004037018699775352,1.0
2020-02-23,270.94,270.24,0.036059806508355274,-0.0025835978445412078,1.0
2020-02-24,268.91,261.76,-0.004921551213735831,-0.02658882153880493,1.0
2020-02-25,259.1,248.72,-0.01016198044009764,-0.04006175221922048,1.0
2020-02-26,234.49,228.25,-0.05721293020263751,-0.026610942897351775,1.0
2020-02-27,228.92,232.66,0.0029353778751368687,0.016337585182596648,1.0
2020-02-28,223.58,223.44,-0.03902690621507776,-0.0006261740763933155,1.0
2020-02-29,224.23,224.59,0.003535624776226154,0.0016054943584713488,1.0
2020-03-01,222.3,214.52,-0.010196357807560452,-0.034997750787224446,1.0
2020-03-02,227.26,231.91,0.05938840201379825,0.020461145824166138,1.0
2020-03-03,228.58,222.38,-0.014359018584795713,-0.027123982850643213,1.0
2020-03-04,224.46,221.54,0.009353359115028326,-0.013008999376280972,1.0
2020-03-05,231.87,231.15,0.04662814841563612,-0.0031051882520377605,1.0
2020-03-06,236.44,238.89,0.022885572139303534,0.0103620368803925,1.0
2020-03-07,243.22,237.76,0.018125497090711207,-0.02244881177534741,1.0
2020-03-08,225.86,212.94,-0.050050471063256996,-0.057203577437350606,1.0
2020-03-09,204.63,197.63,-0.03902507748661599,-0.03420808288129795,1.0
2020-03-10,205.44,202.1,0.03951829175732424,-0.016257788161993747,1.0
2020-03-11,196.48,189.94,-0.027808015833745703,-0.033285830618892454,1.0
2020-03-12,136.99,138.37,-0.27877224386648414,0.010073728009343696,1.0
2020-03-13,129.26,128.32,-0.06583797065837982,-0.007272164629429034,1.0
2020-03-14,128.44,127.18,0.0009351620947630757,-0.009810028028651385,1.0
2020-03-15,124.76,123.21,-0.01902814908004402,-0.012423853799294782,1.0
2020-03-16,107.69,110.02,-0.1259638016394773,0.021636177918098243,1.0
2020-03-17,115.06,117.42,0.0458098527540447,0.02051103771945062,1.0
2020-03-18,112.08,116.06,-0.04547777210015336,0.03551034975017853,1.0
2020-03-19,128.61,136.14,0.10813372393589527,0.058549101936085535,1.0
2020-03-20,143.66,131.17,0.05523725576612315,-0.08694138939161922,1.0
2020-03-21,130.55,132.74,-0.004726690554242352,0.01677518192263494,1.0
2020-03-22,127.92,123.65,-0.036311586560192954,-0.033380237648530264,1.0
2020-03-23,132.76,130.07,0.07367569753336012,-0.020262127146730924,1.0
2020-03-24,138.44,139.42,0.06434996540324445,0.007078878936723321,1.0
2020-03-25,135.39,135.77,-0.02890546549992834,0.0028067065514441047,1.0
2020-03-26,134.86,135.14,-0.006702511600500838,0.0020762271985761416,1.0
2020-03-27,135.46,136.7,0.002367914755069034,0.009153993798907356,1.0
2020-03-28,128.09,128.31,-0.06298463789319664,0.001717542353033119,1.0
2020-03-29,128.58,125.02,0.0021042787000233876,-0.02768704308601666,1.0
2020-03-30,132.08,132.15,0.05647096464565693,0.0005299818291943925,1.0
2020-03-31,132.52,133.27,0.0027998486568294734,0.005659523090854268,1.0
2020-04-01,131.39,129.94,-0.014106700682824491,-0.011035847476976834,1.0
2020-04-02,137.28,140.85,0.05648760966599964,0.026005244755244794,1.0
2020-04-03,144.84,142.32,0.028328008519701964,-0.01739850869925441,1.0
2020-04-04,141.05,142.81,-0.008923552557616565,0.012477844735909294,1.0
2020-04-05,143.36,143.24,0.0038512709194034045,-0.0008370535714286031,1.0
2020-04-06,156.19,165.11,0.09040770734431725,0.057109930213201876,1.0
2020-04-07,170.47,169.09,0.03246320634728361,-0.008095266029213288,1.0
2020-04-08,168.99,170.34,-0.0005914010290377636,0.007988638380969304,1.0
2020-04-09,170.82,169.17,0.002817893624515566,-0.009659290481208282,1.0
2020-04-10,158.54,158.12,-0.06283620027191583,-0.0026491737101046464,1.0
2020-04-11,158.67,155.61,0.003478370857576518,-0.019285309132160977,1.0
2020-04-12,159.47,163.72,0.024805603752972027,0.026650780711105604,1.0
2020-04-13,153.43,154.6,-0.06285120938187139,0.007625627321905748,1.0
2020-04-14,157.06,160.07,0.015912031047865538,0.019164650452056398,1.0
2020-04-15,155.98,156.94,-0.025551321296932605,0.006154635209642212,1.0
2020-04-16,171.85,172.43,0.09500446030330068,0.003375036368926443,1.0
2020-04-17,170.46,170.94,-0.011424926056950668,0.002815909890883539,1.0
2020-04-18,178.55,182.5,0.044518544518544534,0.022122654718566226,1.0
2020-04-19,182.82,181.17,0.0017534246575341417,-0.009025270758122761,1.0
2020-04-20,179.5,167.42,-0.009217861676877992,-0.06729805013927581,1.0
2020-04-21,170.42,171.81,0.01791900609246211,0.008156319680788782,1.0
2020-04-22,175.56,181.62,0.02182643617950064,0.03451811346548195,1.0
2020-04-23,184.33,189.22,0.014921264177953919,0.026528508652959193,1.0
2020-04-24,186.98,188.48,-0.011838072085403328,0.008022248368809493,1.0
2020-04-25,194.2,194.06,0.030348047538200307,-0.0007209062821832424,1.0
2020-04-26,196.71,195.13,0.013655570442131282,-0.008032128514056325,1.0
2020-04-27,195.07,193.94,-0.0003074873161482694,-0.005792792330958085,1.0
2020-04-28,197.08,195.59,0.016190574404455038,-0.007560381570935748,1.0
2020-04-29,210.02,215.9,0.07377677795388315,0.027997333587277407,1.0
2020-04-30,208.99,211.38,-0.03200555812876327,0.011435953873391025,1.0
2020-05-01,212.82,209.33,0.006812375816065863,-0.01639883469598713,1.0
2020-05-02,212.41,213.54,0.014713610089332585,0.005319900193022864,1.0
2020-05-03,212.76,208.81,-0.003652711435796596,-0.018565519834555344,1.0
2020-05-04,201.32,203.69,-0.035869929601072825,0.011772302801509982,1.0
2020-05-05,203.47,204.2,-0.0010800726594334398,0.0035877524942251604,1.0
2020-05-06,207.9,204.57,0.018119490695396756,-0.01601731601731604,1.0
2020-05-07,206.84,212.88,0.011096446204233334,0.02920131502610701,1.0
2020-05-08,209.55,212.87,-0.01564261555806079,0.01584347411119058,1.0
2020-05-09,210.61,212.37,-0.010616808380701781,0.00835667822040742,1.0
2020-05-10,189.44,185.22,-0.10797193577247255,-0.022276182432432456,1.0
2020-05-11,187.29,187.2,0.011175898931000905,-0.00048053820278715076,1.0
2020-05-12,190.16,189.5,0.015811965811965756,-0.0034707614640302475,1.0
2020-05-13,193.96,196.78,0.023535620052770545,0.01453908022272632,1.0
2020-05-14,201.61,203.47,0.024545177355422387,0.009225732850552948,1.0
2020-05-15,199.5,194.76,-0.019511475893252084,-0.023759398496240647,1.0
2020-05-16,202.3,200.07,0.03871431505442602,-0.011023232822540918,1.0
2020-05-17,206.89,207.89,0.03408806917578855,0.00483348639373582,1.0
2020-05-18,212.3,213.1,0.021213141565251004,0.0037682524729156786,1.0
2020-05-19,211.06,211.5,-0.009572970436414807,0.002084715246849278,1.0
2020-05-20,213.85,209.62,0.011111111111111072,-0.01978021978021971,1.0
2020-05-21,206.41,198.57,-0.015313424291575228,-0.03798265587907568,1.0
2020-05-22,203.15,207.65,0.023064914136073034,0.022151119862170887,1.0
2020-05-23,206.37,207.14,-0.0061642186371297925,0.0037311624751659167,1.0
2020-05-24,207.18,206.44,0.00019310611180856085,-0.003571773337194717,1.0
2020-05-25,202.91,204.68,-0.017099399341212962,0.008723079197673789,1.0
2020-05-26,200.96,199.3,-0.018174711745163163,-0.008260350318471277,1.0
2020-05-27,206.54,206.5,0.03632714500752621,-0.00019366708627865936,1.0
2020-05-28,209.86,214.66,0.01627118644067793,0.02287239111788808,1.0
2020-05-29,219.37,219.96,0.021941675207304723,0.00268951998905953,1.0
2020-05-30,236.66,237.12,0.07592289507183114,0.0019437167244147346,1.0
2020-05-31,238.25,236.55,0.004765519568151078,-0.0071353620146904495,1.0
2020-06-01,238.9,237.83,0.009934474741069454,-0.004478861448304672,1.0
2020-06-02,251.74,236.23,0.05848715469032495,-0.06161118614443484,1.0
2020-06-03,238.87,240.8,0.011175549252846917,0.008079708628124127,1.0
2020-06-04,243.32,241.47,0.010465116279069653,-0.00760315633733355,1.0
2020-06-05,242.5,242.0,0.004265540232741172,-0.0020618556701030855,1.0
2020-06-06,241.81,241.33,-0.0007851239669421917,-0.0019850295686695274,1.0
2020-06-07,238.2,242.13,-0.0129697924004476,0.01649874055415612,1.0
2020-06-08,243.0,242.18,0.003593111138644467,-0.0033744855967078324,1.0
2020-06-09,243.69,243.19,0.006235031794532997,-0.0020517871065698357,1.0
2020-06-10,243.55,246.75,0.00148032402648135,0.01313898583453077,1.0
2020-06-11,243.77,232.37,-0.012077001013171218,-0.046765393608729555,1.0
2020-06-12,236.64,236.83,0.018375866075655223,0.0008029073698445632,1.0
2020-06-13,236.38,236.85,-0.0019000971160748614,0.001988323885269372,1.0
2020-06-14,236.02,234.96,-0.003504327633523263,-0.004491144818235759,1.0
2020-06-15,222.73,232.31,-0.052051413006469316,0.04301171822385852,1.0
2020-06-16,235.77,233.97,0.014893891782532087,-0.0076345591042117356,1.0
2020-06-17,234.16,229.42,0.0008120699234943629,-0.020242569183464343,1.0
2020-06-18,232.96,231.27,0.015430215325603847,-0.007254464285714302,1.0
2020-06-19,230.78,228.84,-0.0021187356769144516,-0.008406274373862543,1.0
2020-06-20,228.36,226.81,-0.002097535395909733,-0.006787528463829129,1.0
2020-06-21,229.6,229.97,0.012301044927472304,0.001611498257839683,1.0
2020-06-22,238.69,242.36,0.03791798930295265,0.015375591771754182,1.0
2020-06-23,242.74,243.73,0.001567915497606931,0.004078437834720283,1.0
2020-06-24,240.43,233.82,-0.013539572477741735,-0.027492409433099052,1.0
2020-06-25,232.17,233.75,-0.007056710289966683,0.006805358142740303,1.0
2020-06-26,231.57,230.14,-0.00932620320855615,-0.006175238588763676,1.0
2020-06-27,229.74,217.84,-0.0017380724776222545,-0.05179768433881782,1.0
2020-06-28,223.04,224.08,0.023870730811604846,0.004662840746054719,1.0
2020-06-29,224.36,226.06,0.001249553730810371,0.007577108218933759,1.0
2020-06-30,224.85,224.9,-0.005352561266920297,0.00022237046920170478,1.0
2020-07-01,227.7,231.1,0.012449977767896803,0.014931927975406323,1.0
2020-07-02,229.51,225.72,-0.0068801384681955735,-0.01651344168010105,1.0
2020-07-03,227.31,226.39,0.007044125465178075,-0.0040473362368572685,1.0
2020-07-04,226.2,228.98,-0.000839259684615068,0.012290008841733036,1.0
2020-07-05,225.58,225.18,-0.014848458380644525,-0.0017732068445784899,1.0
2020-07-06,237.06,238.42,0.052757793764987904,0.00573694423352733,1.0
2020-07-07,237.68,237.98,-0.0031037664625449546,0.0012622012790306503,1.0
2020-07-08,242.06,248.56,0.017144297840154588,0.02685284640171859,1.0
2020-07-09,247.28,239.98,-0.005149662053427706,-0.029521190553219112,1.0
2020-07-10,239.16,239.53,-0.0034169514126176637,0.001547081451747756,1.0
2020-07-11,238.97,237.9,-0.0023379117438316888,-0.004477549483198673,1.0
2020-07-12,240.73,238.54,0.011895754518705282,-0.009097328957753503,1.0
2020-07-13,244.73,238.42,0.025949526284899882,-0.025783516528419037,1.0
2020-07-14,239.49,241.46,0.004487878533680156,0.008225813186354403,1.0
2020-07-15,239.77,237.49,-0.006999088876004311,-0.009509112899862338,1.0
2020-07-16,232.08,232.42,-0.022779906522379822,0.0014650120648052045,1.0
2020-07-17,233.64,233.11,0.005249117976077855,-0.0022684471837013387,1.0
2020-07-18,234.74,235.58,0.006992407018145963,0.0035784271960466185,1.0
2020-07-19,234.0,235.23,-0.006706851175821482,0.0052564102564101045,1.0
2020-07-20,238.24,235.36,0.012795986906432022,-0.012088650100738785,1.0
2020-07-21,243.96,245.31,0.03653976886471777,0.005533694048204696,1.0
2020-07-22,243.23,245.17,-0.008479067302596732,0.00797598980388936,1.0
2020-07-23,263.96,274.64,0.07664069829098175,0.04046067585997881,1.0
2020-07-24,274.48,283.11,-0.0005825808330904847,0.03144127076654035,1.0
2020-07-25,285.15,296.51,0.007205679771113527,0.03983868139575675,1.0
2020-07-26,304.08,307.05,0.025530336244983243,0.00976716653512244,1.0
2020-07-27,325.15,324.21,0.05894805406285619,-0.0028909733968937035,1.0
2020-07-28,315.75,318.33,-0.026094198204867136,0.008171021377672227,1.0
2020-07-29,321.13,321.67,0.008795903622027534,0.001681561984243185,1.0
2020-07-30,317.26,333.25,-0.013709702490129705,0.050400302590934976,1.0
2020-07-31,345.29,343.71,0.03612903225806452,-0.004575863766688948,1.0
2020-08-01,356.97,383.3,0.03857903465130508,0.07375969969465213,1.0
2020-08-02,359.21,379.22,-0.06284894338638147,0.0557055761253864,1.0
2020-08-03,389.44,393.57,0.026950055376826043,0.010604971240755878,1.0
2020-08-04,388.13,386.61,-0.013822191732093425,-0.003916213639759802,1.0
2020-08-05,398.94,398.56,0.031892604950725545,-0.0009525241891010783,1.0
2020-08-06,396.72,396.73,-0.004616619831392943,2.5206694898249893e-05,1.0
2020-08-07,394.62,374.36,-0.0053184785622464315,-0.05134053013025186,1.0
2020-08-08,391.51,389.26,0.04581151832460728,-0.005746979642921035,1.0
2020-08-09,389.19,389.48,-0.00017982839233410264,0.0007451373365194858,1.0
2020-08-10,394.61,395.55,0.013171408031221077,0.0023820987810749816,1.0
2020-08-11,386.9,380.53,-0.02186828466691959,-0.016464202636340186,1.0
2020-08-12,384.26,386.93,0.009802118098441781,0.006948420340394668,1.0
2020-08-13,388.68,393.77,0.004522781898534722,0.01309560563960055,1.0
2020-08-14,426.3,440.84,0.08261167686720672,0.03410743607787925,1.0
2020-08-15,430.68,431.9,-0.023046910443698332,0.002832729636853326,1.0
2020-08-16,419.69,429.27,-0.02827043297059495,0.022826371845886317,1.0
2020-08-17,426.21,437.37,-0.007128380739394813,0.026184275357218345,1.0
2020-08-18,429.41,423.73,-0.018199693623248026,-0.01322745161966421,1.0
2020-08-19,412.15,396.0,-0.02732872347957438,-0.03918476282906702,1.0
2020-08-20,409.16,414.23,0.03323232323232328,0.012391240590478025,1.0
2020-08-21,406.68,397.51,-0.018226589093016,-0.0225484410347202,1.0
2020-08-22,391.92,389.28,-0.01406253930718715,-0.006736068585425747,1.0
2020-08-23,387.02,393.96,-0.005805589806822775,0.017931889824815306,1.0
2020-08-24,405.39,403.52,0.029013097776424024,-0.00461284195466094,1.0
2020-08-25,389.25,379.41,-0.035363798572561445,-0.025279383429672397,1.0
2020-08-26,379.69,387.02,0.0007379879286260049,0.019305222681661238,1.0
2020-08-27,385.55,377.81,-0.0037982533202417512,-0.02007521722215022,1.0
2020-08-28,391.2,395.94,0.03544109473015533,0.0121165644171779,1.0
2020-08-29,398.74,402.81,0.007071778552306007,0.010207152530470998,1.0
2020-08-30,407.28,425.07,0.011097043271020901,0.04368002357100775,1.0
2020-08-31,436.39,436.75,0.02663090785047162,0.0008249501592612063,1.0
2020-09-01,469.79,475.71,0.07564968517458515,0.012601375082483601,1.0
2020-09-02,443.87,435.71,-0.06693153391772289,-0.018383761011106947,1.0
2020-09-03,412.41,401.47,-0.053475935828876886,-0.026526999830265963,1.0
2020-09-04,394.57,391.24,-0.01718683836899404,-0.008439567123704195,1.0
2020-09-05,336.43,323.31,-0.14009303752172575,-0.038997711262372614,1.0
2020-09-06,353.02,353.45,0.09189322940830769,0.0012180612996430806,1.0
2020-09-07,328.09,345.94,-0.07174989390295661,0.054405803285683785,1.0
2020-09-08,337.16,334.42,-0.02538012372087639,-0.008126705421758196,1.0
2020-09-09,346.71,355.97,0.03675019436636551,0.026708199936546606,1.0
2020-09-10,372.58,363.21,0.04666123549737322,-0.025148961296902694,1.0
2020-09-11,365.24,368.84,0.005589053164835933,0.009856532690833308,1.0
2020-09-12,368.52,384.67,-0.0008675848606441994,0.04382394442635418,1.0
2020-09-13,366.94,363.02,-0.04609145501338818,-0.010682945440671499,1.0
2020-09-14,369.37,374.5,0.01749214919288189,0.013888512873270642,1.0
2020-09-15,377.04,364.66,0.0067823765020027516,-0.03283471249734771,1.0
2020-09-16,367.0,365.28,0.006416936324247224,-0.004686648501362467,1.0
2020-09-17,377.84,389.21,0.034384581690757754,0.030092102477239147,1.0
2020-09-18,386.87,378.92,-0.006012178515454325,-0.020549538604699213,1.0
2020-09-19,384.93,384.82,0.015860867729335926,-0.0002857662432130814,1.0
2020-09-20,372.3,371.23,-0.03253469154409849,-0.0028740263228579366,1.0
2020-09-21,345.14,345.42,-0.07027988039759725,0.0008112649939155947,1.0
2020-09-22,342.02,343.58,-0.009843089572115216,0.004561136775627084,1.0
2020-09-23,340.69,327.69,-0.00841143256301291,-0.03815785611553024,1.0
2020-09-24,335.31,345.99,0.02325368488510482,0.03185112284154967,1.0
2020-09-25,344.7,353.87,-0.0037284314575566357,0.02660284305192917,1.0
2020-09-26,349.63,352.39,-0.011981801226439104,0.007894059434259137,1.0
2020-09-27,352.38,354.09,-2.837764976304502e-05,0.004852715818150832,1.0
2020-09-28,363.92,363.19,0.027761303623372813,-0.0020059353704111604,1.0
2020-09-29,357.75,356.32,-0.014978385968776653,-0.003997204751921779,1.0
2020-09-30,355.15,355.31,-0.0032835653345307803,0.0004505138673800424,1.0
2020-10-01,367.74,353.18,0.03498353550420763,-0.039593190841355264,1.0
2020-10-02,339.64,343.35,-0.03833739169828421,0.010923330585325797,1.0
2020-10-03,346.34,350.06,0.008708315130333322,0.0107408904544668,1.0
2020-10-04,347.99,352.86,-0.005913272010512505,0.013994655018822355,1.0
2020-10-05,352.63,351.53,-0.0006518165844811019,-0.0031194169526133075,1.0
2020-10-06,345.71,340.38,-0.01655619719511847,-0.015417546498510237,1.0
2020-10-07,341.17,340.96,0.0023209354251132464,-0.0006155289152036669,1.0
2020-10-08,340.86,351.26,-0.0002932895354292864,0.030511060259343914,1.0
2020-10-09,359.08,363.26,0.022262711381882294,0.011640859975492912,1.0
2020-10-10,373.59,373.74,0.028436932224852773,0.0004015096763831938,1.0
2020-10-11,372.31,373.14,-0.003826189329480423,0.0022293250248448526,1.0
2020-10-12,368.84,388.06,-0.011523824837862517,0.05210931569244126,1.0
2020-10-13,382.8,378.17,-0.013554604957996208,-0.012095088819226718,1.0
2020-10-14,381.63,375.02,0.009149324377925261,-0.017320441265099795,1.0
2020-10-15,375.47,378.3,0.0011999360034131712,0.007537220017577839,1.0
2020-10-16,368.93,365.39,-0.02476870208828974,-0.009595316184642155,1.0
2020-10-17,367.8,366.85,0.006595692274008691,-0.002582925502990774,1.0
2020-10-18,373.23,375.74,0.017391304347825987,0.0067250756905929965,1.0
2020-10-19,376.75,379.43,0.0026880289561930226,0.007113470471134642,1.0
2020-10-20,369.39,368.42,-0.026460743747199755,-0.0026259508920111196,1.0
2020-10-21,381.04,391.03,0.03425438358395305,0.02621771992441735,1.0
2020-10-22,411.47,415.85,0.05227220417870759,0.010644761464991381,1.0
2020-10-23,417.66,409.22,0.004352530960682888,-0.020207824546281672,1.0
2020-10-24,412.68,413.19,0.008455109720932441,0.0012358243675487657,1.0
2020-10-25,407.63,408.1,-0.01345627919359138,0.0011530064028653086,1.0
2020-10-26,404.0,391.56,-0.010046557216368601,-0.03079207920792082,1.0
2020-10-27,403.71,406.16,0.031029727244866523,0.006068712689802247,1.0
2020-10-28,390.18,384.69,-0.03934410084695694,-0.014070429032754128,1.0
2020-10-29,384.17,388.51,-0.0013517377628740057,0.01129708202098012,1.0
2020-10-30,380.55,383.18,-0.0204885331136907,0.006911049796347379,1.0
2020-10-31,391.06,385.51,0.02056474763818561,-0.014192195571012145,1.0
2020-11-01,387.65,394.28,0.005551088168919138,0.017103056881207168,1.0
2020-11-02,383.86,387.57,-0.026427919245206377,0.009664982024696345,1.0
2020-11-03,383.66,382.36,-0.010088500141909762,-0.003388416827399321,1.0
2020-11-04,382.89,401.21,0.0013861282560936328,0.04784664002716177,1.0
2020-11-05,405.35,413.9,0.010318785673338216,0.02109288269396803,1.0
2020-11-06,445.26,443.21,0.07576709350084565,-0.004604051565377576,1.0
2020-11-07,463.65,437.5,0.04611809300331671,-0.056400301951903375,1.0
2020-11-08,444.61,451.36,0.016251428571428583,0.015181844762825802,1.0
2020-11-09,446.64,446.83,-0.010457284650833065,0.00042539853125567184,1.0
2020-11-10,447.34,449.59,0.001141373676789792,0.005029731300576712,1.0
2020-11-11,459.28,465.64,0.021552970484219003,0.013847761713987161,1.0
2020-11-12,461.67,457.69,-0.008525899836783757,-0.008620876383564013,1.0
2020-11-13,471.28,469.67,0.02969258668531105,-0.0034162281446272758,1.0
2020-11-14,460.52,461.29,-0.019481763791598383,0.0016720229306002032,1.0
2020-11-15,457.87,443.71,-0.0074139911985953155,-0.030925808635638985,1.0
2020-11-16,455.79,462.53,0.027224989294809765,0.014787511792711427,1.0
2020-11-17,467.72,482.15,0.011220893779863017,0.03085179167023,1.0
2020-11-18,475.29,471.5,-0.01422793736389083,-0.007974078983357558,1.0
2020-11-19,476.24,474.77,0.010053022269353118,-0.003086678985385616,1.0
2020-11-20,507.93,509.29,0.06984434568317299,0.0026775343059082246,1.0
2020-11-21,522.99,541.13,0.026900194388266074,0.034685175624773024,1.0
2020-11-22,532.95,566.94,-0.015116515439912659,0.06377708978328167,1.0
2020-11-23,599.97,596.14,0.058260133347444176,-0.006383652515959182,1.0
2020-11-24,604.44,607.07,0.013922904015835291,0.004351134934815759,1.0
2020-11-25,593.27,581.56,-0.02273213962146059,-0.019738061927958683,1.0
2020-11-26,512.26,522.45,-0.11916225324987961,0.01989224222074748,1.0
2020-11-27,511.69,514.6,-0.02059527227485891,0.005687037073228041,1.0
2020-11-28,527.87,541.01,0.02578701904391756,0.024892492469736904,1.0
2020-11-29,554.67,557.14,0.02524907118167863,0.004453098238592412,1.0
2020-11-30,601.81,605.99,0.08017733424273965,0.006945713763480299,1.0
2020-12-01,589.21,593.78,-0.027690225911318644,0.0077561480626600066,1.0
2020-12-02,593.1,596.36,-0.0011452052948902613,0.0054965435845557575,1.0
2020-12-03,609.17,611.33,0.0214803139043529,0.0035458082308716943,1.0
2020-12-04,590.92,588.87,-0.03338622347995368,-0.003469166723075845,1.0
2020-12-05,586.44,591.96,-0.004126547455295615,0.009412727644771746,1.0
2020-12-06,587.52,595.0,-0.0075005067909994505,0.012731481481481621,1.0
2020-12-07,595.36,586.59,0.0006050420168066672,-0.014730583176565393,1.0
2020-12-08,578.46,564.29,-0.013859765764844267,-0.024496075787435734,1.0
2020-12-09,572.3,573.63,0.014194828900033762,0.002323955967150182,1.0
2020-12-10,561.06,564.7,-0.021913079859840034,0.0064877196734753895,1.0
2020-12-11,549.58,547.0,-0.02677527890915532,-0.004694493977218994,1.0
2020-12-12,555.53,567.93,0.015594149908592314,0.022321026767231356,1.0
2020-12-13,585.78,588.82,0.03142992974486303,0.005189661647717614,1.0
2020-12-14,582.08,586.96,-0.01144662205767466,0.00838372732270476,1.0
2020-12-15,587.04,590.78,0.00013629548861926466,0.006370945761787983,1.0
2020-12-16,609.19,623.21,0.0311621923558687,0.02301416635204112,1.0
2020-12-17,659.11,642.84,0.057604980664623495,-0.024684802233314596,1.0
2020-12-18,638.27,648.31,-0.007109078464314633,0.015730020210882545,1.0
2020-12-19,656.33,666.64,0.01237062516388776,0.015708561242057995,1.0
2020-12-20,648.29,656.44,-0.02752610104404185,0.012571534344197888,1.0
2020-12-21,608.31,610.0,-0.07331972457498037,0.0027781887524453985,1.0
2020-12-22,617.8,624.39,0.012786885245901658,0.01066688248624148,1.0
2020-12-23,608.05,605.92,-0.026169541472477187,-0.003503001397911376,1.0
2020-12-24,597.2,604.72,-0.014391338790599284,0.01259209645010051,1.0
2020-12-25,628.32,620.53,0.03902632623362878,-0.01239814107461179,1.0
2020-12-26,623.25,648.53,0.004383349717177243,0.04056157240272751,1.0
2020-12-27,648.67,673.32,0.00021587282007007325,0.038000832472598,1.0
2020-12-28,727.21,733.96,0.08003623834135332,0.009282050576862266,1.0
2020-12-29,729.81,729.3,-0.0056542590876887955,-0.0006988120195666747,1.0
2020-12-30,725.04,751.67,-0.005841217605923488,0.03672900805472801,1.0
2020-12-31,733.7,743.96,-0.02390676759748278,0.013983917132342816,1.0
2021-01-01,740.08,729.48,-0.00521533415775044,-0.014322775916117192,1.0
2021-01-02,770.77,756.55,0.056601963042167025,-0.0184490833841483,1.0
2021-01-03,874.21,946.37,0.15552177648536136,0.08254309605243582,1.0
2021-01-04,1011.92,1019.69,0.0692646639263712,0.007678472606530207,1.0
2021-01-05,1023.55,1098.99,0.0037854642097105984,0.07370426456939083,1.0
2021-01-06,1134.99,1197.16,0.03275734993039059,0.0547758130027578,1.0
2021-01-07,1218.01,1242.72,0.017416218383507598,0.020287189760346935,1.0
2021-01-08,1250.0,1145.9,0.005858117677352892,-0.08327999999999991,1.0
2021-01-09,1221.39,1271.14,0.06587834889606414,0.040732280434586876,1.0
2021-01-10,1309.66,1258.34,0.03030350708812568,-0.039185742864560336,1.0
2021-01-11,1026.09,1019.94,-0.18456855857717314,-0.0059936262900913695,1.0
2021-01-12,1025.71,1080.61,0.0056571955213051694,0.05352390051768996,1.0
2021-01-13,1067.14,1110.9,-0.012465181702926875,0.0410068032310662,1.0
2021-01-14,1193.24,1207.26,0.0741200828157349,0.011749522309007387,1.0
2021-01-15,1221.93,1136.6,0.012151483524675877,-0.06983215077786797,1.0
2021-01-16,1231.28,1273.7,0.08330107337673764,0.03445195243973753,1.0
2021-01-17,1198.86,1237.58,-0.05875794928162059,0.03229734914835758,1.0
2021-01-18,1243.99,1226.08,0.005179463145816854,-0.014397221842619379,1.0
2021-01-19,1417.31,1383.91,0.15596861542476836,-0.023565768956685496,1.0
2021-01-20,1310.43,1332.15,-0.053095938319688396,0.016574712117396695,1.0
2021-01-21,1237.43,1205.18,-0.07110310400480424,-0.02606208027928847,1.0
2021-01-22,1219.45,1248.85,0.011840554937851522,0.024109229570707935,1.0
2021-01-23,1231.92,1251.15,-0.013556471954197735,0.015609779855834782,1.0
2021-01-24,1322.43,1342.9,0.056971586140750485,0.015479080178156801,1.0
2021-01-25,1416.76,1370.0,0.0550003723285426,-0.03300488438408766,1.0
2021-01-26,1285.49,1336.71,-0.0616861313868613,0.03984472846929976,1.0
2021-01-27,1236.09,1287.61,-0.07527436766389128,0.041679812958603346,1.0
2021-01-28,1343.0,1331.48,0.04301768392603367,-0.008577810871183922,1.0
2021-01-29,1424.74,1348.76,0.07004235887884169,-0.05332902845431453,1.0
2021-01-30,1364.91,1376.63,0.011973961268127775,0.008586646738612869,1.0
2021-01-31,1349.08,1309.46,-0.020012639561828638,-0.029368162006700782,1.0
2021-02-01,1327.27,1336.03,0.013601026377285219,0.006600013561671725,1.0
2021-02-02,1426.81,1532.49,0.06794757602748436,0.07406732501173963,1.0
2021-02-03,1550.68,1634.43,0.011869571742719298,0.05400856398483245,1.0
2021-02-04,1631.9,1657.18,-0.0015479402605189652,0.01549114529076534,1.0
2021-02-05,1716.78,1720.52,0.03596471113578481,0.002178496953599174,1.0
2021-02-06,1676.36,1693.71,-0.02566665891707165,0.010349805531031597,1.0
2021-02-07,1585.5,1581.71,-0.06388933170377453,-0.002390413118889878,1.0
2021-02-08,1682.49,1719.97,0.06371585183124595,0.022276506844022936,1.0
2021-02-09,1740.28,1763.38,0.01180834549439802,0.013273726067069669,1.0
2021-02-10,1745.28,1711.84,-0.01026437863648233,-0.01916024935826921,1.0
2021-02-11,1789.42,1762.26,0.045319656042621004,-0.015178102401895655,1.0
2021-02-12,1790.99,1848.68,0.016302929193195093,0.03221123512694102,1.0
2021-02-13,1806.02,1800.0,-0.023075924443386686,-0.0033332964197516635,1.0
2021-02-14,1811.46,1817.4,0.006366666666666632,0.003279122917425825,1.0
2021-02-15,1803.01,1825.67,-0.00791790469902065,0.012567872613019393,1.0
2021-02-16,1777.53,1752.14,-0.02636840173744437,-0.014283865813797703,1.0
2021-02-17,1823.8,1829.47,0.0408985583343795,0.0031088935190262124,1.0
2021-02-18,1913.53,1938.2,0.04594773349658632,0.012892403045680068,1.0
2021-02-19,1923.57,1951.69,-0.007548240635641412,0.014618651777684288,1.0
2021-02-20,2028.82,1986.28,0.03951959583745368,-0.02096785323488526,1.0
2021-02-21,1947.92,1929.68,-0.01931248363775495,-0.009363834243706126,1.0
2021-02-22,1727.94,1766.14,-0.10454583143319096,0.022107249094297288,1.0
2021-02-23,1551.74,1524.28,-0.12139467992344888,-0.01769626354930598,1.0
2021-02-24,1639.81,1603.05,0.07579316136142955,-0.022417231264597715,1.0
2021-02-25,1645.18,1575.31,0.02628115155484867,-0.04246951701333601,1.0
2021-02-26,1460.02,1446.05,-0.07318559521617962,-0.009568362077231884,1.0
2021-02-27,1483.49,1508.2,0.025891220912140023,0.016656667722734886,1.0
2021-02-28,1335.53,1408.65,-0.11448746850550329,0.05474979970498617,1.0
2021-03-01,1522.81,1518.14,0.08104213253824577,-0.003066699062916456,1.0
2021-03-02,1573.0,1469.17,0.03613632471313566,-0.0660076287349014,1.0
2021-03-03,1613.0,1577.27,0.09789881361585118,-0.02215127092374458,1.0
2021-03-04,1567.0,1531.0,-0.006511250451729844,-0.02297383535417996,1.0
2021-03-05,1489.47,1533.36,-0.027126061397779178,0.029466857338516395,1.0
2021-03-06,1528.55,1653.09,-0.0031369019669222897,0.08147590854077391,1.0
2021-03-07,1663.43,1649.31,0.006254952845882622,-0.00848848463716545,1.0
2021-03-08,1736.03,1771.26,0.052579563575070765,0.020293428108961287,1.0
2021-03-09,1839.21,1834.35,0.03836252159479692,-0.0026424388732119164,1.0
2021-03-10,1844.35,1804.45,0.005451522337612813,-0.021633637866999123,1.0
2021-03-11,1811.45,1810.05,0.0038792984011748466,-0.0007728615197770683,1.0
2021-03-12,1745.97,1741.16,-0.03540233695201789,-0.0027549156056518864,1.0
2021-03-13,1883.37,1933.33,0.08167543476762607,0.026526917175063947,1.0
2021-03-14,1883.31,1871.16,-0.025872458400790332,-0.006451407362568995,1.0
2021-03-15,1778.79,1785.58,-0.049365099724235306,0.0038172015808499715,1.0
2021-03-16,1779.11,1784.08,-0.003623472485130952,0.002793531597259369,1.0
2021-03-17,1764.99,1827.36,-0.010700192816465615,0.03533731069297841,1.0
2021-03-18,1796.84,1767.72,-0.016701689869538572,-0.01620622871262878,1.0
2021-03-19,1812.89,1826.64,0.025552689339940704,0.007584574905261654,1.0
2021-03-20,1841.87,1847.84,0.008337712959313182,0.0032412710994804694,1.0
2021-03-21,1767.94,1795.97,-0.04323967443068655,0.015854610450580786,1.0
2021-03-22,1782.91,1737.86,-0.00727183638924922,-0.025267680365245737,1.0
2021-03-23,1705.11,1705.86,-0.01884501628439572,0.0004398543202490668,1.0
2021-03-24,1732.36,1635.56,0.015534686316579283,-0.055877531229074795,1.0
2021-03-25,1577.5,1605.05,-0.03549854484091075,0.017464342313787684,1.0
2021-03-26,1634.62,1664.4,0.018423102084047294,0.018218301501266465,1.0
2021-03-27,1679.2,1704.16,0.008892093246815724,0.01486422105764662,1.0
2021-03-28,1691.34,1675.03,-0.007522767815228759,-0.009643241453522022,1.0
2021-03-29,1775.0,1816.08,0.05968251314901818,0.023143661971831042,1.0
2021-03-30,1839.65,1858.27,0.012978503149640996,0.01012149050091038,1.0
2021-03-31,1815.29,1900.63,-0.02312903937533295,0.04701177222372199,1.0
2021-04-01,1922.0,1974.12,0.011243640266648258,0.027117585848074777,1.0
2021-04-02,2005.0,2062.63,0.015642412821915697,0.028743142144638467,1.0
2021-04-03,2104.24,2095.29,0.020173273926976654,-0.004253317112116406,1.0
2021-04-04,2066.64,2061.44,-0.01367352490586038,-0.002516161498857916,1.0
2021-04-05,2060.41,2104.35,-0.0004996507295871311,0.02132585262156561,1.0
2021-04-06,2109.68,2113.6,0.0025328486230902225,0.0018581017026280122,1.0
2021-04-07,1981.92,1983.46,-0.06230128690386061,0.0007770242996689714,1.0
2021-04-08,2029.54,2057.81,0.02323212971272426,0.01392926475950218,1.0
2021-04-09,2078.84,2077.28,0.010219602392835148,-0.0007504185026264709,1.0
2021-04-10,2144.37,2128.42,0.032297042286066224,-0.007438082047407812,1.0
2021-04-11,2145.71,2143.02,0.008123396698020091,-0.0012536642882775562,1.0
2021-04-12,2155.35,2142.31,0.005753562729232442,-0.006050061474934476,1.0
2021-04-13,2227.31,2297.38,0.03967679747562203,0.03145947353534084,1.0
2021-04-14,2359.04,2335.3,0.02683926908043066,-0.010063415626695549,1.0
2021-04-15,2439.42,2478.51,0.04458527812272517,0.016024300858400897,1.0
2021-04-16,2379.09,2429.66,-0.04011280971228681,0.021256026463899902,1.0
2021-04-17,2412.54,2378.57,-0.007046253385247225,-0.014080595554892272,1.0
2021-04-18,2101.43,2188.41,-0.11651538529452588,0.04139086241273793,1.0
2021-04-19,2222.22,2187.46,0.01544957297764138,-0.015642015642015505,1.0
2021-04-20,2179.71,2324.7,-0.0035429219277152146,0.06651802303976218,1.0
2021-04-21,2368.54,2436.94,0.018858347313631896,0.02887854965506187,1.0
2021-04-22,2550.56,2535.54,0.04662404490877892,-0.005888902829182641,1.0
2021-04-23,2244.22,2363.92,-0.11489465754829353,0.05333701687000403,1.0
2021-04-24,2226.74,2269.71,-0.05803072862025804,0.01929726865282899,1.0
2021-04-25,2320.64,2268.57,0.0224389900031281,-0.022437775785989933,1.0
2021-04-26,2479.61,2490.91,0.09302776639028099,0.004557168264364142,1.0
2021-04-27,2554.0,2622.55,0.02532809294595162,0.026840250587313985,1.0
2021-04-28,2723.41,2737.97,0.03845875197803661,0.005346238722777619,1.0
2021-04-29,2786.57,2725.95,0.01775037710420513,-0.021754343153052136,1.0
2021-04-30,2748.34,2783.86,0.008213650287056007,0.01292416513240724,1.0
2021-05-01,2869.78,2925.49,0.030863621015424725,0.019412637902556762,1.0
2021-05-02,2924.94,2963.56,-0.0001880026935657808,0.013203689648334738,1.0
2021-05-03,3144.59,3301.27,0.061085316308763904,0.04982525543870575,1.0
2021-05-04,3484.36,3412.9,0.055460474302313933,-0.02050878784052168,1.0
2021-05-05,3369.98,3480.84,-0.012575815289050385,0.03289633766372502,1.0
2021-05-06,3492.12,3482.07,0.003240597097252218,-0.0028779079756708903,1.0
2021-05-07,3493.46,3512.59,0.0032710427992543867,0.005475946482856653,1.0
2021-05-08,3562.97,3811.84,0.01434269299861346,0.06984903044370294,1.0
2021-05-09,3747.96,3862.96,-0.016758310946944244,0.03068335841364367,1.0
2021-05-10,4125.7,3991.12,0.0680152007786774,-0.032619919044041046,1.0
2021-05-11,3968.27,4067.06,-0.0057252099661248,0.024894979424283203,1.0
2021-05-12,4290.89,4083.92,0.055034840892438375,-0.04823474850205911,1.0
2021-05-13,3807.51,3651.75,-0.06768252071539105,-0.040908625322060965,1.0
2021-05-14,3999.75,4046.35,0.09529677551858695,0.011650728170510716,1.0
2021-05-15,3916.82,3751.43,-0.03201156597921573,-0.042225580955979725,1.0
2021-05-16,3707.51,3419.22,-0.011707535526452428,-0.07775838770495569,1.0
2021-05-17,3477.9,3378.75,0.01716180883359364,-0.028508582765461976,1.0
2021-05-18,3415.38,3402.38,0.010841287458379645,-0.0038063114499704565,1.0
2021-05-19,2365.18,2601.13,-0.3048454317272028,0.09975984914467406,1.0
2021-05-20,2874.84,2782.41,0.10522734350070939,-0.032151354510164154,1.0
2021-05-21,2649.65,2349.5,-0.047714032080103164,-0.11327911233559151,1.0
2021-05-22,2391.43,2255.05,0.0178463502872952,-0.05702863976783756,1.0
2021-05-23,1938.52,1968.09,-0.14036495864836707,0.015253905040959026,1.0
2021-05-24,2423.19,2650.86,0.23123942502629458,0.09395466306810452,1.0
2021-05-25,2456.89,2512.12,-0.07317247987445596,0.02247963889307214,1.0
2021-05-26,2850.51,2739.85,0.1347029600496792,-0.03882112323759623,1.0
2021-05-27,2781.73,2757.66,0.015285508330748154,-0.008652888670000358,1.0
2021-05-28,2562.84,2499.51,-0.07064685276647586,-0.024710867631221545,1.0
2021-05-29,2391.0,2247.04,-0.04341250885173498,-0.06020911752404856,1.0
2021-05-30,2388.08,2441.9,0.06276701794360573,0.022536933436065887,1.0
2021-05-31,2533.59,2627.2,0.0375486301650354,0.03694757241700497,1.0
2021-06-01,2557.3,2542.67,-0.02660627283800232,-0.005720877487975673,1.0
2021-06-02,2701.1,2758.19,0.06230851821117156,0.021135833549294825,1.0
2021-06-03,2826.56,2793.29,0.024787995025723264,-0.011770491339295863,1.0
2021-06-04,2644.41,2681.08,-0.053299156192160524,0.013866987343112536,1.0
2021-06-05,2642.01,2602.77,-0.014572485714711925,-0.014852328340922316,1.0
2021-06-06,2691.41,2673.87,0.034056024927288986,-0.006517030106895638,1.0
2021-06-07,2830.97,2730.3,0.058753791321193516,-0.03556024966707516,1.0
2021-06-08,2500.51,2501.15,-0.08416291250045782,0.0002559477866515003,1.0
2021-06-09,2541.16,2562.73,0.015996641544889334,0.00848824946087623,1.0
2021-06-10,2556.4,2458.69,-0.0024700222028851693,-0.03822171804099517,1.0
2021-06-11,2457.31,2398.12,-0.0005612744998353403,-0.02408731499078265,1.0
2021-06-12,2438.54,2409.71,0.016854869647890958,-0.011822647977888345,1.0
2021-06-13,2358.05,2430.27,-0.02143826435546181,0.030627001123809894,1.0
2021-06-14,2492.77,2539.57,0.02571730713048348,0.018774295261897445,1.0
2021-06-15,2598.44,2531.59,0.023181089712037917,-0.02572697464632623,1.0
2021-06-16,2448.34,2418.86,-0.032884471814156324,-0.012040811325224499,1.0
2021-06-17,2389.73,2340.18,-0.012042863166946471,-0.02073455997121021,1.0
2021-06-18,2284.96,2154.42,-0.023596475484791712,-0.05713010293396814,1.0
2021-06-19,2232.01,2221.18,0.03601433332405013,-0.004852128798706223,1.0
2021-06-20,2080.11,2222.78,-0.06351128679350604,0.06858771891871096,1.0
2021-06-21,1950.0,1943.52,-0.12272019723049521,-0.003323076923076984,1.0
2021-06-22,1792.33,1895.92,-0.07779184160698116,0.05779627635535878,1.0
2021-06-23,2010.95,1916.52,0.06067239124013679,-0.046957905467565064,1.0
2021-06-24,1977.78,2011.58,0.0319641850854675,0.01708986843835003,1.0
2021-06-25,1860.58,1851.44,-0.0750653714990207,-0.0049124466564188785,1.0
2021-06-26,1781.29,1784.81,-0.03788942660847783,0.0019760959753885032,1.0
2021-06-27,1856.11,1823.0,0.03994822978356227,-0.01783838242345548,1.0
2021-06-28,2017.15,2114.61,0.10650027427317621,0.048315692933098786,1.0
2021-06-29,2173.24,2221.56,0.027726152813048133,0.02223408367230495,1.0
2021-06-30,2138.46,2242.37,-0.03740614703181544,0.048591042151828745,1.0
2021-07-01,2128.17,2100.18,-0.050928258940317495,-0.01315214480046245,1.0
2021-07-02,2058.31,2103.73,-0.01993638640497475,0.02206664690935778,1.0
2021-07-03,2217.47,2225.35,0.05406587347235603,0.003553599372257521,1.0
2021-07-04,2307.2,2357.02,0.03678073112094715,0.021593273231622856,1.0
2021-07-05,2210.94,2245.3,-0.061976563626952696,0.015540901155164821,1.0
2021-07-06,2329.94,2327.67,0.03769652162294568,-0.0009742740156398755,1.0
2021-07-07,2383.01,2366.28,0.023774847809182598,-0.007020532855506301,1.0
2021-07-08,2160.69,2157.75,-0.08688320908768199,-0.0013606764505783575,1.0
2021-07-09,2111.81,2133.67,-0.021290696327192715,0.010351310013684945,1.0
2021-07-10,2117.68,2093.42,-0.007494129832635865,-0.011455932907710187,1.0
2021-07-11,2123.55,2134.93,0.014392716225124502,0.005358950813496133,1.0
2021-07-12,2109.82,2020.31,-0.01176150974505008,-0.04242542017802475,1.0
2021-07-13,1969.65,1924.32,-0.025075359722022794,-0.02301424110882655,1.0
2021-07-14,1941.79,1980.22,0.009078531637149778,0.01979101756626611,1.0
2021-07-15,1899.02,1917.38,-0.04100554483845231,0.009668144621963082,1.0
2021-07-16,1890.0,1913.17,-0.01427990278400737,0.012259259259259192,1.0
2021-07-17,1873.78,1908.0,-0.020588865600025152,0.01826254949887396,1.0
2021-07-18,1959.97,1901.04,0.027237945492662563,-0.030066786736531737,1.0
2021-07-19,1814.31,1824.98,-0.04562239616210073,0.005881023639840999,1.0
2021-07-20,1756.77,1789.39,-0.03737575206303634,0.018568167716889628,1.0
2021-07-21,1899.6,1937.23,0.06159082145312089,0.01980943356496101,1.0
2021-07-22,2007.47,2029.14,0.03625795594740944,0.01079468186324073,1.0
2021-07-23,2064.42,2020.58,0.01738667612880329,-0.021235988800728633,1.0
2021-07-24,2159.07,2145.72,0.06853972621722493,-0.006183217774319627,1.0
2021-07-25,2145.87,2153.13,6.990660477601551e-05,0.0033832431601170665,1.0
2021-07-26,2348.7,2362.68,0.09083055830349296,0.005952228892578848,1.0
2021-07-27,2307.87,2229.34,-0.02319823251561781,-0.03402704658407962,1.0
2021-07-28,2286.87,2309.76,0.025805843882045654,0.010009314040588357,1.0
2021-07-29,2294.57,2311.41,-0.00657644084233866,0.007339065707300252,1.0
2021-07-30,2332.15,2378.91,0.00897287802683211,0.02005016829963746,1.0
2021-07-31,2462.61,2456.6,0.03518418099045362,-0.0024405001197916887,1.0
2021-08-01,2590.42,2655.56,0.05447366278596433,0.025146501339551097,1.0
2021-08-02,2588.38,2602.07,-0.0252978656102667,0.005289022477379612,1.0
2021-08-03,2501.05,2474.99,-0.03882293712313656,-0.010419623758021745,1.0
2021-08-04,2588.61,2694.91,0.045907256190934165,0.041064509524416426,1.0
2021-08-05,2606.8,2796.73,-0.032694969405286156,0.07285944452969151,1.0
2021-08-06,2769.97,2928.67,-0.009568317284829098,0.05729303927479368,1.0
2021-08-07,3091.99,3075.02,0.05576592787852497,-0.00548837480069464,1.0
2021-08-08,3137.27,2984.44,0.020243770772222724,-0.04871432806229614,1.0
2021-08-09,3131.32,3147.74,0.04921526316494895,0.005243794949094882,1.0
2021-08-10,3179.95,3142.71,0.010232738409144293,-0.01171087595716902,1.0
2021-08-11,3220.63,3249.65,0.02479388807748739,0.009010659405147337,1.0
2021-08-12,3099.83,3048.55,-0.04610342652285637,-0.016542842672017444,1.0
2021-08-13,3235.12,3224.98,0.06119958668875358,-0.003134350503227079,1.0
2021-08-14,3221.25,3262.33,-0.0011565963199772211,0.012752813348855252,1.0
2021-08-15,3153.73,3207.88,-0.03328909092581067,0.01717014455898247,1.0
2021-08-16,3283.92,3176.85,0.02370412858336346,-0.0326043265365783,1.0
2021-08-17,3239.96,3116.91,0.019865590128586463,-0.03797886393659189,1.0
2021-08-18,3028.34,3030.81,-0.02841596324565021,0.0008156283640541329,1.0
2021-08-19,2998.26,3147.58,-0.010739703247646615,0.04980221862013301,1.0
2021-08-20,3236.1,3252.75,0.02812319305625266,0.005145082043200189,1.0
2021-08-21,3289.95,3217.41,0.011436476827299868,-0.02204896730953354,1.0
2021-08-22,3235.96,3175.25,0.005765507038270057,-0.01876104772617715,1.0
2021-08-23,3339.79,3309.62,0.051819541768364674,-0.009033502106419844,1.0
2021-08-24,3317.5,3217.44,0.0023809379928814156,-0.030161266013564392,1.0
2021-08-25,3149.18,3214.5,-0.021215624844597047,0.02074190741716886,1.0
2021-08-26,3099.4,3108.72,-0.03580650178876965,0.0030070336194101266,1.0
2021-08-27,3156.13,3232.36,0.015250649785120585,0.024152997500102913,1.0
2021-08-28,3240.14,3230.24,0.0024069101213972655,-0.0030554235310820133,1.0
2021-08-29,3195.56,3220.23,-0.010736044380603271,0.00772008662018564,1.0
2021-08-30,3159.0,3341.16,-0.01901416979532522,0.05766381766381756,1.0
2021-08-31,3415.65,3414.3,0.022294652156735983,-0.00039523955908826736,1.0
2021-09-01,3536.01,3713.11,0.03564713118355156,0.05008469998670817,1.0
2021-09-02,3775.09,3783.89,0.016692206802384035,0.0023310702526295746,1.0
2021-09-03,3950.74,3943.85,0.044094833623598895,-0.0017439770777120112,1.0
2021-09-04,3914.93,3858.41,-0.007332936090368558,-0.014437039742728475,1.0
2021-09-05,3931.37,3928.47,0.018909343486047447,-0.0007376563386300994,1.0
2021-09-06,3904.14,3937.8,-0.006193250807566275,0.008621617052667174,1.0
2021-09-07,3752.9,3411.9,-0.046955152623292196,-0.09086306589570736,1.0
2021-09-08,3405.27,3523.14,-0.0019431988041853643,0.03461399536600629,1.0
2021-09-09,3490.55,3463.68,-0.009250271065015747,-0.007697927260746917,1.0
2021-09-10,3373.36,3311.26,-0.026076311899482563,-0.018408945383830977,1.0
2021-09-11,3318.0,3298.35,0.0020354789415508723,-0.005922242314647441,1.0
2021-09-12,3435.64,3406.59,0.04162384222414239,-0.008455484276583047,1.0
2021-09-13,3211.27,3253.69,-0.05733592830367029,0.013209726992747362,1.0
2021-09-14,3351.81,3350.11,0.030156529970587265,-0.0005071886532946879,1.0
2021-09-15,3405.38,3534.46,0.016497965738438536,0.037904727225742674,1.0
2021-09-16,3628.94,3562.9,0.026731098951466414,-0.018198151526340967,1.0
2021-09-17,3455.05,3424.05,-0.03027028544163457,-0.00897237377172544,1.0
2021-09-18,3488.48,3445.12,0.018816898117726133,-0.012429482181351204,1.0
2021-09-19,3339.7,3337.93,-0.03059980494148251,-0.0005299877234482553,1.0
2021-09-20,3024.34,3072.02,-0.09394744647131592,0.015765423199772366,1.0
2021-09-21,3023.52,2886.84,-0.01578765763243728,-0.04520558818860132,1.0
2021-09-22,2920.0,3023.73,0.01148660819442715,0.03552397260273965,1.0
2021-09-23,3068.81,3147.87,0.014908738544777478,0.02576242908488946,1.0
2021-09-24,2805.0,2901.78,-0.10892127057343537,0.034502673796791505,1.0
2021-09-25,2904.12,2916.77,0.0008064015879907238,0.004355880610994012,1.0
2021-09-26,3010.21,3057.62,0.032035436458822675,0.01574973174629002,1.0
2021-09-27,3074.17,2992.96,0.00541270661494897,-0.02641688650920415,1.0
2021-09-28,2899.53,2838.71,-0.03121658826045115,-0.02097581332146936,1.0
2021-09-29,2910.24,2810.16,0.02519806531840163,-0.034388916378030654,1.0
2021-09-30,3008.36,2992.23,0.07052979189797037,-0.0053617253254265584,1.0
2021-10-01,3221.69,3297.65,0.07668528154587051,0.023577687487002175,1.0
2021-10-02,3300.28,3467.35,0.0007975376404409928,0.05062297744433786,1.0
2021-10-03,3408.98,3467.43,-0.016834181723794805,0.017145891146325143,1.0
2021-10-04,3344.96,3415.84,-0.03532010739942837,0.021190088969673893,1.0
2021-10-05,3453.81,3490.55,0.011115860227645324,0.010637527831583116,1.0
2021-10-06,3456.21,3587.58,-0.009837991147526925,0.03800984315189182,1.0
2021-10-07,3567.09,3606.18,-0.005711370896258727,0.010958512400864429,1.0
2021-10-08,3601.15,3625.25,-0.0013948277678872412,0.006692306624272781,1.0
2021-10-09,3602.81,3582.54,-0.006189917936693989,-0.005626164021971691,1.0
2021-10-10,3543.39,3528.5,-0.010928000803898885,-0.004202190557629826,1.0
2021-10-11,3569.64,3515.0,0.011659345330877091,-0.015306865678331727,1.0
2021-10-12,3417.83,3465.67,-0.027644381223328574,0.013997185348598506,1.0
2021-10-13,3469.77,3521.23,0.0011830324295156736,0.014830954213103542,1.0
2021-10-14,3734.99,3791.77,0.060706060098317804,0.015202182602898517,1.0
2021-10-15,3768.3,3848.9,-0.00618972142297658,0.021388955231802065,1.0
2021-10-16,3896.89,3838.99,0.012468497492789998,-0.014858002150432759,1.0
2021-10-17,3853.97,3766.35,0.0039020679918415624,-0.022734997937192025,1.0
2021-10-18,3729.35,3747.72,-0.009823834747168969,0.004925791357743181,1.0
2021-10-19,3801.45,3816.48,0.014336716723768017,0.003953754488418948,1.0
2021-10-20,3933.5,4100.93,0.03066176162327583,0.042565145544680494,1.0
2021-10-21,4224.77,4080.55,0.03019802825212814,-0.03413676957562195,1.0
2021-10-22,4137.98,3983.47,0.014074083150555472,-0.03733947481621458,1.0
2021-10-23,4039.58,4084.06,0.014085709193241147,0.011011045702771005,1.0
2021-10-24,4038.72,4043.03,-0.011101697820306344,0.0010671697963713367,1.0
2021-10-25,4120.89,4184.47,0.019257833852333484,0.015428705934882991,1.0
2021-10-26,4190.21,4211.68,0.0013717388343086334,0.005123848208085091,1.0
2021-10-27,4012.99,3998.46,-0.04717594879003162,-0.003620741641519154,1.0
2021-10-28,4174.72,4259.04,0.04408197155905036,0.020197761766058475,1.0
2021-10-29,4315.0,4403.97,0.0131391111612007,0.020618771726535368,1.0
2021-10-30,4324.97,4336.63,-0.017938360161399824,0.002695972457612328,1.0
2021-10-31,4186.9,4247.82,-0.034526809988401186,0.014550144498316264,1.0
2021-11-01,4345.58,4364.28,0.023014157850379746,0.004303223045025062,1.0
2021-11-02,4435.79,4509.0,0.01638529150283663,0.01650438816986388,1.0
2021-11-03,4522.49,4623.46,0.0029917941893988775,0.022326196409500065,1.0
2021-11-04,4536.7,4489.83,-0.018765167212434042,-0.010331298080102247,1.0
2021-11-05,4496.09,4495.0,0.0013942621435556468,-0.00024243286944880538,1.0
2021-11-06,4362.84,4493.73,-0.029401557285873126,0.0300011002007865,1.0
2021-11-07,4605.44,4624.45,0.024859081431238605,0.004127727209561005,1.0
2021-11-08,4715.79,4758.01,0.01975153802073759,0.008952900786506568,1.0
2021-11-09,4812.98,4775.67,0.011553149320829403,-0.0077519540908126405,1.0
2021-11-10,4792.39,4638.66,0.0035010794296925773,-0.03207794023441346,1.0
2021-11-11,4703.01,4731.09,0.013872540776862285,0.005970644332034203,1.0
2021-11-12,4604.6,4668.98,-0.026735910752067604,0.013981670503409482,1.0
2021-11-13,4615.71,4660.78,-0.01140934422507689,0.009764478270948507,1.0
2021-11-14,4612.37,4552.76,-0.010386673475255237,-0.012923941487781754,1.0
2021-11-15,4724.03,4563.01,0.03761893884149381,-0.03408530428468903,1.0
2021-11-16,4277.96,4197.3,-0.06246972941106865,-0.018854781250876584,1.0
2021-11-17,4223.82,4257.43,0.006318347509112865,0.00795725196622965,1.0
2021-11-18,4172.52,4060.32,-0.0199439568002292,-0.026890224612464486,1.0
2021-11-19,4206.28,4267.35,0.03594790558379635,0.014518767176697756,1.0
2021-11-20,4295.55,4406.6,0.006608316636788514,0.0258523355565643,1.0
2021-11-21,4316.75,4382.7,-0.020389869740843336,0.015277697341750107,1.0
2021-11-22,4276.19,4060.03,-0.02430237068473773,-0.05054967155341539,1.0
2021-11-23,4182.31,4383.21,0.03011800405415732,0.048035654937104155,1.0
2021-11-24,4220.38,4270.35,-0.037148573762151416,0.01184016605139826,1.0
2021-11-25,4457.81,4510.01,0.04389804114416851,0.011709785746812917,1.0
2021-11-26,4087.33,4117.86,-0.09372041303677825,0.007469423804782105,1.0
2021-11-27,4138.89,4054.6,0.005107021608311335,-0.02036536366030517,1.0
2021-11-28,4080.51,4138.14,0.006390272776599426,0.01412323459567566,1.0
2021-11-29,4345.22,4408.88,0.05004180622211907,0.014650581558586229,1.0
2021-11-30,4649.24,4644.04,0.054517247010578584,-0.0011184623723446974,1.0
2021-12-01,4676.76,4566.5,0.0070455896159378195,-0.02357615101052868,1.0
2021-12-02,4532.56,4536.56,-0.007432388043359106,0.0008825034858888081,1.0
2021-12-03,4598.81,4209.6,0.013721850917876033,-0.08463276369321626,1.0
2021-12-04,3964.9,4100.78,-0.05812903838844552,0.03427072561729161,1.0
2021-12-05,4200.78,4133.92,0.024385604689839413,-0.01591609177343245,1.0
2021-12-06,4045.42,4199.52,-0.021408251732012218,0.038092460115389803,1.0
2021-12-07,4341.2,4286.49,0.03373718901207745,-0.012602506219478449,1.0
2021-12-08,4292.84,4409.0,0.001481398533532241,0.027059009886229113,1.0
2021-12-09,4298.57,4123.3,-0.025046495804037283,-0.04077402485012449,1.0
2021-12-10,4204.44,4050.84,0.019678412921688704,-0.03653280817421567,1.0
2021-12-11,4010.68,4013.91,-0.009913993147100397,0.000805349716257675,1.0
2021-12-12,4044.86,4147.89,0.007710686089125174,0.025471833388547527,1.0
2021-12-13,3974.16,3755.31,-0.0418839458134137,-0.0550682408357992,1.0
2021-12-14,3795.01,3833.95,0.010571697143511471,0.010260842527423986,1.0
2021-12-15,3819.41,4055.0,-0.0037924333911500963,0.06168230171675737,1.0
2021-12-16,4077.23,4017.67,0.005482120838470994,-0.014607956872680683,1.0
2021-12-17,3816.76,3844.48,-0.050006595862776115,0.007262704492815741,1.0
2021-12-18,3928.28,3957.86,0.02179748626602307,0.00753001313551982,1.0
2021-12-19,3963.61,3917.12,0.001452805303876259,-0.011729206455731056,1.0
2021-12-20,3775.71,3928.76,-0.03610050240993379,0.04053542247683217,1.0
2021-12-21,4009.86,4009.11,0.020642645516651514,-0.00018703894899074758,1.0
2021-12-22,3960.0,4004.69,-0.012249601532509757,0.011285353535353648,1.0
2021-12-23,3947.53,4121.49,-0.014273264597259638,0.04406806281396203,1.0
2021-12-24,4086.51,4069.63,-0.00848722185423223,-0.004130664062978018,1.0
2021-12-25,4076.89,4105.5,0.0017839459606892039,0.007017604105090003,1.0
2021-12-26,4042.0,4071.92,-0.01546705638777246,0.007402276100940242,1.0
2021-12-27,4089.48,4091.31,0.004312461934419032,0.00044748965638663485,1.0
2021-12-28,3908.8,3827.19,-0.04460918385553769,-0.020878530495292758,1.0
2021-12-29,3756.64,3746.22,-0.01843389013871799,-0.0027737552706674773,1.0
2021-12-30,3717.28,3724.78,-0.007725120254549855,0.0020176042697885865,1.0
2021-12-31,3791.69,3645.04,0.017963477037570064,-0.03867668506655342,1.0
2022-01-01,3710.03,3761.02,0.017829708315958204,0.013743824173928498,1.0
2022-01-02,3745.28,3810.26,-0.004185034910742291,0.017349837662337775,1.0
2022-01-03,3819.29,3699.02,0.0023699170135371705,-0.031490146074270364,1.0
2022-01-04,3865.96,3816.37,0.04513087250136527,-0.012827344307752786,1.0
2022-01-05,3814.54,3593.46,-0.00047951325474204776,-0.05795718487681345,1.0
2022-01-06,3405.58,3425.77,-0.05228387125500222,0.005928505570270026,1.0
2022-01-07,3166.82,3214.88,-0.07558884571935642,0.015176107262174554,1.0
2022-01-08,3200.39,3031.62,-0.004507166674961538,-0.05273419801961632,1.0
2022-01-09,3085.01,3195.84,0.01761104623930443,0.03592532925338965,1.0
2022-01-10,3021.04,3082.68,-0.05469610493641741,0.02040356963165002,1.0
2022-01-11,3113.52,3240.21,0.010004281988399644,0.040690279811917085,1.0
2022-01-12,3370.39,3381.98,0.04017640831921376,0.0034387711807832844,1.0
2022-01-13,3373.0,3275.81,-0.0026552492918349158,-0.028814112066409714,1.0
2022-01-14,3210.15,3303.18,-0.020043897539845035,0.028979954207747127,1.0
2022-01-15,3302.74,3351.04,-0.00013320497217839122,0.014624221101267487,1.0
2022-01-16,3340.46,3332.97,-0.0031572288006110893,-0.002242206163223126,1.0
2022-01-17,3267.91,3208.35,-0.019520127693918643,-0.018225716130493175,1.0
2022-01-18,3139.41,3123.95,-0.021487680583477498,-0.004924492181652029,1.0
2022-01-19,3123.04,3108.18,-0.00029129787608628277,-0.004758184333213844,1.0
2022-01-20,3181.79,3195.38,0.02368266960085963,0.004271180687600351,1.0
2022-01-21,2797.49,2744.74,-0.12452040132941944,-0.018856188940800545,1.0
2022-01-22,2467.04,2429.67,-0.10117533901207398,-0.015147707374019048,1.0
2022-01-23,2505.14,2423.48,0.031061831442129817,-0.032596980607870196,1.0
2022-01-24,2183.67,2465.16,-0.09895274563850331,0.12890684031927901,1.0
2022-01-25,2427.86,2438.26,-0.015130863716756648,0.004283607786280896,1.0
2022-01-26,2622.97,2519.12,0.07575484156734702,-0.03959252297967564,1.0
2022-01-27,2487.16,2340.31,-0.01268697005303443,-0.05904324611203138,1.0
2022-01-28,2430.45,2509.44,0.03851626493926008,0.03250015429241504,1.0
2022-01-29,2606.16,2605.79,0.03854246365723024,-0.00014197132946558444,1.0
2022-01-30,2610.35,2575.42,0.0017499491516967947,-0.013381347328902171,1.0
2022-01-31,2558.41,2683.97,-0.006604747963439017,0.04907735663947532,1.0
2022-02-01,2791.61,2770.08,0.04010477017254299,-0.007712395356084922,1.0
2022-02-02,2773.99,2728.13,0.0014115115808928103,-0.016532143230509,1.0
2022-02-03,2607.24,2583.12,-0.044312404467529154,-0.009251162148478764,1.0
2022-02-04,2773.44,2955.24,0.07367834246957172,0.0655503634475596,1.0
2022-02-05,3023.07,3016.42,0.022952450562391036,-0.00219975058467059,1.0
2022-02-06,3014.0,2984.84,-0.0008022755451827512,-0.00967485069674845,1.0
2022-02-07,3088.89,3153.63,0.03485948995591048,0.020958985266552155,1.0
2022-02-08,3092.15,3117.0,-0.019494994656950926,0.008036479472211866,1.0
2022-02-09,3180.94,3258.74,0.020513314084055212,0.02445817902884051,1.0
2022-02-10,3125.68,3111.59,-0.040831732510111296,-0.004507819098564014,1.0
2022-02-11,3121.64,2917.46,0.00322985997512526,-0.06540792660268313,1.0
2022-02-12,2894.06,2968.12,-0.008020675519116005,0.02559034712480046,1.0
2022-02-13,2941.09,2902.86,-0.009106774658706462,-0.012998582158315508,1.0
2022-02-14,2937.16,2895.55,0.011815933252034005,-0.014166746108485673,1.0
2022-02-15,3109.76,3112.94,0.07397903679784501,0.0010225869520477104,1.0
2022-02-16,3073.66,3148.58,-0.012618296529968487,0.024374849527924347,1.0
2022-02-17,2994.15,2900.14,-0.04904750713019834,-0.031397892557153195,1.0
2022-02-18,2898.0,2789.06,-0.0007378954119455772,-0.0375914423740511,1.0
2022-02-19,2742.82,2757.75,-0.016579062479831874,0.00544330287805983,1.0
2022-02-20,2629.26,2625.58,-0.046592330704378515,-0.0013996333569141761,1.0
2022-02-21,2606.86,2651.76,-0.007129853213385107,0.01722378647108025,1.0
2022-02-22,2612.75,2601.67,-0.014710984402811822,-0.004240742512678142,1.0
2022-02-23,2731.44,2622.69,0.04987950047469503,-0.03981416395747295,1.0
2022-02-24,2391.33,2651.47,-0.0882147718563765,0.1087846512191959,1.0
2022-02-25,2711.62,2713.43,0.02268552915929667,0.0006674976582263792,1.0
2022-02-26,2771.92,2823.0,0.021555743100061697,0.01842766024993514,1.0
2022-02-27,2779.42,2633.9,-0.015437477860432147,-0.05235624698678143,1.0
2022-02-28,2617.56,2834.6,-0.006203728311629186,0.08291691498953213,1.0
2022-03-01,3019.76,2973.97,0.06532138573343693,-0.015163456698545685,1.0
2022-03-02,2943.98,2948.91,-0.010084163592773199,0.0016746037676886871,1.0
2022-03-03,2929.93,2803.62,-0.006436276454690026,-0.04311024495465765,1.0
2022-03-04,2720.65,2614.46,-0.029593882195161902,-0.03903111388822522,1.0
2022-03-05,2635.68,2666.78,0.00811639879745707,0.01179961148546127,1.0
2022-03-06,2639.18,2617.49,-0.010349560143694037,-0.008218461794951448,1.0
2022-03-07,2620.19,2468.02,0.0010315225655113114,-0.058075941057709635,1.0
2022-03-08,2588.7,2553.33,0.04889749677879429,-0.013663228647583736,1.0
2022-03-09,2727.09,2687.19,0.06805230816228236,-0.014630980275678551,1.0
2022-03-10,2573.71,2618.43,-0.042229987459018514,0.017375695008372993,1.0
2022-03-11,2619.11,2531.59,0.00025969760505351047,-0.03341593136599841,1.0
2022-03-12,2584.07,2587.61,0.020730055024707816,0.0013699319290885192,1.0
2022-03-13,2540.0,2563.28,-0.018399217811030266,0.009165354330708642,1.0
2022-03-14,2573.05,2536.43,0.0038115227364938775,-0.014232136958084896,1.0
2022-03-15,2548.69,2659.44,0.004833565286643138,0.04345369582020564,1.0
2022-03-16,2670.55,2753.17,0.004177571218000775,0.030937447342307633,1.0
2022-03-17,2806.52,2828.77,0.019377662839562992,0.00792796773228055,1.0
2022-03-18,2805.32,2966.0,-0.008289822078146991,0.05727688819813781,1.0
2022-03-19,2971.32,2950.0,0.0017936614969655817,-0.007175262173040986,1.0
2022-03-20,2890.97,2875.7,-0.020010169491525454,-0.0052819641850313515,1.0
2022-03-21,2912.94,2917.96,0.012949890461452895,0.0017233447994122741,1.0
2022-03-22,3009.72,2984.52,0.031446627095642166,-0.008372871895059975,1.0
2022-03-23,2962.8,2962.96,-0.007277552169193013,5.400297016322497e-05,1.0
2022-03-24,3012.63,3108.75,0.016763641763641868,0.0319056770994115,1.0
2022-03-25,3183.14,3114.99,0.023929232006433487,-0.021409677236942204,1.0
2022-03-26,3124.15,3123.52,0.002940619392036714,-0.00020165485011924833,1.0
2022-03-27,3127.06,3175.82,0.0011333367482839751,0.015592921146380334,1.0
2022-03-28,3339.0,3409.82,0.05138200527737702,0.02120994309673563,1.0
2022-03-29,3465.37,3429.65,0.01629118252576367,-0.010307701630706045,1.0
2022-03-30,3400.6,3395.1,-0.00847025206653751,-0.0016173616420631642,1.0
2022-03-31,3428.44,3283.54,0.009820034755971818,-0.04226412012460479,1.0
2022-04-01,3308.44,3469.66,0.007583279022031153,0.04872991500525914,1.0
2022-04-02,3508.36,3470.65,0.0111538306347021,-0.010748611887035575,1.0
2022-04-03,3493.34,3487.28,0.006537680261622381,-0.0017347295138749885,1.0
2022-04-04,3466.32,3491.83,-0.006010414993920743,0.0073593897851322865,1.0
2022-04-05,3508.49,3464.96,0.004771137197400854,-0.012407046906218855,1.0
2022-04-06,3306.1,3225.33,-0.04584757111193205,-0.024430597985541924,1.0
2022-04-07,3230.66,3217.96,0.001652544080760654,-0.003931085289074043,1.0
2022-04-08,3236.54,3238.55,0.005773844298872621,0.0006210335728895622,1.0
2022-04-09,3229.72,3233.35,-0.002726528847786902,0.0011239364403106133,1.0
2022-04-10,3244.29,3291.7,0.0033834877139808928,0.014613366869176359,1.0
2022-04-11,3054.68,3004.6,-0.07200534678129844,-0.016394515955844735,1.0
2022-04-12,3079.76,2972.8,0.025014977035212826,-0.03472997895939944,1.0
2022-04-13,3006.48,3086.03,0.011329386437028965,0.026459514116175864,1.0
2022-04-14,3086.95,2995.75,0.0002981176462961699,-0.029543724388150006,1.0
2022-04-15,3021.29,3022.81,0.008525410998915017,0.0005030963595020754,1.0
2022-04-16,3043.41,3024.39,0.0068148510822712005,-0.006249568740327449,1.0
2022-04-17,3048.0,3052.08,0.007806532887623563,0.0013385826771652454,1.0
2022-04-18,2941.19,3005.72,-0.03633259940761702,0.02194009907554406,1.0
2022-04-19,3061.68,3110.65,0.018617835327309207,0.015994486687047615,1.0
2022-04-20,3155.98,3070.0,0.014572516998055063,-0.02724351865347685,1.0
2022-04-21,3162.21,3026.23,0.03003583061889259,-0.043001571685624906,1.0
2022-04-22,3001.28,2956.71,-0.008244581542050655,-0.014850330525642441,1.0
2022-04-23,2961.49,2953.27,0.0016166617625670288,-0.0027756298349816966,1.0
2022-04-24,2935.04,2959.58,-0.006172818604462171,0.008361044483209845,1.0
2022-04-25,2859.74,3012.41,-0.033734516384081537,0.053385972151314576,1.0
2022-04-26,2978.33,2838.93,-0.011313201058288813,-0.04680475299916398,1.0
2022-04-27,2866.79,2852.68,0.009813556516011346,-0.004921881267898942,1.0
2022-04-28,2914.99,2947.83,0.021842618169580774,0.011265904857306497,1.0
2022-04-29,2859.46,2792.96,-0.029977983805036246,-0.02325613927105119,1.0
2022-04-30,2825.02,2806.73,0.011478861136571927,-0.006474290447501252,1.0
2022-05-01,2763.88,2765.39,-0.015266876400651275,0.0005463334153434918,1.0
2022-05-02,2795.57,2841.71,0.010913469709516566,0.016504684196782637,1.0
2022-05-03,2837.77,2773.43,-0.0013864891209870445,-0.02267273246246182,1.0
2022-05-04,2859.77,2955.71,0.03113112643910254,0.033548152473800386,1.0
2022-05-05,2929.47,2729.12,-0.008877731577184633,-0.06839121069681542,1.0
2022-05-06,2683.13,2689.31,-0.01685158585917801,0.002303280124332341,1.0
2022-05-07,2688.35,2682.94,-0.0003569688879303534,-0.0020123867799951567,1.0
2022-05-08,2556.36,2562.01,-0.04717958657293864,0.002210173840930141,1.0
2022-05-09,2394.08,2270.68,-0.06554619224749325,-0.051543808059881124,1.0
2022-05-10,2444.98,2354.28,0.07676114644071386,-0.03709641796660901,1.0
2022-05-11,2174.94,2117.42,-0.07617615576736847,-0.026446706575813606,1.0
2022-05-12,1959.35,1945.28,-0.07465217103833921,-0.00718095286702225,1.0
2022-05-13,2120.23,2064.79,0.08993563908537583,-0.026148106573343433,1.0
2022-05-14,1984.99,1996.06,-0.03864799810150188,0.005576854291457378,1.0
2022-05-15,2084.19,2104.05,0.04415197939941695,0.009528881723835259,1.0
2022-05-16,2029.78,2007.15,-0.035298590812956054,-0.011148991516321871,1.0
2022-05-17,2099.06,2046.66,0.04579129611638377,-0.024963555115146696,1.0
2022-05-18,1998.28,1981.59,-0.023638513480499945,-0.008352182877274461,1.0
2022-05-19,1953.0,1993.56,-0.014427807972385742,0.02076804915514585,1.0
2022-05-20,2036.64,1968.27,0.021609582856799037,-0.03356999764317703,1.0
2022-05-21,1970.29,1981.4,0.0010262819633484188,0.005638763836795624,1.0
2022-05-22,2027.74,2007.41,0.023387503785202268,-0.010025940209297035,1.0
2022-05-23,2065.86,1981.0,0.029117121066448926,-0.041077323729584836,1.0
2022-05-24,1966.7,1962.85,-0.007218576476527017,-0.0019575939390859,1.0
2022-05-25,1957.67,1951.59,-0.002639019792648356,-0.003105732835462671,1.0
2022-05-26,1811.67,1826.56,-0.07169538683842402,0.008218936119712694,1.0
2022-05-27,1812.23,1754.32,-0.00784534863349684,-0.03195510503633647,1.0
2022-05-28,1787.03,1793.56,0.018645401067080236,0.0036541076534808425,1.0
2022-05-29,1814.18,1788.53,0.011496688150940182,-0.014138619100640515,1.0
2022-05-30,1888.1,1917.33,0.05567141730918679,0.015481171548117123,1.0
2022-05-31,1963.84,1934.21,0.024257691685833915,-0.015087787192439195,1.0
2022-06-01,1953.36,1821.82,0.00990068296617208,-0.0673403776057665,1.0
2022-06-02,1828.62,1822.08,0.0037325312050586756,-0.0035764675000820034,1.0
2022-06-03,1746.39,1751.18,-0.041540437302423516,0.0027428008634955425,1.0
2022-06-04,1759.44,1772.47,0.004716819515983461,0.0074057654708317155,1.0
2022-06-05,1790.7,1821.21,0.010285082399137835,0.01703802982074043,1.0
2022-06-06,1909.72,1863.83,0.04859955743708855,-0.02402970068910626,1.0
2022-06-07,1751.1,1846.97,-0.06048298396312968,0.05474844383530364,1.0
2022-06-08,1792.65,1790.64,-0.0294103315159423,-0.0011212450840933919,1.0
2022-06-09,1793.98,1783.74,0.0018652548809363623,-0.005707978907234179,1.0
2022-06-10,1729.36,1669.0,-0.03048650588090196,-0.03490308553453292,1.0
2022-06-11,1553.24,1546.48,-0.06935889754343916,-0.004352192835621049,1.0
2022-06-12,1463.09,1479.59,-0.053922456158502,0.011277501725799555,1.0
2022-06-13,1218.33,1228.69,-0.17657594333565385,0.008503443237874997,1.0
2022-06-14,1197.95,1206.15,-0.025018515654884443,0.006845026920990094,1.0
2022-06-15,1112.49,1171.03,-0.07765203332918802,0.0526206977141368,1.0
2022-06-16,1117.0,1096.05,-0.04613886920061827,-0.018755595344673304,1.0
2022-06-17,1075.54,1080.0,-0.01871264997034805,0.00414675418859356,1.0
2022-06-18,999.84,915.15,-0.07422222222222219,-0.084703552568411,1.0
2022-06-19,1032.91,1100.77,0.12867835873900457,0.0656978826809691,1.0
2022-06-20,1131.0,1106.46,0.02746259436576226,-0.021697612732095473,1.0
2022-06-21,1148.16,1124.43,0.037687760967409556,-0.020667851170568574,1.0
2022-06-22,1082.79,1070.72,-0.03703209626210624,-0.011147129175555714,1.0
2022-06-23,1118.89,1126.65,0.04498841900777051,0.0069354449499057225,1.0
2022-06-24,1210.78,1228.04,0.0746727022589091,0.014255273460083595,1.0
2022-06-25,1196.82,1205.57,-0.025422624670206173,0.007311040925118251,1.0
2022-06-26,1240.6,1226.11,0.029056794711215472,-0.011679832339190677,1.0
2022-06-27,1215.66,1196.69,-0.008522889463424832,-0.015604692101409912,1.0
2022-06-28,1221.61,1156.23,0.02082410649374511,-0.05351953569469792,1.0
2022-06-29,1106.62,1117.95,-0.04290668811568643,0.01023838354629425,1.0
2022-06-30,1032.31,1020.86,-0.07660449930676694,-0.01109162945239306,1.0
2022-07-01,1049.67,1067.91,0.028221303606762893,0.01737688987967645,1.0
2022-07-02,1058.64,1066.04,-0.008680506784279562,0.006990100506309771,1.0
2022-07-03,1054.71,1077.64,-0.01062811901992411,0.02174057323814127,1.0
2022-07-04,1109.05,1123.47,0.029147024980512803,0.013002118930616424,1.0
2022-07-05,1093.46,1146.53,-0.026711883717411178,0.04853401130356838,1.0
2022-07-06,1136.05,1153.46,-0.00914062431859608,0.015325029708199489,1.0
2022-07-07,1187.48,1247.79,0.029493870615366014,0.05078822380166392,1.0
2022-07-08,1211.01,1240.03,-0.02947611376914383,0.02396346850975628,1.0
2022-07-09,1214.01,1218.61,-0.020983363305726477,0.0037890956417161448,1.0
2022-07-10,1184.64,1174.32,-0.027876022681579626,-0.008711507293355125,1.0
2022-07-11,1152.95,1141.8,-0.018197765515362008,-0.009670844355783026,1.0
2022-07-12,1072.78,1041.4,-0.06044841478367491,-0.029251104606722644,1.0
2022-07-13,1029.28,1076.61,-0.011638179373919866,0.04598360018653813,1.0
2022-07-14,1086.7,1194.04,0.009372010291563537,0.09877611116223428,1.0
2022-07-15,1227.61,1266.33,0.02811463602559372,0.03154096170607934,1.0
2022-07-16,1215.26,1336.23,-0.04032914011355648,0.09954248473577665,1.0
2022-07-17,1355.22,1347.9,0.014211625244157089,-0.0054013370522866255,1.0
2022-07-18,1485.46,1472.3,0.10205504859410941,-0.008859208595317303,1.0
2022-07-19,1560.75,1560.79,0.060076071452829005,2.5628704148683568e-05,1.0
2022-07-20,1602.01,1551.79,0.026409702778721122,-0.031348118925599744,1.0
2022-07-21,1506.12,1578.85,-0.02943052861534101,0.04828964491541177,1.0
2022-07-22,1625.48,1526.2,0.02953415460620068,-0.061077343307822884,1.0
2022-07-23,1520.46,1513.33,-0.003760974970514974,-0.004689370322139452,1.0
2022-07-24,1578.03,1602.76,0.04275339813523815,0.015671438439066376,1.0
2022-07-25,1536.07,1495.0,-0.0416094736579401,-0.026737062764066732,1.0
2022-07-26,1391.98,1366.02,-0.06890969899665556,-0.018649693242719034,1.0
2022-07-27,1479.68,1587.96,0.08320522393522789,0.07317798442906565,1.0
2022-07-28,1634.82,1725.98,0.029509559434746313,0.05576149056165214,1.0
2022-07-29,1666.15,1723.84,-0.034664364592868924,0.03462473366743679,1.0
2022-07-30,1720.49,1691.93,-0.0019433358084276486,-0.01659992211521133,1.0
2022-07-31,1718.29,1717.37,0.015579840773554343,-0.0005354160240704786,1.0
2022-08-01,1656.46,1622.27,-0.03546702224913667,-0.02064040182075033,1.0
2022-08-02,1571.03,1637.14,-0.03158537111578219,0.042080673188927165,1.0
2022-08-03,1654.43,1654.38,0.010561100455672712,-3.022188910983825e-05,1.0
2022-08-04,1617.24,1590.96,-0.022449497697022536,-0.016249907249387796,1.0
2022-08-05,1680.23,1681.36,0.056110775883743136,0.0006725269754734864,1.0
2022-08-06,1711.66,1714.73,0.018021125755341094,0.0017935805008002514,1.0
2022-08-07,1707.91,1708.45,-0.0039773025490893454,0.00031617591090871144,1.0
2022-08-08,1808.07,1783.13,0.05831016418390922,-0.013793713738959101,1.0
2022-08-09,1707.02,1688.0,-0.04268337137505407,-0.011142224461341943,1.0
2022-08-10,1823.0,1818.24,0.07997630331753558,-0.0026110806363137673,1.0
2022-08-11,1927.11,1899.16,0.05987658394931361,-0.014503583085552885,1.0
2022-08-12,1880.68,1926.21,-0.00973061774679329,0.024209328540740538,1.0
2022-08-13,1980.62,1975.62,0.02824717969484114,-0.002524462037139852,1.0
2022-08-14,1985.94,1931.42,0.005223676617973183,-0.027452994551698473,1.0
2022-08-15,1877.01,1889.57,-0.028170983007321126,0.006691493385757141,1.0
2022-08-16,1889.88,1879.34,0.0001640584894977426,-0.005577073676635624,1.0
2022-08-17,1871.91,1838.51,-0.003953515595900625,-0.017842738165830707,1.0
2022-08-18,1879.42,1870.43,0.022251714703754644,-0.004783390620510586,1.0
2022-08-19,1700.76,1701.18,-0.09071176146661464,0.00024694842305805764,1.0
2022-08-20,1627.06,1564.23,-0.04356975746246727,-0.03861566260617311,1.0
2022-08-21,1624.2,1624.18,0.038338351776912694,-1.2313754463755266e-05,1.0
2022-08-22,1561.36,1567.72,-0.03867797904173198,0.004073371932161729,1.0
2022-08-23,1611.08,1650.62,0.02765800015308839,0.0245425428904833,1.0
2022-08-24,1657.87,1678.59,0.004392288958088519,0.012497964255339777,1.0
2022-08-25,1704.84,1707.1,0.01563812485478877,0.0013256375964900702,1.0
2022-08-26,1680.42,1559.78,-0.015628844238767425,-0.07179157591554497,1.0
2022-08-27,1503.0,1479.63,-0.03640256959314769,-0.015548902195608671,1.0
2022-08-28,1469.09,1483.27,-0.007123402472239859,0.009652233695689239,1.0
2022-08-29,1475.9,1531.36,-0.0049687514747820405,0.03757707161731805,1.0
2022-08-30,1570.88,1543.3,0.025807125692195232,-0.017557038093298116,1.0
2022-08-31,1592.76,1575.33,0.032048208384630295,-0.010943268289007824,1.0
2022-09-01,1565.35,1564.64,-0.00633518056534188,-0.000453572683425274,1.0
2022-09-02,1624.15,1561.47,0.03803430821147358,-0.03859249453560332,1.0
2022-09-03,1557.62,1549.31,-0.00246562534022432,-0.005335062467097251,1.0
2022-09-04,1570.87,1567.1,0.013915872226991421,-0.002399943980087471,1.0
2022-09-05,1572.6,1586.01,0.003509667538765804,0.008527279664250376,1.0
2022-09-06,1664.84,1576.67,0.04970334361069595,-0.05296004420845235,1.0
2022-09-07,1517.48,1570.15,-0.037541146847469675,0.034708859424835925,1.0
2022-09-08,1618.11,1649.6,0.030544852402636602,0.019460976077028125,1.0
2022-09-09,1728.15,1720.08,0.04761760426770145,-0.004669733530075604,1.0
2022-09-10,1726.48,1741.05,0.003720757174084932,0.008439136277280879,1.0
2022-09-11,1773.39,1763.55,0.018574997846127372,-0.0055486948725324,1.0
2022-09-12,1746.63,1726.28,-0.00959428425618769,-0.011651007941006486,1.0
2022-09-13,1628.68,1605.25,-0.056537757490094265,-0.014385883046393433,1.0
2022-09-14,1605.39,1599.81,8.721382962151303e-05,-0.0034757909293069433,1.0
2022-09-15,1588.64,1497.63,-0.006982079121895635,-0.057287994762815986,1.0
2022-09-16,1455.15,1427.6,-0.028364816409927718,-0.018932756073257173,1.0
2022-09-17,1424.67,1464.66,-0.0020523956290275924,0.0280696582366442,1.0
2022-09-18,1438.03,1380.78,-0.018181694045034447,-0.03981140866324073,1.0
2022-09-19,1318.49,1362.37,-0.04511218296904651,0.0332804951118324,1.0
2022-09-20,1349.83,1352.1,-0.009204547956869202,0.0016816932502612403,1.0
2022-09-21,1356.14,1323.47,0.002987944678648269,-0.024090433141121137,1.0
2022-09-22,1307.11,1323.87,-0.0123614437803653,0.01282218022966708,1.0
2022-09-23,1298.18,1292.26,-0.019405228610059777,-0.004560230476513327,1.0
2022-09-24,1331.99,1342.31,0.03074458700261551,0.007747805914458672,1.0
2022-09-25,1323.57,1299.82,-0.013961007516892554,-0.0179438941650234,1.0
2022-09-26,1315.85,1330.38,0.012332476804480574,0.011042292054565639,1.0
2022-09-27,1392.06,1324.6,0.04636269336580523,-0.04846055486114109,1.0
2022-09-28,1304.29,1334.12,-0.015332930696059122,0.022870680600173277,1.0
2022-09-29,1319.88,1333.31,-0.010673702515515693,0.010175167439464117,1.0
2022-09-30,1327.48,1337.56,-0.004372576520089044,0.007593334739506297,1.0
2022-10-01,1323.05,1311.96,-0.010848111486587486,-0.008382147311137067,1.0
2022-10-02,1295.4,1304.83,-0.012622336046830607,0.007279604755287883,1.0
2022-10-03,1301.94,1317.9,-0.002214847911222062,0.012258629429927614,1.0
2022-10-04,1353.79,1354.72,0.02723271871917432,0.0006869603114221245,1.0
2022-10-05,1332.51,1350.63,-0.01639453171134997,0.013598397010153862,1.0
2022-10-06,1367.63,1358.91,0.012586718790490448,-0.006375993507015787,1.0
2022-10-07,1331.29,1327.49,-0.020325113510092696,-0.0028543743286586487,1.0
2022-10-08,1328.95,1324.54,0.001099819960979076,-0.0033184092704767743,1.0
2022-10-09,1326.38,1319.82,0.0013891615202259455,-0.004945792306880525,1.0
2022-10-10,1318.33,1307.59,-0.0011289418254004646,-0.008146670408774703,1.0
2022-10-11,1285.94,1282.51,-0.016557177708608872,-0.0026673095167737415,1.0
2022-10-12,1294.6,1297.05,0.009426827081270295,0.001892476440599422,1.0
2022-10-13,1217.93,1287.03,-0.06099996145098485,0.05673560877882955,1.0
2022-10-14,1338.74,1298.72,0.040177773633870206,-0.029893780719183694,1.0
2022-10-15,1285.34,1282.47,-0.010302451644696453,-0.0022328722361397713,1.0
2022-10-16,1282.0,1308.09,-0.00036648030753161365,0.02035101404056161,1.0
2022-10-17,1319.53,1325.54,0.00874557561024103,0.004554652035194451,1.0
2022-10-18,1331.12,1300.85,0.004209605142055262,-0.022740248813029607,1.0
2022-10-19,1299.58,1296.94,-0.0009762847369028105,-0.0020314255374812573,1.0
2022-10-20,1292.32,1284.56,-0.0035622310978149496,-0.006004704717097908,1.0
2022-10-21,1269.59,1303.3,-0.011653795852276327,0.02655187895304789,1.0
2022-10-22,1305.99,1314.19,0.002063991406429766,0.006278761705679203,1.0
2022-10-23,1306.92,1330.85,-0.005531924607552918,0.01831022556851214,1.0
2022-10-24,1349.31,1344.95,0.01387083442912429,-0.0032312811733403723,1.0
2022-10-25,1354.03,1493.34,0.00675118034127653,0.1028854604403151,1.0
2022-10-26,1524.39,1564.28,0.020792317891438206,0.026167844186854916,1.0
2022-10-27,1571.01,1562.36,0.004302298821182937,-0.005506012055938592,1.0
2022-10-28,1511.45,1557.36,-0.032585319644640065,0.03037480565020334,1.0
2022-10-29,1626.03,1623.44,0.044093851132686046,-0.0015928365405312173,1.0
2022-10-30,1599.55,1587.34,-0.014715665500418917,-0.007633396892876121,1.0
2022-10-31,1617.63,1563.69,0.019082238209835456,-0.03334507891174132,1.0
2022-11-01,1597.01,1576.76,0.021308571392027797,-0.012679945648430557,1.0
2022-11-02,1553.6,1535.92,-0.01468834825845411,-0.011380020597322238,1.0
2022-11-03,1529.77,1544.13,-0.00400411479764573,0.009387032037496024,1.0
2022-11-04,1609.73,1648.29,0.04248346965605232,0.023954327744404313,1.0
2022-11-05,1641.2,1633.24,-0.004301427540056579,-0.004850109675846981,1.0
2022-11-06,1621.53,1611.82,-0.007169797457813987,-0.005988171665032405,1.0
2022-11-07,1579.3,1601.64,-0.020175950168132895,0.014145507503324328,1.0
2022-11-08,1462.03,1310.57,-0.08716690392347848,-0.10359568545105091,1.0
2022-11-09,1214.53,1164.99,-0.07328109143349837,-0.04078944118300909,1.0
2022-11-10,1300.09,1334.57,0.1159666606580314,0.026521240837172888,1.0
2022-11-11,1283.59,1246.02,-0.03819956989891882,-0.029269470781168372,1.0
2022-11-12,1266.14,1266.0,0.016147413364151486,-0.0001105722905840878,1.0
2022-11-13,1241.35,1219.14,-0.01947077409162723,-0.017891811334434182,1.0
2022-11-14,1259.16,1215.96,0.03282641862296365,-0.03430858667683223,1.0
2022-11-15,1277.86,1253.63,0.05090627981183582,-0.018961388571517857,1.0
2022-11-16,1213.57,1212.53,-0.03195520209312175,-0.0008569756997948152,1.0
2022-11-17,1190.25,1201.41,-0.018374803097655268,0.00937618147448016,1.0
2022-11-18,1219.34,1210.06,0.01492413081296129,-0.007610674627257397,1.0
2022-11-19,1207.96,1209.26,-0.0017354511346544532,0.0010761945759794056,1.0
2022-11-20,1176.56,1177.46,-0.02704133106197182,0.0007649418644184447,1.0
2022-11-21,1135.15,1104.94,-0.03593328011142627,-0.026613222922080793,1.0
2022-11-22,1132.99,1127.73,0.02538599380961859,-0.0046425829001138785,1.0
2022-11-23,1157.36,1175.24,0.026274019490480693,0.015448952789106407,1.0
2022-11-24,1200.1,1198.1,0.02115312616997378,-0.0016665277893508357,1.0
2022-11-25,1190.0,1199.67,-0.006760704448710353,0.008126050420168118,1.0
2022-11-26,1220.46,1208.12,0.017329765685563547,-0.010110941776051763,1.0
2022-11-27,1212.58,1213.55,0.003691686256332094,0.0007999472199773372,1.0
2022-11-28,1170.65,1174.68,-0.03535083020889118,0.003442531926707293,1.0
2022-11-29,1209.71,1222.5,0.029820887390608508,0.010572781906407203,1.0
2022-11-30,1262.53,1295.29,0.03274437627811855,0.02594789826776389,1.0
2022-12-01,1279.05,1272.13,-0.012537732862911044,-0.005410265431374683,1.0
2022-12-02,1276.86,1291.2,0.003718173457115004,0.011230675250223365,1.0
2022-12-03,1271.1,1264.66,-0.015566914498141404,-0.0050664778538273,1.0
2022-12-04,1254.53,1277.58,-0.008010058039314982,0.018373414744964123,1.0
2022-12-05,1285.83,1256.51,0.006457521251115317,-0.02280239222914382,1.0
2022-12-06,1253.96,1253.02,-0.0020294307247852306,-0.0007496251874062887,1.0
2022-12-07,1232.75,1231.75,-0.01617691656956788,-0.0008111944838775642,1.0
2022-12-08,1244.69,1278.95,0.010505378526486808,0.0275249258851602,1.0
2022-12-09,1275.03,1262.37,-0.003065014269517996,-0.009929178136985128,1.0
2022-12-10,1268.04,1273.16,0.004491551605313893,0.004037727516482237,1.0
2022-12-11,1272.67,1265.57,-0.0003848691444908736,-0.005578822475582945,1.0
2022-12-12,1247.2,1266.68,-0.014515198685177366,0.01561898652982685,1.0
2022-12-13,1337.88,1317.89,0.05620993463226709,-0.014941549316829672,1.0
2022-12-14,1327.84,1308.51,0.00754994726418734,-0.0145574768044342,1.0
2022-12-15,1275.5,1271.32,-0.025227166777479715,-0.0032771462171697907,1.0
2022-12-16,1207.91,1204.51,-0.049877292892426706,-0.0028147792467982935,1.0
2022-12-17,1177.63,1177.66,-0.02231612855019871,2.5474894491450684e-05,1.0
2022-12-18,1178.67,1185.62,0.0008576329331047017,0.005896476537113671,1.0
2022-12-19,1182.66,1176.26,-0.0024965840657207305,-0.005411529940980597,1.0
2022-12-20,1210.65,1212.98,0.029236733375274326,0.0019245859662164744,1.0
2022-12-21,1214.99,1209.72,0.001657075961681187,-0.00433748425912972,1.0
2022-12-22,1210.25,1217.37,0.0004381179115828804,0.005883082007849483,1.0
2022-12-23,1220.8,1219.82,0.0028175493071129765,-0.0008027522935779574,1.0
2022-12-24,1218.02,1221.85,-0.001475627551605907,0.0031444475460171706,1.0
2022-12-25,1218.09,1206.34,-0.003077300814338879,-0.009646249456115696,1.0
2022-12-26,1215.78,1217.39,0.00782532287746407,0.0013242527430950002,1.0
2022-12-27,1217.41,1209.45,1.642858903072586e-05,-0.006538471016337977,1.0
2022-12-28,1194.92,1194.44,-0.012013725247013052,-0.0004017005322531908,1.0
2022-12-29,1200.49,1196.38,0.005065135126084197,-0.0034236020291713576,1.0
2022-12-30,1190.66,1197.41,-0.004781089620354728,0.005669124687148308,1.0
2022-12-31,1201.1,1202.34,0.0030816512305724686,0.0010323869786028617,1.0
2023-01-01,1195.26,1201.4,-0.005888517391087311,0.005136957649381824,1.0
2023-01-02,1214.95,1218.4,0.011278508406858734,0.002839623029754268,1.0
2023-01-03,1216.4,1211.0,-0.0016414970453053623,-0.00443932916803691,1.0
2023-01-04,1253.72,1251.27,0.03527663088356725,-0.0019541843473822595,1.0
2023-01-05,1247.5,1253.73,-0.0030129388541242363,0.004993987975951963,1.0
2023-01-06,1250.42,1265.88,-0.002640121876321011,0.012363845747828783,1.0
2023-01-07,1262.91,1264.27,-0.002346193952033393,0.0010768780039749348,1.0
2023-01-08,1263.47,1270.7,-0.000632776226597076,0.005722336106120496,1.0
2023-01-09,1319.57,1321.53,0.0384591170221138,0.0014853323431118781,1.0
2023-01-10,1328.28,1341.98,0.0051077160563892665,0.010314090402625986,1.0
2023-01-11,1333.26,1341.56,-0.006497861369021862,0.0062253423938316566,1.0
2023-01-12,1405.15,1433.42,0.04740004174244916,0.020118848521510246,1.0
2023-01-13,1404.76,1426.73,-0.019994139889216056,0.015639682223298035,1.0
2023-01-14,1533.35,1534.97,0.07473032739200813,0.001056510255323495,1.0
2023-01-15,1531.79,1553.68,-0.002071701727069608,0.014290470625869078,1.0
2023-01-16,1544.67,1587.02,-0.005799134957005347,0.027416859264438376,1.0
2023-01-17,1570.28,1586.76,-0.010548071227835853,0.010494943576941695,1.0
2023-01-18,1594.24,1521.38,0.004714008419672844,-0.04570202729827377,1.0
2023-01-19,1525.07,1557.44,0.0024254295442294183,0.021225255234186058,1.0
2023-01-20,1554.16,1641.35,-0.002106020135607123,0.056101044937458155,1.0
2023-01-21,1650.54,1654.19,0.005599049562859948,0.002211397482036137,1.0
2023-01-22,1632.01,1614.08,-0.013408375095968483,-0.010986452288895276,1.0
2023-01-23,1622.57,1634.8,0.005259962331482848,0.007537425195831338,1.0
2023-01-24,1617.14,1615.26,-0.010802544653780166,-0.0011625462235799189,1.0
2023-01-25,1554.68,1580.69,-0.03750479798917816,0.01673013095942566,1.0
2023-01-26,1617.86,1608.88,0.02351504722621134,-0.005550542074097775,1.0
2023-01-27,1572.08,1599.12,-0.02287305454726285,0.01720014248638746,1.0
2023-01-28,1573.3,1561.32,-0.01614638050928008,-0.007614568105256514,1.0
2023-01-29,1612.83,1635.68,0.03299131504111896,0.014167643211001835,1.0
2023-01-30,1577.26,1553.16,-0.035716032475789916,-0.01527966219900323,1.0
2023-01-31,1588.14,1586.96,0.022521826469906525,-0.000743007543415608,1.0
2023-02-01,1581.41,1632.69,-0.0034972526087613254,0.03242675839915021,1.0
2023-02-02,1672.62,1680.53,0.024456571670065763,0.0047291076275544075,1.0
2023-02-03,1637.11,1655.74,-0.025837087109423895,0.011379809542425345,1.0
2023-02-04,1684.23,1679.0,0.017206807832147675,-0.0031052765952394035,1.0
2023-02-05,1648.25,1619.11,-0.018314472900536005,-0.01767935689367517,1.0
2023-02-06,1628.64,1646.82,0.0058859496884091644,0.011162687886825617,1.0
2023-02-07,1639.09,1665.12,-0.004693894900474893,0.015880763106357776,1.0
2023-02-08,1674.64,1642.07,0.005717305659652228,-0.01944895619357001,1.0
2023-02-09,1640.15,1577.1,-0.0011692558782511187,-0.03844160595067536,1.0
2023-02-10,1537.61,1529.59,-0.025039629700082444,-0.00521588699345088,1.0
2023-02-11,1523.15,1520.43,-0.004210278571381787,-0.001785772904835392,1.0
2023-02-12,1526.26,1538.06,0.0038344415724498315,0.007731317075727606,1.0
2023-02-13,1477.98,1489.01,-0.03906219523295573,0.007462888537057344,1.0
2023-02-14,1514.48,1556.89,0.01710532501460693,0.028003010934446237,1.0
2023-02-15,1577.75,1665.83,0.013398505995927623,0.05582633497068601,1.0
2023-02-16,1675.49,1685.0,0.005798911053348732,0.005675951512691846,1.0
2023-02-17,1660.89,1710.87,-0.014308605341246228,0.030092299911493203,1.0
2023-02-18,1694.44,1682.58,-0.009603301244396012,-0.006999362621279093,1.0
2023-02-19,1695.2,1686.97,0.007500386311497964,-0.0048548843794242735,1.0
2023-02-20,1705.82,1703.77,0.011173879796321229,-0.0012017680646257967,1.0
2023-02-21,1670.2,1669.24,-0.019703363716933597,-0.0005747814632978132,1.0
2023-02-22,1647.27,1617.68,-0.01316167836859894,-0.017963054022716363,1.0
2023-02-23,1656.01,1652.33,0.023694426586222228,-0.002222208803086989,1.0
2023-02-24,1635.24,1611.36,-0.010342970229917703,-0.014603360974535962,1.0
2023-02-25,1599.03,1572.2,-0.007651921358355684,-0.016778922221596826,1.0
2023-02-26,1601.55,1641.76,0.018668108383157245,0.025106927663825607,1.0
2023-02-27,1660.16,1622.66,0.011207484650618937,-0.02258818427139553,1.0
2023-02-28,1632.88,1627.57,0.006298300321694095,-0.0032519229827054907,1.0
2023-03-01,1651.4,1642.54,0.014641459353514907,-0.005365144725687387,1.0
2023-03-02,1628.33,1644.33,-0.00865123528194145,0.009826018067590647,1.0
2023-03-03,1573.32,1559.31,-0.04318476218277356,-0.008904736480817577,1.0
2023-03-04,1568.26,1557.65,0.0057397182086948995,-0.00676545980896015,1.0
2023-03-05,1572.69,1569.54,0.009655570892048937,-0.002002937641874758,1.0
2023-03-06,1570.57,1561.24,0.0006562432305006194,-0.005940518410513351,1.0
2023-03-07,1564.0,1548.2,0.001767825574543247,-0.010102301790281265,1.0
2023-03-08,1551.58,1560.08,0.002183180467639767,0.005478286649737596,1.0
2023-03-09,1539.04,1414.7,-0.013486487872416797,-0.08079062272585502,1.0
2023-03-10,1424.63,1417.93,0.007019156004806737,-0.004702975509430551,1.0
2023-03-11,1429.29,1466.21,0.008011678996847404,0.02583100700347729,1.0
2023-03-12,1458.91,1512.57,-0.004978822951691719,0.036780884358870614,1.0
2023-03-13,1582.31,1677.68,0.0461069570333934,0.06027263936902383,1.0
2023-03-14,1735.36,1720.3,0.03438081159696704,-0.008678314586022418,1.0
2023-03-15,1676.22,1647.99,-0.02562343777248155,-0.016841464724200894,1.0
2023-03-16,1650.42,1679.64,0.001474523510458292,0.017704584287635994,1.0
2023-03-17,1737.12,1744.15,0.034221618918339525,0.004046928249056059,1.0
2023-03-18,1827.3,1790.23,0.04767365192213968,-0.020286761889126037,1.0
2023-03-19,1783.43,1821.22,-0.0037983946196856744,0.021189505615583526,1.0
2023-03-20,1782.02,1752.97,-0.021524033340288407,-0.016301725008697976,1.0
2023-03-21,1805.51,1791.19,0.029971990393446557,-0.007931277035297501,1.0
2023-03-22,1795.69,1716.84,0.0025122962946420024,-0.043910697280711064,1.0
2023-03-23,1751.22,1820.84,0.020025162507863348,0.03975514212948683,1.0
2023-03-24,1789.52,1763.86,-0.017200852353858598,-0.014339040636595302,1.0
2023-03-25,1745.5,1716.98,-0.010408989375573996,-0.016339157834431406,1.0
2023-03-26,1775.57,1765.82,0.03412386865310024,-0.00549119437701695,1.0
2023-03-27,1756.1,1704.58,-0.005504524810003297,-0.029337737030920796,1.0
2023-03-28,1737.05,1785.85,0.019048680613406255,0.02809360697734653,1.0
2023-03-29,1810.83,1809.02,0.013987736931993178,-0.0009995416466481721,1.0
2023-03-30,1804.21,1781.62,-0.002658898187969161,-0.01252071543778166,1.0
2023-03-31,1807.08,1829.22,0.014290364948754464,0.012251809549106873,1.0
2023-04-01,1826.68,1814.76,-0.0013885699915811012,-0.006525499813869962,1.0
2023-04-02,1813.3,1781.75,-0.0008045140955278418,-0.01739921689736945,1.0
2023-04-03,1803.37,1818.89,0.012134137785884569,0.008606109672446793,1.0
2023-04-04,1869.46,1868.92,0.027802670859700118,-0.00028885346570661774,1.0
2023-04-05,1921.74,1909.19,0.028262311923463734,-0.006530540031429832,1.0
2023-04-06,1863.28,1871.29,-0.02404684709222238,0.004298870808466804,1.0
2023-04-07,1853.0,1854.72,-0.009774006166868854,0.000928224500809538,1.0
2023-04-08,1866.09,1854.01,0.006130305383022616,-0.006473428398415915,1.0
2023-04-09,1838.89,1856.39,-0.00815529581825336,0.009516610563981454,1.0
2023-04-10,1854.35,1888.73,-0.0010989070184607153,0.018540189284655062,1.0
2023-04-11,1915.13,1894.19,0.013977646354958129,-0.010933983593803043,1.0
2023-04-12,1882.16,1901.32,-0.006350999635728161,0.010179793428826356,1.0
2023-04-13,2004.08,2011.28,0.05404666231881006,0.00359267095125948,1.0
2023-04-14,2090.41,2090.81,0.03934310488842918,0.0001913500222445741,1.0
2023-04-15,2104.79,2100.0,0.00668640383392094,-0.0022757614773920576,1.0
2023-04-16,2091.75,2114.66,-0.003928571428571392,0.010952551691167711,1.0
2023-04-17,2080.58,2078.14,-0.01611606593967818,-0.0011727499062761382,1.0
2023-04-18,2110.04,2081.02,0.015350265140943398,-0.013753293776421316,1.0
2023-04-19,1977.83,1980.54,-0.04958626058375226,0.0013701885399655112,1.0
2023-04-20,1971.99,1927.7,-0.0043170044533309415,-0.02245954594090227,1.0
2023-04-21,1916.18,1842.7,-0.005976033615189058,-0.03834712814036256,1.0
2023-04-22,1856.3,1872.04,0.007380474304010454,0.008479232882615984,1.0
2023-04-23,1872.89,1846.49,0.0004540501271341757,-0.014095862543982873,1.0
2023-04-24,1847.9,1831.33,0.0007636109591713236,-0.008966935440229529,1.0
2023-04-25,1824.81,1837.66,-0.0035602540230323942,0.007041829012335521,1.0
2023-04-26,1961.26,1828.74,0.06725944951732088,-0.06756880780722596,1.0
2023-04-27,1876.16,1922.44,0.02593042203921825,0.024667405764966732,1.0
2023-04-28,1899.0,1892.36,-0.012192838268034412,-0.0034965771458662642,1.0
2023-04-29,1897.01,1903.09,0.0024572491492105275,0.0032050437267068244,1.0
2023-04-30,1900.52,1904.83,-0.0013504353446237571,0.002267800391471786,1.0
2023-05-01,1849.86,1812.97,-0.028858218318695172,-0.01994204966862345,1.0
2023-05-02,1832.07,1868.37,0.010535199148358654,0.019813653408439658,1.0
2023-05-03,1850.14,1868.01,-0.00975716801275972,0.009658728528651794,1.0
2023-05-04,1898.26,1876.65,0.01619370345983162,-0.011384109658318597,1.0
2023-05-05,1905.0,1990.97,0.015106706098633182,0.04512860892388448,1.0
2023-05-06,1911.8,1897.93,-0.039764536884031476,-0.007254942985667867,1.0
2023-05-07,1911.27,1912.93,0.007028710226404611,0.0008685324417796458,1.0
2023-05-08,1855.2,1829.0,-0.030178835608203114,-0.014122466580422599,1.0
2023-05-09,1847.81,1852.43,0.010284308365226869,0.002500257061061495,1.0
2023-05-10,1877.1,1849.4,0.013317642232095084,-0.01475680571093696,1.0
2023-05-11,1819.26,1784.46,-0.016297177462961,-0.019128656706572933,1.0
2023-05-12,1772.54,1790.01,-0.006679891956109962,0.009855912983627979,1.0
2023-05-13,1804.11,1792.83,0.00787705096619562,-0.006252390375309669,1.0
2023-05-14,1808.3,1796.32,0.00862881589442388,-0.006625006912569842,1.0
2023-05-15,1826.29,1828.74,0.016684109735459085,0.0013415175026967319,1.0
2023-05-16,1818.92,1816.8,-0.00536981746995191,-0.0011655267961208082,1.0
2023-05-17,1794.47,1828.1,-0.01229084103918976,0.01874090957218555,1.0
2023-05-18,1818.52,1795.2,-0.005240413544116751,-0.012823614807645711,1.0
2023-05-19,1814.75,1811.44,0.01089015151515138,-0.0018239426918308377,1.0
2023-05-20,1813.52,1821.33,0.0011482577396988436,0.004306541973620348,1.0
2023-05-21,1813.81,1810.08,-0.004128850894675851,-0.0020564447213324843,1.0
2023-05-22,1810.39,1816.4,0.00017126314859017278,0.0033197266887246,1.0
2023-05-23,1851.91,1851.52,0.019549658665492187,-0.00021059338736773014,1.0
2023-05-24,1816.65,1792.79,-0.018833174904942962,-0.01313406545014184,1.0
2023-05-25,1801.8,1808.82,0.005025686220918146,0.003896103896103842,1.0
2023-05-26,1814.73,1835.55,0.0032673234484359437,0.011472781074870708,1.0
2023-05-27,1828.18,1826.03,-0.004015145324289704,-0.0011760329945629255,1.0
2023-05-28,1840.6,1848.77,0.007979058394440353,0.004438769966315315,1.0
2023-05-29,1898.2,1891.2,0.026736695208165573,-0.0036877041407649136,1.0
2023-05-30,1909.73,1907.32,0.009798011844331711,-0.0012619584967509256,1.0
2023-05-31,1866.47,1863.63,-0.0214174863158777,-0.0015215888816857426,1.0
2023-06-01,1864.61,1869.27,0.0005258554541405225,0.002499182134601874,1.0
2023-06-02,1889.9,1907.6,0.011036393886383555,0.009365574898142714,1.0
2023-06-03,1903.97,1886.14,-0.001902914657160748,-0.009364643350472934,1.0
2023-06-04,1904.43,1904.66,0.009697053241010778,0.00012077104435448405,1.0
2023-06-05,1864.8,1806.49,-0.020927619627650107,-0.03126876876876872,1.0
2023-06-06,1805.54,1891.82,-0.0005258816821571699,0.04778625785083679,1.0
2023-06-07,1864.96,1850.36,-0.01419796809421614,-0.007828586135895765,1.0
2023-06-08,1845.82,1847.73,-0.002453576601309959,0.0010347704543238745,1.0
2023-06-09,1851.83,1830.86,0.002218938914235302,-0.011323933622416793,1.0
2023-06-10,1739.69,1744.48,-0.04979627060507075,0.0027533641050991875,1.0
2023-06-11,1746.65,1762.27,0.0012439236907273443,0.008942833423982943,1.0
2023-06-12,1747.09,1733.14,-0.008613890039551264,-0.007984705996828878,1.0
2023-06-13,1741.89,1740.31,0.0050486400406200005,-0.0009070607214004545,1.0
2023-06-14,1745.84,1728.33,0.003177594796329286,-0.010029555973055992,1.0
2023-06-15,1641.0,1668.97,-0.05052854489593994,0.017044485070079274,1.0
2023-06-16,1667.37,1722.19,-0.0009586751109966762,0.03287812543106816,1.0
2023-06-17,1739.64,1728.39,0.010132447639342956,-0.006466855211423095,1.0
2023-06-18,1735.99,1741.33,0.00439715573452748,0.0030760545855679222,1.0
2023-06-19,1730.74,1724.24,-0.006081558349077976,-0.00375561898378729,1.0
2023-06-20,1731.66,1782.1,0.004303345241961631,0.029128119838767397,1.0
2023-06-21,1816.14,1882.35,0.019101060546546256,0.03645644058277431,1.0
2023-06-22,1898.01,1889.6,0.008319387999043748,-0.0044309566335267725,1.0
2023-06-23,1873.47,1900.82,-0.00853619813717188,0.014598579107218068,1.0
2023-06-24,1896.38,1888.0,-0.002335834008480475,-0.004418945569980792,1.0
2023-06-25,1913.32,1894.6,0.013411016949152588,-0.009784040306901054,1.0
2023-06-26,1884.66,1854.1,-0.00524649002427946,-0.016215126335784813,1.0
2023-06-27,1884.41,1894.39,0.016347554069359838,0.005296087369521585,1.0
2023-06-28,1852.65,1832.45,-0.022033477794963008,-0.010903300677408079,1.0
2023-06-29,1866.07,1857.48,0.018347021746841552,-0.004603257112541281,1.0
2023-06-30,1906.66,1926.32,0.026476731916359908,0.010311224864422597,1.0
2023-07-01,1927.01,1922.6,0.00035819593836960983,-0.002288519519877963,1.0
2023-07-02,1917.79,1914.12,-0.002501820451471959,-0.001913661036922698,1.0
2023-07-03,1966.69,1967.4,0.02746431780661629,0.00036101266595145454,1.0
2023-07-04,1956.97,1934.29,-0.005301413032428592,-0.011589344752346742,1.0
2023-07-05,1901.39,1907.71,-0.017008824943519296,0.0033238841058382818,1.0
2023-07-06,1901.1,1885.21,-0.0034648872208040693,-0.00835831886802374,1.0
2023-07-07,1862.89,1864.31,-0.011839529813654659,0.0007622564939420151,1.0
2023-07-08,1856.43,1846.89,-0.004226764862066856,-0.0051388956222426785,1.0
2023-07-09,1875.86,1868.42,0.015685828609175223,-0.003966180845052292,1.0
2023-07-10,1861.94,1899.98,-0.003468170967983686,0.02043030387660183,1.0
2023-07-11,1870.92,1874.93,-0.015294897841029886,0.0021433305539519942,1.0
2023-07-12,1887.19,1870.04,0.006538910786002772,-0.009087585245788787,1.0
2023-07-13,1880.51,1995.25,0.0055988107206264015,0.06101536285369402,1.0
2023-07-14,1988.61,1912.91,-0.003327903771457308,-0.03806679037116367,1.0
2023-07-15,1939.41,1933.68,0.013853239305560594,-0.0029545067829906957,1.0
2023-07-16,1930.95,1927.78,-0.0014118158123370694,-0.0016416789663119546,1.0
2023-07-17,1911.94,1886.39,-0.00821670522569995,-0.013363390064541791,1.0
2023-07-18,1892.32,1892.05,0.003143570523592487,-0.0001426819988162853,1.0
2023-07-19,1907.12,1910.0,0.007964905790016186,0.0015101304584923536,1.0
2023-07-20,1916.38,1887.98,0.003340314136125677,-0.014819607802210477,1.0
2023-07-21,1894.47,1894.64,0.0034375364145806664,8.973485988161833e-05,1.0
2023-07-22,1885.32,1887.28,-0.004919140311615999,0.001039611312668498,1.0
2023-07-23,1875.17,1889.13,-0.006416641939722689,0.0074446583509761854,1.0
2023-07-24,1852.38,1849.38,-0.01945339918375122,-0.0016195381077316329,1.0
2023-07-25,1854.19,1857.08,0.002600871643469782,0.001558632071146926,1.0
2023-07-26,1855.45,1873.19,-0.000877722015206639,0.00956102293244232,1.0
2023-07-27,1877.97,1860.86,0.002551796667716655,-0.009110901665095872,1.0
2023-07-28,1872.21,1874.08,0.006099330417119075,0.000998819576863541,1.0
2023-07-29,1872.47,1877.96,-0.0008590881926064942,0.002931956186214002,1.0
2023-07-30,1876.92,1862.51,-0.0005537924130438743,-0.0076774716024125,1.0
2023-07-31,1872.77,1856.49,0.005508695255327378,-0.00869300554793162,1.0
2023-08-01,1832.01,1850.96,-0.013186173908827925,0.010343830000927978,1.0
2023-08-02,1854.24,1841.84,0.0017720534209275662,-0.00668737595996205,1.0
2023-08-03,1834.74,1845.48,-0.0038548408113624477,0.005853690441152359,1.0
2023-08-04,1839.44,1831.33,-0.0032728612610268826,-0.004408950550167545,1.0
2023-08-05,1830.71,1835.49,-0.00033855176292629796,0.002611008843563356,1.0
2023-08-06,1829.39,1832.0,-0.003323363243602495,0.0014267050765555123,1.0
2023-08-07,1833.35,1825.28,0.0007368995633187936,-0.004401778165653014,1.0
2023-08-08,1845.59,1859.07,0.01112705995792429,0.007303897398663883,1.0
2023-08-09,1869.24,1848.4,0.005470477174071009,-0.01114891613703961,1.0
2023-08-10,1857.12,1849.89,0.00471759359445989,-0.003893124838459383,1.0
2023-08-11,1849.25,1844.56,-0.0003459665169280868,-0.002536163309449835,1.0
2023-08-12,1851.76,1847.43,0.0039033699093551366,-0.0023383159804726272,1.0
2023-08-13,1850.8,1858.59,0.0018241557190257218,0.004208990706721316,1.0
2023-08-14,1846.8,1842.63,-0.006343518473681642,-0.002257959714100033,1.0
2023-08-15,1842.44,1827.67,-0.00010311348453029279,-0.008016543279564026,1.0
2023-08-16,1824.8,1820.95,-0.0015703053614711804,-0.0021098202542744193,1.0
2023-08-17,1789.94,1738.26,-0.01702957247590542,-0.028872476172385753,1.0
2023-08-18,1678.49,1657.61,-0.03438495967231603,-0.012439752396499304,1.0
2023-08-19,1659.5,1677.38,0.001140195824108181,0.010774329617354583,1.0
2023-08-20,1676.38,1678.24,-0.0005961678331684039,0.001109533637957849,1.0
2023-08-21,1670.76,1672.36,-0.004457050243111826,0.0009576480164714685,1.0
2023-08-22,1663.25,1625.21,-0.005447391709918814,-0.02287088531489556,1.0
2023-08-23,1638.1,1687.2,0.007931282726539868,0.02997375007630798,1.0
2023-08-24,1668.05,1649.99,-0.011350165955429148,-0.010827013578729616,1.0
2023-08-25,1654.45,1647.01,0.0027030466851314383,-0.004496962736861176,1.0
2023-08-26,1649.94,1646.22,0.0017789813055173465,-0.002254627440997914,1.0
2023-08-27,1650.79,1655.89,0.0027760566631434003,0.003089429909316266,1.0
2023-08-28,1655.4,1646.72,-0.0002959133758885235,-0.00524344569288393,1.0
2023-08-29,1645.83,1735.28,-0.000540468324912613,0.05434947716349803,1.0
2023-08-30,1717.75,1701.55,-0.010102116085012214,-0.009430941638771673,1.0
2023-08-31,1708.24,1657.12,0.003931709323851784,-0.029925537395213864,1.0
2023-09-01,1647.0,1619.23,-0.006106980785941851,-0.016860959319975666,1.0
2023-09-02,1634.93,1633.61,0.009695966601409367,-0.0008073740160130516,1.0
2023-09-03,1632.28,1639.01,-0.000814147807616239,0.004123067120837209,1.0
2023-09-04,1630.56,1631.34,-0.0051555512168931505,0.0004783632617015865,1.0
2023-09-05,1637.59,1632.37,0.0038312062476246744,-0.003187611062598128,1.0
2023-09-06,1632.39,1631.26,1.2252124212075444e-05,-0.0006922365366119898,1.0
2023-09-07,1626.24,1637.3,-0.0030773757708765226,0.006800964187327896,1.0
2023-09-08,1628.89,1634.6,-0.005136505222011811,0.0035054546347510485,1.0
2023-09-09,1634.66,1633.99,3.6706227823479765e-05,-0.0004098711658694354,1.0
2023-09-10,1626.05,1616.84,-0.0048592708645708305,-0.005664032471326297,1.0
2023-09-11,1594.16,1539.37,-0.014027362014794154,-0.03436919757113477,1.0
2023-09-12,1604.47,1598.51,0.04229002773862045,-0.0037146222740219725,1.0
2023-09-13,1601.1,1599.31,0.0016202588660689798,-0.001117981387795841,1.0
2023-09-14,1624.0,1635.99,0.015437907597651623,0.0073830049261083275,1.0
2023-09-15,1619.9,1621.21,-0.009835023441463475,0.0008086918945613419,1.0
2023-09-16,1637.19,1633.4,0.009856835326700342,-0.0023149420653680863,1.0
2023-09-17,1631.29,1625.71,-0.0012917840088160215,-0.0034206057782490973,1.0
2023-09-18,1665.41,1640.72,0.024420099525745753,-0.014825178184351029,1.0
2023-09-19,1644.15,1644.08,0.002090545614120698,-4.2575190828175735e-05,1.0
2023-09-20,1626.25,1616.16,-0.010844971047637486,-0.0062044581091467155,1.0
2023-09-21,1590.69,1589.75,-0.0157595782595783,-0.0005909385235338682,1.0
2023-09-22,1595.08,1592.48,0.0033527284164176496,-0.001630012287784921,1.0
2023-09-23,1592.57,1594.79,5.651562343000904e-05,0.0013939732633416746,1.0
2023-09-24,1595.3,1586.38,0.00031979132048731707,-0.005591424810380441,1.0
2023-09-25,1570.88,1591.47,-0.009770672852658202,0.013107302913016872,1.0
2023-09-26,1587.39,1589.42,-0.0025636675526399255,0.0012788287692375722,1.0
2023-09-27,1623.84,1597.67,0.021655698305041993,-0.01611611981476002,1.0
2023-09-28,1622.42,1658.3,0.015491309219050287,0.02211511199319527,1.0
2023-09-29,1673.59,1665.19,0.009220285834891095,-0.0050191504490346706,1.0
2023-09-30,1674.11,1679.13,0.005356746077024077,0.0029986082157087424,1.0
2023-10-01,1687.39,1676.25,0.004919214116834381,-0.006601911828326701,1.0
2023-10-02,1729.74,1674.33,0.031910514541386936,-0.03203371604981098,1.0
2023-10-03,1656.23,1650.28,-0.010810294266960452,-0.003592496211274998,1.0
2023-10-04,1646.32,1643.01,-0.002399592796373917,-0.0020105447300645674,1.0
2023-10-05,1633.76,1616.51,-0.005629910956111095,-0.01055846635980806,1.0
2023-10-06,1615.82,1646.24,-0.0004268454881195538,0.018826354420665714,1.0
2023-10-07,1640.24,1630.59,-0.003644669064049033,-0.0058832853728723045,1.0
2023-10-08,1620.99,1635.71,-0.005887439515758097,0.00908087033232774,1.0
2023-10-09,1587.13,1581.45,-0.02969964113443091,-0.0035787868668603062,1.0
2023-10-10,1574.32,1566.01,-0.00450852066141838,-0.00527846943442245,1.0
2023-10-11,1572.33,1563.26,0.0040357341268573155,-0.005768509155202772,1.0
2023-10-12,1549.7,1531.51,-0.008674180878420756,-0.011737755694650631,1.0
2023-10-13,1553.37,1545.94,0.014273494786191332,-0.00478314889562681,1.0
2023-10-14,1550.29,1555.33,0.002813822011203504,0.0032510046507427948,1.0
2023-10-15,1553.29,1560.41,-0.0013116187561481585,0.0045838188618996245,1.0
2023-10-16,1587.33,1589.8,0.017251876109483977,0.0015560721463085958,1.0
2023-10-17,1574.2,1564.15,-0.00981255503836953,-0.006384195146741156,1.0
2023-10-18,1579.32,1562.95,0.0096985583224114,-0.010365220474634618,1.0
2023-10-19,1553.38,1568.0,-0.006123036565469087,0.009411734411412409,1.0
2023-10-20,1606.73,1606.73,0.02470025510204077,0.0,1.0
2023-10-21,1605.22,1635.19,-0.0009397969789572969,0.018670338022202637,1.0
2023-10-22,1631.69,1635.0,-0.002140424048581502,0.002028571603674756,1.0
2023-10-23,1677.14,1708.68,0.0257737003058105,0.018805824200722743,1.0
2023-10-24,1841.0,1777.52,0.07743989512372118,-0.03448126018468223,1.0
2023-10-25,1786.07,1789.91,0.004810072460506687,0.0021499717256323603,1.0
2023-10-26,1821.89,1792.54,0.017866820119447402,-0.016109644380286503,1.0
2023-10-27,1792.19,1774.34,-0.00019525366240080722,-0.009959881485780087,1.0
2023-10-28,1780.9,1777.08,0.003697149362579921,-0.0021449828738279164,1.0
2023-10-29,1798.67,1793.07,0.012149143538839002,-0.003113411576331493,1.0
2023-10-30,1809.52,1801.51,0.009174209595832927,-0.004426588266501663,1.0
2023-10-31,1798.76,1811.47,-0.0015264972162242207,0.007065978785385507,1.0
2023-11-01,1815.69,1835.9,0.0023295997173566896,0.011130754699315348,1.0
2023-11-02,1835.3,1812.36,-0.000326815186012408,-0.012499318912439383,1.0
2023-11-03,1795.82,1816.98,-0.009126222163367115,0.011782918109832785,1.0
2023-11-04,1838.16,1835.57,0.011656705082059293,-0.0014090177133656567,1.0
2023-11-05,1870.51,1885.9,0.0190349591679968,0.008227702605171805,1.0
2023-11-06,1897.0,1895.17,0.005885783975820624,-0.0009646810753821677,1.0
2023-11-07,1873.31,1901.13,-0.011534585287863441,0.014850718781194816,1.0
2023-11-08,1889.01,1895.59,-0.006375155828375778,0.0034833060703753915,1.0
2023-11-09,1920.65,2035.91,0.013220158367579504,0.06001093379845357,1.0
2023-11-10,2074.59,2087.26,0.0189988751958583,0.006107230826331911,1.0
2023-11-11,2062.31,2058.03,-0.011953470099556496,-0.002075342698236282,1.0
2023-11-12,2048.99,2052.56,-0.004392550157189312,0.0017423218268513008,1.0
2023-11-13,2050.49,2085.67,-0.001008496706551898,0.017156874698242897,1.0
2023-11-14,2043.1,1975.36,-0.02041070735063566,-0.033155498996622734,1.0
2023-11-15,2013.27,2044.27,0.019191438522598414,0.015397835362370715,1.0
2023-11-16,2035.58,1956.8,-0.004250906191452186,-0.03870150030949404,1.0
2023-11-17,1951.95,1943.08,-0.002478536385936203,-0.004544173774943094,1.0
2023-11-18,1936.94,1963.6,-0.0031599316548983625,0.013763978233708674,1.0
2023-11-19,1952.99,1984.6,-0.005403340802607404,0.016185438737525537,1.0
2023-11-20,2016.31,2034.98,0.01597803083744842,0.00925948886827932,1.0
2023-11-21,2004.4,1991.75,-0.015027174714247749,-0.006311115545799328,1.0
2023-11-22,2030.83,2075.6,0.01962093636249529,0.02204517364821279,1.0
2023-11-23,2052.94,2066.02,-0.010917325110811227,0.006371350356074723,1.0
2023-11-24,2103.99,2090.61,0.018378331284304883,-0.006359345814381134,1.0
2023-11-25,2077.43,2083.07,-0.006304380061321946,0.0027148929205798034,1.0
2023-11-26,2083.19,2076.97,5.760728156034567e-05,-0.0029858054234132014,1.0
2023-11-27,2023.58,1996.11,-0.025705715537537754,-0.013574951323891304,1.0
2023-11-28,2035.03,2062.66,0.019497923461131883,0.013577195422180388,1.0
2023-11-29,2053.74,2026.6,-0.0043245130074758276,-0.013214915227828139,1.0
2023-11-30,2035.45,2043.44,0.004366919964472693,0.003925421896877834,1.0
2023-12-01,2080.74,2090.74,0.018253533257643895,0.004805982486999927,1.0
2023-12-02,2103.89,2157.75,0.006289639075160114,0.02560019772896882,1.0
2023-12-03,2161.68,2167.86,0.0018213416753563028,0.0028588875319197626,1.0
2023-12-04,2239.34,2228.95,0.03297260893231124,-0.004639759929265019,1.0
2023-12-05,2200.71,2265.6,-0.012669642656856217,0.029485938628897035,1.0
2023-12-06,2260.87,2251.94,-0.0020877471751412635,-0.003949806932729394,1.0
2023-12-07,2248.72,2341.75,-0.0014298782383190822,0.041370201714753474,1.0
2023-12-08,2343.83,2365.47,0.000888224618341038,0.009232751522081362,1.0
2023-12-09,2359.57,2352.92,-0.0024942189078701604,-0.002818310115826228,1.0
2023-12-10,2345.3,2376.2,-0.003238529146762259,0.013175286743700054,1.0
2023-12-11,2231.58,2200.83,-0.06086188031310491,-0.013779474632323319,1.0
2023-12-12,2223.49,2187.06,0.01029611555640364,-0.0163841528408043,1.0
2023-12-13,2191.02,2258.76,0.001810649913582596,0.030917107100802532,1.0
2023-12-14,2279.21,2290.48,0.009053640050292966,0.004944695749843131,1.0
2023-12-15,2248.81,2250.55,-0.018192693234605928,0.0007737425571747725,1.0
2023-12-16,2245.91,2237.7,-0.002061718246650912,-0.0036555338370638513,1.0
2023-12-17,2209.86,2247.0,-0.012441346024936184,0.01680649452906513,1.0
2023-12-18,2156.81,2186.04,-0.040137961726746774,0.013552422327418823,1.0
2023-12-19,2225.39,2170.53,0.018000585533658908,-0.024651858775315616,1.0
2023-12-20,2247.89,2183.55,0.0356410646247689,-0.02862239700341196,1.0
2023-12-21,2251.68,2239.51,0.03120148382221588,-0.005404853265117415,1.0
2023-12-22,2308.45,2313.26,0.030783519609200116,0.002083649201845672,1.0
2023-12-23,2294.94,2289.94,-0.007919559409664378,-0.0021787061971119126,1.0
2023-12-24,2295.14,2278.84,0.002270801855070337,-0.007101963278928425,1.0
2023-12-25,2289.31,2268.21,0.0045944427866808635,-0.00921675089874241,1.0
2023-12-26,2247.3,2217.16,-0.009218723134101325,-0.013411649534997738,1.0
2023-12-27,2293.42,2351.56,0.034395352613252994,0.025350786162150696,1.0
2023-12-28,2394.69,2352.86,0.01834101617649564,-0.01746781420559651,1.0
2023-12-29,2363.48,2305.5,0.004513655721122278,-0.024531622861204694,1.0
2023-12-30,2294.19,2298.59,-0.004905660377358512,0.0019178882307044898,1.0
2023-12-31,2302.94,2282.4,0.001892464510852232,-0.008919033930540943,1.0
2024-01-01,2304.16,2340.98,0.009533824044865025,0.015979793069925696,1.0
2024-01-02,2398.0,2359.87,0.02435732043844885,-0.01590075062552132,1.0
2024-01-03,2223.79,2218.28,-0.05766419336658368,-0.0024777519460019715,1.0
2024-01-04,2238.29,2273.4,0.00902050237120644,0.01568608178564901,1.0
2024-01-05,2247.41,2248.36,-0.011432216064045098,0.0004227088070267726,1.0
2024-01-06,2237.01,2241.76,-0.005048123965912921,0.0021233700341081185,1.0
2024-01-07,2252.09,2239.05,0.004607986581971257,-0.00579017712436003,1.0
2024-01-08,2265.47,2336.4,0.011799647171791383,0.03130917646227949,1.0
2024-01-09,2275.25,2250.61,-0.02617274439308337,-0.010829579167124459,1.0
2024-01-10,2377.83,2484.63,0.05652689715232739,0.04491490140169829,1.0
2024-01-11,2635.98,2593.93,0.060914502360512435,-0.015952321337794784,1.0
2024-01-12,2673.78,2569.36,0.030783405874484027,-0.03905332525488259,1.0
2024-01-13,2542.08,2568.76,-0.010617430021484076,0.010495342396777518,1.0
2024-01-14,2533.81,2508.94,-0.013605786449493285,-0.009815258444792585,1.0
2024-01-15,2538.78,2530.61,0.011893468955016973,-0.0032180811255800856,1.0
2024-01-16,2525.81,2586.87,-0.0018967758761722076,0.024174423254322397,1.0
2024-01-17,2543.77,2539.87,-0.016661061437180824,-0.001533157478860181,1.0
2024-01-18,2515.55,2446.45,-0.00957529322366879,-0.02746914193715111,1.0
2024-01-19,2497.16,2484.6,0.020727993623413488,-0.005029713754825416,1.0
2024-01-20,2471.87,2466.94,-0.005123561136601507,-0.001994441455254403,1.0
2024-01-21,2479.36,2467.3,0.0050345772495481445,-0.004864158492514203,1.0
2024-01-22,2387.85,2340.49,-0.032201191585944255,-0.01983374165043872,1.0
2024-01-23,2200.28,2198.93,-0.05990625894577617,-0.0006135582744015711,1.0
2024-01-24,2228.19,2200.33,0.013306471784004126,-0.012503422060057723,1.0
2024-01-25,2205.69,2222.67,0.002435998236628212,0.007698271289256375,1.0
2024-01-26,2240.89,2258.6,0.008197348234330715,0.00790310992507437,1.0
2024-01-27,2267.79,2271.44,0.00406889223412743,0.0016094964701316439,1.0
2024-01-28,2279.07,2261.84,0.0033591025957102616,-0.0075601012693774505,1.0
2024-01-29,2244.42,2302.86,-0.007701694195875963,0.026037907343545275,1.0
2024-01-30,2305.73,2373.72,0.001246276369384125,0.029487407458808956,1.0
2024-01-31,2312.87,2287.98,-0.025634868476484107,-0.01076152139981923,1.0
2024-02-01,2272.09,2299.46,-0.006944990777891347,0.012046177748240572,1.0
2024-02-02,2292.02,2297.77,-0.00323554225774747,0.0025087041125295695,1.0
2024-02-03,2307.36,2302.8,0.00417361180622966,-0.0019762845849802257,1.0
2024-02-04,2304.38,2303.71,0.0006861212437032638,-0.00029075065744366135,1.0
2024-02-05,2330.45,2294.62,0.01160736377408611,-0.01537471303825444,1.0
2024-02-06,2337.62,2380.29,0.01873948627659483,0.01825360837090728,1.0
2024-02-07,2372.83,2439.38,-0.0031340718988022154,0.028046678438826245,1.0
2024-02-08,2425.05,2427.81,-0.005874443506136751,0.001138120863487302,1.0
2024-02-09,2513.27,2489.86,0.03520044814050527,-0.009314558324413968,1.0
2024-02-10,2490.07,2506.21,8.434209152330396e-05,0.006481745493098545,1.0
2024-02-11,2510.69,2497.43,0.0017875597017009692,-0.005281416662351823,1.0
2024-02-12,2487.35,2641.7,-0.004036149161337876,0.06205399320562033,1.0
2024-02-13,2643.61,2627.65,0.0007230192678957525,-0.006037199133003712,1.0
2024-02-14,2764.92,2764.26,0.052240595208646434,-0.00023870491732125299,1.0
2024-02-15,2810.52,2828.59,0.0167350393957153,0.00642941519718776,1.0
2024-02-16,2840.16,2781.65,0.004090377184392091,-0.02060095205903889,1.0
2024-02-17,2743.6,2779.33,-0.013678931569392372,0.013023035427904839,1.0
2024-02-18,2787.22,2827.51,0.002838813670920537,0.014455263667740859,1.0
2024-02-19,2894.06,2934.18,0.02353660995009732,0.013862877756508185,1.0
2024-02-20,2997.61,2977.45,0.021617624003980707,-0.006725357868435311,1.0
2024-02-21,2907.64,2906.18,-0.023446237552267823,-0.0005021254350607851,1.0
2024-02-22,2944.68,3013.01,0.01324763091067993,0.023204558729641445,1.0
2024-02-23,2942.69,2951.4,-0.0233387874583888,0.002959876847374421,1.0
2024-02-24,2966.68,2988.34,0.005177204038761207,0.007301090781614672,1.0
2024-02-25,3038.0,3098.6,0.01661792165550091,0.019947333772218467,1.0
2024-02-26,3061.09,3182.02,-0.012105466985089963,0.03950553560986436,1.0
2024-02-27,3267.47,3252.55,0.02685401097416107,-0.004566224020419396,1.0
2024-02-28,3354.71,3299.13,0.03140920201072994,-0.016567751012755205,1.0
2024-02-29,3478.58,3393.99,0.05439312788523032,-0.024317393879111582,1.0
2024-03-01,3438.51,3443.64,0.013117304411621955,0.001491925281589923,1.0
2024-03-02,3410.15,3406.29,-0.009725174524630842,-0.0011319150184010418,1.0
2024-03-03,3428.75,3468.25,0.0065936840374718475,0.011520233321181239,1.0
2024-03-04,3490.12,3583.37,0.006305773805233228,0.026718279027655223,1.0
2024-03-05,3779.41,3387.8,0.05470827740367312,-0.10361670207783746,1.0
2024-03-06,3830.77,3858.05,0.13075447192868528,0.007121283710585624,1.0
2024-03-07,3806.07,3928.87,-0.013473127616282832,0.0322642515770859,1.0
2024-03-08,3971.07,3939.44,0.010741001865676392,-0.007965107641013658,1.0
2024-03-09,3916.42,3900.68,-0.005843470137887663,-0.0040189765142656375,1.0
2024-03-10,3927.46,3898.0,0.006865469610426889,-0.007501031200827013,1.0
2024-03-11,4054.99,4031.71,0.04027449974345809,-0.00574107457724915,1.0
2024-03-12,4022.14,3980.23,-0.0023736826309432857,-0.01041982626164173,1.0
2024-03-13,4006.37,4000.44,0.006567459669416076,-0.0014801428724755539,1.0
2024-03-14,3943.41,3785.89,-0.01425593184749685,-0.03994512363664948,1.0
2024-03-15,3697.33,3689.54,-0.023392121799629684,-0.0021069258086240383,1.0
2024-03-16,3665.39,3600.6,-0.0065455314212612414,-0.01767615451561766,1.0
2024-03-17,3540.31,3651.18,-0.016744431483641575,0.031316466637102414,1.0
2024-03-18,3598.19,3478.89,-0.014513116307604657,-0.03315555876704679,1.0
2024-03-19,3295.93,3333.26,-0.05259148751469578,0.011326090056524407,1.0
2024-03-20,3354.75,3379.01,0.006447141837120363,0.007231537372382579,1.0
2024-03-21,3541.6,3441.38,0.04811764392529172,-0.02829794443189515,1.0
2024-03-22,3411.5,3340.46,-0.00868256339026785,-0.02082368459621864,1.0
2024-03-23,3369.67,3386.12,0.008744304676601367,0.004881783676146334,1.0
2024-03-24,3400.01,3382.5,0.004102040093086012,-0.0051499848529857895,1.0
2024-03-25,3449.99,3638.96,0.019952697708795153,0.05477407180890381,1.0
2024-03-26,3644.55,3560.82,0.0015361531866247002,-0.022974029715602806,1.0
2024-03-27,3580.68,3491.18,0.005577367010969336,-0.024995252298446125,1.0
2024-03-28,3576.78,3563.05,0.02451893056215959,-0.0038386481695826813,1.0
2024-03-29,3539.78,3500.34,-0.006530921541937351,-0.0111419353745148,1.0
2024-03-30,3552.0,3509.02,0.014758566310701271,-0.012100225225225247,1.0
2024-03-31,3616.33,3638.18,0.03058118791001485,0.00604203709285378,1.0
2024-04-01,3558.01,3486.33,-0.022035743146298303,-0.020146092900244827,1.0
2024-04-02,3297.03,3277.53,-0.05429778592387979,-0.005914413881584313,1.0
2024-04-03,3310.04,3314.29,0.009919054898048119,0.001283972399125144,1.0
2024-04-04,3347.72,3366.09,0.010086624887984952,0.005487316740946158,1.0
2024-04-05,3262.14,3320.1,-0.030881527231892303,0.017767477790652686,1.0
2024-04-06,3332.79,3349.24,0.003822174030902792,0.004935804536139399,1.0
2024-04-07,3401.01,3381.39,0.015457238059978007,-0.005768874540210245,1.0
2024-04-08,3643.43,3702.8,0.07749475807286355,0.0162950845768961,1.0
2024-04-09,3630.21,3517.1,-0.01960408339634878,-0.031157977086725075,1.0
2024-04-10,3440.01,3521.52,-0.021918626140854602,0.023694698561922634,1.0
2024-04-11,3557.72,3517.7,0.010279651968468029,-0.011248777306814506,1.0
2024-04-12,3497.73,3206.17,-0.005677004861130763,-0.08335692005958151,1.0
2024-04-13,3277.8,3085.2,0.022341298184438196,-0.058758923668314256,1.0
2024-04-14,3044.96,3073.62,-0.013042914559833974,0.009412274709684088,1.0
2024-04-15,3231.61,3100.1,0.05140192997182491,-0.04069488583090164,1.0
2024-04-16,3074.7,3057.64,-0.008193284087610109,-0.005548508797606266,1.0
2024-04-17,3031.41,3001.6,-0.008578511531769584,-0.009833707746560116,1.0
2024-04-18,3024.98,3064.19,0.007789179104477739,0.012962069170705304,1.0
2024-04-19,3099.68,3104.1,0.011582179956203698,0.001425953646828182,1.0
2024-04-20,3059.45,3148.21,-0.014384201539898833,0.029011750478027176,1.0
2024-04-21,3157.61,3136.79,0.002985823690287548,-0.006593594522439461,1.0
2024-04-22,3204.46,3188.23,0.021573009350323025,-0.005064815912821485,1.0
2024-04-23,3187.21,3218.31,-0.00031992673050562637,0.009757750509065799,1.0
2024-04-24,3273.06,3134.67,0.01701203426643172,-0.04228153471063767,1.0
2024-04-25,3109.0,3165.84,-0.00818905977343709,0.01828240591830177,1.0
2024-04-26,3130.0,3133.84,-0.011320850074545863,0.0012268370607029233,1.0
2024-04-27,3137.37,3237.4,0.001126413601204801,0.03188339277802754,1.0
2024-04-28,3288.01,3316.92,0.015632915302403294,0.0087925523340866,1.0
2024-04-29,3171.57,3186.01,-0.043820773488658094,0.004552950116188503,1.0
2024-04-30,3009.2,2928.96,-0.0554957454621926,-0.02666489432407282,1.0
2024-05-01,2917.01,2926.06,-0.004079946465639583,0.00310249193523493,1.0
2024-05-02,2982.61,2999.81,0.019326329603630787,0.005766761326489123,1.0
2024-05-03,3035.01,3072.5,0.011734076491511258,0.01235251284180272,1.0
2024-05-04,3150.81,3137.01,0.02548738812042317,-0.00437982613994492,1.0
2024-05-05,3137.2,3142.45,6.056722802916248e-05,0.0016734667856688201,1.0
2024-05-06,3102.94,3069.84,-0.012572992410380346,-0.010667302622673902,1.0
2024-05-07,3075.91,3049.62,0.0019773017486253153,-0.008547064120861814,1.0
2024-05-08,3002.26,2999.38,-0.015529803713249413,-0.0009592773444005998,1.0
2024-05-09,2988.15,3021.41,-0.003744107115470574,0.011130632665696139,1.0
2024-05-10,3028.0,2901.6,0.0021811008767429474,-0.041743725231175755,1.0
2024-05-11,2900.19,2930.61,-0.0004859387923903391,0.010488967964167983,1.0
2024-05-12,2929.7,2929.59,-0.00031051555819450183,-3.7546506468144614e-05,1.0
2024-05-13,2965.71,2956.7,0.01232937032144421,-0.0030380583401614647,1.0
2024-05-14,2894.61,2893.74,-0.020999763249568648,-0.00030055862447797566,1.0
2024-05-15,2947.35,3024.56,0.018526197930705646,0.026196413727585854,1.0
2024-05-16,2980.0,2944.76,-0.014732721453699082,-0.011825503355704647,1.0
2024-05-17,3079.79,3085.16,0.045854331083008404,0.0017436253770548582,1.0
2024-05-18,3117.59,3119.69,0.01051161041890869,0.0006735972337605922,1.0
2024-05-19,3077.5,3065.2,-0.013523779606307018,-0.003996750609260857,1.0
2024-05-20,3085.39,3438.87,0.006586845882813552,0.11456574371473294,1.0
2024-05-21,3794.0,3712.27,0.10326938790940043,-0.021541908276225596,1.0
2024-05-22,3666.96,3736.61,-0.012205469968509797,0.018993935030652054,1.0
2024-05-23,3865.46,3791.34,0.03448312775483653,-0.01917494942387188,1.0
2024-05-24,3714.69,3744.4,-0.020217126398582086,0.00799797560496307,1.0
2024-05-25,3737.47,3757.64,-0.0018507638072856603,0.005396698836378722,1.0
2024-05-26,3803.31,3878.86,0.012153905110654506,0.01986427611738195,1.0
2024-05-27,3911.99,3873.25,0.008541169312632935,-0.00990288829981667,1.0
2024-05-28,3893.09,3840.81,0.005122313302782011,-0.01342892149937458,1.0
2024-05-29,3815.4,3749.66,-0.006615791981378849,-0.017230172458982063,1.0
2024-05-30,3765.29,3762.01,0.0041683779329326764,-0.0008711148410878167,1.0
2024-05-31,3825.08,3785.45,0.016764974043131042,-0.010360567622115124,1.0
2024-06-01,3795.71,3804.51,0.0027103778943058376,0.002318406832977349,1.0
2024-06-02,3788.11,3782.37,-0.004310673385008901,-0.001515267508071405,1.0
2024-06-03,3840.79,3773.4,0.015445342470461698,-0.01754586946956227,1.0
2024-06-04,3763.76,3800.38,-0.002554725181533879,0.009729632070057503,1.0
2024-06-05,3820.24,3876.54,0.005225793210152485,0.014737293992000522,1.0
2024-06-06,3845.79,3791.01,-0.007932331408936788,-0.014244147496353055,1.0
2024-06-07,3807.68,3687.37,0.004397245061342314,-0.03159666778720904,1.0
2024-06-08,3682.58,3682.61,-0.0012990288471186329,8.146462534552867e-06,1.0
2024-06-09,3704.67,3701.09,0.0059903166504191585,-0.0009663478798381808,1.0
2024-06-10,3675.55,3668.33,-0.006900669802679782,-0.001964331868700042,1.0
2024-06-11,3534.01,3497.21,-0.0366161168706195,-0.010413100132710462,1.0
2024-06-12,3638.4,3529.01,0.04037218239682483,-0.03006541336851365,1.0
2024-06-13,3493.84,3481.43,-0.009965967792667119,-0.0035519657454263776,1.0
2024-06-14,3513.24,3406.21,0.00913705000531384,-0.030464756179480967,1.0
2024-06-15,3565.02,3558.48,0.04662366677333463,-0.001834491812107597,1.0
2024-06-16,3564.0,3599.03,0.001551224118162775,0.009828843995510761,1.0
2024-06-17,3522.75,3554.01,-0.021194599656018442,0.008873749201618208,1.0
2024-06-18,3407.85,3423.27,-0.04112537668717875,0.0045248470443242095,1.0
2024-06-19,3547.0,3546.29,0.03614380402363815,-0.00020016915703413574,1.0
2024-06-20,3589.4,3536.61,0.012156366230624105,-0.014707193402797136,1.0
2024-06-21,3495.81,3535.45,-0.011536471366647816,0.011339289034587141,1.0
2024-06-22,3488.61,3491.44,-0.013248667072084053,0.0008112113420530864,1.0
2024-06-23,3500.39,3479.93,0.0025634122310564944,-0.005845062978696691,1.0
2024-06-24,3319.12,3293.07,-0.046210699640509945,-0.00784846585842025,1.0
2024-06-25,3366.01,3415.66,0.022149544346157235,0.014750401811046254,1.0
2024-06-26,3372.01,3408.08,-0.012779374996340298,0.010696884054317568,1.0
2024-06-27,3435.96,3449.79,0.008180559141804267,0.004025075961303415,1.0
2024-06-28,3440.48,3379.74,-0.00269871499424601,-0.017654513323722365,1.0
2024-06-29,3392.63,3387.02,0.003813902844597594,-0.001653584387333762,1.0
2024-06-30,3385.78,3428.41,-0.0003661035364419529,0.012590894860268431,1.0
2024-07-01,3472.42,3471.47,0.01283685440189486,-0.0002735844166317225,1.0
2024-07-02,3451.28,3415.37,-0.005815979973901486,-0.010404835307480265,1.0
2024-07-03,3290.13,3266.29,-0.03666952628851339,-0.007245914295179845,1.0
2024-07-04,3132.59,3133.82,-0.04093329128766887,0.00039264634056812575,1.0
2024-07-05,2935.85,2987.99,-0.06317210305633392,0.01775976293066739,1.0
2024-07-06,3001.76,3058.21,0.004608449158129968,0.01880563402803692,1.0
2024-07-07,3009.71,2985.19,-0.01585895017019756,-0.008146964325466577,1.0
2024-07-08,3049.59,3004.59,0.02157316619712657,-0.014756081965116574,1.0
2024-07-09,3070.33,3068.99,0.02187985715189078,-0.0004364351714637449,1.0
2024-07-10,3109.79,3107.03,0.013294275967012048,-0.0008875197360592724,1.0
2024-07-11,3192.5,3107.11,0.02750858536930756,-0.026747063429913842,1.0
2024-07-12,3075.37,3116.1,-0.010215280437448349,0.013243934876128627,1.0
2024-07-13,3157.41,3163.75,0.013256955810147186,0.0020079748908123918,1.0
2024-07-14,3189.51,3190.9,0.008142236270249015,0.0004358036187377401,1.0
2024-07-15,3343.66,3406.0,0.047873640665642814,0.018644240144033875,1.0
2024-07-16,3403.14,3474.4,-0.0008396946564885877,0.02093948529887113,1.0
2024-07-17,3454.75,3416.79,-0.0056556527745798,-0.010987770460959556,1.0
2024-07-18,3472.42,3405.6,0.01628136350200049,-0.01924306391507946,1.0
2024-07-19,3414.87,3522.97,0.00272198731501061,0.031655670640463596,1.0
2024-07-20,3492.11,3514.45,-0.008759654496064306,0.006397278436246268,1.0
2024-07-21,3500.2,3490.72,-0.0040546885003343025,-0.002708416661905022,1.0
2024-07-22,3498.59,3498.14,0.002254549204748768,-0.0001286232453646674,1.0
2024-07-23,3506.27,3457.03,0.0023240922318719104,-0.014043413656107395,1.0
2024-07-24,3447.92,3363.0,-0.0026352099923923067,-0.024629341748068412,1.0
2024-07-25,3151.4,3123.88,-0.06292001189414209,-0.008732626769055063,1.0
2024-07-26,3241.99,3274.19,0.03780875065623501,0.009932171289855907,1.0
2024-07-27,3287.87,3261.0,0.004178132606843077,-0.008172464239766142,1.0
2024-07-28,3271.07,3271.85,0.003088009812940884,0.00023845408383182942,1.0
2024-07-29,3374.8,3311.02,0.0314653789140702,-0.01889889771245712,1.0
2024-07-30,3354.34,3272.79,0.013083581494524488,-0.024311787117585082,1.0
2024-07-31,3316.58,3266.19,0.01338002132736893,-0.015193361836590702,1.0
2024-08-01,3196.55,3131.64,-0.02132147854227706,-0.02030626769485866,1.0
2024-08-02,3153.17,3011.64,0.0068749920169624,-0.04488498875734581,1.0
2024-08-03,3009.96,2893.53,-0.0005578355978801408,-0.03868157716381604,1.0
2024-08-04,2923.57,2757.55,0.010381782805085837,-0.05678673676361434,1.0
2024-08-05,2228.21,2404.9,-0.1919602545738065,0.07929683467895754,1.0
2024-08-06,2439.27,2493.04,0.014291654538650223,0.022043480221541678,1.0
2024-08-07,2469.33,2350.45,-0.009510477168436893,-0.04814261358344174,1.0
2024-08-08,2482.57,2573.53,0.056210512880512375,0.03663945024712301,1.0
2024-08-09,2627.63,2590.8,0.021021709480752104,-0.014016433059448996,1.0
2024-08-10,2630.52,2603.01,0.015331171838814273,-0.010458008302540844,1.0
2024-08-11,2637.99,2599.06,0.013438288750331262,-0.01475744790541278,1.0
2024-08-12,2684.99,2660.09,0.03306195316768368,-0.009273777555968366,1.0
2024-08-13,2650.37,2711.46,-0.0036540117063709188,0.023049611940974435,1.0
2024-08-14,2732.03,2669.06,0.007586318809792658,-0.023048795218207796,1.0
2024-08-15,2641.52,2549.59,-0.010318239380156302,-0.03480193222084249,1.0
2024-08-16,2575.11,2620.4,0.010009452500205906,0.01758759819968847,1.0
2024-08-17,2603.19,2614.94,-0.006567699587849196,0.0045136928153535205,1.0
2024-08-18,2666.81,2667.9,0.019836019182084552,0.0004087280308684438,1.0
2024-08-19,2585.6,2606.63,-0.030848232692379796,0.008133508663366484,1.0
2024-08-20,2646.32,2601.94,0.015226556895301613,-0.016770458599111304,1.0
2024-08-21,2577.92,2646.43,-0.009231573364489543,0.02657568892750728,1.0
2024-08-22,2625.19,2606.6,-0.008025906598700838,-0.007081392203992953,1.0
2024-08-23,2668.97,2746.54,0.023927721936622293,0.029063646275529598,1.0
2024-08-24,2756.85,2793.01,0.003753813889475488,0.013116419101510957,1.0
2024-08-25,2753.07,2766.3,-0.014299984604423166,0.0048055443559371636,1.0
2024-08-26,2725.93,2680.83,-0.014593500343419108,-0.016544812229220773,1.0
2024-08-27,2621.34,2584.0,-0.02219088864269636,-0.01424462297908713,1.0
2024-08-28,2526.53,2504.88,-0.022240712074303337,-0.008569065081356686,1.0
2024-08-29,2572.91,2528.54,0.02715898565999164,-0.017245064926484033,1.0
2024-08-30,2524.2,2506.94,-0.0017164055146449142,-0.006837809999207578,1.0
2024-08-31,2523.74,2499.8,0.006701396922144109,-0.009485921687653831,1.0
2024-09-01,2467.39,2501.71,-0.01296503720297637,0.013909434665780429,1.0
2024-09-02,2520.79,2524.25,0.00762678328023636,0.0013725855783306429,1.0
2024-09-03,2510.72,2447.6,-0.0053600079231456155,-0.025140198827427906,1.0
2024-09-04,2403.18,2452.16,-0.01814839025984638,0.020381328073635796,1.0
2024-09-05,2390.36,2363.97,-0.025202270651180858,-0.011040178048494886,1.0
2024-09-06,2399.77,2222.56,0.015144016210019595,-0.07384457677194067,1.0
2024-09-07,2290.47,2290.44,0.030554855661939273,-1.3097748496893047e-05,1.0
2024-09-08,2277.2,2272.09,-0.005780548715530798,-0.0022439838398031764,1.0
2024-09-09,2313.09,2350.57,0.018045059834777666,0.0162034335023713,1.0
2024-09-10,2349.8,2380.73,-0.0003275801188648009,0.013162822367861038,1.0
2024-09-11,2334.72,2340.6,-0.01932600504887161,0.0025185032894736725,1.0
2024-09-12,2342.94,2361.03,0.000999743655472951,0.007721068401239428,1.0
2024-09-13,2352.21,2421.07,-0.003735657742595433,0.029274597081043074,1.0
2024-09-14,2420.42,2408.71,-0.0002684763348437258,-0.004838003321737561,1.0
2024-09-15,2410.81,2372.35,0.0008718359619879212,-0.015953144378860196,1.0
2024-09-16,2301.7,2275.22,-0.029780597298037836,-0.011504540122518114,1.0
2024-09-17,2318.43,2353.09,0.018991570045973516,0.0149497720440126,1.0
2024-09-18,2310.54,2315.19,-0.018082606275153124,0.002012516554571686,1.0
2024-09-19,2435.78,2460.93,0.05208643783015665,0.010325234627100777,1.0
2024-09-20,2553.92,2540.98,0.03778652785735481,-0.0050667209622854426,1.0
2024-09-21,2561.86,2572.05,0.008217301985848025,0.003977578790410163,1.0
2024-09-22,2581.17,2578.37,0.003545809762640628,-0.0010847793829930064,1.0
2024-09-23,2646.4,2672.97,0.02638488657562732,0.010040054413542832,1.0
2024-09-24,2632.61,2650.49,-0.015099309008331452,0.006791738996660968,1.0
2024-09-25,2617.81,2570.69,-0.012329795622696094,-0.01799977844075773,1.0
2024-09-26,2629.97,2648.99,0.023059956665330894,0.00723202165804171,1.0
2024-09-27,2658.87,2701.37,0.00372972340401434,0.015984233903876488,1.0
2024-09-28,2658.9,2678.34,-0.01572165234677214,0.0073112941441950685,1.0
2024-09-29,2646.17,2666.78,-0.012011171098516238,0.007788615243918606,1.0
2024-09-30,2633.81,2595.31,-0.012363224562956132,-0.014617607192622062,1.0
2024-10-01,2621.85,2488.71,0.010226138688634423,-0.05078093712454945,1.0
2024-10-02,2435.33,2371.77,-0.02144886306560434,-0.02609913235577932,1.0
2024-10-03,2352.35,2353.51,-0.008187977755010012,0.0004931238973793217,1.0
2024-10-04,2397.35,2428.9,0.018627496802647858,0.01316036456921199,1.0
2024-10-05,2422.8,2396.54,-0.002511424924863115,-0.010838699025920495,1.0
2024-10-06,2429.42,2441.39,0.013719779348560834,0.004927101942027168,1.0
2024-10-07,2465.59,2445.62,0.009912385976841076,-0.008099481260063657,1.0
2024-10-08,2428.69,2440.13,-0.006922579959274033,0.0047103582589791415,1.0
2024-10-09,2434.8,2418.3,-0.0021843098523438575,-0.006776737309019176,1.0
2024-10-10,2388.01,2367.13,-0.012525327709548062,-0.008743681977881224,1.0
2024-10-11,2425.3,2459.6,0.02457406226105041,0.014142580299344232,1.0
2024-10-12,2458.01,2472.6,-0.0006464465766790051,0.005935695949162101,1.0
2024-10-13,2465.32,2458.09,-0.0029442691903258655,-0.002932682167020917,1.0
2024-10-14,2555.2,2620.51,0.03950628333380779,0.025559643080776517,1.0
2024-10-15,2602.51,2592.11,-0.006868891933249688,-0.003996142185813012,1.0
2024-10-16,2628.06,2614.93,0.013869010188610753,-0.004996080759191224,1.0
2024-10-17,2614.53,2595.59,-0.00015296776586737337,-0.007244131832489953,1.0
2024-10-18,2616.61,2651.31,0.008098351434548512,0.013261433687098867,1.0
2024-10-19,2640.23,2641.34,-0.004179066197464665,0.0004204179181359624,1.0
2024-10-20,2644.65,2699.86,0.00125315180930885,0.02087610836972753,1.0
2024-10-21,2697.86,2680.1,-0.0007407791515116058,-0.006582995411177794,1.0
2024-10-22,2622.42,2628.01,-0.0215215850154844,0.002131618886372255,1.0
2024-10-23,2571.6,2512.51,-0.021464910711907592,-0.022977912583605375,1.0
2024-10-24,2530.4,2539.96,0.00712036967017049,0.003778058804932094,1.0
2024-10-25,2538.14,2476.1,-0.0007165467172711715,-0.02444309612550921,1.0
2024-10-26,2471.59,2486.68,-0.0018214127054640983,0.006105381556002376,1.0
2024-10-27,2476.16,2494.59,-0.004230540318818643,0.0074429762212460115,1.0
2024-10-28,2526.92,2506.7,0.012960045538545462,-0.00800183622750239,1.0
2024-10-29,2618.01,2624.74,0.04440499461443359,0.0025706548103328064,1.0
2024-10-30,2686.08,2655.0,0.023369933783917718,-0.011570764832022795,1.0
2024-10-31,2638.78,2514.33,-0.006109227871939682,-0.047161946050826575,1.0
2024-11-01,2536.8,2514.49,0.008936774409087134,-0.008794544307789476,1.0
2024-11-02,2488.33,2493.02,-0.010403700153907902,0.0018847982381757777,1.0
2024-11-03,2434.85,2467.64,-0.023333146144034145,0.013466948682670399,1.0
2024-11-04,2458.92,2422.7,-0.0035337407401403453,-0.014730044084394933,1.0
2024-11-05,2442.1,2426.58,0.008007594832212028,-0.0063551861103149365,1.0
2024-11-06,2618.01,2689.6,0.07888880646836305,0.027345197306350988,1.0
2024-11-07,2805.0,2896.68,0.0429060083283761,0.032684491978609564,1.0
2024-11-08,2946.81,2935.0,0.01730601930485931,-0.004007723606204605,1.0
2024-11-09,3046.73,3086.27,0.03806814310051099,0.012977848381707568,1.0
2024-11-10,3201.8,3117.36,0.03743353627518009,-0.026372665375726134,1.0
2024-11-11,3152.19,3353.78,0.011172915543921746,0.06395236327759446,1.0
2024-11-12,3261.54,3286.0,-0.027503294789759658,0.007499524764375209,1.0
2024-11-13,3215.28,3168.39,-0.02152160681679849,-0.014583488840785308,1.0
2024-11-14,3166.59,3099.16,-0.0005681118801661444,-0.021294199754309906,1.0
2024-11-15,3102.85,3090.6,0.0011906452070884477,-0.003947983305670588,1.0
2024-11-16,3172.72,3150.12,0.02657089238335586,-0.007123225497364993,1.0
2024-11-17,3103.34,3073.37,-0.014850227927824866,-0.009657336933755367,1.0
2024-11-18,3067.6,3155.21,-0.0018774179483759257,0.0285597861520408,1.0
2024-11-20,3113.26,3072.32,-0.013295470032105516,-0.013150202681433631,2.0
2024-11-21,3348.0,3347.96,0.0897302364337047,-1.1947431302283817e-05,1.0
2024-11-22,3293.21,3291.31,-0.01635324197421717,-0.0005769446831511704,1.0
2024-11-23,3435.03,3405.1,0.0436665036110242,-0.00871316989953519,1.0
2024-11-24,3325.0,3341.59,-0.023523538222078644,0.004989473684210655,1.0
2024-11-25,3476.38,3501.8,0.04033708504035505,0.007312204074353179,1.0
2024-11-26,3311.5,3324.19,-0.05434348049574511,0.0038321002566812368,1.0
2024-11-27,3504.99,3623.99,0.054389189546927064,0.03395159472637577,1.0
2024-11-28,3588.12,3556.52,-0.009897930181926529,-0.008806840350935818,1.0
2024-11-29,3610.61,3592.86,0.015208687143612343,-0.004916066814194875,1.0
2024-11-30,3667.83,3712.02,0.020866384996910403,0.01204799568137016,1.0
2024-12-01,3701.21,3690.43,-0.002912161033615135,-0.0029125610273397218,1.0
2024-12-02,3626.34,3614.81,-0.017366539942499815,-0.003179514331254185,1.0
2024-12-03,3545.41,3606.94,-0.019198796063970236,0.017354833432522643,1.0
2024-12-04,3707.61,3879.01,0.027910084448313555,0.04622924201844314,1.0
2024-12-05,3917.14,3826.2,0.009829827713772277,-0.02321591773589915,1.0
2024-12-06,3888.8,4044.31,0.01636088024672011,0.039989199753137195,1.0
2024-12-07,3994.23,4016.91,-0.012382829209432455,0.00567819079021481,1.0
2024-12-08,3997.17,3976.6,-0.0049142251133332815,-0.005146140894683016,1.0
2024-12-09,3897.01,3743.79,-0.020014585324146128,-0.03931732276796829,1.0
2024-12-10,3693.66,3646.7,-0.013390174128356636,-0.01271367694915071,1.0
2024-12-11,3743.78,3832.36,0.02662132887267954,0.023660578345949812,1.0
2024-12-12,3942.6,3886.87,0.02876556482167647,-0.0141353421599959,1.0
2024-12-13,3924.53,3917.49,0.009689029990712417,-0.0017938453776631391,1.0
2024-12-14,3863.59,3832.95,-0.013758809850184628,-0.007930448106553856,1.0
2024-12-15,3884.03,3892.0,0.013326550046309116,0.0020519923893480563,1.0
2024-12-16,3898.75,4043.39,0.0017343268242548948,0.0370990702148124,1.0
2024-12-17,4007.6,3936.5,-0.00885148353238252,-0.01774129154606241,1.0
2024-12-18,3855.71,3695.0,-0.02052330750666831,-0.04168103928978062,1.0
2024-12-19,3678.39,3381.47,-0.004495263870094801,-0.08072009765141819,1.0
2024-12-20,3296.63,3440.75,-0.025089679932100428,0.04371737198290382,1.0
2024-12-21,3390.56,3357.44,-0.01458693598779337,-0.009768297862300046,1.0
2024-12-22,3370.97,3290.77,0.004029856080823402,-0.023791371623004598,1.0
2024-12-23,3317.6,3403.59,0.008153107023584072,0.025919339281408327,1.0
2024-12-24,3452.96,3450.21,0.014505272374169653,-0.0007964181455910602,1.0
2024-12-25,3482.57,3473.73,0.009379139240799805,-0.0025383552950838384,1.0
2024-12-26,3354.19,3329.81,-0.03441257668270126,-0.007268520864948003,1.0
2024-12-27,3387.87,3339.84,0.017436430306834394,-0.014177049296460575,1.0
2024-12-28,3366.01,3400.36,0.007835704704417079,0.010204960769575777,1.0
2024-12-29,3399.39,3359.37,-0.00028526391323280276,-0.01177270039624756,1.0
2024-12-30,3336.84,3399.43,-0.006706614633100738,0.0187572673547427,1.0
2024-12-31,3428.37,3346.2,0.008513191917468577,-0.023967658099913414,1.0
2025-01-01,3343.37,3360.4,-0.0008457354611201007,0.005093662980764968,1.0
2025-01-02,3465.85,3453.0,0.03138019283418636,-0.003707604195219094,1.0
2025-01-03,3481.85,3600.57,0.008355053576599936,0.0340968163476314,1.0
2025-01-04,3644.0,3660.47,0.01206197907553519,0.004519758507135041,1.0
2025-01-05,3614.65,3635.77,-0.012517518242192827,0.00584288935304933,1.0
2025-01-06,3651.03,3683.49,0.004197185190482511,0.008890641818883882,1.0
2025-01-07,3636.0,3396.62,-0.012892664293916889,-0.0658360836083609,1.0
2025-01-08,3358.25,3285.68,-0.011296524191696466,-0.021609469217598543,1.0
2025-01-09,3221.04,3195.55,-0.01967324876433485,-0.007913593125201679,1.0
2025-01-10,3244.24,3259.59,0.015236813694043061,0.0047314625305157065,1.0
2025-01-11,3267.61,3299.54,0.002460432140238389,0.00977166797751261,1.0
2025-01-12,3267.09,3281.67,-0.009834704231498903,0.004462686978320196,1.0
2025-01-13,3060.05,3091.36,-0.06753268914912225,0.010231858956552875,1.0
2025-01-14,3208.7,3222.44,0.037957403861083705,0.004282108018824005,1.0
2025-01-15,3298.94,3434.01,0.023739774829011573,0.04094345456419335,1.0
2025-01-16,3328.61,3337.33,-0.030692979927257058,0.002619712132091223,1.0
2025-01-17,3402.0,3514.81,0.01937776605849595,0.0331599059376837,1.0
2025-01-18,3323.38,3266.02,-0.05446382592515664,-0.017259536977414558,1.0
2025-01-19,3276.99,3377.67,0.003358828176189821,0.030723316213964624,1.0
2025-01-20,3342.99,3320.24,-0.010267432875325389,-0.006805285089096835,1.0
2025-01-21,3309.68,3314.39,-0.00318049297641132,0.001423098305576298,1.0
2025-01-22,3284.15,3256.61,-0.009123850844348413,-0.008385731467807522,1.0
2025-01-23,3233.99,3247.18,-0.006945873162583327,0.004078553118593398,1.0
2025-01-24,3394.99,3329.28,0.04551949691732515,-0.01935499073634961,1.0
2025-01-25,3307.83,3337.03,-0.006442834486735993,0.008827539504751014,1.0
2025-01-26,3307.84,3329.67,-0.008747299245137174,0.006599472767727654,1.0
2025-01-27,3099.32,3145.38,-0.0691810299519171,0.014861324419550126,1.0
2025-01-28,3175.36,3095.42,0.009531439762445304,-0.0251750982565756,1.0
2025-01-29,3102.5,3136.56,0.0022872501954500635,0.010978243352135264,1.0
2025-01-30,3263.14,3231.6,0.040356313923534115,-0.009665536875524738,1.0
2025-01-31,3354.68,3315.99,0.038086396831291,-0.011533141760167953,1.0
2025-02-01,3246.21,3164.01,-0.021043489274696126,-0.025321836849741652,1.0
2025-02-02,3087.47,2950.64,-0.024190821141526264,-0.04431783952556623,1.0
2025-02-03,2576.77,2704.12,-0.1267081040045549,0.04942233881952984,1.0
2025-02-04,2795.88,2733.0,0.03393340532224909,-0.022490235632430577,1.0
2025-02-05,2817.88,2763.01,0.03105744603000371,-0.019472085397532868,1.0
2025-02-06,2791.66,2722.96,0.0103691264237189,-0.024609013991675144,1.0
2025-02-07,2776.01,2587.65,0.01948247495372679,-0.06785278151015306,1.0
2025-02-08,2621.44,2635.83,0.013058180202113912,0.005489349365234375,1.0
2025-02-09,2618.38,2637.19,-0.006620305558400874,0.00718383122388655,1.0
2025-02-10,2677.76,2684.28,0.01538379866448758,0.0024348709369024224,1.0
2025-02-11,2634.47,2598.44,-0.01855618638890144,-0.013676375134277441,1.0
2025-02-12,2595.48,2677.8,-0.001139145025476851,0.03171667668408151,1.0
2025-02-13,2659.0,2653.61,-0.007020688624990723,-0.002027077848815284,1.0
2025-02-14,2701.21,2728.2,0.017937828090789587,0.009991818481347226,1.0
2025-02-15,2707.02,2686.11,-0.007763360457444413,-0.007724361105569955,1.0
2025-02-16,2692.47,2670.57,0.0023677362431171467,-0.008133795362622265,1.0
2025-02-17,2776.59,2732.49,0.03969939001786127,-0.015882791481637626,1.0
2025-02-18,2702.99,2630.9,-0.010796013892091061,-0.02667046492957792,1.0
2025-02-19,2717.98,2721.04,0.033098939526397864,0.0011258360988675165,1.0
2025-02-20,2745.91,2749.69,0.009139887690000847,0.001376592823508549,1.0
2025-02-21,2836.32,2633.6,0.03150536969622042,-0.07147289445478655,1.0
2025-02-22,2722.71,2770.68,0.03383581409477521,0.017618475709862524,1.0
2025-02-23,2812.56,2806.56,0.01511542292866741,-0.0021332878231931085,1.0
2025-02-24,2674.46,2643.0,-0.047068297132432546,-0.011763122275150861,1.0
2025-02-25,2412.76,2493.37,-0.08711312902005286,0.03340987085329661,1.0
2025-02-26,2416.8,2339.77,-0.03070944143869525,-0.03187272426348897,1.0
2025-02-27,2336.89,2256.45,-0.001230890215704994,-0.03442181703032665,1.0
2025-02-28,2151.71,2216.13,-0.046418046045779815,0.02993897876572582,1.0
2025-03-01,2152.69,2225.3,-0.028626479493531587,0.03372989143815408,1.0
2025-03-02,2212.31,2510.8,-0.0058374151799758245,0.13492232101287804,1.0
2025-03-03,2376.88,2129.16,-0.05333758164728375,-0.10422065901517963,1.0
2025-03-04,2064.21,2139.05,-0.030504987882545187,0.036256001085160916,1.0
2025-03-05,2202.53,2231.39,0.029676725649236735,0.013103113237957986,1.0
2025-03-06,2246.29,2200.38,0.00667745217106841,-0.020438144674106984,1.0
2025-03-07,2188.53,2157.51,-0.005385433425135644,-0.014173897547668957,1.0
2025-03-08,2190.21,2212.99,0.015156360804816638,0.010400829144237234,1.0
2025-03-09,2141.81,2040.47,-0.03216462794680497,-0.04731512132261961,1.0
2025-03-10,2125.76,1869.3,0.041799193323107,-0.12064391088363702,1.0
2025-03-11,1894.9,1951.91,0.013694966030064704,0.030086020370468036,1.0
2025-03-12,1929.58,1878.25,-0.01144007664287805,-0.026601643881051795,1.0
2025-03-13,1897.02,1851.82,0.009993344868893805,-0.023826844208284625,1.0
2025-03-14,1902.79,1934.16,0.027524273417502743,0.016486317460150612,1.0
2025-03-15,1923.0,1937.31,-0.005769946643504165,0.007441497659906426,1.0
2025-03-16,1881.01,1882.74,-0.02906091436063407,0.0009197186617828645,1.0
2025-03-17,1908.28,1942.23,0.013565335627861552,0.017790890225753087,1.0
2025-03-18,1895.98,1904.57,-0.023812833701466918,0.004530638508845053,1.0
2025-03-19,2004.01,2031.06,0.05221126028447376,0.013497936637042685,1.0
2025-03-20,1996.6,1974.75,-0.016966510098175402,-0.010943604127015893,1.0
2025-03-21,1946.16,1973.93,-0.014477781997721206,0.014269124840711855,1.0
2025-03-22,1995.32,1995.94,0.010836250525601221,0.0003107271014173296,1.0
2025-03-23,2009.17,1996.3,0.006628455765203434,-0.006405630185599032,1.0
2025-03-24,2083.72,2088.71,0.043791013374743226,0.002394755533373205,1.0
2025-03-25,2059.6,2075.64,-0.01393683182442762,0.007787919984463043,1.0
2025-03-26,2064.64,1999.92,-0.005299570253030406,-0.03134686918784868,1.0
2025-03-27,2018.02,2004.08,0.009050362014480617,-0.006907761072734719,1.0
2025-03-28,1884.32,1874.16,-0.05975809348928185,-0.005391865500551818,1.0
2025-03-29,1851.78,1827.5,-0.011941349724676753,-0.0131117087342989,1.0
2025-03-30,1833.75,1814.22,0.0034199726402188713,-0.010650306748466232,1.0
2025-03-31,1834.16,1827.71,0.01099094927847788,-0.0035165961530073675,1.0
2025-04-01,1865.56,1910.09,0.020708974618511622,0.023869508351379798,1.0
2025-04-02,1871.91,1911.45,-0.019988586925223317,0.021122810391525304,1.0
2025-04-03,1759.65,1787.12,-0.07941615004316094,0.015611059017418105,1.0
2025-04-04,1788.76,1810.21,0.000917677604190148,0.011991547217066634,1.0
2025-04-05,1797.88,1782.17,-0.0068113644273315455,-0.00873806928159837,1.0
2025-04-06,1777.98,1626.24,-0.0023510663965840006,-0.0853440421152094,1.0
2025-04-07,1521.03,1545.41,-0.06469524793388437,0.01602861219042362,1.0
2025-04-08,1571.5,1466.67,0.016882251311949537,-0.066706967865097,1.0
2025-04-09,1461.81,1640.92,-0.0033136288326618413,0.12252618329331444,1.0
2025-04-10,1593.31,1514.67,-0.02901421153986794,-0.0493563713276135,1.0
2025-04-11,1558.2,1565.79,0.02873893323298149,0.004871005005775864,1.0
2025-04-12,1607.22,1642.63,0.026459486904374163,0.022031831360983523,1.0
2025-04-13,1603.04,1590.25,-0.024101593176795832,-0.007978590677712338,1.0
2025-04-14,1677.73,1636.58,0.05501021851910082,-0.024527188522587173,1.0
2025-04-15,1641.94,1606.96,0.0032751225115790206,-0.021304067140090366,1.0
2025-04-16,1577.34,1588.6,-0.018432319410564113,0.007138600428569619,1.0
2025-04-23,1815.09,1786.03,0.1425720760417979,-0.01601022538827268,7.0
2025-04-24,1757.86,1763.1,-0.01577241143765784,0.0029808972273104306,1.0
2025-04-29,1821.8,1821.65,0.03329363053712209,-8.233615105934788e-05,5.0
2025-04-30,1775.46,1786.69,-0.025356133175966855,0.0063251213769952574,1.0
2025-05-01,1849.29,1842.82,0.03503685586195693,-0.003498640018601784,1.0
2025-05-02,1841.23,1839.68,-0.0008628080876048605,-0.0008418285602559417,1.0
2025-05-03,1829.59,1838.21,-0.0054846495042616406,0.004711438081756114,1.0
2025-05-04,1830.18,1828.4,-0.004368380108910275,-0.0009725819318318063,1.0
2025-05-05,1805.65,1816.44,-0.012442572741194535,0.005975687425580745,1.0
2025-05-06,1775.22,1784.79,-0.022692739644579518,0.005390881130226122,1.0
2025-05-07,1830.7,1795.82,0.025722914180379863,-0.019052821325176272,1.0
2025-05-08,1959.7,2117.83,0.09125636199619125,0.08069092207991013,1.0
2025-05-09,2339.99,2331.57,0.10489982670941478,-0.0035983059756663494,1.0
2025-05-10,2408.28,2499.48,0.032900577722307256,0.037869350739947016,1.0
2025-05-11,2515.63,2508.02,0.006461343959543564,-0.0030250871551062986,1.0
2025-05-12,2549.68,2460.36,0.0166107128332309,-0.03503184713375784,1.0
2025-05-13,2524.69,2690.94,0.02614658017525895,0.06584966867219344,1.0
2025-05-14,2613.18,2605.1,-0.02889696537269515,-0.003092018154126408,1.0
2025-05-15,2553.0,2530.98,-0.019999232275152545,-0.008625146886016455,1.0
2025-05-16,2598.5,2591.8,0.02667741349200714,-0.002578410621512317,1.0
2025-05-17,2472.33,2470.19,-0.04609537772976324,-0.0008655802421196901,1.0
2025-05-18,2508.26,2408.2,0.015411769944822185,-0.0398921961838089,1.0
2025-05-19,2401.2,2518.82,-0.00290673532098662,0.04898384141262713,1.0
2025-05-20,2484.39,2501.28,-0.013669099022558306,0.00679844951879538,1.0
2025-05-21,2539.2,2512.79,0.015160237958165235,-0.010400913673597967,1.0
2025-05-22,2657.7,2634.51,0.05766896557213297,-0.008725589795687827,1.0
2025-05-23,2548.5,2560.98,-0.03264743728435282,0.00489699823425549,1.0
2025-05-24,2559.19,2554.47,-0.0006989511827503181,-0.001844333558665201,1.0
2025-05-25,2517.09,2526.6,-0.014633172438901054,0.003778172413382075,1.0
2025-05-26,2568.6,2541.22,0.0166231298978865,-0.010659503231332246,1.0
2025-05-27,2648.33,2687.53,0.04214904652096241,0.014801780744846837,1.0
2025-05-28,2666.93,2617.79,-0.007665030715936383,-0.01842568046405413,1.0
2025-05-29,2693.26,2650.12,0.02882966166117229,-0.01601776285987999,1.0
2025-05-30,2610.2,2574.41,-0.015063468824053294,-0.013711592981380694,1.0
2025-05-31,2537.61,2537.4,-0.014294537389149209,-8.275503327936917e-05,1.0
2025-06-01,2484.17,2526.38,-0.020978166627256267,0.01699159075264567,1.0
2025-06-02,2497.69,2532.44,-0.011356169697353535,0.013912855478461994,1.0
2025-06-03,2609.76,2625.16,0.030531819115161785,0.005900925755624842,1.0
2025-06-04,2616.73,2623.72,-0.0032112328391411538,0.00267127292460434,1.0
2025-06-05,2631.66,2528.96,0.0030262375558367527,-0.03902479803622039,1.0
2025-06-06,2475.48,2484.02,-0.02114703277236496,0.0034498359914036936,1.0
2025-06-07,2497.85,2517.31,0.005567588022640679,0.00779070000200166,1.0
2025-06-08,2507.69,2532.56,-0.003821539659398243,0.00991749378910467,1.0
2025-06-09,2545.41,2580.59,0.005073917301070763,0.013820956152447161,1.0
2025-06-10,2765.18,2773.68,0.07153015395704077,0.003073940936937136,1.0
2025-06-11,2805.08,2813.35,0.011320700297078323,0.0029482225105879056,1.0
2025-06-12,2736.9,2695.0,-0.02717400963264427,-0.015309291534217562,1.0
2025-06-13,2542.09,2527.72,-0.05673840445269007,-0.0056528289714370406,1.0
2025-06-14,2536.64,2507.5,0.0035288718687196408,-0.01148763718935275,1.0
2025-06-15,2525.82,2536.79,0.007306081754735905,0.004343144008678301,1.0
2025-06-16,2615.51,2660.53,0.03103134275994468,0.017212704214474517,1.0
2025-06-17,2547.75,2528.36,-0.04239005010279917,-0.007610636836424267,1.0
2025-06-18,2493.97,2492.42,-0.013601702289231077,-0.0006214990557222855,1.0
2025-06-19,2525.5,2504.87,0.013272241436034005,-0.008168679469412021,1.0
2025-06-20,2551.92,2414.85,0.018783409917480842,-0.053712498824414645,1.0
2025-06-21,2435.89,2384.76,0.00871275648591019,-0.020990274601890735,1.0
2025-06-22,2280.1,2183.78,-0.04388701588419808,-0.04224376123854201,1.0
2025-06-23,2266.5,2312.77,0.03787927355319676,0.02041473637767477,1.0
2025-06-24,2414.29,2434.24,0.04389541545419551,0.008263298940889285,1.0
2025-06-25,2428.89,2432.79,-0.0021978112265018668,0.0016056717265910958,1.0
2025-06-26,2440.02,2435.87,0.002971896464553092,-0.001700805731100652,1.0
2025-06-27,2429.97,2412.67,-0.00242213254401924,-0.0071194294579767226,1.0
2025-06-28,2426.09,2433.22,0.005562302345534231,0.002938885202115271,1.0
2025-06-29,2454.84,2437.96,0.008885345344851858,-0.00687621189161014,1.0
2025-06-30,2460.03,2515.71,0.009052650576711674,0.022633870318654603,1.0
2025-07-01,2437.35,2402.87,-0.031148264307094276,-0.014146511580199861,1.0
2025-07-02,2438.5,2604.73,0.014828101395414794,0.06816895632561004,1.0
2025-07-03,2589.07,2586.02,-0.006012139453993259,-0.0011780291764997841,1.0
2025-07-04,2548.12,2482.58,-0.014655725787116936,-0.025720923661366024,1.0
2025-07-05,2518.27,2505.74,0.014376173174681206,-0.004975638037224006,1.0
2025-07-06,2520.26,2541.06,0.005794695379409021,0.008253116741923305,1.0
2025-07-07,2548.92,2543.97,0.0030931973270997837,-0.0019419989642672775,1.0
2025-07-08,2583.07,2610.61,0.015369678101549988,0.010661731970097676,1.0
2025-07-09,2660.01,2765.01,0.018922780499576852,0.03947353581377522,1.0
2025-07-10,2778.74,2816.21,0.004965623994126478,0.01348452895916874,1.0
2025-07-11,2986.39,3007.6,0.060428732232326476,0.007102220406577819,1.0
2025-07-12,2943.31,2941.18,-0.021375847852108,-0.0007236750461215857,1.0
2025-07-13,2986.06,2989.45,0.015259181688981993,0.0011352752456412762,1.0
2025-07-14,3050.94,3000.33,0.020569000986803587,-0.01658833015398542,1.0
2025-07-15,3000.29,3040.88,-1.3331866827948069e-05,0.01352869222641817,1.0
2025-07-22,3701.55,3670.14,0.21726276604140904,-0.008485634396401598,7.0
2025-07-23,3640.25,3587.75,-0.008144103494689525,-0.014422086395165179,1.0
2025-07-24,3642.65,3732.79,0.015302069542192154,0.02474572083510629,1.0
2025-07-25,3704.45,3641.14,-0.007592176361381209,-0.017090256313352814,1.0
2025-07-26,3741.98,3750.5,0.027694623112541672,0.0022768694648287457,1.0
2025-07-27,3825.99,3828.32,0.02012798293560847,0.0006089927051562416,1.0
2025-07-28,3871.02,3797.36,0.011153717557570886,-0.019028576447551293,1.0
2025-07-29,3852.81,3765.89,0.014602249984199567,-0.022560157391618096,1.0
2025-07-30,3774.24,3760.68,0.002217271348871064,-0.003592776294035316,1.0
2025-07-31,3835.0,3737.72,0.01976238339874703,-0.025366362451108238,1.0
2025-08-01,3663.28,3518.4,-0.019915884549939422,-0.0395492564040969,1.0
2025-08-02,3509.02,3383.2,-0.0026659845384265912,-0.035856164969136683,1.0
2025-08-03,3489.66,3496.74,0.031467249940884345,0.002028850948229799,1.0
2025-08-04,3570.17,3669.73,0.020999559589789385,0.027886627247442064,1.0
2025-08-05,3628.43,3571.66,-0.011254233962716631,-0.015645885410494387,1.0
2025-08-06,3584.01,3683.65,0.0034577759361194005,0.027801261715229453,1.0
2025-08-07,3849.68,3867.6,0.045072143118917385,0.004654932358014285,1.0
2025-08-11,4184.1,4259.39,0.08183369531492413,0.01799431179943123,4.0
2025-08-12,4407.27,4516.97,0.03471858646425896,0.024890691970312684,1.0
2025-08-13,4685.91,4738.99,0.03740117822345512,0.011327575646992827,1.0
2025-08-14,4567.33,4537.63,-0.03622290825682262,-0.006502705081524618,1.0
2025-08-15,4628.37,4383.45,0.01999722322005093,-0.0529171176893809,1.0
2025-08-16,4410.1,4418.53,0.006079686092005376,0.0019115212806963822,1.0
2025-08-17,4541.68,4459.56,0.027871260351293392,-0.018081414806855545,1.0
2025-08-18,4343.3,4355.09,-0.02606983648611083,0.0027145258213800982,1.0
2025-08-19,4305.68,4142.0,-0.011345345331554513,-0.03801490124672535,1.0
2025-08-20,4204.64,4346.65,0.015123128923225648,0.0337745918794472,1.0
2025-08-21,4249.57,4224.1,-0.02233444146641661,-0.005993547582461178,1.0
2025-08-22,4244.92,4833.0,0.004928860585686756,0.13853735759448949,1.0
2025-08-23,4715.04,4758.66,-0.024407200496585957,0.009251247073195579,1.0
2025-08-25,4647.49,4420.34,-0.023361618606918766,-0.04887584481085483,2.0
2025-08-26,4497.24,4596.7,0.01739685182587758,0.022115786571319296,1.0
2025-08-27,4614.66,4565.7,0.003907150782082702,-0.010609665717517647,1.0
2025-08-28,4599.87,4438.46,0.007484065970168929,-0.03509012211214657,1.0
2025-08-29,4407.38,4340.78,-0.007002428770339297,-0.015111018337425008,1.0
2025-08-30,4367.82,4354.63,0.006229295195794293,-0.0030198130875355167,1.0
2025-08-31,4489.58,4456.01,0.030990003743142314,-0.007477314136288826,1.0
2025-09-01,4403.2,4368.06,-0.011851409669188406,-0.007980559593023129,1.0
2025-09-02,4277.07,4274.41,-0.020830757819260914,-0.0006219210814879528,1.0
2025-09-03,4353.96,4475.32,0.018610755636450538,0.027873476099918193,1.0
2025-09-04,4416.62,4275.92,-0.013116380504634262,-0.03185694037521902,1.0
2025-09-05,4471.12,4331.54,0.04565099440588227,-0.03121812879099639,1.0
2025-09-06,4299.63,4255.48,-0.007366894914972444,-0.01026832541404743,1.0
2025-09-07,4300.91,4293.48,0.010675646460563959,-0.0017275413807775752,1.0
2025-09-08,4320.46,4293.0,0.006283946821692643,-0.006355804705980406,1.0
2025-09-09,4345.19,4295.0,0.012156999767062526,-0.011550703191344769,1.0
2025-09-10,4370.99,4322.72,0.01769266589057028,-0.011043264798134889,1.0
2025-09-11,4426.06,4423.73,0.023906244216604478,-0.0005264275676336583,1.0
2025-09-12,4526.63,4657.18,0.023260913301670794,0.028840439797376938,1.0
2025-09-13,4720.45,4638.21,0.013585474471675907,-0.017422067811331488,1.0
2025-09-14,4632.34,4615.47,-0.001265574434965222,-0.0036417879516615903,1.0
2025-09-15,4514.38,4493.41,-0.02190242813841281,-0.004645156145473006,1.0
2025-09-16,4500.04,4491.21,0.0014754941124892618,-0.001962204780401988,1.0
2025-09-17,4502.06,4517.62,0.0024158300324412796,0.003456195608232626,1.0
2025-09-18,4571.04,4588.23,0.011824810409020614,0.0037606321537329013,1.0
2025-09-19,4518.59,4440.68,-0.01517796623098655,-0.01724210428474371,1.0
2025-09-20,4465.8,4480.18,0.005656791302232955,0.003220027766581701,1.0
2025-09-21,4467.6,4494.4,-0.002807922895955106,0.005998746530575527,1.0
2025-09-22,4192.43,4134.98,-0.06718805624777491,-0.013703269941299112,1.0
2025-09-23,4195.79,4153.43,0.01470623799873283,-0.010095834157572203,1.0
2025-09-24,4180.18,4161.5,0.006440460053497965,-0.004468707089168467,1.0
2025-09-25,3978.51,3911.59,-0.043972125435539966,-0.016820367423985405,1.0
2025-09-26,3937.23,4024.07,0.006554879217913978,0.02205611559395826,1.0
2025-09-27,4028.92,4002.45,0.001205247423628375,-0.006569998907896002,1.0
2025-09-28,3978.11,4039.45,-0.006081275218928317,0.01541938257112041,1.0
2025-09-29,4098.03,4188.32,0.0145019742786765,0.02203253758513246,1.0
2025-09-30,4158.42,4160.1,-0.007138900561561634,0.00040399959600057045,1.0
2025-10-01,4284.39,4334.53,0.029876685656594848,0.011702949544742491,1.0
2025-10-02,4406.02,4495.61,0.01649313766429139,0.020333543651640085,1.0
2025-10-03,4482.41,4519.48,-0.0029361977573677533,0.008270104698142156,1.0
2025-10-04,4479.74,4467.12,-0.008793046987706554,-0.002817127779737194,1.0
2025-10-05,4531.65,4487.26,0.014445548809971509,-0.009795549082563637,1.0
2025-10-06,4581.29,4722.62,0.02095488115241806,0.030849389582410236,1.0
2025-10-07,4747.46,4479.44,0.005259792233971883,-0.05645545196799984,1.0
2025-10-08,4477.85,4515.27,-0.0003549550836710047,0.008356689036032927,1.0
2025-10-09,4404.37,4338.0,-0.024561100443605932,-0.015069124528593214,1.0
2025-10-10,4348.54,3997.56,0.0024296911018901746,-0.08071214706545182,1.0
2025-10-11,3823.52,3760.61,-0.04353655729995298,-0.016453425116123355,1.0
2025-10-12,3832.1,4135.68,0.019010213768510864,0.07922027086975825,1.0
2025-10-13,4097.12,4251.96,-0.009323738780563362,0.03779240051548416,1.0
2025-10-14,3941.1,4102.94,-0.07310981288629248,0.041064677374337055,1.0
2025-10-16,4054.63,3867.01,-0.01177448366293421,-0.04627302614541895,2.0
2025-10-17,3775.44,3827.76,-0.023679793949330397,0.013857987413387729,1.0
2025-10-18,3883.18,3893.64,0.01447844169958401,0.002693668591206233,1.0
2025-10-19,3923.13,3985.75,0.007573889727863881,0.01596174483129542,1.0
2025-10-20,4037.64,3981.36,0.013018879759141955,-0.013938835557404716,1.0
2025-10-21,3880.9,3995.69,-0.02523258384069771,0.029578190625885847,1.0
2025-10-22,3846.64,3804.0,-0.03730269365241057,-0.011084998856144557,1.0
2025-10-23,3853.21,3859.4,0.012936382754994646,0.0016064528016901392,1.0
2025-10-24,3963.97,3926.53,0.02709488521531833,-0.009445076526815144,1.0
2025-10-25,3953.37,3957.43,0.006835552001385414,0.0010269719252182785,1.0
2025-10-26,4072.89,4067.94,0.029175500261533482,-0.0012153532258420974,1.0
2025-10-27,4145.86,4193.96,0.019154658131634195,0.011601935424736975,1.0
2025-10-28,4121.97,4039.39,-0.017165161327241996,-0.020034109903759756,1.0
2025-10-29,4016.01,3905.71,-0.005788002643963508,-0.027465071053110024,1.0
2025-10-30,3818.28,3686.93,-0.022385174526526552,-0.03440030589689613,1.0
2025-10-31,3836.18,3886.15,0.04048083364750621,0.013025978968661533,1.0
2025-11-01,3876.22,3879.99,-0.0025552281821340506,0.0009725970146172713,1.0
2025-11-02,3868.34,3858.24,-0.0030025850582088287,-0.0026109390591314563,1.0
2025-11-03,3720.38,3587.97,-0.035731317906610216,-0.03559045043785858,1.0
2025-11-04,3507.37,3213.52,-0.022463955941660618,-0.08378072458850927,1.0
2025-11-05,3360.31,3450.98,0.04567888172471313,0.026982629578818695,1.0
2025-11-06,3391.03,3306.41,-0.017371876974076828,-0.024954070002329742,1.0
2025-11-07,3240.99,3465.25,-0.0197858099872672,0.06919490649462046,1.0
2025-11-08,3396.83,3397.94,-0.019744607171199746,0.0003267752581084249,1.0
2025-11-09,3458.9,3579.17,0.017940281464652097,0.03477117002515251,1.0
2025-11-10,3615.5,3571.95,0.010150397997300997,-0.012045360254460014,1.0
2025-11-11,3532.65,3438.26,-0.01100239365052691,-0.026719318358739197,1.0
2025-11-12,3576.91,3416.4,0.0403256298243877,-0.04487392749607899,1.0
2025-11-13,3438.18,3171.65,0.006375131717597293,-0.0775206650029957,1.0
2025-11-14,3121.74,3137.75,-0.01573628868254706,0.00512855010346791,1.0
2025-11-15,3192.78,3174.91,0.01753804477730858,-0.005597003238557052,1.0
2025-11-16,3153.85,3089.32,-0.006633258895527683,-0.02046070675523559,1.0
2025-11-17,3121.95,3004.66,0.010562194916680534,-0.03756946780057335,1.0
2025-11-18,3048.34,3123.2,0.014537418543196345,0.02455762808610573,1.0
2025-11-19,3067.36,2945.29,-0.0178790983606556,-0.03979643732721305,1.0
2025-11-20,2999.81,2835.29,0.018510910640378464,-0.0548434734199833,1.0
2025-11-21,2741.79,2737.86,-0.03297722631547395,-0.0014333701705819824,1.0
2025-11-22,2719.49,2741.26,-0.00670961992212904,0.008005177441358757,1.0
2025-11-23,2843.65,2828.55,0.03735143693046261,-0.005310076837866773,1.0
2025-11-24,2815.65,2972.7,-0.004560640610913769,0.055777529167332585,1.0
2025-11-25,2907.69,2929.1,-0.021869007972550092,0.007363233357063459,1.0
2025-11-26,2934.25,3024.86,0.0017582192482332726,0.030880122688932587,1.0
2025-11-27,2995.34,3038.93,-0.009759129348135165,0.014552605046505462,1.0
2025-11-28,3073.91,3056.38,0.011510630386353027,-0.005702834500684761,1.0
2025-11-29,2998.4,2997.42,-0.01897015423474835,-0.0003268409818569795,1.0
2025-11-30,3048.99,3028.94,0.017204796124667077,-0.006575948100846385,1.0
2025-12-01,2813.29,2757.82,-0.07119652419658362,-0.019717128344393875,1.0
2025-12-02,2844.73,2979.72,0.03151402194486952,0.047452658072998144,1.0
2025-12-03,3090.27,3138.26,0.037100801417582874,0.015529387399806582,1.0
2025-12-04,3170.57,3141.36,0.010295514074678325,-0.00921285447096265,1.0
2025-12-05,3099.05,3022.52,-0.013468688720808752,-0.024694664493957852,1.0
2025-12-06,3036.01,3040.0,0.0044631631883329526,0.0013142249202076073,1.0
2025-12-07,3031.55,3141.19,-0.0027796052631577917,0.03616631756032396,1.0
2025-12-08,3145.84,3135.91,0.001480330702695598,-0.0031565496020141692,1.0
2025-12-09,3117.36,3327.18,-0.005915348335889692,0.0673069520363383,1.0
2025-12-10,3334.58,3355.44,0.002224105699120571,0.006255660383016837,1.0
2025-12-11,3191.97,3221.73,-0.04871790286817834,0.009323395896577935,1.0
2025-12-12,3242.5,3081.9,0.006446846880402868,-0.04952968388589052,1.0
2025-12-13,3109.77,3104.24,0.00904312274895358,-0.0017782665599064273,1.0
2025-12-14,3101.54,3082.89,-0.0008697781099399338,-0.006013141858560611,1.0
2025-12-15,3132.18,2929.18,0.015988244796278694,-0.06481109003952523,1.0
2025-12-16,2910.67,2947.53,-0.006319174649560555,0.01266375095768324,1.0
2025-12-17,2944.52,2823.05,-0.0010211940166852118,-0.04125290369907486,1.0
2025-12-18,2964.1,2781.26,0.04996369175182869,-0.06168482844708334,1.0
2025-12-19,2961.54,2995.52,0.06481954222187047,0.011473760273371214,1.0
2025-12-20,2980.0,2984.59,-0.005181070398461718,0.0015402684563758928,1.0
2025-12-21,2950.49,2986.82,-0.0114253549063692,0.012313208992404734,1.0
2025-12-22,3056.9,2976.31,0.023463081136459563,-0.026363309234845755,1.0
2025-12-23,2941.82,2969.75,-0.011588174618907265,0.009494122685956174,1.0
2025-12-24,2930.95,2943.03,-0.013065072817577295,0.0041215305617634534,1.0
2025-12-25,2930.96,2950.16,-0.004101215414046178,0.006550754701531103,1.0
2025-12-26,2984.57,2931.53,0.011663774168180874,-0.01777140425588941,1.0
2025-12-27,2929.79,2929.48,-0.0005935467145143924,-0.00010580963140705002,1.0
2025-12-28,2940.42,2932.37,0.0037344511653945034,-0.002737704137504182,1.0
2025-12-29,2927.41,2929.77,-0.0016914645832551978,0.0008061733750994726,1.0
2025-12-30,2986.69,2958.84,0.01942814623673539,-0.009324703936464784,1.0
2025-12-31,2997.16,2975.67,0.012951021346203184,-0.007170121047925249,1.0
2026-01-01,2982.96,2989.08,0.002449868432991442,0.0020516533912622315,1.0
2026-01-02,3050.27,3117.99,0.020471181768303204,0.022201313326361216,1.0
2026-01-03,3103.03,3115.65,-0.004797962790130672,0.0040669925846672506,1.0
2026-01-04,3140.76,3142.09,0.00805931346588995,0.00042346438441653866,1.0
2026-01-05,3154.39,3241.93,0.003914591879927043,0.02775179987255849,1.0
2026-01-06,3238.3,3241.71,-0.0011197033865628647,0.0010530216471604792,1.0
2026-01-07,3212.04,3139.18,-0.009152576880720353,-0.022683403693602888,1.0
2026-01-09,3098.56,3073.65,-0.012939684885861835,-0.008039218217494537,2.0
2026-01-10,3094.94,3089.71,0.006926618190099765,-0.0016898550537328694,1.0
2026-01-11,3109.46,3115.1,0.006392185674383599,0.0018138197629169461,1.0
2026-01-12,3109.14,3102.57,-0.0019132612115181358,-0.0021131245296125423,1.0
2026-01-13,3142.44,3204.59,0.012850636730194598,0.019777625030231283,1.0
2026-01-14,3302.79,3383.68,0.03064354566418781,0.02449141483412509,1.0
2026-01-15,3371.3,3288.23,-0.0036587384149799895,-0.02464034645389024,1.0
2026-01-16,3307.65,3292.82,0.005905912907552047,-0.004483545719770832,1.0
2026-01-17,3303.88,3317.34,0.00335882313639968,0.004073997844957988,1.0
2026-01-18,3325.92,3341.1,0.0025864095932282005,0.004564150671092504,1.0
2026-01-19,3218.27,3214.31,-0.036763341414504214,-0.0012304747581775022,1.0
2026-01-21,2928.13,3031.84,-0.08903310508320594,0.03541850942410352,2.0
2026-01-22,2972.76,2939.02,-0.019486516438862234,-0.011349722143731866,1.0
2026-01-23,2930.79,2940.16,-0.0028002531456063906,0.0031970902043476634,1.0
2026-01-24,2948.92,2956.25,0.0029794296909011475,0.0024856557655006384,1.0
2026-01-25,2941.68,2809.72,-0.004928541226215666,-0.04485872018710402,1.0
2026-01-26,2909.67,2901.82,0.035572939652349866,-0.0026979004491918257,1.0
2026-01-27,2912.61,3020.77,0.0037183560661928627,0.03713507816013806,1.0
2026-01-28,3034.67,3012.21,0.004601475782664677,-0.0074011342254677315,1.0
2026-01-29,2936.14,2805.85,-0.025253883361385898,-0.04437458704285213,1.0
2026-01-30,2730.0,2680.72,-0.027032806457936043,-0.018051282051282147,1.0
2026-01-31,2629.14,2382.61,-0.019241099406129725,-0.09376830446457762,1.0
2026-02-01,2381.13,2316.36,-0.0006211675431564423,-0.027201370777739986,1.0
2026-02-02,2327.93,2322.07,0.0049949058004798985,-0.0025172578213260577,1.0
2026-02-03,2312.21,2299.46,-0.0042462113545242985,-0.00551420502463007,1.0
2026-02-04,2198.63,2172.02,-0.043849425517295315,-0.012102991408286079,1.0
2026-02-05,2058.64,1869.59,-0.052200255982910004,-0.09183247192321142,1.0
2026-02-06,1950.31,2054.23,0.043175241630518,0.05328383692848826,1.0
2026-02-07,2041.49,2105.32,-0.006201837184735881,0.03126637896830253,1.0
2026-02-08,2126.59,2104.59,0.010102977219615061,-0.010345200532307586,1.0
2026-02-09,2022.52,2124.86,-0.03899571888111231,0.05060024128315188,1.0
2026-02-10,2022.49,2011.55,-0.048177291680393086,-0.0054091738401673695,1.0
2026-02-11,1960.6,1954.23,-0.02532872660386276,-0.0032490054065081875,1.0
2026-02-12,1994.99,1915.85,0.020857319762771054,-0.0396693717762997,1.0
2026-02-13,1970.59,2045.61,0.028572174230759195,0.03806981665389553,1.0
2026-02-14,2071.54,2089.82,0.012675925518549569,0.008824352896878773,1.0
2026-02-15,2002.46,1950.11,-0.041802643289852726,-0.02614284430150926,1.0
2026-02-16,1967.7,1993.2,0.00902000399977454,0.012959292575087655,1.0
2026-02-17,1990.53,1994.71,-0.0013395544852499164,0.0020999432311996635,1.0
2026-02-18,1970.68,1939.67,-0.012046863955161413,-0.015735685144214195,1.0
2026-02-19,1921.4,1950.29,-0.00941912799599931,0.015035911314666306,1.0
2026-02-20,1934.11,1971.05,-0.008296202103276973,0.01909922393245478,1.0
2026-02-21,1981.18,1974.14,0.005139392709469615,-0.003553437850170038,1.0
2026-02-22,1950.95,1940.99,-0.011746887252170546,-0.005105205156462289,1.0
2026-02-23,1921.9,1860.56,-0.009835187198285356,-0.031916332795671076,1.0
2026-02-24,1815.73,1858.58,-0.02409489616029581,0.023599323687993223,1.0
2026-02-25,1964.57,2075.0,0.05702740802117745,0.0562107738589106,1.0
2026-02-26,2065.23,2023.67,-0.0047084337349397876,-0.020123666613403812,1.0
2026-02-27,1963.35,1923.14,-0.02980723141618946,-0.02048030152545388,1.0
2026-02-28,1905.58,1965.96,-0.00913090050646348,0.0316858909098543,1.0
2026-03-01,2006.58,1914.26,0.02066166147836168,-0.04600863160202928,1.0
2026-03-02,1927.71,2035.5,0.007026213784961266,0.05591608696328798,1.0
2026-03-03,1952.14,1978.34,-0.04095308278064358,0.01342116856372999,1.0
2026-03-04,2064.49,2150.13,0.0435466097839603,0.0414824000116254,1.0
2026-03-05,2117.6,2092.43,-0.01512931776218196,-0.011886097468832624,1.0
2026-03-06,2019.88,1978.63,-0.034672605535191026,-0.02042200526763971,1.0
2026-03-07,1981.83,1966.42,0.00161728064367761,-0.007775641704888869,1.0
2026-03-08,1946.29,1964.91,-0.010236877167644765,0.009566919626571746,1.0
2026-03-09,2002.19,2033.91,0.018972879164949052,0.015842652295736226,1.0
2026-03-10,2049.82,2037.02,0.007822371688029461,-0.006244450732259543,1.0
2026-03-11,2023.09,2076.06,-0.0068384208304288485,0.02618272049192072,1.0
2026-03-12,2065.37,2069.59,-0.005149176806065414,0.0020432174380378143,1.0
2026-03-13,2146.63,2102.48,0.037224764325301196,-0.020567121488100026,1.0
2026-03-14,2075.44,2077.49,-0.012861002244967779,0.0009877423582467237,1.0
2026-03-15,2109.59,2113.49,0.015451337912577356,0.0018487004583827016,1.0
2026-03-16,2279.28,2330.92,0.0784437115860499,0.022656277420939785,1.0
2026-03-17,2315.42,2320.22,-0.006649734868635515,0.002073058019711249,1.0
2026-03-18,2237.49,2185.85,-0.03565610157657462,-0.023079432757241336,1.0
2026-03-19,2132.45,2141.19,-0.024429855662556954,0.0040985720649957535,1.0
2026-03-23,2144.27,2154.46,0.001438452449338934,0.004752200049433997,4.0
2026-03-24,2162.44,2116.87,0.0037039443758528634,-0.021073417065907152,1.0
2026-03-26,2073.6,2049.12,-0.02044055610405926,-0.011805555555555514,2.0
2026-03-27,1989.44,1991.71,-0.02912469743109225,0.0011410246099403665,1.0
2026-03-28,1999.67,2020.56,0.003996565765096438,0.01044672370941191,1.0
2026-03-29,2001.68,1995.89,-0.009343944253078273,-0.0028925702409975385,1.0
2026-03-30,2074.54,2023.7,0.0394059792874355,-0.024506637616049765,1.0
2026-03-31,2047.78,2096.54,0.011898996886890334,0.023811151588549517,1.0
2026-04-01,2130.82,2141.43,0.016350749329848258,0.004979303742221219,1.0
2026-04-02,2026.98,2065.34,-0.0534455947661141,0.018924705719839396,1.0
2026-04-03,2049.84,2052.68,-0.007504817608723013,0.001385473988213537,1.0
2026-04-04,2050.15,2064.71,-0.001232535027378745,0.007101919371753196,1.0
2026-04-05,2028.36,2062.37,-0.01760537799497275,0.01676724052929468,1.0
2026-04-06,2143.59,2144.25,0.03938187619098432,0.0003078947000125787,1.0
2026-04-07,2086.99,2113.39,-0.026703975749096553,0.012649797076171865,1.0
2026-04-08,2255.88,2211.04,0.06742248236246051,-0.019876943809067904,1.0
2026-04-09,2183.34,2216.42,-0.012528041102829346,0.015151098775270988,1.0
2026-04-10,2218.9,2253.17,0.0011189215040470213,0.01544458966154405,1.0
2026-04-11,2245.5,2315.96,-0.003404092900225031,0.03137831217991538,1.0
2026-04-12,2194.76,2198.27,-0.05233251006062278,0.001599263700814646,1.0
2026-04-13,2192.25,2262.33,-0.0027385171066338643,0.03196715703044806,1.0
2026-04-16,2340.44,2359.7,0.034526351151246804,0.008229221855719393,3.0
2026-04-17,2371.97,2427.92,0.005199813535618825,0.023587988043693775,1.0
2026-04-18,2357.93,2348.59,-0.028827144222214995,-0.003961101474598383,1.0
2026-04-19,2331.29,2299.65,-0.007366121800740144,-0.013571885093660585,1.0
2026-04-20,2318.88,2331.78,0.008362142065096778,0.005563030428482829,1.0
2026-04-21,2308.54,2298.41,-0.009966634931254381,-0.004388054787874629,1.0
2026-04-22,2404.92,2397.79,0.0463407312011348,-0.002964755584385359,1.0
2026-04-23,2328.87,2312.88,-0.02874313430283726,-0.006865990802406241,1.0
2026-04-24,2325.25,2321.6,0.005348310331707573,-0.0015697236856252461,1.0
2026-04-25,2313.55,2310.06,-0.003467436250861322,-0.0015085042467205545,1.0
2026-04-26,2328.89,2367.4,0.008151303429348111,0.016535774553542826,1.0
2026-04-27,2314.11,2289.14,-0.022509926501647404,-0.010790325438289505,1.0
2026-04-28,2278.23,2301.96,-0.004765981984500622,0.01041598082722106,1.0
2026-04-29,2316.13,2233.7,0.006155623903108642,-0.035589539447267726,1.0
2026-04-30,2265.45,2261.99,0.014214084254823733,-0.0015272903838089436,1.0
2026-05-01,2301.36,2304.85,0.017405028315775173,0.0015164945945005393,1.0
2026-05-02,2303.52,2311.08,-0.0005770440592662851,0.0032819337361951195,1.0
2026-05-03,2325.71,2335.59,0.006330373678107293,0.004248165076471411,1.0
2026-05-04,2335.53,2356.52,-2.5689440355525228e-05,0.008987253428557773,1.0
2026-05-05,2388.52,2371.94,0.013579345815015298,-0.006941537018739563,1.0
2026-05-06,2405.11,2348.5,0.01398433349916095,-0.023537384984470666,1.0
2026-05-07,2333.01,2295.98,-0.00659569938258453,-0.015872199433350165,1.0
2026-05-08,2284.53,2316.05,-0.00498697723847763,0.013797148647643143,1.0
2026-05-09,2316.54,2332.01,0.00021156710779113297,0.006678062973227483,1.0
2026-05-10,2324.12,2365.54,-0.0033833474127470398,0.01782179921862892,1.0
2026-05-11,2329.5,2340.43,-0.01523542193325833,0.004691993990126653,1.0
2026-05-12,2288.97,2285.09,-0.02198741256948511,-0.0016950855625017525,1.0
2026-05-13,2284.35,2256.53,-0.0003238384483763568,-0.012178519053559933,1.0
2026-05-14,2261.48,2298.34,0.0021936335878538493,0.01629906079204768,1.0
2026-05-15,2254.29,2223.35,-0.019166006770103716,-0.013724942221275849,1.0
2026-05-16,2176.5,2179.57,-0.02107180605842529,0.0014105214794395415,1.0
2026-05-17,2194.3,2192.53,0.006758213776111743,-0.0008066353734675902,1.0
2026-05-18,2151.01,2125.07,-0.018937027087428615,-0.01205945114155682,1.0
2026-05-19,2118.49,2113.15,-0.0030963685902113403,-0.0025206633026352288,1.0
2026-05-20,2134.01,2139.12,0.009871518822610836,0.0023945529777271712,1.0
2026-05-27,2078.76,2057.47,-0.02821721081566242,-0.010241682541515362,7.0
2026-05-30,2019.86,2028.76,-0.018279731903745766,0.004406245977444101,3.0
2026-05-31,2022.35,1999.59,-0.003159565448845658,-0.011254233935767743,1.0
2026-06-01,1989.55,2004.53,-0.0050210293110087845,0.007529340805709772,1.0
2026-06-08,1695.61,1684.78,-0.15411093872379067,-0.0063870819351147246,7.0
2026-06-10,1635.4,1630.15,-0.029309464737235613,-0.003210223798459144,2.0
2026-06-11,1651.84,1681.26,0.013305524031530735,0.01781044168926771,1.0
2026-06-12,1666.54,1665.92,-0.008755338258211065,-0.00037202827414872797,1.0
2026-06-13,1680.53,1678.29,0.008769928928159754,-0.0013329128310711758,1.0
2026-06-14,1666.9,1665.43,-0.006786669765058373,-0.0008818765372847759,1.0
2026-06-15,1777.48,1821.89,0.06727992170190289,0.024984809955667542,1.0
2026-06-16,1814.88,1795.41,-0.003847652712293259,-0.010727982015339865,1.0
2026-06-17,1759.44,1734.72,-0.020034421107156586,-0.01404992497612878,1.0
2026-06-18,1750.41,1705.39,0.00904468732706154,-0.025719688530115747,1.0
2026-06-19,1695.36,1701.2,-0.005881352652472582,0.003444696111740475,1.0
2026-06-20,1726.86,1729.27,0.015083470491417783,0.0013955966320373658,1.0
2026-06-21,1726.0,1734.14,-0.0018909713347250445,0.0047161066048668765,1.0
2026-06-22,1764.0,1734.59,0.01721890966127293,-0.016672335600907084,1.0
2026-06-23,1654.53,1662.58,-0.04615499916406751,0.004865430061709253,1.0
2026-06-24,1671.53,1584.58,0.005383199605432543,-0.05201821086070846,1.0
2026-06-25,1635.81,1559.42,0.03233033358997339,-0.04669857746315276,1.0
2026-06-26,1536.28,1574.51,-0.014838850341793774,0.02488478662743776,1.0
2026-06-27,1585.95,1578.51,0.007265752519831636,-0.00469119455216116,1.0
2026-06-28,1583.56,1564.62,0.003199219517139529,-0.011960393038470296,1.0
2026-06-29,1576.11,1625.6,0.007343636154465649,0.031400092633128374,1.0
2026-06-30,1552.79,1580.53,-0.04478961614173227,0.017864617881361955,1.0
2026-07-01,1570.24,1618.09,-0.006510474334558647,0.03047304870593015,1.0
2026-07-02,1662.82,1700.15,0.027643703378674944,0.02244981417110692,1.0
2026-07-03,1736.44,1745.38,0.021345175425697693,0.005148464674852082,1.0
2026-07-04,1764.22,1792.83,0.010794211002761456,0.016216798358481332,1.0
2026-07-05,1765.12,1781.43,-0.015456010887814231,0.009240164974619436,1.0
2026-07-06,1740.85,1792.76,-0.022779452462347805,0.029818766694430954,1.0
2026-07-07,1781.97,1790.45,-0.006018652803498448,0.0047587782061426775,1.0
2026-07-08,1738.58,1740.98,-0.028970370577229287,0.0013804369082814905,1.0
2026-07-09,1741.8,1748.51,0.00047099909246517413,0.0038523366632219336,1.0
2026-07-10,1793.95,1792.68,0.02598784107611629,-0.0007079350037626497,1.0
2026-07-11,1800.1,1824.38,0.004139054376687268,0.013488139547803035,1.0
2026-07-13,1772.33,1774.92,-0.028530240410440943,0.0014613531340101904,2.0
2026-07-14,1861.04,1876.74,0.04852049669844272,0.008436143231741466,1.0
2026-07-15,1927.16,1924.15,0.02686573526434133,-0.0015618838082982478,1.0
2026-07-16,1872.55,1875.59,-0.02681703609385966,0.0016234546474058753,1.0
2026-07-17,1828.54,1843.76,-0.02508543978161537,0.008323580561540922,1.0
