day,p_open,p_close,overnight,intraday,fullday
2015-06-26,4505.75,4473.5,0.0002775002775001756,-0.007157520945458629,-0.006882006882006908
2015-06-29,4427.5,4373.25,-0.010282776349614386,-0.01225296442687751,-0.02240974628367054
2015-06-30,4398.75,4388.25,0.005830903790087438,-0.0023870417732310134,0.003429943405933722
2015-07-01,4426.0,4423.0,0.008602518088076216,-0.0006778129236331143,0.007918874266507059
2015-07-02,4434.5,4426.5,0.0026000452181778044,-0.0018040365317397722,0.0007913181098802013
2015-07-06,4397.0,4412.75,-0.006664407545464823,0.003581987718899171,-0.003106291652547166
2015-07-07,4409.0,4424.5,-0.0008498102090532811,0.003515536402812325,0.0026627386550337473
2015-07-08,4385.75,4344.5,-0.008758051757260743,-0.009405460867582538,-0.01808113911176401
2015-07-09,4398.75,4344.25,0.012487052595235415,-0.012389883489627773,-5.7544021176192395e-05
2015-07-10,4401.75,4412.0,0.013235886516659967,0.0023286192991422983,0.015595327156586292
2015-07-13,4449.75,4486.75,0.008556210335448844,0.00831507388055508,0.0169424297370806
2015-07-14,4492.75,4518.75,0.0013372708530674515,0.005787101441210751,0.007132111216359371
2015-07-15,4522.5,4523.25,0.0008298755186721962,0.00016583747927034764,0.000995850622406591
2015-07-16,4558.25,4586.5,0.007737799148842095,0.0061975538858114465,0.013983308461836153
2015-07-17,4626.25,4653.0,0.008666739343726082,0.005782221021345624,0.014499073367491455
2015-07-20,4658.5,4668.75,0.0011820330969267712,0.002200279059783261,0.0033849129593810368
2015-07-21,4670.25,4669.25,0.0003212851405622885,-0.00021412129971631888,0.00010709504685402216
2015-07-22,4606.25,4613.5,-0.013492530920383383,0.0015739484396199988,-0.011939819028751963
2015-07-23,4613.75,4597.5,5.418879375751473e-05,-0.003522080736927613,-0.003468082800476835
2015-07-24,4617.75,4557.0,0.00440456769983677,-0.01315575767419197,-0.008809135399673762
2015-07-27,4522.25,4514.5,-0.00762563089752033,-0.0017137486870473229,-0.00932631116962912
2015-07-28,4530.5,4553.5,0.0035441355631853355,0.005076702350733875,0.008638830435264255
2015-07-29,4561.25,4571.75,0.0017019874821566638,0.002302000548095373,0.004007906006368689
2015-07-30,4562.25,4591.25,-0.0020779788921091447,0.006356512685626647,0.004265325094329198
2015-07-31,4600.75,4585.25,0.0020691532806969004,-0.00336901592131722,-0.0013068336509665102
2015-08-03,4588.25,4572.5,0.0006542718499535916,-0.003432681305508667,-0.002780655362302986
2015-08-04,4567.5,4560.75,-0.0010934937124111865,-0.001477832512315258,-0.0025697102241661884
2015-08-05,4586.25,4598.75,0.005591185660253295,0.0027255382938129458,0.008331962944691185
2015-08-06,4605.25,4520.25,0.001413427561837377,-0.01845719559198744,-0.01706985593911392
2015-08-07,4509.75,4518.25,-0.0023228803716608404,0.0018848051444093628,-0.0004424534041258532
2015-08-10,4555.25,4568.25,0.00818901123222493,0.0028538499533505846,0.011066231394898374
2015-08-11,4547.0,4511.5,-0.004651671865594009,-0.0078073455025291505,-0.012422700158704059
2015-08-12,4476.0,4528.25,-0.007868779784993896,0.0116733690795352,0.0037127341239056033
2015-08-13,4528.25,4518.25,0.0,-0.002208358637442731,-0.002208358637442731
2015-08-14,4511.0,4527.75,-0.0016046035522603308,0.003713145643981397,0.002102583965030602
2015-08-17,4513.75,4566.25,-0.0030920435094693444,0.011631127111603412,0.00850311965104078
2015-08-18,4552.5,4539.5,-0.0030112236517930713,-0.0028555738605161585,-0.005858198740760989
2015-08-19,4521.75,4505.75,-0.003910122260160853,-0.0035384530325648367,-0.007434739508756505
2015-08-20,4466.5,4376.25,-0.008711091383232561,-0.020205977834993893,-0.028741053098818137
2015-08-21,4313.0,4202.0,-0.014453013424735817,-0.025736146533735238,-0.03981719508711801
2015-08-24,3908.25,4031.0,-0.06990718705378396,0.031407919145397534,-0.04069490718705382
2015-08-25,4178.5,4017.75,0.036591416521954745,-0.0384707430896255,-0.0032870255519722447
2015-08-26,4128.0,4224.75,0.02744073175284667,0.0234375,0.051521373903304024
2015-08-27,4276.25,4327.5,0.012190070418367949,0.01198479976615019,0.02432096573761755
2015-08-28,4304.75,4325.75,-0.0052570768341998475,0.004878332075033409,-0.0004043905257077318
2015-08-31,4303.5,4265.5,-0.005143616713864652,-0.008830022075055233,-0.013928220539790814
2015-09-01,4172.0,4142.25,-0.02192005626538507,-0.007130872483221529,-0.02889461962255302
2015-09-02,4200.0,4255.5,0.013941698352344822,0.013214285714285623,0.027340213652000678
2015-09-03,4265.5,4230.0,0.002349900129244409,-0.008322588207713033,-0.005992245329573542
2015-09-04,4177.75,4187.75,-0.012352245862884192,0.0023936329363891673,-0.009988179669030761
2015-09-08,4265.5,4300.5,0.018566055757865296,0.008205368655491707,0.02692376574532873
2015-09-09,4343.25,4252.25,0.009940704569236125,-0.020952052034766577,-0.011219625624927287
2015-09-10,4243.5,4295.0,-0.002057734140749057,0.012136208318604957,0.010053501087659455
2015-09-11,4276.75,4323.25,-0.0042491268917346225,0.010872742152335357,0.0065774155995343975
2015-09-14,4330.5,4308.25,0.0016769791245012655,-0.005137974829696357,-0.0034696119817266835
2015-09-15,4317.75,4362.75,0.0022050716648291946,0.010422094841063156,0.012650147971914327
2015-09-16,4359.0,4385.0,-0.0008595495960116439,0.005964670796054117,0.00509999426966945
2015-09-17,4379.0,4383.5,-0.00136830102622576,0.001027631879424451,-0.0003420752565564955
2015-09-21,4337.25,4333.75,-0.010550929622447858,-0.0008069629373450571,-0.0113493783506331
2015-09-22,4262.0,4271.25,-0.01655610037496391,0.0021703425621772965,-0.014421690222094052
2015-09-23,4269.0,4263.0,-0.0005267778753292873,-0.0014054813773717312,-0.0019315188762072388
2015-09-24,4226.0,4249.0,-0.008679333802486533,0.005442498816847996,-0.003284072249589487
2015-09-25,4295.0,4212.75,0.010826076723934985,-0.019150174621653138,-0.008531419157448816
2015-09-28,4187.25,4093.0,-0.006053053231262262,-0.02250880649591025,-0.02842561272328048
2015-09-29,4106.5,4074.0,0.003298314194966956,-0.007914282235480297,-0.004642071829953576
2015-09-30,4126.5,4161.0,0.012886597938144284,0.008360596146855581,0.02135493372606767
2015-10-01,4175.0,4183.75,0.0033645758231195533,0.002095808383233644,0.005467435712569024
2015-10-02,4128.0,4254.5,-0.013325365999402483,0.030644379844961156,0.016910666268300067
2015-10-05,4287.0,4320.75,0.007638970501821607,0.007872638208537452,0.015571747561405669
2015-10-06,4303.25,4292.25,-0.004050222762251976,-0.002556207517573905,-0.006596077069953132
2015-10-07,4321.5,4325.25,0.006814607723222066,0.0008677542519959225,0.007688275380045351
2015-10-08,4307.0,4340.25,-0.00421940928270037,0.007719990712793168,0.003468007629616743
2015-10-09,4344.5,4357.75,0.0009792062669200519,0.00304983312233853,0.004032025804965089
2015-10-12,4367.25,4370.75,0.0021800240950031746,0.0008014196576793253,0.002983190866846508
2015-10-13,4346.25,4347.75,-0.005605445289709965,0.0003451251078516737,-0.005262254761768559
2015-10-14,4348.5,4338.0,0.0001725030188028942,-0.002414625733011433,-0.0022425392444367365
2015-10-15,4352.25,4406.75,0.0032849239280774434,0.012522258601872505,0.01584831719686486
2015-10-16,4417.25,4430.25,0.002382708345152418,0.002943007527307806,0.005332728201055126
2015-10-19,4421.0,4453.25,-0.0020879182890356507,0.007294729699163005,0.0051915806105751194
2015-10-20,4447.75,4428.0,-0.001235053051142465,-0.004440447417233484,-0.005670016280244772
2015-10-21,4449.0,4402.75,0.004742547425474308,-0.010395594515621442,-0.005702348690153514
2015-10-22,4449.25,4491.0,0.010561580830162898,0.009383603978198485,0.02004429050025558
2015-10-23,4607.75,4618.5,0.025996437319082633,0.0023330258803102577,0.02839011356045429
2015-10-26,4610.5,4620.0,-0.0017321641225506168,0.0020605140440299596,0.00032478077297826147
2015-10-27,4611.75,4631.25,-0.0017857142857142794,0.0042283298097252064,0.0024350649350648457
2015-10-28,4641.0,4669.0,0.002105263157894832,0.006033182503770718,0.00815114709851561
2015-10-29,4648.75,4659.0,-0.004337117155707837,0.002204893788652962,-0.0021417862497322693
2015-10-30,4668.0,4642.5,0.0019317450096587585,-0.005462724935732632,-0.003541532517707613
2015-11-02,4649.25,4692.25,0.0014539579967689509,0.009248803570468311,0.010716208939149263
2015-11-03,4683.0,4707.5,-0.001971335713144007,0.0052316890881913825,0.003250039959507678
2015-11-04,4724.0,4710.75,0.0035050451407327987,-0.0028048264182896077,0.0006903876792352381
2015-11-05,4717.0,4695.25,0.0013267526402378493,-0.004610981556073757,-0.003290346547789591
2015-11-06,4691.75,4700.25,-0.000745434215430496,0.001811690733734661,0.0010649060220435658
2015-11-09,4679.5,4654.5,-0.004414658794745008,-0.005342451116572278,-0.009733524812509997
2015-11-10,4630.0,4637.5,-0.005263723278547627,0.0016198704103671524,-0.003652379417767748
2015-11-11,4651.25,4631.5,0.0029649595687331054,-0.004246170384305303,-0.0012938005390835672
2015-11-12,4619.75,4589.25,-0.002536975062074953,-0.006602088857622146,-0.009122314584907643
2015-11-13,4569.25,4498.0,-0.004358010568175641,-0.015593368714778122,-0.0198834232173013
2015-11-16,4488.5,4564.75,-0.0021120497999110865,0.016987857858972832,0.014839928857269813
2015-11-17,4566.25,4566.75,0.00032860507147169926,0.00010949904188328752,0.000438140095295525
2015-11-18,4581.75,4654.25,0.0032846115946789656,0.015823648169367655,0.019160234302293855
2015-11-19,4655.75,4657.5,0.0003222860826126439,0.00037587928905113976,0.0006982865123275062
2015-11-20,4676.0,4686.75,0.003972088030059107,0.002298973481608124,0.006280193236714915
2015-11-23,4687.75,4674.5,0.0002133674721289669,-0.0028265159191509515,-0.0026137515335786787
2015-11-24,4647.25,4669.0,-0.005829500481334904,0.004680187207488196,-0.0011765964274254026
2015-11-25,4673.0,4673.75,0.0008567144998929965,0.00016049646907778659,0.0010173484686228917
2015-12-01,4686.75,4714.75,0.003801670593274853,0.0059742892196084085,0.009798672092525162
2015-12-02,4720.0,4690.5,0.0011135266981281422,-0.006249999999999978,-0.005143432843735085
2015-12-03,4704.5,4611.0,0.002984756422556245,-0.0198745881602721,-0.016949152542372836
2015-12-04,4618.75,4713.75,0.0016807633918889398,0.020568335588633246,0.022283669486011792
2015-12-07,4716.25,4698.5,0.0005303632988598039,-0.0037635833554200415,-0.0032352161230443377
2015-12-08,4643.75,4696.0,-0.01165265510269231,0.011251682368775162,-0.0005320847078854607
2015-12-09,4675.25,4620.0,-0.004418654173764858,-0.011817549863643695,-0.016183986371379855
2015-12-10,4631.75,4646.0,0.002543290043290014,0.0030765909213579246,0.005627705627705648
2015-12-11,4586.75,4537.0,-0.012752905725355146,-0.010846459911702189,-0.023461041756349554
2015-12-14,4539.25,4575.25,0.0004959224156932951,0.007930825576912381,0.00843068106678424
2015-12-15,4606.5,4592.25,0.006830227856401194,-0.003093454900683801,0.0037156439538823527
2015-12-16,4638.0,4669.0,0.009962436714028966,0.006683915480810709,0.016712940279819177
2015-12-17,4680.75,4592.75,0.002516598843435469,-0.018800405917855034,-0.016331120154208567
2015-12-21,4546.0,4554.0,-0.010179086603886556,0.001759788825340891,-0.008437210821403252
2015-12-22,4574.5,4581.0,0.004501537110232823,0.0014209203191606345,0.005928853754940677
2015-12-23,4602.25,4618.25,0.0046387251691770715,0.003476560378075977,0.00813141235538084
2015-12-29,4641.0,4688.0,0.005361494719740012,0.010127127774186562,0.015542919036014125
2015-12-30,4684.0,4644.5,-0.0008532423208190698,-0.008432963279248473,-0.00927901023890787
2015-12-31,4621.0,4580.75,-0.005059748089137672,-0.008710235879679673,-0.013725912369469295
2016-01-04,4476.0,4493.5,-0.022867434372100592,0.0039097408400357025,-0.01904709927413628
2016-01-05,4504.5,4480.5,0.00244798041615657,-0.00532800532800537,-0.0028930677645487846
2016-01-06,4407.75,4440.0,-0.016237027117509184,0.007316658158924572,-0.009039169735520547
2016-01-07,4336.5,4298.0,-0.023310810810810767,-0.0088781275221953,-0.03198198198198199
2016-01-08,4333.0,4258.75,0.008143322475570036,-0.017135933533348746,-0.009132154490460676
2016-01-11,4295.5,4274.0,0.008629292632814867,-0.005005238039809123,0.0035808629292632954
2016-01-12,4313.25,4327.5,0.009183434721572237,0.003303773256824849,0.01251754796443616
2016-01-13,4338.25,4173.75,0.0024841132293471624,-0.037918515530455776,-0.03552859618717508
2016-01-14,4194.25,4269.0,0.004911650194669104,0.01782201823925611,0.022821203953279356
2016-01-15,4117.0,4141.75,-0.035605528226751004,0.006011658974981682,-0.029807917545092488
2016-01-19,4188.75,4138.5,0.01134786020402001,-0.011996418979409174,-0.0007846924609162809
2016-01-20,4075.5,4130.0,-0.015222906850308138,0.013372592319960797,-0.00205388425758124
2016-01-21,4128.25,4127.25,-0.0004237288135593431,-0.00024223339187301463,-0.0006658595641646503
2016-01-22,4209.5,4247.25,0.019928523835483603,0.008967810903907747,0.02907504997274213
2016-01-25,4234.25,4184.75,-0.0030608040496792333,-0.011690382003896826,-0.014715404084996164
2016-01-26,4204.25,4224.5,0.004659776569687635,0.004816554676815077,0.009498775315132324
2016-01-27,4201.75,4115.75,-0.005385252692626352,-0.02046766228357233,-0.0257426914427743
2016-01-28,4180.5,4177.75,0.01573224807143281,-0.0006578160507116904,0.015064083095426062
2016-01-29,4179.5,4264.0,0.00041888576386805987,0.02021772939346822,0.02064508407635679
2016-02-01,4243.0,4279.75,-0.004924953095684748,0.008661324534527504,0.003693714821763505
2016-02-02,4251.25,4194.0,-0.006659267480577102,-0.013466627462511038,-0.020036217068754025
2016-02-03,4206.5,4165.5,0.0029804482594182335,-0.009746820397004585,-0.006795422031473541
2016-02-04,4150.5,4160.25,-0.003601008282319018,0.0023491145645102574,-0.0012603528988116564
2016-02-05,4143.5,4021.5,-0.004026200348536735,-0.02944370701098109,-0.03335136109608794
2016-02-08,3941.0,3960.0,-0.020017406440382968,0.004821111393047417,-0.015292801193584449
2016-02-09,3899.5,3947.5,-0.015277777777777724,0.012309270419284424,-0.0031565656565656353
2016-02-10,3988.75,3952.5,0.010449651678277494,-0.00908806016922592,0.001266624445851905
2016-02-11,3915.0,3957.75,-0.009487666034155628,0.01091954022988495,0.0013282732447816858
2016-02-12,3991.75,4011.5,0.008590739687954096,0.004947704640821726,0.013580948771397816
2016-02-16,4076.0,4104.0,0.016078773526112533,0.006869479882237517,0.023058706219618585
2016-02-17,4137.5,4196.0,0.008162768031189094,0.014138972809667694,0.022417153996101336
2016-02-18,4204.5,4151.75,0.002025738798856036,-0.012546081579260293,-0.010545757864632965
2016-02-19,4136.75,4160.0,-0.003612934304811244,0.0056203541427448656,0.001987113867646162
2016-02-22,4198.0,4225.25,0.009134615384615463,0.00649118627918055,0.015685096153846168
2016-02-23,4204.5,4161.25,-0.004910952014673731,-0.01028659769294804,-0.015147032719957432
2016-02-24,4111.75,4203.0,-0.011895464103334308,0.022192497111935383,0.01003304295584262
2016-02-25,4210.0,4242.5,0.0016654770402093622,0.0077197149643706275,0.009398049012609988
2016-02-26,4271.0,4233.5,0.006717737183264516,-0.008780145165066755,-0.0021213906894519408
2016-02-29,4228.25,4200.75,-0.001240108657139527,-0.006503872760598384,-0.007735915908822499
2016-03-01,4239.75,4332.75,0.009284056418496611,0.021935255616486904,0.031422960185681026
2016-03-02,4323.75,4333.0,-0.0020772027003634896,0.00213934663197457,5.7700075010158614e-05
2016-03-03,4325.25,4322.75,-0.0017885991230094378,-0.0005780012716027905,-0.002365566582044787
2016-03-04,4331.0,4325.0,0.0019085073159446075,-0.001385361348418379,0.0005205019952576606
2016-03-07,4302.75,4303.25,-0.005144508670520187,0.00011620475277429598,-0.005028901734104085
2016-03-08,4267.25,4271.0,-0.00836577005751471,0.0008787861034624811,-0.007494335676523578
2016-03-09,4282.5,4294.5,0.0026925778506203812,0.0028021015761821033,0.005502224303441716
2016-03-10,4302.5,4287.25,0.0018628478286180084,-0.003544450900639151,-0.0016882058446850978
2016-03-11,4333.75,4354.0,0.010846113476004504,0.004672627631958415,0.015569420957490143
2016-03-14,4344.25,4369.5,-0.0022393201653652106,0.005812280600794084,0.003559944878272825
2016-03-15,4354.5,4364.0,-0.00343288705801581,0.002181651165461096,-0.001258725254605797
2016-03-16,4358.75,4400.5,-0.0012030247479376532,0.009578434184112528,0.008363886342804827
2016-03-17,4389.75,4405.0,-0.0024429042154300307,0.003474001936328852,0.0010226110669242505
2016-03-21,4392.75,4415.5,-0.002780930760499456,0.005178988105400961,0.002383654937570867
2016-03-22,4393.25,4429.75,-0.00503906692333822,0.008308200079667705,0.0032272675801154893
2016-03-23,4417.75,4395.0,-0.002708956487386449,-0.005149680267104273,-0.007844686494723141
2016-03-24,4371.0,4397.25,-0.005460750853242269,0.006005490734385832,0.0005119453924915529
2016-03-28,4406.5,4389.75,0.0021035874694410595,-0.0038012027686372685,-0.0017056114617090001
2016-03-29,4381.25,4460.0,-0.0019363289481177937,0.01797432239657626,0.016003189247679295
2016-03-30,4483.25,4481.25,0.0052130044843048395,-0.00044610494618857466,0.004764573991031362
2016-03-31,4478.5,4475.0,-0.0006136680613667567,-0.0007815116668526967,-0.001394700139469962
2016-04-01,4449.0,4523.75,-0.005810055865921759,0.016801528433355806,0.010893854748603271
2016-04-04,4517.75,4503.75,-0.0013263332412268847,-0.0030988877206573617,-0.004421110804089579
2016-04-05,4473.25,4465.5,-0.006772134332500679,-0.0017325210976359973,-0.008492922564529604
2016-04-06,4471.25,4533.5,0.0012876497592655411,0.013922281241263601,0.015227858022617946
2016-04-07,4507.5,4472.5,-0.00573508326899741,-0.007764836383804763,-0.013455387669570995
2016-04-08,4498.0,4467.5,0.005701509223029699,-0.00678079146287236,-0.0011179429849077493
2016-04-11,4493.5,4451.0,0.0058198097369894786,-0.009458106153332646,-0.0036933407946279084
2016-04-12,4456.0,4487.5,0.001123343068973215,0.007069120287253039,0.00820040440350489
2016-04-13,4523.0,4545.25,0.007910863509749344,0.004919301348662364,0.012869080779944309
2016-04-14,4547.5,4546.75,0.0004950222760025103,-0.00016492578339744046,0.00033001485066819214
2016-04-15,4544.0,4536.0,-0.0006048276241271688,-0.0017605633802817433,-0.0023643261670424076
2016-04-18,4520.75,4558.25,-0.003361992945326242,0.008295083780346157,0.004905202821869459
2016-04-19,4563.75,4535.75,0.0012066034113968893,-0.006135305395781998,-0.004936104864805557
2016-04-20,4532.75,4536.25,-0.0006614121148652563,0.0007721581821189538,0.00011023535247756122
2016-04-21,4533.25,4541.25,-0.0006613392119041439,0.0017647383223955426,0.0011022320198401658
2016-04-22,4475.25,4464.75,-0.014533443435177484,-0.002346237640355242,-0.016845582163501294
2016-04-25,4452.0,4468.0,-0.0028557030068873113,0.003593890386343279,0.0007279242958733168
2016-04-26,4472.25,4453.25,0.0009512085944494153,-0.004248420817261955,-0.003301253357206768
2016-04-27,4408.5,4407.0,-0.010048840734295128,-0.0003402517863219101,-0.01038567338460672
2016-04-28,4411.5,4357.5,0.0010211027910143056,-0.012240734444066592,-0.01123213070115725
2016-04-29,4357.0,4335.5,-0.00011474469305794432,-0.004934588019279373,-0.005048766494549661
2016-05-02,4335.75,4370.75,5.76634759543726e-05,0.00807242114974338,0.008130550109560541
2016-05-03,4342.0,4332.0,-0.006577818452210726,-0.002303086135421517,-0.008865755305153544
2016-05-04,4308.0,4305.5,-0.005540166204986097,-0.0005803156917363328,-0.006117266851338843
2016-05-05,4318.5,4298.5,0.0030193937986295882,-0.004631237698274893,-0.001625827430031368
2016-05-06,4282.5,4326.5,-0.0037222286844248442,0.010274372446001268,0.00651390019774345
2016-05-09,4323.0,4336.5,-0.0008089679879810241,0.003122831367106116,0.002311337108517275
2016-05-10,4352.0,4394.75,0.003574311080364323,0.009823069852941124,0.01343249164072402
2016-05-11,4389.0,4355.0,-0.0013083793162296242,-0.007746639325586724,-0.009044883099152412
2016-05-12,4369.5,4335.5,0.0033295063145808435,-0.007781210664835836,-0.004477611940298498
2016-05-13,4335.25,4322.5,-5.76634759543726e-05,-0.002941006862349327,-0.0029985007496251548
2016-05-16,4325.75,4376.0,0.0007518796992480592,0.011616482690862906,0.012377096587622871
2016-05-17,4375.0,4317.0,-0.00022851919561239775,-0.013257142857142856,-0.013482632541133466
2016-05-18,4315.5,4333.0,-0.00034746351633074823,0.0040551500405514584,0.0037062775075282772
2016-05-19,4315.25,4315.25,-0.004096468959150723,0.0,-0.004096468959150723
2016-05-20,4331.25,4360.5,0.003707780545739059,0.006753246753246733,0.010486066855917908
2016-05-23,4363.25,4353.0,0.000630661621373596,-0.002349166332435648,-0.0017199862401100496
2016-05-24,4380.75,4443.5,0.00637491385251554,0.014324031273183824,0.020790259591086713
2016-05-25,4460.25,4474.5,0.003769551029593865,0.0031948881789136685,0.0069764825025318
2016-05-26,4480.75,4488.75,0.00139680411219123,0.0017854153880487722,0.0031847133757962887
2016-05-27,4491.0,4512.0,0.0005012531328321135,0.004676018704074858,0.005179615705931395
2016-05-31,4516.0,4521.5,0.0008865248226950229,0.001217891939769622,0.0021054964539006793
2016-06-01,4508.5,4521.5,-0.0028751520513103923,0.0028834423866030967,0.0
2016-06-02,4509.5,4530.75,-0.0026539865089019177,0.004712274088036317,0.0020457812672785014
2016-06-03,4518.75,4508.5,-0.002648568117861294,-0.002268326417704025,-0.004910886718534457
2016-06-06,4513.25,4525.25,0.0010535654874126443,0.002658837866282626,0.0037152046135078276
2016-06-07,4526.0,4514.75,0.00016573669962993698,-0.002485638532920942,-0.0023203137948180075
2016-06-08,4522.75,4521.25,0.0017719696550195785,-0.00033165662484102576,0.0014397253447033798
2016-06-09,4503.25,4514.25,-0.003981199889411147,0.0024426802864598862,-0.0015482444014376373
2016-06-10,4475.25,4464.5,-0.008639308855291628,-0.0024021004413161684,-0.011020656808993778
2016-06-13,4440.75,4425.0,-0.005319744652256708,-0.003546698192872788,-0.008847575316384804
2016-06-14,4419.75,4425.5,-0.0011864406779661385,0.001300978562135846,0.00011299435028244709
2016-06-15,4435.75,4409.25,0.002316122472037163,-0.005974187003325304,-0.0036719014800588035
2016-06-16,4392.25,4424.5,-0.003855530985995337,0.007342478228698379,0.0034586380903782743
2016-06-20,4418.5,4390.5,-0.0013560854333822814,-0.006336992191920299,-0.0076844841224996685
2016-06-21,4396.5,4405.0,0.0013665869490946392,0.0019333560786989334,0.0033025851269787854
2016-06-22,4407.25,4397.75,0.0005107832009081381,-0.00215553916841571,-0.0016458569807037415
2016-06-23,4428.75,4458.25,0.0070490591779888145,0.006661021732994543,0.013757034847365235
2016-06-24,4291.75,4279.5,-0.03734649245780297,-0.0028543135084755367,-0.040094207368362
2016-06-27,4235.0,4186.0,-0.010398411029325816,-0.011570247933884281,-0.02184834676948244
2016-06-28,4237.0,4279.75,0.012183468705207812,0.010089686098654793,0.022396082178690824
2016-06-29,4313.5,4356.0,0.007885974648051963,0.00985278775936016,0.017816461241894954
2016-06-30,4365.25,4404.5,0.002123507805325886,0.008991466697210848,0.011134067952249804
2016-07-01,4407.25,4431.25,0.0006243614485186288,0.005445572635997431,0.006073334090135107
2016-07-05,4408.75,4401.5,-0.005077574047954836,-0.0016444570456478624,-0.006713681241184766
2016-07-06,4378.0,4436.25,-0.005339088946949899,0.013305162174508833,0.007895035783255677
2016-07-07,4443.5,4451.0,0.001634263172724637,0.001687858669967346,0.003324880247957074
2016-07-08,4474.0,4519.25,0.005167378117276966,0.01011399195350915,0.015333632891485038
2016-07-11,4539.5,4547.25,0.0044808319964595444,0.001707236479788543,0.006195718316092336
2016-07-12,4575.25,4569.5,0.006157567760734617,-0.0012567619255778872,0.004893067238440851
2016-07-13,4578.5,4561.0,0.0019695809169493206,-0.0038222125150157993,-0.0018601597548966176
2016-07-14,4588.75,4590.75,0.006084192063144034,0.0004358485426314562,0.0065226923920191915
2016-07-15,4602.5,4584.5,0.0025594946359528414,-0.003910917979359052,-0.001361433316996119
2016-07-18,4586.5,4611.75,0.0004362525902497083,0.005505287256077684,0.005943941542152942
2016-07-19,4600.5,4595.25,-0.002439421044072243,-0.0011411803064884651,-0.003577817531305927
2016-07-20,4621.75,4647.0,0.005766824438278695,0.005463298534104988,0.011261628855883776
2016-07-21,4653.75,4640.5,0.0014525500322788432,-0.002847166263765799,-0.0013987518829352563
2016-07-22,4642.25,4658.5,0.0003771145350717209,0.003500457752167563,0.0038788923607369075
2016-07-25,4654.75,4657.25,-0.0008049801438231308,0.0005370857725979228,-0.00026832671460774726
2016-07-26,4658.75,4664.75,0.00032207847978948934,0.0012878991145692797,0.0016103923989478908
2016-07-27,4704.0,4696.75,0.0084141701055791,-0.001541241496598622,0.006859960340854343
2016-07-28,4707.25,4718.5,0.0022355884388141067,0.002389930426469844,0.004630861766114824
2016-07-29,4728.75,4726.25,0.002172300519232895,-0.0005286809410520732,0.0016424711242979395
2016-08-01,4728.0,4749.0,0.0003702724147049974,0.004441624365482344,0.004813541391166298
2016-08-02,4739.0,4715.0,-0.0021057064645187973,-0.005064359569529442,-0.007159401979364044
2016-08-03,4709.25,4725.75,-0.0012195121951219523,0.00350374263417752,0.0022799575821845774
2016-08-04,4729.0,4741.25,0.0006877215256837488,0.0025903996616620795,0.003279902660953349
2016-08-05,4764.75,4786.0,0.004956498813603938,0.00445983524843907,0.009438439230160744
2016-08-08,4785.25,4779.0,-0.00015670706226489362,-0.0013060968601431577,-0.0014625992478061178
2016-08-09,4783.25,4792.25,0.0008893073864826295,0.0018815658809387958,0.0027725465578571917
2016-08-10,4794.25,4779.5,0.0004173404976786088,-0.00307660217969441,-0.002660545672700687
2016-08-11,4797.75,4801.25,0.0038183910450884095,0.0007295086238341408,0.004550685218118966
2016-08-12,4787.25,4805.0,-0.0029159073158031568,0.003707765418559772,0.0007810466024473772
2016-08-15,4811.75,4823.5,0.0014047866805411147,0.0024419390034811084,0.003850156087408907
2016-08-16,4814.75,4798.75,-0.0018140354514356583,-0.003323121657406891,-0.0051311288483466555
2016-08-17,4798.5,4806.25,-5.209690023444402e-05,0.0016150880483485341,0.0015629070070330986
2016-08-18,4806.25,4807.5,0.0,0.0002600780234069955,0.0002600780234069955
2016-08-19,4796.5,4805.75,-0.00228809152366094,0.00192848952361091,-0.0003640145605824374
2016-08-22,4794.5,4809.0,-0.0023409457420797697,0.003024298675565751,0.0006762732143785755
2016-08-23,4829.5,4818.75,0.004262840507381904,-0.002225903302619292,0.0020274485339988324
2016-08-24,4813.0,4787.25,-0.0011932555123216337,-0.005350093496779507,-0.0065369649805447905
2016-08-25,4773.25,4780.5,-0.002924434696328748,0.0015188812653852413,-0.0014099953000156207
2016-08-26,4786.5,4785.5,0.0012550988390336304,-0.00020892092343050006,0.001045915699194655
2016-08-29,4792.25,4792.0,0.001410510918399277,-5.21675622098261e-05,0.0013582697732734683
2016-08-30,4790.5,4775.5,-0.00031302170283808994,-0.0031311971610479272,-0.0034432387312186563
2016-08-31,4773.25,4773.5,-0.0004711548528949505,5.2375216047728657e-05,-0.00041880431368446214
2016-09-01,4779.0,4782.5,0.0011521944066199552,0.0007323707888680087,0.001885409029014351
2016-09-02,4808.75,4798.0,0.005488761108207063,-0.0022355081881986205,0.0032409827496080457
2016-09-06,4805.75,4828.5,0.0016152563568152534,0.00473391250065025,0.006356815339724875
2016-09-07,4830.75,4829.75,0.0004659832246038942,-0.0002070071934999751,0.000258879569224435
2016-09-08,4812.75,4803.25,-0.003519850923960899,-0.001973923432548985,-0.00548682644029197
2016-09-09,4761.5,4682.5,-0.008692031437047887,-0.016591410269872986,-0.02513922864727003
2016-09-12,4662.75,4765.25,-0.004217832354511453,0.02198273551016028,0.017672183662573504
2016-09-13,4739.5,4726.0,-0.0054037038980115915,-0.0028484017301403375,-0.00823671370861967
2016-09-14,4731.75,4743.5,0.0012166737198475719,0.0024832250224546826,0.0037029200169276244
2016-09-15,4750.75,4818.5,0.0015284072941921245,0.014260906172709475,0.015811109939917856
2016-09-19,4827.5,4793.5,0.0018678011829407204,-0.007042982910409168,-0.005188336619279865
2016-09-20,4806.0,4803.0,0.0026076979242724008,-0.0006242197253433224,0.00198185042244714
2016-09-21,4820.25,4848.75,0.0035915053091817306,0.0059125564026762945,0.009525296689568918
2016-09-22,4874.0,4886.5,0.005207527713328108,0.0025646286417726483,0.007785511729827332
2016-09-23,4879.75,4857.75,-0.0013813567993451459,-0.004508427685844585,-0.00588355673795149
2016-09-26,4827.5,4817.0,-0.006227162781122897,-0.002175038839979271,-0.00838865730019045
2016-09-27,4810.75,4862.75,-0.0012974880631098085,0.010809125396247898,0.009497612621963913
2016-09-28,4865.0,4870.25,0.0004627011464706232,0.0010791366906475197,0.0015423371549021514
2016-09-29,4863.75,4838.25,-0.001334633745700975,-0.005242868157286029,-0.006570504594220039
2016-09-30,4853.75,4868.25,0.0032036376789128518,0.0029873808910636512,0.006200589055960215
2016-10-03,4861.5,4866.25,-0.001386535202588246,0.0009770646919675663,-0.00041082524521129926
2016-10-04,4877.0,4853.25,0.0022090932442846434,-0.004869797006356369,-0.002671461597739566
2016-10-05,4869.25,4873.75,0.0032967599031576977,0.000924166966165263,0.004223973625920863
2016-10-06,4869.25,4871.0,-0.0009233136701718436,0.0003593982646197258,-0.0005642472428828427
2016-10-07,4877.0,4859.5,0.0012317799219871972,-0.0035882714783678216,-0.002360911517142239
2016-10-10,4886.75,4889.0,0.005607572795555127,0.0004604287102880633,0.006070583393353202
2016-10-11,4883.0,4821.25,-0.001227244835344643,-0.012645914396887115,-0.013857639599100025
2016-10-12,4820.0,4815.5,-0.00025926886180971387,-0.0009336099585062207,-0.0011926367643245728
2016-10-13,4782.75,4796.75,-0.006800955248676188,0.0029271862422246553,-0.003893676669089352
2016-10-14,4821.25,4802.75,0.005107624954396206,-0.003837179154783543,0.00125084692760713
2016-10-17,4804.0,4792.75,0.00026026755504648946,-0.0023417985012489373,-0.002082140440372693
2016-10-18,4845.0,4830.25,0.01090188305252715,-0.0030443756449948234,0.007824317980282824
2016-10-19,4830.0,4831.25,-5.1757155426712664e-05,0.00025879917184257195,0.00020702862170685066
2016-10-20,4824.5,4831.5,-0.0013971539456661963,0.0014509275572598401,5.174644243211013e-05
2016-10-21,4832.5,4845.0,0.00020697505950528772,0.002586652871184647,0.0027941633033219393
2016-10-24,4879.25,4903.25,0.007069143446852388,0.004918788748270675,0.012022703818369562
2016-10-25,4903.25,4884.0,0.0,-0.003925967470555292,-0.003925967470555292
2016-10-26,4856.0,4854.25,-0.005733005733005725,-0.00036037891268536626,-0.006091318591318617
2016-10-27,4877.5,4831.0,0.004789617345624997,-0.009533572526909229,-0.004789617345624997
2016-10-28,4816.5,4806.25,-0.003001448975367471,-0.002128101318384701,-0.005123162906230605
2016-10-31,4816.5,4799.75,0.002132639791937674,-0.0034776289837018526,-0.0013524057217164653
2016-11-01,4803.25,4764.0,0.0007292046460753987,-0.008171550512673709,-0.007448304599197875
2016-11-02,4756.25,4717.5,-0.0016267842149454426,-0.008147174770039456,-0.009760705289672544
2016-11-03,4720.25,4674.5,0.000582935877053492,-0.009692283247709321,-0.00911499735029142
2016-11-04,4657.5,4661.25,-0.003636752593860315,0.0008051529790660261,-0.0028345277569793437
2016-11-07,4734.25,4772.25,0.015661035130061673,0.008026614564080825,0.023813354786806018
2016-11-08,4765.5,4804.5,-0.0014144271570014633,0.008183821214982734,0.006757818639006707
2016-11-09,4762.5,4824.25,-0.008741804558226707,0.012965879265091962,0.004110729524404277
2016-11-10,4842.5,4740.0,0.0037829714463388786,-0.021166752710376824,-0.017463854485153085
2016-11-11,4720.5,4754.0,-0.004113924050632933,0.007096705857430274,0.002953586497890237
2016-11-14,4745.5,4693.75,-0.0017879680269247133,-0.010905067959119163,-0.012673538073201485
2016-11-15,4735.5,4764.0,0.008894806924101273,0.006018371872030359,0.014966711051930703
2016-11-16,4742.25,4789.25,-0.004565491183879056,0.009910907269755853,0.005300167926112431
2016-11-17,4779.25,4824.5,-0.002088009604844232,0.009468012763508948,0.0073602338570757375
2016-11-18,4832.75,4805.25,0.0017100217639134385,-0.0056903419378200315,-0.003990050782464505
2016-11-21,4818.75,4857.5,0.0028094271890120037,0.008041504539558986,0.010873523750065006
2016-11-22,4876.5,4874.75,0.003911477097272353,-0.00035886393930073535,0.0035512094698919583
2016-11-23,4858.75,4851.75,-0.003282219601005165,-0.0014406997684589529,-0.004718190676444967
2016-11-29,4863.75,4873.75,0.0014412930457610162,0.002056026728347371,0.0035002831111339283
2016-11-30,4875.0,4818.0,0.0002564760194920801,-0.011692307692307669,-0.011438830469351124
2016-12-01,4808.5,4734.0,-0.001971772519717696,-0.015493397109285656,-0.01743462017434616
2016-12-02,4728.0,4739.25,-0.0012674271229404788,0.0023794416243654304,0.0011089987325729744
2016-12-05,4762.5,4776.25,0.004905839531571532,0.002887139107611514,0.007807142480350304
2016-12-06,4786.75,4788.25,0.0021983773881182334,0.0003133650180184855,0.0025124313007065524
2016-12-07,4772.75,4848.25,-0.0032370907951756456,0.015818972290608135,0.012530674045841295
2016-12-08,4844.0,4859.25,-0.0008766049605527515,0.0031482246077620957,0.0022688598979012653
2016-12-09,4883.75,4891.75,0.005041930339044098,0.0016380854875863715,0.006688274939548267
2016-12-12,4875.0,4872.0,-0.0034241324679307183,-0.0006153846153845732,-0.004037409924873558
2016-12-13,4890.0,4937.75,0.003694581280788256,0.009764826175869157,0.013495484400656732
2016-12-14,4944.75,4925.0,0.0014176497392537346,-0.003994135193892467,-0.0025821477393549452
2016-12-15,4927.75,4933.75,0.0005583756345177715,0.0012175942367205206,0.0017766497461928488
2016-12-19,4920.25,4937.25,-0.0027362553838358172,0.0034551089883643193,0.0007093995439575451
2016-12-20,4952.0,4953.5,0.0029874930376221354,0.0003029079159935222,0.0032913058889056934
2016-12-21,4952.75,4949.75,-0.00015140809528613186,-0.0006057240926757856,-0.0007570404764307703
2016-12-22,4948.25,4934.25,-0.0003030456083640276,-0.002829283079876732,-0.0031314712864286554
2016-12-23,4933.75,4940.25,-0.00010133252267319204,0.00131745629592106,0.0012159902720778604
2016-12-27,4948.75,4965.25,0.0017205607003694112,0.003334175296792141,0.005060472648145353
2016-12-28,4976.5,4922.75,0.0022657469412417086,-0.010800763588867723,-0.008559488444690566
2016-12-29,4926.25,4915.0,0.0007109847138286884,-0.00228368434407511,-0.0015743232949062547
2016-12-30,4920.75,4861.75,0.0011698880976602766,-0.011990042168368631,-0.010834181078331673
2017-01-03,4894.0,4909.25,0.006633413894173934,0.0031160604822231264,0.009770144495294897
2017-01-04,4924.75,4933.25,0.0031573050873350272,0.001725975937864943,0.004888730457809132
2017-01-05,4931.25,4959.25,-0.0004054122535853688,0.005678073510773096,0.0052703592966096835
2017-01-06,4960.25,5003.25,0.00020164339365824624,0.008668917897283412,0.008872309320965943
2017-01-09,5006.0,5019.75,0.0005496427322240205,0.002746703955253782,0.003297856393344345
2017-01-10,5025.25,5032.0,0.0010956720952237653,0.0013432167553852903,0.0024403605757259417
2017-01-11,5030.25,5045.0,-0.00034777424483312114,0.002932259828040351,0.0025834658187600112
2017-01-12,5025.0,5036.75,-0.003964321110009883,0.0023383084577115465,-0.0016352824578791392
2017-01-13,5043.75,5055.0,0.001389785079664474,0.0022304832713755385,0.0036233682434110293
2017-01-17,5040.75,5039.5,-0.0028189910979228294,-0.00024797897138317815,-0.0030662710187933095
2017-01-18,5045.0,5050.0,0.001091378112908048,0.0009910802775023875,0.0020835400337335663
2017-01-19,5058.75,5049.25,0.0017326732673266232,-0.00187793427230043,-0.00014851485148514865
2017-01-20,5071.0,5058.25,0.004307570431252072,-0.0025142969828436668,0.0017824429370698613
2017-01-23,5056.0,5062.5,-0.00044481787179362353,0.0012856012658228888,0.0008402115356100914
2017-01-24,5071.25,5095.75,0.0017283950617283939,0.004831156026620764,0.006567901234567852
2017-01-25,5126.0,5146.0,0.005936319481921304,0.003901677721420249,0.009861158808811332
2017-01-26,5157.25,5153.0,0.00218616401088223,-0.0008240826021620462,0.0013602798289933382
2017-01-27,5165.75,5162.5,0.002474286823209715,-0.0006291438803658345,0.0018435862604309072
2017-01-30,5143.0,5122.5,-0.003777239709443103,-0.003986000388878086,-0.0077481840193704965
2017-01-31,5105.25,5118.25,-0.0033674963396779223,0.0025463983154596637,-0.0008296730112249406
2017-02-01,5149.0,5145.75,0.006007912860841014,-0.0006311905224315462,0.005372930200752135
2017-02-02,5137.75,5142.5,-0.0015546810474663664,0.0009245292199893118,-0.000631589175533187
2017-02-03,5147.0,5156.25,0.0008750607681089484,0.0017971633961531008,0.002673796791443861
2017-02-06,5147.0,5162.0,-0.0017939393939393478,0.002914319020788758,0.0011151515151515135
2017-02-07,5173.5,5179.25,0.0022278186749322693,0.0011114332656809722,0.003341728012398404
2017-02-08,5171.75,5190.5,-0.0014480861128541855,0.003625465268042749,0.002172129169281334
2017-02-09,5193.0,5208.5,0.000481649166746978,0.002984787213556661,0.0034678740005780195
2017-02-10,5215.75,5224.75,0.0013919554574253201,0.0017255428270144257,0.0031199001631947443
2017-02-13,5239.25,5255.25,0.0027752524044213356,0.00305387221453457,0.005837599885161859
2017-02-14,5253.0,5271.75,-0.0004281432852861755,0.003569388920616756,0.0031397174254317317
2017-02-15,5267.25,5304.5,-0.0008536064874092864,0.007072001518819038,0.006212358325034417
2017-02-16,5304.75,5302.75,4.7129795456735124e-05,-0.0003770205947499772,-0.0003299085681968128
2017-02-17,5299.0,5323.5,-0.0007071802366696023,0.004623513870541718,0.003913063976238806
2017-02-21,5333.75,5348.25,0.0019254250023481578,0.002718537614248895,0.004649196956889368
2017-02-22,5343.75,5351.5,-0.0008413967185527671,0.0014502923976609239,0.0006076754078436775
2017-02-23,5356.5,5331.0,0.0009343174810800825,-0.004760571268552227,-0.0038307016724282716
2017-02-24,5308.25,5342.0,-0.00426749202776211,0.006358027598549532,0.0020634027386980947
2017-02-27,5329.5,5345.5,-0.0023399475851740847,0.0030021578009193917,0.0006551853238487837
2017-02-28,5348.75,5332.0,0.0006079880273126559,-0.0031315727973825203,-0.0025254887288372885
2017-03-01,5366.75,5388.25,0.006517254313578302,0.004006148972842016,0.010549512378094539
2017-03-02,5382.5,5358.5,-0.0010671368254999702,-0.004458894565722238,-0.005521273140630112
2017-03-03,5357.5,5371.5,-0.00018661938975461645,0.002613159122725195,0.002426052066809792
2017-03-06,5353.75,5361.75,-0.0033044773340780154,0.001494279710483326,-0.0018151354370287143
2017-03-07,5350.0,5349.5,-0.0021914486874621275,-9.345794392523477e-05,-0.0022847018230988114
2017-03-08,5349.75,5360.5,4.6733339564397625e-05,0.002009439693443582,0.002056266940835494
2017-03-09,5354.25,5364.5,-0.0011659360134316232,0.0019143670915626743,0.0007461990485961856
2017-03-10,5387.25,5382.25,0.004240842576195281,-0.0009281173140285315,0.003308789262745915
2017-03-13,5384.5,5393.25,0.000418040782200757,0.0016250348221746869,0.002043754935203701
2017-03-14,5381.5,5379.75,-0.002178649237472796,-0.00032518814456938827,-0.0025031289111389077
2017-03-15,5390.0,5412.75,0.0019052929968865762,0.004220779220779125,0.006134114038756522
2017-03-16,5424.0,5411.5,0.0020784259387556236,-0.0023045722713864736,-0.0002309362154172545
2017-03-20,5409.25,5417.0,-0.0004157812066895028,0.00143273097009744,0.001016354060796365
2017-03-21,5436.75,5333.5,0.003645929481262744,-0.018991125212672988,-0.015414436034705603
2017-03-22,5338.0,5370.25,0.000843723633636495,0.006041588609966286,0.006890409674697562
2017-03-23,5357.25,5353.0,-0.0024207439132256647,-0.0007933174669839671,-0.00321214096178013
2017-03-24,5376.25,5373.0,0.004343358864188351,-0.0006045105789351801,0.003736222678871748
2017-03-27,5321.75,5377.5,-0.009538432905267125,0.0104758772960023,0.0008375209380233617
2017-03-28,5373.5,5407.75,-0.0007438400743839946,0.0063738717781707255,0.005625290562529139
2017-03-29,5409.75,5434.0,0.000369839582081255,0.004482647072415524,0.004854144514816694
2017-03-30,5432.5,5441.75,-0.0002760397497240108,0.0017027151403590235,0.0014262053735738522
2017-03-31,5430.75,5438.25,-0.0020214085542334947,0.0013810247203425163,-0.0006431754490743291
2017-04-03,5444.75,5437.75,0.0011952374385142406,-0.00128564213232929,-9.194134142420651e-05
2017-04-04,5418.0,5443.0,-0.0036320169187623597,0.004614248800295373,0.0009654728518229128
2017-04-05,5448.0,5417.0,0.0009186110600771791,-0.005690161527165949,-0.004776777512401242
2017-04-06,5426.0,5419.0,0.0016614362193094756,-0.001290084776999656,0.00036920804873541435
2017-04-07,5422.75,5421.5,0.0006920095958664607,-0.0002305103499147254,0.00046133973057749245
2017-04-10,5426.75,5421.25,0.0009683666881858954,-0.001013497949970077,-4.611269943743945e-05
2017-04-11,5412.0,5396.25,-0.0017062485589116605,-0.0029101995565410377,-0.0046114825916532265
2017-04-12,5391.25,5378.5,-0.0009265693768820693,-0.0023649431949919197,-0.003289321287931468
2017-04-13,5366.75,5354.25,-0.002184623965789667,-0.0023291563795593273,-0.004508692014502214
2017-04-17,5368.5,5397.5,0.002661437176075143,0.005401881344882176,0.008077695288789322
2017-04-18,5380.0,5390.0,-0.003242241778601218,0.0018587360594795044,-0.0013895321908290459
2017-04-19,5414.75,5397.25,0.004591836734693988,-0.003231912830693906,0.0013450834879407125
2017-04-20,5418.5,5443.25,0.0039371902357681066,0.004567684783611803,0.008522858863309946
2017-04-21,5444.75,5441.75,0.0002755706609103292,-0.0005509894852839814,-0.0002755706609103292
2017-04-24,5500.75,5505.5,0.01084210042725231,0.0008635186110985682,0.011714981393853074
2017-04-25,5523.75,5544.75,0.0033148669512306217,0.0038017651052273393,0.0071292344019617815
2017-04-26,5548.75,5538.75,0.0007214031290860845,-0.0018022077044379525,-0.0010821046936291268
2017-04-27,5551.75,5566.75,0.002347099977431766,0.0027018507677758485,0.0050552922590836324
2017-04-28,5593.0,5581.5,0.004715498270984053,-0.002056141605578432,0.002649660933219611
2017-05-01,5598.5,5626.5,0.0030457762250291065,0.005001339644547631,0.008062348830959465
2017-05-02,5634.5,5639.5,0.0014218430640717816,0.000887390185464465,0.0023104949791166174
2017-05-03,5623.75,5622.5,-0.0027928007802110466,-0.0002222716159145932,-0.0030144516357832885
2017-05-04,5620.25,5621.5,-0.00040017785682522344,0.0002224100351408964,-0.00017785682525561786
2017-05-05,5636.75,5646.25,0.00271279907498001,0.0016853683416861998,0.0044027394823444865
2017-05-08,5644.0,5654.5,-0.0003984945760460157,0.0018603827072998236,0.0014611467788354648
2017-05-09,5659.0,5675.5,0.0007958263330090087,0.002915709489309082,0.0037138562207090775
2017-05-10,5674.25,5677.5,-0.00022024491234251542,0.0005727629202096907,0.0003523918597481135
2017-05-11,5662.75,5673.75,-0.002597974460590069,0.001942519094079831,-0.0006605019815059121
2017-05-12,5679.75,5686.0,0.0010575016523464154,0.00110040054579863,0.0021590658735404222
2017-05-15,5684.75,5703.25,-0.00021983819908544255,0.0032543207704824884,0.0030337671473794625
2017-05-16,5713.5,5725.75,0.001797220882830075,0.0021440448061609274,0.003945119011090181
2017-05-17,5685.0,5589.25,-0.007116971575776065,-0.016842568161829385,-0.023839671658734685
2017-05-18,5576.5,5631.75,-0.002281164735876917,0.009907648166412653,0.007603882452922983
2017-05-19,5649.5,5653.25,0.003151773427442661,0.0006637755553589031,0.0038176410529586757
2017-05-22,5664.0,5702.25,0.0019015610489541146,0.006753177966101642,0.00866758059523276
2017-05-23,5717.25,5707.0,0.0026305405760884693,-0.0017928199746382045,0.0008330045157614041
2017-05-24,5721.25,5731.0,0.0024969335903277656,0.0017041730391085252,0.004205361836341348
2017-05-25,5748.75,5780.25,0.0030971907171524204,0.005479452054794498,0.008593613679986012
2017-05-26,5782.75,5791.0,0.000432507244496394,0.0014266568674072833,0.0018597811513343387
2017-05-30,5786.5,5796.0,-0.0007770678639267281,0.0016417523546186086,0.0008634087376964139
2017-05-31,5813.75,5794.5,0.0030624568668047303,-0.003311115889056082,-0.000258799171842683
2017-06-01,5803.25,5815.25,0.0015100526361204736,0.002067806832378505,0.0035809819656571484
2017-06-02,5831.0,5884.0,0.002708396027685911,0.00908935002572453,0.011822363612914222
2017-06-05,5880.75,5881.5,-0.0005523453433038394,0.00012753475322035968,-0.0004248810333106201
2017-06-06,5874.25,5858.75,-0.0012326787384170368,-0.002638634719325905,-0.003868060868825962
2017-06-07,5877.0,5878.5,0.003114998933219537,0.0002552322613578184,0.00337102624279928
2017-06-08,5892.75,5884.75,0.002424087777494366,-0.0013576004412201303,0.001063196393637833
2017-06-09,5893.5,5742.75,0.001486894090658053,-0.02557902774242815,-0.024130166956965016
2017-06-12,5681.5,5706.0,-0.010665621871054798,0.004312241485523227,-0.006399373122632834
2017-06-13,5745.75,5750.75,0.006966351209253485,0.0008702084149154743,0.007842621801612326
2017-06-14,5770.25,5728.0,0.0033908620614702123,-0.00732203977297341,-0.003956005738381951
2017-06-15,5664.0,5699.5,-0.011173184357541888,0.006267655367231617,-0.004975558659217838
2017-06-19,5731.75,5774.25,0.005658391086937442,0.007414838400139567,0.013115185542591501
2017-06-20,5768.75,5732.5,-0.000952504654284092,-0.006283856988082315,-0.007230376239338421
2017-06-21,5745.5,5789.75,0.002267771478412506,0.007701679575319753,0.009986916703009108
2017-06-22,5795.0,5784.25,0.0009067749039251005,-0.00185504745470233,-0.0009499546612548038
2017-06-23,5780.5,5806.75,-0.000648312227168657,0.004541129660063925,0.00388987336301172
2017-06-26,5837.75,5779.25,0.005338614543419329,-0.010020984112029452,-0.0047358677401300175
2017-06-27,5751.75,5673.75,-0.00475840290695162,-0.013561090103012097,-0.01825496387939607
2017-06-28,5693.5,5758.0,0.003480942938973275,0.011328708175990077,0.014849085701696518
2017-06-29,5722.5,5659.0,-0.006165335185828402,-0.01109654871122756,-0.017193469954845386
2017-06-30,5678.0,5654.25,0.0033574836543559528,-0.004182810848890495,-0.0008393709135889882
2017-07-06,5601.75,5601.25,-0.009197435330532855,-8.925782121660397e-05,-0.009285872208711021
2017-07-07,5623.25,5660.25,0.003927694711002072,0.0065798248343929,0.010533363088596204
2017-07-10,5657.25,5695.75,-0.0005300119252683588,0.006805426664898917,0.006271807782341821
2017-07-11,5687.75,5715.25,-0.001404556028617776,0.004834952309788587,0.003423605319756051
2017-07-12,5763.0,5782.0,0.008354840120729623,0.003296893978830484,0.011679279121648234
2017-07-13,5782.0,5795.75,0.0,0.0023780698720166082,0.0023780698720166082
2017-07-14,5819.75,5841.75,0.004140965362550153,0.0037802311095838093,0.007936850278221108
2017-07-17,5841.75,5843.5,0.0,0.00029956776650830186,0.00029956776650830186
2017-07-18,5830.25,5882.0,-0.0022674766834944737,0.00887612023498141,0.006588517155814211
2017-07-19,5900.0,5916.5,0.003060183611016676,0.00279661016949162,0.005865351921115369
2017-07-20,5932.5,5925.25,0.002704301529620645,-0.0012220817530551598,0.0014789148990113077
2017-07-21,5903.25,5920.25,-0.003712923505337362,0.0028797696184306165,-0.0008438462512130318
2017-07-24,5919.5,5945.0,-0.0001266838393648717,0.0043077962665765135,0.0041805666990413215
2017-07-25,5923.75,5932.25,-0.0035744322960471475,0.0014349018780333012,-0.0021446593776283107
2017-07-26,5943.5,5950.75,0.0018964136710355461,0.0012198199713973068,0.003118546925702681
2017-07-27,5989.0,5916.75,0.006427761206570626,-0.012063783603272649,-0.00571356551695168
2017-07-28,5876.25,5909.75,-0.0068449740144505,0.005700914699000137,-0.001183081928423535
2017-07-31,5925.75,5882.75,0.00270739032954026,-0.0072564654263173045,-0.004568721181099078
2017-08-01,5902.75,5894.0,0.0033997705154902302,-0.0014823599169878632,0.001912370914963324
2017-08-02,5931.25,5913.25,0.006319986426874813,-0.0030347734457323305,0.0032660332541567527
2017-08-03,5911.5,5890.25,-0.00029594554601952705,-0.0035946883193774815,-0.0038895700333995142
2017-08-04,5899.75,5901.0,0.00161283476932228,0.0002118733844653775,0.0018250498705487672
2017-08-07,5907.75,5934.75,0.0011438739196745207,0.004570267868477806,0.0057193695983730475
2017-08-08,5920.0,5924.25,-0.002485361641181183,0.0007179054054053946,-0.0017692404903323355
2017-08-09,5875.75,5917.5,-0.008186690298349952,0.007105475896693969,-0.0011393847322446193
2017-08-10,5877.0,5791.25,-0.006844106463878341,-0.014590777607622951,-0.021335023236163875
2017-08-11,5799.0,5833.75,0.001338225771638335,0.005992412484911114,0.007338657457371056
2017-08-14,5880.75,5908.5,0.008056567388043723,0.004718785869149311,0.012813370473537589
2017-08-15,5919.75,5912.25,0.0019040365575018203,-0.0012669453946534404,0.0006346788525006808
2017-08-16,5920.0,5919.5,0.0013108376675545763,-8.445945945945166e-05,0.0012262674954544028
2017-08-17,5893.75,5801.25,-0.004350029563307767,-0.015694591728525942,-0.019976349353830525
2017-08-18,5807.0,5791.75,0.0009911656970480465,-0.0026261408644738804,-0.0016375781081663376
2017-08-21,5794.5,5790.75,0.00047481331203869104,-0.0006471654154801554,-0.00017265938619592802
2017-08-22,5821.25,5875.25,0.005267020679531997,0.00927635817049599,0.014592237620342896
2017-08-23,5846.75,5854.0,-0.004850857410322984,0.0012400051310557103,-0.0036168673673461216
2017-08-24,5868.5,5839.75,0.0024769388452339225,-0.0048990372326829235,-0.0024342330030747705
2017-08-25,5858.0,5824.75,0.003125133781411771,-0.005675998634346202,-0.0025686031080097704
2017-08-28,5839.5,5843.25,0.0025322975234989276,0.0006421782686873989,0.0031761019786256117
2017-08-29,5792.0,5865.25,-0.00877080391905194,0.012646754143646355,0.0037650280237881972
2017-08-30,5871.25,5935.25,0.0010229742977707623,0.010900574835001064,0.011934700140658894
2017-08-31,5948.75,5990.5,0.0022745461438018477,0.007018281151502492,0.00930879069963364
2017-09-01,6006.5,5990.5,0.002670895584675703,-0.0026637809040206406,0.0
2017-09-05,5974.0,5936.75,-0.002754361071696798,-0.006235353197187821,-0.00897253985477009
2017-09-06,5950.5,5952.25,0.0023160820314145347,0.00029409293336701836,0.002610856108139936
2017-09-07,5962.5,5967.5,0.0017220378848334938,0.0008385744234800097,0.002562056365239984
2017-09-08,5961.0,5915.0,-0.0010892333472978244,-0.007716826035900071,-0.008797653958944274
2017-09-11,5963.5,5979.5,0.008199492814877418,0.002682988178083434,0.010904480135249361
2017-09-12,5995.5,5994.75,0.0026758090141316693,-0.00012509382036529626,0.002550380466594282
2017-09-13,5983.25,6002.5,-0.0019183452187330197,0.0032173150043872667,0.0012927978647983007
2017-09-14,5982.5,5968.5,-0.0033319450229071235,-0.002340158796489744,-0.005664306538942121
2017-09-18,5997.75,5988.5,0.004900728826338296,-0.0015422450085448292,0.003350925693222706
2017-09-19,5994.5,5995.5,0.0010019203473323746,0.00016681958461917112,0.0011689070718878813
2017-09-20,5995.25,5979.75,-4.169794012176542e-05,-0.002585380092573253,-0.0026269702276707774
2017-09-21,5967.75,5941.25,-0.002006772858397121,-0.004440534539818186,-0.006438396254023981
2017-09-22,5920.25,5937.5,-0.003534609720176718,0.0029137283053926044,-0.0006311803071744615
2017-09-25,5908.25,5873.5,-0.0049263157894736676,-0.005881606228578695,-0.010778947368420999
2017-09-26,5898.5,5887.5,0.004256405890865844,-0.0018648809019242707,0.0023835872988848816
2017-09-27,5921.5,5942.25,0.005774946921443647,0.0035041796842016915,0.009299363057324816
2017-09-28,5925.0,5937.75,-0.0029029408052505534,0.0021518987341773155,-0.0007572889057175791
2017-09-29,5945.75,5983.25,0.001347311692139197,0.006307026026994178,0.00766283524904221
2017-10-02,5994.0,5983.25,0.0017966824050474894,-0.001793460126793489,0.0
2017-10-03,5988.5,5997.25,0.0008774495466510324,0.0014611338398597962,0.0023398654577362343
2017-10-04,5987.0,6002.5,-0.001709116678477618,0.002588942709203179,0.0008754012255616228
2017-10-05,6022.5,6061.0,0.0033319450229070124,0.006392694063926951,0.009745939192003394
2017-10-06,6043.25,6068.75,-0.002928559643623152,0.004219583833202423,0.0012786668866524575
2017-10-09,6076.0,6064.0,0.001194644696189462,-0.0019749835418038098,-0.0007826982492276091
2017-10-10,6080.75,6066.75,0.0027622031662268842,-0.002302347572256669,0.00045349604221645023
2017-10-11,6064.5,6083.75,-0.0003708740264556365,0.003174210569709013,0.0028021593109983645
2017-10-12,6073.25,6073.0,-0.0017259091843024876,-4.116412135179992e-05,-0.001767002260119166
2017-10-13,6096.25,6094.75,0.003828420879301797,-0.00024605290137380553,0.003581425983862907
2017-10-16,6112.0,6117.5,0.00283030477049917,0.0008998691099475487,0.0037327207842816623
2017-10-17,6113.5,6124.5,-0.0006538618716795952,0.0017992966385866893,0.0011442582754392916
2017-10-18,6130.0,6116.75,0.0008980324924483529,-0.0021615008156606885,-0.0012654094211772549
2017-10-19,6078.5,6096.75,-0.006253320799444184,0.003002385456938317,-0.0032697102219315655
2017-10-20,6116.25,6111.75,0.00319842539057702,-0.0007357449417535467,0.002460327223520631
2017-10-23,6116.75,6068.75,0.0008180962899333455,-0.007847304532635824,-0.007035628093426616
2017-10-24,6079.5,6082.0,0.0017713697219361446,0.0004112180277984212,0.0021833161688979974
2017-10-25,6070.25,6059.25,-0.0019319302860900667,-0.0018121164696676129,-0.0037405458730680463
2017-10-26,6056.0,6042.0,-0.0005363700127903881,-0.002311756935270859,-0.002846886990964248
2017-10-27,6131.5,6214.0,0.014812975835815978,0.013455108864062648,0.028467394902350174
2017-10-30,6208.5,6229.5,-0.0008850981654329182,0.003382459531287685,0.0024943675571291735
2017-10-31,6246.0,6249.25,0.0026486876956417493,0.0005203330131284822,0.003170398908419525
2017-11-01,6274.0,6248.0,0.003960475257030804,-0.004144086707044914,-0.00020002400288032796
2017-11-02,6236.75,6239.75,-0.0018005761843790102,0.00048101976189518503,-0.001320422535211252
2017-11-03,6259.75,6294.5,0.0032052566208582434,0.005551339909740882,0.008774389999599341
2017-11-06,6292.0,6313.5,-0.00039717213440304544,0.00341703750794653,0.003018508221463101
2017-11-07,6311.5,6318.0,-0.0003167814999603946,0.001029866117404632,0.0007127583749109156
2017-11-08,6321.5,6342.5,0.0005539727761949553,0.003321996361623114,0.0038778094333649094
2017-11-09,6295.0,6314.75,-0.007489160425699692,0.0031374106433676996,-0.0043752463539613595
2017-11-10,6300.75,6310.25,-0.002217031553109816,0.0015077570130539453,-0.0007126172849281076
2017-11-13,6290.75,6313.75,-0.0030902103720137353,0.0036561618249015826,0.0005546531436948499
2017-11-14,6297.0,6296.0,-0.0026529400118788793,-0.00015880578053040217,-0.00281132449019994
2017-11-15,6262.75,6263.5,-0.005281130876747087,0.00011975569837541222,-0.005162007623888187
2017-11-16,6300.25,6343.25,0.0058673265745987635,0.0068251259870639736,0.012732497804741838
2017-11-17,6344.0,6319.5,0.00011823592007242922,-0.003861916771752849,-0.0037441374689630713
2017-11-20,6319.25,6313.5,-3.9560091779411444e-05,-0.0009099181073702889,-0.0009494422027058746
2017-11-21,6342.75,6382.0,0.004632929436920952,0.006188167592920957,0.010849766373643766
2017-11-22,6388.0,6389.0,0.0009401441554370837,0.00015654351909821784,0.001096834848010042
2017-11-28,6420.75,6423.75,0.0014427201122981792,0.00046723513608215583,0.0019106293379085315
2017-11-29,6416.75,6308.25,-0.0010897061685152254,-0.016908871313359608,-0.01798015178050205
2017-11-30,6338.5,6362.75,0.004795307731938259,0.003825826299597601,0.008639480045971482
2017-12-01,6331.25,6345.25,-0.0049506895603316226,0.002211253701875693,-0.0027503830890731606
2017-12-04,6381.0,6266.25,0.0056341357708522555,-0.01798307475317351,-0.012450258067058018
2017-12-05,6241.0,6273.25,-0.00402952323957706,0.00516744111520584,0.0011170955515660275
2017-12-06,6242.0,6294.0,-0.00498146893555973,0.008330663248958592,0.0033076953732116277
2017-12-07,6306.0,6318.25,0.0019065776930409228,0.0019425943545829938,0.0038528757546869574
2017-12-08,6366.75,6343.0,0.007676176156372394,-0.0037303176659991832,0.003917223914849943
2017-12-11,6351.5,6394.25,0.0013400599085606757,0.006730693536959764,0.008079772978086153
2017-12-12,6389.75,6383.25,-0.0007037572819329485,-0.0010172541961736004,-0.0017202955780584173
2017-12-13,6410.5,6397.25,0.0042689852347941315,-0.002066921456984616,0.0021932401206281593
2017-12-14,6406.5,6393.75,0.0014459337996794996,-0.001990166237415103,-0.0005471100863652101
2017-12-18,6519.0,6534.0,0.019589442815249214,0.0023009664058903923,0.021935483870967776
2017-12-19,6524.25,6501.0,-0.0014921946740128478,-0.003563628003218744,-0.005050505050505083
2017-12-20,6516.0,6492.0,0.00230733733271804,-0.0036832412523020164,-0.0013844023996307797
2017-12-21,6498.5,6493.75,0.00100123228589033,-0.0007309379087481194,0.0002695625385089606
2017-12-22,6479.5,6488.25,-0.0021944177093359274,0.0013504128404968618,-0.0008469682386910149
2017-12-26,6455.5,6459.75,-0.005047586020883954,0.0006583533421113952,-0.004392555773898965
2017-12-27,6462.25,6452.25,0.00038701188126477604,-0.0015474486440480995,-0.001161035643794217
2017-12-28,6465.0,6447.75,0.0019760548645821885,-0.0026682134570765736,-0.0006974311286760404
2017-12-29,6453.5,6410.5,0.0008917839556434881,-0.006663051057565705,-0.005777209103950964
2018-01-02,6441.75,6518.5,0.004874814757039214,0.01191446423720266,0.016847359800327588
2018-01-03,6528.5,6585.75,0.0015340952673161823,0.008769242551887935,0.01031679067270086
2018-01-04,6606.25,6597.25,0.0031127813840488017,-0.0013623462630084626,0.0017461944349541625
2018-01-05,6622.5,6663.5,0.0038273523058849346,0.006191015477538642,0.010042062980787358
2018-01-08,6662.5,6688.25,-0.0001500712838597984,0.0038649155722325634,0.0037142642755307875
2018-01-09,6701.25,6688.5,0.0019437072477852535,-0.0019026301063234108,3.737898553435315e-05
2018-01-10,6649.75,6674.5,-0.005793526201689492,0.003721944434001312,-0.002093144950287784
2018-01-11,6685.25,6719.0,0.001610607536145059,0.005048427508320463,0.006667166079856068
2018-01-12,6706.0,6771.5,-0.001934811727935748,0.009767372502236693,0.00781366274743256
2018-01-16,6813.25,6756.75,0.006165546776932818,-0.008292665027703428,-0.002178247064904326
2018-01-17,6778.75,6824.75,0.0032560032560031704,0.006785911856905802,0.010064010064010143
2018-01-18,6811.0,6828.25,-0.002014725814132423,0.002532667743356365,0.0005128392981428309
2018-01-19,6848.25,6850.5,0.0029290081646102806,0.0003285510896944288,0.0032585215831288927
2018-01-22,6839.75,6923.5,-0.0015692285234654157,0.012244599583318028,0.010656156484928125
2018-01-23,6939.5,6973.75,0.0023109698851737637,0.0049355140860292135,0.007257889795623695
2018-01-24,6984.0,6927.75,0.001469797454741073,-0.008054123711340178,-0.006596164187130271
2018-01-25,6974.75,6926.25,0.006784309479989981,-0.006953654252840558,-0.00021652051531884098
2018-01-26,6958.25,7030.75,0.00462010467424645,0.010419286458520416,0.015087529326836213
2018-01-29,7010.0,6996.5,-0.002951320982825467,-0.0019258202567760119,-0.004871457525868483
2018-01-30,6918.25,6949.5,-0.011184163510326584,0.00451703826834815,-0.0067176445365539905
2018-01-31,6983.25,6960.5,0.004856464493848467,-0.0032577954390863306,0.0015828476868839925
2018-02-01,6917.25,6912.25,-0.006213634078011676,-0.0007228306046478394,-0.006931973277781722
2018-02-02,6882.75,6765.5,-0.0042677854533618165,-0.017035341978133722,-0.02123042424680821
2018-02-05,6686.0,6486.75,-0.011750794471953263,-0.029801076877056576,-0.041201685019584655
2018-02-06,6377.5,6669.25,-0.01684202412610325,0.045746765974127745,0.02813427371179711
2018-02-07,6649.25,6583.25,-0.0029988379502942086,-0.00992593149603338,-0.012895003186265352
2018-02-08,6601.0,6335.25,0.002696236661223539,-0.040259051658839584,-0.0376713629286447
2018-02-09,6385.5,6415.0,0.007931810110098247,0.0046198418291441,0.012588295647369963
2018-02-12,6486.0,6519.5,0.011067809820732633,0.005164970706136307,0.01628994544037421
2018-02-13,6480.0,6550.5,-0.006058746836413831,0.010879629629629628,0.004754965871615946
2018-02-14,6526.25,6677.75,-0.003702007480344993,0.02321394368894847,0.019425998015418777
2018-02-15,6729.5,6807.25,0.007749616262962888,0.011553607251653109,0.019392759537269377
2018-02-16,6793.25,6777.5,-0.0020566307980461884,-0.002318477900857485,-0.004370340445848164
2018-02-20,6750.0,6783.5,-0.004057543341940195,0.004962962962963058,0.0008852821836959901
2018-02-21,6813.0,6746.0,0.004348787499078632,-0.009834140613532938,-0.00552811970221867
2018-02-22,6795.5,6774.0,0.007337681589089762,-0.0031638584357295274,0.004150607767565928
2018-02-23,6816.25,6894.0,0.006237082964275276,0.011406565193471385,0.017714791851195733
2018-02-26,6936.0,6992.25,0.006092254134029584,0.008109861591695466,0.014251523063533611
2018-02-27,6989.5,6909.5,-0.0003932925739211779,-0.011445740038629415,-0.011834531087990263
2018-02-28,6948.0,6862.0,0.005572038497720477,-0.012377662636730014,-0.006874592951733094
2018-03-01,6867.5,6754.25,0.0008015155931215823,-0.016490717145977385,-0.0157024191197902
2018-03-02,6677.75,6809.5,-0.011326202020949805,0.019729699374789522,0.008180034792908186
2018-03-05,6788.25,6882.25,-0.0031206402819590195,0.013847457002909458,0.010683603788824492
2018-03-06,6923.5,6915.75,0.005993679392640505,-0.001119376038130948,0.004867594173417089
2018-03-07,6869.75,6929.75,-0.0066514839316054175,0.008733942283198015,0.002024364674836354
2018-03-08,6959.75,6969.5,0.004329160503625751,0.0014009123890943442,0.005736137667303964
2018-03-09,7022.75,7099.5,0.007640433316593809,0.010928767220818036,0.018652701054594933
2018-03-12,7121.25,7137.25,0.0030635960278893037,0.002246796559592701,0.005317275864497484
2018-03-13,7170.5,7050.5,0.004658657045780945,-0.016735234641935715,-0.01215454131493221
2018-03-14,7083.25,7038.5,0.004645060633997611,-0.006317721384957453,-0.0017020069498616675
2018-03-15,7047.25,7039.25,0.0012431626056688128,-0.0011351945794458862,0.00010655679477156177
2018-03-19,6957.5,6889.0,-0.011613453137763297,-0.009845490477901508,-0.021344603473381407
2018-03-20,6889.0,6909.5,0.0,0.0029757584555087924,0.0029757584555087924
2018-03-21,6885.75,6871.0,-0.003437296475866547,-0.0021421050720691337,-0.005572038497720477
2018-03-22,6778.5,6698.0,-0.013462378110900897,-0.011875783727963385,-0.025178285547955204
2018-03-23,6707.0,6521.0,0.001343684681994528,-0.02773222006858511,-0.026425798745894347
2018-03-26,6662.25,6768.75,0.02166078822266515,0.015985590453675647,0.03799263916577211
2018-03-27,6808.0,6556.75,0.00579870729455223,-0.03690511163337251,-0.03132040627885502
2018-03-28,6511.0,6470.75,-0.006977542227475486,-0.006181846106588895,-0.013116254241811842
2018-03-29,6512.25,6577.5,0.006413476026735587,0.0100195784866981,0.01649731483985617
2018-04-02,6535.5,6393.0,-0.006385404789053584,-0.021803993573559777,-0.028050171037628302
2018-04-03,6459.5,6464.0,0.010402002189895176,0.0006966483473953566,0.011105897074925597
2018-04-04,6352.75,6570.5,-0.017210705445544594,0.03427649443154546,0.01647586633663356
2018-04-05,6627.0,6609.75,0.008599041168860788,-0.0026029877772747456,0.005973670192527258
2018-04-06,6536.25,6448.75,-0.011119936457505974,-0.01338688085676043,-0.024357956049774976
2018-04-09,6501.0,6472.5,0.008102345415778256,-0.004383940932164321,0.003682884279899268
2018-04-10,6598.25,6625.0,0.019428350714561615,0.0040541052551812395,0.023561220548474315
2018-04-11,6599.0,6588.5,-0.0039245283018868315,-0.0015911501742688072,-0.00550943396226411
2018-04-12,6633.25,6667.25,0.006792137815891275,0.005125692533825887,0.01195264475980884
2018-04-13,6705.75,6636.25,0.0057744947317108775,-0.010364239645080708,-0.004649593160598431
2018-04-16,6682.25,6690.75,0.0069316255415332595,0.0012720266377344025,0.008212469391599253
2018-04-17,6745.5,6827.0,0.008182939132384215,0.012082128826625071,0.020363935283787216
2018-04-18,6829.25,6840.25,0.0003295737512816199,0.0016107186001390605,0.0019408232019921812
2018-04-19,6808.75,6779.5,-0.004605094843024737,-0.0042959427207637235,-0.008881254340119105
2018-04-20,6762.5,6674.25,-0.002507559554539407,-0.013049907578558173,-0.015524743712663214
2018-04-23,6699.75,6652.25,0.003820654006068125,-0.0070898167842083915,-0.003296250515039123
2018-04-24,6690.75,6516.25,0.0057875155022737435,-0.02608078317079554,-0.02044421060543422
2018-04-25,6520.75,6531.25,0.000690581239209731,0.0016102442203733691,0.0023019374640322887
2018-04-26,6600.5,6653.75,0.01060287081339717,0.008067570638587984,0.01875598086124408
2018-04-27,6752.75,6665.5,0.014878827728724398,-0.012920661952537826,0.0017659214728535932
2018-04-30,6680.75,6611.0,0.0022879003825668764,-0.010440444560865125,-0.008176430875403207
2018-05-01,6592.0,6686.25,-0.0028739978823173473,0.014297633495145678,0.011382544244441073
2018-05-02,6689.25,6643.25,0.00044868199663494757,-0.006876705161266261,-0.006431108618433323
2018-05-03,6615.25,6649.0,-0.004214804500809133,0.0051018480027209545,0.0008655402099875253
2018-05-04,6617.0,6771.5,-0.004812753797563518,0.02334894967507939,0.018423823131297867
2018-05-07,6801.25,6829.25,0.004393413571586846,0.0041168902775226,0.008528391050727224
2018-05-08,6811.5,6815.25,-0.002599114104769873,0.0005505395287381809,-0.0020500054910861376
2018-05-09,6830.75,6895.5,0.002274311287186803,0.009479193353584936,0.011775063277209119
2018-05-10,6914.0,6967.25,0.0026829091436444408,0.007701764535724687,0.01040533681386413
2018-05-11,6959.75,6958.5,-0.0010764648893035744,-0.00017960415244799854,-0.0012558757041875035
2018-05-14,6979.75,6971.0,0.0030538190702018575,-0.0012536265625560095,0.001796364158942243
2018-05-15,6911.0,6894.0,-0.00860708650121933,-0.0024598466213283654,-0.01104576100989818
2018-05-16,6900.75,6938.0,0.000979112271540572,0.005397963989421495,0.006382361473745268
2018-05-17,6912.5,6906.25,-0.003675410781204924,-0.000904159132007254,-0.004576246756990532
2018-05-18,6882.0,6874.5,-0.0035113122171945843,-0.0010897994768962471,-0.004597285067873269
2018-05-21,6931.75,6912.0,0.008327878391155785,-0.0028492083528690593,0.005454942177612887
2018-05-22,6941.25,6903.75,0.004231770833333259,-0.0054024851431658805,-0.0011935763888888395
2018-05-23,6853.5,6958.75,-0.007278652906029359,0.015357116801634207,0.007966684772768406
2018-05-24,6949.5,6957.25,-0.0013292617208550128,0.0011151881430317978,-0.00021555595473321532
2018-05-25,6965.0,6958.75,0.0011139458837903238,-0.0008973438621679986,0.00021560242912066485
2018-05-29,6933.5,6938.75,-0.0036285252380097166,0.0007571933366985473,-0.002874079396443352
2018-05-30,6962.25,6984.5,0.003386777157268872,0.0031958059535350802,0.00659340659340657
2018-05-31,6977.75,6976.0,-0.0009664256568114871,-0.0002507971767403694,-0.0012169804567255804
2018-06-01,7011.25,7085.5,0.0050530389908256534,0.010590123016580577,0.015696674311926673
2018-06-04,7107.5,7144.75,0.0031049326088490314,0.005240942666197679,0.008362148048832063
2018-06-05,7167.25,7173.25,0.0031491654711501837,0.0008371411629286563,0.003988942930123418
2018-06-06,7183.5,7212.25,0.001428919945631435,0.00400222732651212,0.0054368661345973734
2018-06-07,7207.5,7156.25,-0.0006586016846338305,-0.007110648629899408,-0.007764567229366692
2018-06-08,7123.5,7153.0,-0.004576419213973781,0.004141222713553772,-0.000454148471615734
2018-06-11,7148.5,7168.25,-0.0006291066685306657,0.0027628173742744178,0.002131972598909515
2018-06-12,7182.25,7208.5,0.0019530568827816897,0.0036548435378884747,0.0056150385379973855
2018-06-13,7214.5,7208.25,0.0008323506970937533,-0.000866310901656342,-3.468127904560081e-05
2018-06-14,7236.25,7285.0,0.0038844379703810716,0.006736914838486818,0.010647521936669735
2018-06-18,7223.25,7276.0,-0.008476321207961601,0.007302806908247694,-0.00123541523678794
2018-06-19,7187.5,7250.5,-0.012163276525563482,0.008765217391304425,-0.003504672897196248
2018-06-20,7288.75,7307.25,0.005275498241500642,0.002538158120390932,0.007827046410592287
2018-06-21,7329.0,7241.25,0.0029764959458071782,-0.011972984036021317,-0.009032125628656518
2018-06-22,7259.0,7228.25,0.0024512342482305716,-0.0042361206777793425,-0.0017952701536336768
2018-06-25,7151.25,7056.25,-0.010652647597966358,-0.01328439084076205,-0.023795524504548138
2018-06-26,7089.0,7094.5,0.004641275465013361,0.0007758499083085901,0.0054207263064658395
2018-06-27,7121.0,6989.5,0.0037352878990768446,-0.018466507512989727,-0.014800197335964493
2018-06-28,6984.25,7052.0,-0.0007511266900350755,0.009700397322547127,0.008941984405179237
2018-06-29,7095.0,7073.5,0.0060975609756097615,-0.00303030303030305,0.0030487804878047697
2018-07-02,7001.0,7117.0,-0.010249522867038952,0.016569061562633935,0.0061497137202233265
2018-07-05,7085.5,7122.5,-0.004426022200365365,0.005221932114882533,0.0007727975270479526
2018-07-06,7133.75,7228.75,0.0015795015795014855,0.013316979148414232,0.014917514917514918
2018-07-09,7272.0,7296.5,0.00598305377831565,0.003369086908690866,0.009372298115165156
2018-07-10,7305.0,7299.5,0.001164942095525312,-0.0007529089664612965,0.0004111560337147768
2018-07-11,7245.75,7260.0,-0.00736351804918145,0.0019666701169651635,-0.005411329543119403
2018-07-12,7293.5,7383.5,0.004614325068870606,0.012339754575992234,0.017011019283746487
2018-07-13,7387.25,7391.75,0.0005078892124330547,0.000609157670310223,0.0011173562673529869
2018-07-16,7393.25,7373.25,0.00020292894104922965,-0.0027051702566530667,-0.002502790272939426
2018-07-17,7307.75,7420.0,-0.008883463872783381,0.015360405049433812,0.006340487573322395
2018-07-18,7420.0,7405.75,0.0,-0.0019204851752021579,-0.0019204851752021579
2018-07-19,7384.5,7367.0,-0.0028693920264659667,-0.0023698286952400505,-0.005232420754143763
2018-07-20,7393.0,7363.5,0.003529252070042066,-0.003990261057757349,-0.0004750916248134063
2018-07-23,7349.75,7383.75,-0.0018673185305900786,0.004626007687336342,0.0027500509268689743
2018-07-24,7468.25,7416.5,0.011444049432876247,-0.006929334181367763,0.004435415608599946
2018-07-25,7423.5,7519.25,0.0009438414346389923,0.012898228598370087,0.013854243915593534
2018-07-26,7427.5,7411.5,-0.012202014828606611,-0.002154156849545563,-0.014329886624330879
2018-07-27,7452.5,7303.75,0.005531943601160272,-0.019959745051995936,-0.014538217634756823
2018-07-30,7305.75,7202.25,0.00027383193564944897,-0.014166923313828184,-0.013896970734211922
2018-07-31,7239.75,7260.25,0.0052067062376339734,0.002831589488587305,0.00805303898087395
2018-08-01,7278.5,7281.0,0.002513687545194765,0.0003434773648416378,0.0028580283048105226
2018-08-02,7229.25,7385.5,-0.007107540173053151,0.021613583705087036,0.01435242411756632
2018-08-03,7387.25,7402.25,0.00023695078193752828,0.0020305255677011136,0.002267957484259675
2018-08-06,7395.25,7448.75,-0.0009456584146712022,0.007234373415367923,0.006281873754601541
2018-08-07,7467.25,7475.0,0.002483638194327842,0.0010378653453413378,0.003524081221681463
2018-08-08,7462.5,7477.0,-0.0016722408026755842,0.0019430485762144123,0.00026755852842819117
2018-08-09,7476.25,7472.5,-0.00010030761000401345,-0.0005015883631499518,-0.0006018456600240807
2018-08-10,7420.25,7420.0,-0.0069923051187688046,-3.3691587210671337e-05,-0.007025761124121788
2018-08-13,7436.25,7414.0,0.002190026954177915,-0.0029920995125231054,-0.0008086253369272711
2018-08-14,7436.75,7453.25,0.003068519018073923,0.002218711130534068,0.005294038305907689
2018-08-15,7394.75,7367.5,-0.007848924965619064,-0.003685046823760141,-0.011505048133364615
2018-08-16,7417.0,7387.5,0.0067186969799797325,-0.003977349332614288,0.00271462504241593
2018-08-17,7360.25,7387.75,-0.0036886632825718912,0.0037362861315852758,3.3840947546437405e-05
2018-08-20,7404.5,7383.5,0.002267266759162112,-0.0028361131744210066,-0.0005752766403843701
2018-08-21,7400.75,7406.0,0.002336290377192407,0.0007093875620713952,0.0030473352745987725
2018-08-22,7391.75,7435.75,-0.0019241155819605948,0.0059525822707748866,0.004017013232514133
2018-08-23,7426.5,7424.0,-0.0012439901825639366,-0.0003366323301690066,-0.0015802037454191176
2018-08-24,7452.75,7493.75,0.003872575431034475,0.005501325014256375,0.009395204741379226
2018-08-27,7538.0,7562.5,0.005904920767306088,0.003250198991775033,0.00917431192660545
2018-08-28,7584.0,7579.75,0.0028429752066114755,-0.0005603902953587037,0.0022809917355370857
2018-08-29,7594.0,7666.25,0.0018800092351329845,0.009514090071108816,0.01141198588343939
2018-08-30,7652.0,7651.75,-0.0018587966737322326,-3.267119707262012e-05,-0.0018914071416924472
2018-08-31,7648.5,7658.5,-0.00042473943869048014,0.0013074459044257747,0.0008821511418957151
2018-09-04,7637.25,7636.5,-0.002774694783573839,-9.820288716488879e-05,-0.0028726251876999287
2018-09-05,7611.75,7533.25,-0.003241013553329397,-0.010313002923112324,-0.013520591894192413
2018-09-06,7537.75,7461.25,0.0005973517406165918,-0.010148917117176914,-0.00955762784986558
2018-09-07,7415.25,7427.5,-0.006165186798458677,0.0016520009440006422,-0.004523370748869104
2018-09-10,7474.25,7454.75,0.006294177044765981,-0.002608957420476954,0.003668798384382388
2018-09-11,7428.0,7514.0,-0.0035883161742513714,0.011577813677975168,0.0079479526476407
2018-09-12,7492.25,7490.25,-0.0028945967527282956,-0.0002669425072574505,-0.0031607665690710496
2018-09-13,7535.5,7564.0,0.00604118687627242,0.003782098069139428,0.009846133306631977
2018-09-14,7567.25,7549.25,0.00042966684294021285,-0.002378671247811326,-0.0019500264410364787
2018-09-17,7524.5,7440.25,-0.0032784713713283065,-0.01119675725961855,-0.014438520382819453
2018-09-18,7446.75,7496.25,0.000873626558247409,0.006647195085104141,0.007526628809515712
2018-09-19,7500.0,7490.5,0.0005002501250626068,-0.0012666666666666382,-0.0007670501917625971
2018-09-20,7553.0,7568.75,0.00834390227621662,0.002085264133456999,0.010446565649823158
2018-09-24,7503.5,7585.75,-0.008620974401321257,0.010961551276071235,0.002246077621800069
2018-09-25,7578.25,7593.5,-0.0009886959100945392,0.0020123379408174547,0.0010216524404311755
2018-09-26,7603.25,7580.75,0.0012839928886547725,-0.0029592608424029443,-0.0016790676236254631
2018-09-27,7629.75,7657.0,0.006463740395079576,0.0035715455945477537,0.010058371533159693
2018-09-28,7641.25,7661.5,-0.0020569413608463316,0.002650089972190406,0.000587697531670317
2018-10-01,7698.5,7667.0,0.004829341512758489,-0.004091706176527876,0.00071787508973431
2018-10-02,7662.5,7654.75,-0.0005869310029998909,-0.0010114192495921381,-0.0015977566192774129
2018-10-03,7690.0,7658.75,0.004604983833567333,-0.004063719115734665,0.0005225513570006335
2018-10-04,7627.25,7522.0,-0.004112942712583667,-0.013799206791438645,-0.017855394157009985
2018-10-05,7510.75,7425.25,-0.0014956128689178616,-0.011383683387145127,-0.01286227067269341
2018-10-08,7386.0,7385.0,-0.005286017305814572,-0.0001353912808015334,-0.0054206929059628095
2018-10-09,7382.0,7387.75,-0.0004062288422478355,0.0007789217014360084,0.0003723764387271178
2018-10-10,7342.0,7067.75,-0.006192683834726376,-0.037353582130209784,-0.04331494704070926
2018-10-11,7049.25,6986.25,-0.0026175232570478935,-0.00893712097031596,-0.011531251105373008
2018-10-12,7165.5,7171.25,0.025657541599570566,0.0008024562138022606,0.02648058686706034
2018-10-15,7138.25,7083.25,-0.004601708209865829,-0.007704969705459974,-0.01227122189297547
2018-10-16,7160.0,7285.75,0.010835421593195171,0.01756284916201123,0.028588571630254522
2018-10-17,7321.0,7298.5,0.004838211577394169,-0.003073350635159122,0.001749991421610586
2018-10-18,7261.25,7143.75,-0.005103788449681401,-0.016181786882423776,-0.02120298691511957
2018-10-19,7183.0,7111.25,0.0054943132108487,-0.00998886259223164,-0.004549431321084874
2018-10-22,7167.25,7154.5,0.007874846194410257,-0.001778924971223228,0.006081912462647221
2018-10-23,7003.5,7134.25,-0.021105597875462956,0.018669236810166412,-0.0028303864700538472
2018-10-24,7120.5,6816.75,-0.001927322423520339,-0.04265852117126612,-0.04450362687037879
2018-10-25,6915.25,7025.75,0.014449701103898427,0.01597917645782876,0.030659771885429343
2018-10-26,6825.0,6873.5,-0.02857346190798138,0.007106227106227214,-0.021670284311283483
2018-10-29,6965.0,6720.5,0.01331199534443872,-0.035104091888011446,-0.02225940205135668
2018-10-30,6671.0,6810.25,-0.007365523398556673,0.020873931944236146,0.013354661111524502
2018-10-31,6935.75,6963.75,0.018428104695128678,0.004037054392098893,0.022539554348225188
2018-11-01,6997.5,7073.75,0.004846526655896577,0.010896748838870929,0.01579608687847789
2018-11-02,7033.75,6967.5,-0.005654709312599371,-0.009418873289497087,-0.015020321611592169
2018-11-05,6955.5,6950.75,-0.0017222820236814096,-0.0006829128028179587,-0.0024040186580552847
2018-11-06,6943.5,7002.5,-0.0010430529079595852,0.008497155613163443,0.007445239722332131
2018-11-07,7067.75,7212.5,0.009318100678329166,0.020480350889604093,0.029989289539450237
2018-11-08,7179.75,7170.25,-0.00454072790294624,-0.001323165848393093,-0.005857885615251246
2018-11-09,7107.5,7039.0,-0.00875143823437119,-0.009637706647907085,-0.01830480108782817
2018-11-12,7001.0,6843.75,-0.005398494104276175,-0.02246107698900157,-0.027738315101576982
2018-11-13,6883.25,6826.5,0.005771689497716892,-0.008244651872298725,-0.002520547945205509
2018-11-14,6914.5,6778.25,0.012890939720207939,-0.0197049678212452,-0.007068043653409517
2018-11-15,6758.75,6904.5,-0.0028768487441448443,0.021564638431662564,0.01862575148452761
2018-11-16,6825.75,6880.5,-0.011405605040191169,0.008021096582793152,-0.0034759939170107
2018-11-19,6848.75,6656.0,-0.004614490226001022,-0.028143821865303842,-0.03262844270038512
2018-11-20,6486.5,6523.5,-0.02546574519230771,0.005704154783010784,-0.019906850961538436
2018-11-21,6614.25,6578.5,0.013911243964129794,-0.005404996787239713,0.008431056947957316
2018-11-27,6645.25,6707.5,-0.006948854933313431,0.009367593393777573,0.0023536444128964273
2018-11-28,6761.5,6917.0,0.008050689526649224,0.022997855505435094,0.031233693626537384
2018-11-29,6889.75,6898.75,-0.003939569177389024,0.0013062883268624148,-0.0026384270637559437
2018-11-30,6906.25,6947.75,0.00108715346983157,0.006009049773755715,0.007102736002899013
2018-12-03,7103.0,7057.5,0.022345363606923074,-0.006405744051809048,0.015796480875103436
2018-12-04,7030.0,6803.5,-0.0038965639390718954,-0.032219061166429586,-0.0359900814736096
2018-12-06,6661.25,6848.25,-0.020908355993238814,0.02807280915744048,0.006577496876607691
2018-12-07,6810.5,6614.5,-0.005512357171540194,-0.028779091109316535,-0.03413280765158977
2018-12-10,6605.75,6694.0,-0.0013228513115125518,0.013359573099193778,0.012019049058885845
2018-12-11,6789.5,6710.0,0.014266507319988131,-0.011709256940864554,0.0023902001792650562
2018-12-12,6802.5,6762.5,0.013785394932935846,-0.0058801911062109635,0.007824143070044753
2018-12-13,6804.0,6759.5,0.006136783733826201,-0.006540270429159278,-0.00044362292051758345
2018-12-14,6681.25,6601.5,-0.01157630002219101,-0.011936389148737181,-0.02337450994896073
2018-12-17,6572.25,6458.25,-0.004430811179277461,-0.017345657879721532,-0.021699613724153632
2018-12-18,6502.0,6482.0,0.006774280958463885,-0.0030759766225776364,0.0036774668060233218
2018-12-19,6477.5,6342.0,-0.0006942301758716685,-0.020918564260903105,-0.021598272138228958
2018-12-20,6320.5,6257.75,-0.0033900977609586658,-0.009928012024365107,-0.01328445285398927
2018-12-27,6188.5,6316.5,-0.01629311715148629,0.02068352589480482,0.004053409632808869
2018-12-28,6343.5,6284.5,0.0042745191165993734,-0.009300859147158502,-0.005066096730784508
2018-12-31,6353.5,6344.0,0.01097939374651924,-0.0014952388447312392,0.00946773808576662
2019-01-02,6215.75,6376.25,-0.020215952080706145,0.025821501830028515,0.005083543505674637
2019-01-03,6291.25,6174.25,-0.013330719466771224,-0.018597258096562652,-0.03168006273279744
2019-01-04,6261.75,6434.25,0.014171761752439505,0.02754820936639124,0.042110377778677544
2019-01-07,6441.5,6502.5,0.001126782453277464,0.009469843980439263,0.010607296887749085
2019-01-08,6569.5,6564.5,0.010303729334871115,-0.000761092929446705,0.009534794309880912
2019-01-09,6581.5,6613.75,0.0025896869525476873,0.004900098761680516,0.007502475436057532
2019-01-10,6560.25,6637.5,-0.0080892080892081,0.011775465874013902,0.0035910035910036164
2019-01-11,6590.5,6610.75,-0.007080979284369127,0.003072604506486609,-0.004030131826741945
2019-01-14,6548.0,6543.75,-0.009492115115531496,-0.0006490531459987237,-0.010135007374352356
2019-01-15,6581.0,6682.5,0.00569245463228274,0.015423187965354801,0.021203438395415386
2019-01-16,6689.5,6676.5,0.0010475121586233094,-0.0019433440466402052,-0.0008978675645342493
2019-01-17,6653.25,6724.25,-0.003482363513817144,0.010671476346146624,0.00715195087246312
2019-01-18,6776.0,6797.5,0.0076960255790607945,0.003172963400236206,0.010893408186786635
2019-01-22,6743.75,6668.0,-0.007907318867230617,-0.011232622798887815,-0.019051121735932375
2019-01-23,6698.75,6667.25,0.004611577684463075,-0.004702369845120402,-0.00011247750449905336
2019-01-24,6684.75,6700.5,0.0026247703325958938,0.0023561090541905916,0.0049870636319322426
2019-01-25,6756.5,6791.5,0.008357585254831656,0.005180196847480278,0.013581076039101525
2019-01-28,6695.25,6704.5,-0.014172126923360118,0.0013815764907956218,-0.012810130309946266
2019-01-29,6708.0,6636.25,0.0005220374375418668,-0.010696183661299985,-0.010179730032068068
2019-01-30,6717.25,6804.0,0.012205688453569508,0.012914511146674634,0.025277830099830423
2019-01-31,6854.25,6913.75,0.007385361552028291,0.008680745522850808,0.016130217519106482
2019-02-01,6878.5,6878.5,-0.005098535527029435,0.0,-0.005098535527029435
2019-02-04,6884.0,6965.0,0.0007995929345061548,0.011766414875072684,0.012575416151777263
2019-02-05,6974.75,7023.75,0.0013998564249819712,0.007025341410086483,0.008435032304379142
2019-02-06,7034.75,7003.25,0.0015661149670760377,-0.004477771065069858,-0.0029186688022779794
2019-02-07,6927.25,6910.75,-0.010852104380109195,-0.002381897578404124,-0.0132081533573698
2019-02-08,6854.0,6917.75,-0.008211843866439916,0.00930113802159327,0.0010129146619397567
2019-02-11,6952.25,6910.5,0.00498717068410981,-0.006005250098888859,-0.0010480286220230228
2019-02-12,6962.5,7013.5,0.007524781130164193,0.007324955116696508,0.014904854930902323
2019-02-13,7048.5,7016.75,0.004990375703999517,-0.0045045045045044585,0.0004633920296570615
2019-02-14,6992.0,7025.75,-0.003527274022873783,0.004826945080091516,0.0012826450992269312
2019-02-15,7078.0,7061.0,0.0074369284418034365,-0.002401808420457785,0.005017257943991771
2019-02-19,7044.5,7069.0,-0.0023367794929897157,0.0034778905529135873,0.0011329839966010002
2019-02-20,7083.0,7070.5,0.0019804781440091457,-0.001764788931243877,0.00021219408685801966
2019-02-21,7051.25,7044.0,-0.0027225797326921874,-0.001028186491756733,-0.0037479669047451036
2019-02-22,7061.75,7093.0,0.0025198750709825024,0.004425248698976869,0.006956274843838761
2019-02-25,7150.0,7120.0,0.00803609192161292,-0.004195804195804231,0.00380656985760619
2019-02-26,7104.0,7125.5,-0.0022471910112359383,0.003026463963963888,0.0007724719101123156
2019-02-27,7102.5,7125.5,-0.0032278436600939875,0.003238296374516114,0.0
2019-02-28,7104.75,7106.5,-0.0029120763455195986,0.00024631408564701474,-0.0026664795452950862
2019-03-01,7157.25,7154.5,0.007141349468796188,-0.0003842257850431574,0.006754379793147081
2019-03-04,7201.5,7152.5,0.006569292053951958,-0.006804138026800022,-0.00027954434272137174
2019-03-05,7156.0,7160.5,0.0004893393918210531,0.0006288429290106645,0.0011184900384479946
2019-03-06,7163.5,7119.25,0.0004189651560644325,-0.006177148042158187,-0.005760770895887113
2019-03-07,7095.75,7029.0,-0.0033009095059171045,-0.00940703942500798,-0.01267689714506448
2019-03-08,6946.75,7021.25,-0.011701522264902509,0.010724439486090587,-0.0011025750462370087
2019-03-11,7052.0,7160.0,0.004379562043795637,0.015314804310833763,0.019761438490297323
2019-03-12,7177.25,7203.0,0.0024092178770949157,0.0035877251036260382,0.006005586592178869
2019-03-13,7236.5,7255.25,0.004650839927807793,0.0025910315760382385,0.00725392197695407
2019-03-14,7265.25,7241.25,0.001378312256641756,-0.003303396304325412,-0.0019296371592983919
2019-03-18,7339.5,7359.25,0.01356809943034687,0.0026909189999317906,0.016295529086828964
2019-03-19,7391.75,7377.75,0.004416210891055483,-0.001894003449791959,0.002513843122600834
2019-03-20,7375.0,7411.0,-0.00037274236725293175,0.004881355932203402,0.004506794076784892
2019-03-21,7398.0,7522.75,-0.0017541492376197398,0.016862665585293257,0.015078936715692937
2019-03-22,7496.25,7364.25,-0.003522647967830861,-0.01760880440220114,-0.021069422750988664
2019-03-25,7329.75,7343.75,-0.0046847947856196726,0.0019100242163785364,-0.0027837186407305703
2019-03-26,7405.0,7375.0,0.00834042553191483,-0.004051316677920358,0.004255319148936065
2019-03-27,7397.25,7336.25,0.0030169491525424696,-0.008246307749501525,-0.005254237288135566
2019-03-28,7353.5,7347.0,0.0023513375362071987,-0.0008839328211055486,0.001465326290679858
2019-03-29,7401.0,7399.75,0.007349938750510487,-0.00016889609512227288,0.00717980127943374
2019-04-01,7475.5,7494.5,0.0102368323254165,0.0025416360109691283,0.012804486638062107
2019-04-02,7502.25,7524.0,0.0010340916672226808,0.0028991302609218117,0.003936219894589366
2019-04-03,7562.0,7571.0,0.005050505050504972,0.001190161332980777,0.006246677299308834
2019-04-04,7568.0,7567.0,-0.00039624884427424956,-0.00013213530655387107,-0.000528331792365555
2019-04-05,7592.0,7605.75,0.003303819215012549,0.0018111169652266224,0.005120919783269562
2019-04-08,7585.0,7624.75,-0.002728199059921721,0.005240606460118702,0.0024981099825789332
2019-04-09,7592.5,7593.0,-0.004229646873668003,6.58544616398693e-05,-0.004164070953145971
2019-04-10,7604.5,7639.25,0.0015145528776505657,0.0045696626997173695,0.006091136573159517
2019-04-11,7638.75,7616.75,-6.545145138592279e-05,-0.002880052364588437,-0.0029453153123670806
2019-04-12,7643.75,7651.75,0.0035448189844748956,0.00104660670482426,0.004595135720615762
2019-04-15,7652.75,7651.5,0.00013068905805857511,-0.00016333997582573812,-3.267226451464378e-05
2019-04-16,7673.5,7688.75,0.0028752532183231594,0.0019873590929824214,0.004868326471933582
2019-04-17,7726.0,7695.25,0.004844740692570237,-0.003980067305203172,0.0008453909933343606
2019-04-18,7709.25,7709.75,0.0018193041161755907,6.485715212245502e-05,0.0018842792631819094
2019-04-22,7672.5,7732.5,-0.004831544472907678,0.00782013685239491,0.0029508090405006016
2019-04-23,7746.0,7831.25,0.0017458777885548393,0.011005680351148905,0.012770772712576761
2019-04-24,7834.25,7806.25,0.0003830806065443504,-0.003574049845230909,-0.0031923383878691425
2019-04-25,7861.0,7825.75,0.007013610888710886,-0.004484162320315455,0.0024979983987190035
2019-04-26,7816.5,7844.0,-0.0011819953359103463,0.0035181986822747646,0.002332044851931059
2019-04-29,7841.0,7855.5,-0.00038245792962776637,0.001849253921693661,0.0014660887302395675
2019-04-30,7782.0,7801.5,-0.009356501814015705,0.002505782575173532,-0.006874164598052346
2019-05-01,7843.5,7759.75,0.0053835800807537915,-0.010677631159558887,-0.005351534961225424
2019-05-02,7754.75,7735.5,-0.0006443506556268463,-0.0024823495277088714,-0.003125100679789994
2019-05-03,7790.75,7858.25,0.007142395449550865,0.00866412091262081,0.015868398939952177
2019-05-06,7693.0,7809.25,-0.021028855024973758,0.015111139997400214,-0.006235484999840946
2019-05-07,7725.5,7663.75,-0.010724461375932415,-0.007993010161154612,-0.018631750808336234
2019-05-08,7638.5,7635.75,-0.0032947316914043734,-0.00036001832820575785,-0.003653563855814723
2019-05-09,7551.75,7592.5,-0.01100088399960708,0.005396100241665813,-0.005664145630750128
2019-05-10,7574.25,7600.5,-0.0024036878498517877,0.0034656896722446984,0.0010536713862363545
2019-05-13,7424.25,7336.5,-0.02318926386421949,-0.011819375694514633,-0.03473455693704364
2019-05-14,7375.25,7412.75,0.005281810127444997,0.00508457340429147,0.010393239283036815
2019-05-15,7364.25,7514.75,-0.006542781019189925,0.020436568557558488,0.013760075545512729
2019-05-16,7515.75,7593.0,0.00013307162580256104,0.010278415327811485,0.010412854719052511
2019-05-17,7520.75,7509.5,-0.009515343079151806,-0.0014958614499883671,-0.010996970894244673
2019-05-20,7408.25,7392.5,-0.013482921632598677,-0.0021260081665710473,-0.015580264997669624
2019-05-21,7453.0,7465.0,0.008183970240108307,0.0016100898966859845,0.009807237064592522
2019-05-22,7426.75,7432.5,-0.005123911587407881,0.0007742282963612013,-0.004353650368385753
2019-05-23,7339.25,7314.25,-0.012546249579549307,-0.003406342609939661,-0.015909855364951264
2019-05-24,7367.0,7305.75,0.007211949277096119,-0.008314103434233777,-0.0011621150493899002
2019-05-28,7336.0,7289.75,0.004140574205249381,-0.006304525627044755,-0.0021900557779831464
2019-05-29,7239.75,7224.25,-0.006858945780033654,-0.002140957906004992,-0.008985218971844011
2019-05-30,7249.0,7252.25,0.003425961172440095,0.0004483377017518997,0.003875834861750249
2019-05-31,7170.25,7137.5,-0.011306835809576365,-0.004567483700010477,-0.015822675721327895
2019-06-03,7121.25,6981.25,-0.0022767075306480145,-0.019659469896436743,-0.02189141856392296
2019-06-04,7066.5,7177.5,0.012211280214861286,0.015707917639566915,0.028111011638316974
2019-06-05,7238.75,7230.25,0.008533611981887734,-0.0011742358832671496,0.007349355625217768
2019-06-06,7233.25,7278.75,0.00041492341205362493,0.006290395050634334,0.006707928494865234
2019-06-07,7316.5,7414.0,0.005186330070410472,0.013326043873436832,0.018581487205907576
2019-06-10,7474.25,7508.25,0.008126517399514421,0.004548951399806045,0.012712435932020538
2019-06-11,7594.75,7516.25,0.011520660606666011,-0.010336087428815977,0.001065494622581875
2019-06-12,7502.25,7472.25,-0.0018626309662398421,-0.003998800359892085,-0.005853983036753663
2019-06-13,7510.25,7518.25,0.0050854829535949,0.0010652108784661163,0.00615611094382551
2019-06-14,7476.5,7481.75,-0.005553153991952886,0.0007022002273791017,-0.0048548531905696635
2019-06-17,7503.0,7529.75,0.002840244595181618,0.0035652405704384993,0.006415611320880865
2019-06-18,7606.0,7638.0,0.010126498223712588,0.0042072048382855165,0.014376307314319936
2019-06-19,7655.75,7671.5,0.002323906781880103,0.0020572772099403114,0.004385964912280604
2019-06-20,7770.25,7745.25,0.012872319624584572,-0.003217399697564405,0.009613504529752959
2019-06-24,7769.75,7756.5,0.0031632290758851767,-0.0017053315743750241,0.0014525031470902228
2019-06-25,7747.25,7627.75,-0.0011925481853929387,-0.015424828164832705,-0.016598981499387655
2019-06-26,7671.5,7657.5,0.005735636327881766,-0.0018249364531056633,0.003900232702959583
2019-06-27,7684.0,7688.5,0.00346065948416574,0.0005856324830817439,0.004048318641854287
2019-06-28,7707.25,7701.75,0.00243870716004424,-0.0007136138051834218,0.0017233530597646762
2019-07-01,7846.0,7792.75,0.018729509527055432,-0.006786897782309453,0.011815496478073229
2019-07-02,7790.25,7823.0,-0.00032081101023384573,0.00420397291486152,0.0038818132238298553
2019-07-05,7836.25,7866.75,0.0016937236354339635,0.003892167809858016,0.0055924837019045714
2019-07-08,7810.5,7811.5,-0.0071503479836019235,0.00012803277639084065,-0.007023230686115656
2019-07-09,7771.5,7847.75,-0.005120655443896838,0.009811490703210524,0.00464059399603145
2019-07-10,7901.75,7928.75,0.006880953139434931,0.003416964596450134,0.010321429709152286
2019-07-11,7938.25,7922.25,0.0011981712123600996,-0.0020155575851100727,-0.000819801355825267
2019-07-12,7926.25,7966.25,0.0005049070655431809,0.005046522630499872,0.005553977720975656
2019-07-15,7976.75,7986.75,0.0013180605680214175,0.001253643401134541,0.0025733563470893284
2019-07-16,7977.0,7946.5,-0.0012207719034651454,-0.0038234925410555176,-0.005039596832253412
2019-07-17,7948.75,7916.0,0.00028314352230540685,-0.004120144676835968,-0.0038381677468067865
2019-07-18,7874.5,7919.25,-0.005242546740778176,0.005682900501619237,0.0004105608893381074
2019-07-19,7966.25,7852.25,0.005934905451905115,-0.014310371881374517,-0.008460397133566944
2019-07-22,7879.75,7918.0,0.0035021809035626905,0.004854214917985988,0.008373396160336277
2019-07-23,7958.5,7970.25,0.00511492801212432,0.0014764088710184087,0.006598888608234432
2019-07-24,7942.5,8026.5,-0.003481697562811692,0.010576015108592962,0.007057495059753505
2019-07-25,7990.5,7949.0,-0.004485142963931987,-0.005193667480132613,-0.009655516102909156
2019-07-26,8004.25,8027.0,0.00695055981884507,0.0028422400599681374,0.009812555038369641
2019-07-29,8022.25,8002.75,-0.0005917528341846667,-0.0024307395057496795,-0.0030210539429426086
2019-07-30,7947.75,7965.75,-0.006872637530848769,0.0022647919222420487,-0.004623410702570996
2019-07-31,7981.0,7863.75,0.0019144462228917192,-0.014691141460969837,-0.012804820638357972
2019-08-01,7887.5,7813.25,0.0030201875695436975,-0.009413629160063386,-0.0064218725162931145
2019-08-02,7749.25,7698.0,-0.00819121364349018,-0.006613543246120623,-0.014750583943941353
2019-08-05,7526.0,7425.5,-0.022343465835281906,-0.013353707148551663,-0.035398804884385515
2019-08-06,7503.25,7528.0,0.010470675375395588,0.0032985706193982,0.0138037842569525
2019-08-07,7446.25,7566.0,-0.010859458023379398,0.016081920429746432,0.005047821466525049
2019-08-08,7609.75,7736.0,0.0057824477927570506,0.01659055816551125,0.02246893999471311
2019-08-09,7697.25,7655.0,-0.0050090486039297,-0.0054889733346324965,-0.010470527404343288
2019-08-12,7618.0,7567.0,-0.004833442194643989,-0.006694670517196077,-0.011495754408883063
2019-08-13,7564.0,7740.5,-0.00039645830580148367,0.023334214701216327,0.022928505352187045
2019-08-14,7615.25,7505.25,-0.016181125250306794,-0.014444699780046588,-0.0303920935340094
2019-08-15,7531.25,7498.5,0.0034642416974783874,-0.0043485477178423215,-0.0008993704406915493
2019-08-16,7567.25,7604.5,0.009168500366740107,0.004922527998942883,0.01413616056544642
2019-08-19,7726.0,7726.5,0.015977381813399916,6.471654154793782e-05,0.01604313235584187
2019-08-20,7717.25,7673.25,-0.00119717854138357,-0.0057015128446014085,-0.006891865657153939
2019-08-21,7747.75,7745.0,0.009709054181735288,-0.00035494175728434385,0.009350666275698138
2019-08-22,7756.75,7712.25,0.0015171078114912806,-0.005736938795242841,-0.004228534538411877
2019-08-23,7667.5,7482.25,-0.005802457129890803,-0.024160417345940655,-0.029822684689941314
2019-08-26,7548.75,7590.5,0.008887700892111328,0.005530717006126951,0.014467573256707444
2019-08-27,7633.75,7557.0,0.005697911863513649,-0.010054036351727524,-0.004413411501218656
2019-08-28,7543.0,7596.5,-0.0018525870054254545,0.00709266869945635,0.0052269419081645285
2019-08-29,7687.25,7711.0,0.011946291055091152,0.0030895313668737323,0.015072730862897288
2019-08-30,7747.75,7691.25,0.004765918817273951,-0.007292439740569812,-0.0025612760990791905
2019-09-03,7630.75,7611.75,-0.007866081586218154,-0.0024899256298529515,-0.010336421257923
2019-09-04,7687.75,7723.0,0.009984563339573649,0.004585216740919051,0.014615561467468119
2019-09-05,7812.25,7860.75,0.01155639000388442,0.006208198662357223,0.017836333031205465
2019-09-06,7872.0,7856.0,0.001431161148745419,-0.002032520325203291,-0.000604268040581335
2019-09-09,7877.5,7834.75,0.0027367617107942888,-0.005426848619485836,-0.002704938900203624
2019-09-10,7793.75,7812.75,-0.0052330961421870326,0.002437850842020861,-0.002808002808002863
2019-09-11,7818.25,7888.5,0.0007039774727208847,0.00898538675534799,0.009695689737928337
2019-09-12,7933.25,7921.25,0.005672814857070385,-0.0015126209308921057,0.004151613107688412
2019-09-13,7904.5,7898.0,-0.0021145652516963986,-0.0008223164020494389,-0.0029351428120562018
2019-09-16,7839.5,7858.0,-0.007406938465434276,0.0023598443778303224,-0.005064573309698672
2019-09-17,7852.75,7894.5,-0.0006681089335708323,0.0053166088313010285,0.004644947823873702
2019-09-18,7873.75,7892.25,-0.0026284121856988696,0.002349579298301263,-0.00028500855025648253
2019-09-19,7905.5,7901.75,0.0016788621749184163,-0.0004743532983365606,0.0012037125027717366
2019-09-23,7841.0,7843.0,-0.007688170342012857,0.0002550695064404973,-0.007435061853386937
2019-09-24,7876.25,7736.75,0.004239449190360789,-0.017711474369147773,-0.013547112074461354
2019-09-25,7728.5,7823.75,-0.0010663392251267778,0.01232451316555605,0.011245031828610141
2019-09-26,7808.25,7796.25,-0.00198114714810671,-0.0015368360388050561,-0.0035149384885764245
2019-09-27,7800.25,7703.75,0.0005130671797337616,-0.012371398352616914,-0.011864678531345207
2019-09-30,7723.75,7773.25,0.0025961382443615566,0.006408804013594338,0.009021580399156237
2019-10-01,7807.75,7702.0,0.004438298009198149,-0.013544234894816043,-0.009166050236387613
2019-10-02,7643.0,7569.5,-0.007660347961568448,-0.00961664267957607,-0.01720332381199685
2019-10-03,7558.25,7655.5,-0.0014862276240174,0.012866735024641862,0.011361384503600025
2019-10-04,7690.0,7759.5,0.0045065639083012865,0.009037711313393926,0.013585004245313836
2019-10-07,7740.25,7737.0,-0.0024808299503834563,-0.00041988307871188013,-0.0028996713705780053
2019-10-08,7676.75,7623.75,-0.00778725604239372,-0.00690396326570486,-0.014637456378441271
2019-10-09,7683.5,7690.0,0.007837350385309083,0.0008459686340860362,0.008689949171995393
2019-10-10,7694.0,7758.0,0.000520156046813991,0.008318170002599379,0.008842652795838735
2019-10-11,7852.25,7840.25,0.012148749677751924,-0.0015282243942819074,0.010601959267852568
2019-10-14,7859.5,7850.0,0.0024552788495264544,-0.0012087282906037,0.0012435827939161204
2019-10-15,7876.0,7954.5,0.0033121019108279803,0.009966988318943715,0.01331210191082799
2019-10-16,7921.75,7930.75,-0.00411716638380788,0.0011361126013822442,-0.00298573134703628
2019-10-17,7984.0,7952.5,0.006714371276361097,-0.003945390781563085,0.002742489676260229
2019-10-18,7947.5,7875.5,-0.0006287331027978738,-0.009059452658068623,-0.009682489783087056
2019-10-21,7922.75,7943.5,0.005999619071805018,0.0026190401060237622,0.008634372420798675
2019-10-22,7980.75,7884.75,0.004689368666205063,-0.01202894464805937,-0.007395984137974487
2019-10-23,7871.25,7898.5,-0.0017121658898506809,0.003461966015563034,0.0017438726655887304
2019-10-24,7954.75,7983.5,0.007121605368107797,0.0036141927779000937,0.010761537000696375
2019-10-25,7941.75,8036.0,-0.005229535917830486,0.011867661409638908,0.006576063130206089
2019-10-28,8085.5,8114.75,0.006159780985564911,0.0036175870385257713,0.009799651567944156
2019-10-29,8111.0,8053.75,-0.00046212144551582846,-0.0070583158673406254,-0.007517175513724994
2019-10-30,8063.25,8091.0,0.0011795747322675965,0.0034415403218306384,0.004625174608101856
2019-10-31,8109.5,8099.0,0.0022864911630207096,-0.0012947777298230045,0.0009887529353602709
2019-11-01,8127.0,8163.25,0.0034572169403630504,0.004460440506952157,0.007933078157797313
2019-11-04,8227.0,8215.0,0.007809389642605691,-0.0014586118876869225,0.006339386886350384
2019-11-05,8221.5,8213.0,0.0007912355447352581,-0.0010338745970930319,-0.00024345709068773758
2019-11-06,8205.25,8203.25,-0.000943625958845784,-0.00024374638188962017,-0.0011871423353220223
2019-11-07,8240.75,8229.25,0.004571358912626167,-0.001395504049995444,0.0031694755127540386
2019-11-08,8215.5,8261.75,-0.0016708691557554278,0.005629602580488058,0.00394932709542184
2019-11-11,8212.75,8249.25,-0.005930946833297979,0.00444430915345051,-0.0015129966411474571
2019-11-12,8257.25,8271.25,0.0009697851319816486,0.001695479729934224,0.0026669091129496447
2019-11-13,8241.5,8270.0,-0.003596796131177249,0.003458108354061684,-0.00015112588786458936
2019-11-14,8240.25,8264.5,-0.0035973397823457764,0.002942871878887088,-0.0006650544135429204
2019-11-15,8315.0,8319.0,0.006110472502873776,0.00048105832832234796,0.006594470324883472
2019-11-18,8306.5,8333.25,-0.0015025844452458692,0.0032203695900800966,0.0017129462675802287
2019-11-19,8361.5,8343.0,0.0033900339003389846,-0.0022125216767326927,0.0011700117001169907
2019-11-20,8320.0,8288.0,-0.0027568021095528694,-0.0038461538461538325,-0.00659235287067006
2019-11-21,8283.0,8270.75,-0.0006032818532818451,-0.001478932753833151,-0.0020813223938224157
2019-11-22,8293.25,8280.0,0.0027204304325485484,-0.0015976848641967578,0.0011183991778254132
2019-11-25,8325.0,8373.25,0.005434782608695565,0.0057957957957957,0.01126207729468609
2019-11-26,8384.0,8393.75,0.0012838503567909054,0.00116292938931295,0.0024482727734154164
2019-11-27,8409.5,8451.25,0.0018763961280714447,0.004964623342648133,0.006850335070737179
2019-12-03,8200.25,8257.25,-0.014244928625093967,0.006951007591232017,-0.007392937640871566
2019-12-04,8297.75,8297.5,0.004904780647309925,-3.012864933260584e-05,0.004874504223561171
2019-12-05,8312.25,8310.25,0.0017776438686352147,-0.00024060874011244682,0.001536607411871005
2019-12-06,8377.75,8397.25,0.008122499323125032,0.0023275939243829757,0.010468999127583478
2019-12-09,8393.25,8364.0,-0.0004763464229360359,-0.003484943257975104,-0.003959629640656215
2019-12-10,8362.0,8359.25,-0.0002391200382592107,-0.00032886869170056787,-0.0005679100908656531
2019-12-11,8374.0,8403.75,0.001764512366539961,0.003552663004537937,0.005323444088883633
2019-12-12,8391.25,8460.5,-0.0014874312063066775,0.008252644123342812,0.006752937676632431
2019-12-13,8454.5,8491.75,-0.0007091779445659308,0.004405937666331461,0.0036936351279475144
2019-12-16,8553.5,8573.5,0.007271763770718698,0.0023382241187817066,0.009626990902935173
2019-12-17,8585.5,8578.25,0.0013996617484108853,-0.0008444470327878539,0.0005540327754125496
2019-12-18,8591.0,8582.25,0.001486317139276716,-0.0010185077406588139,0.00046629557310651215
2019-12-19,8597.5,8640.5,0.0017769233009992114,0.005001453911020581,0.006787264412013272
2019-12-23,8729.75,8723.25,0.010329263352815143,-0.0007445803144420227,0.00957699207221796
2019-12-26,8744.25,8800.5,0.002407359642335072,0.006432798696286213,0.00885564439858988
2019-12-27,8827.0,8790.5,0.0030111925458780053,-0.00413504021751443,-0.0011362990739162138
2019-12-30,8781.75,8736.25,-0.0009953927535407692,-0.005181199646995149,-0.0061714350719527244
2019-12-31,8697.75,8759.0,-0.004406925168121356,0.007042051105170977,0.002604092144798953
2020-01-02,8826.0,8885.0,0.007649275031396341,0.006684794924088022,0.014385203790387102
2020-01-03,8791.5,8810.75,-0.010523353967360705,0.002189614969004161,-0.00835678109172766
2020-01-06,8739.75,8866.0,-0.008058337825951223,0.014445493292142286,0.0062707488011803925
2020-01-07,8862.0,8861.25,-0.0004511617414842961,-8.463100880162777e-05,-0.0005357545680125808
2020-01-08,8849.75,8933.25,-0.0012977853011708618,0.0094352947823384,0.008125264494286855
2020-01-09,9010.75,9004.5,0.008675454062071486,-0.0006936159587159763,0.007975820669968936
2020-01-10,9034.75,8980.75,0.0033594313954135036,-0.005976922438363008,-0.002637570103836917
2020-01-13,9027.25,9082.75,0.0051777412799598466,0.006148051732255189,0.011357626033460466
2020-01-14,9083.5,9053.75,8.257411026391104e-05,-0.003275169262949351,-0.003192865596873151
2020-01-15,9054.25,9055.5,5.5225735192676595e-05,0.0001380567136979316,0.00019329007317403502
2020-01-16,9095.25,9134.0,0.004389597482193253,0.004260465627662802,0.008668764839047993
2020-01-17,9169.75,9182.25,0.003913947887015601,0.001363177840181029,0.005282461134223704
2020-01-21,9158.75,9183.5,-0.0025592855781535473,0.0027023338337655023,0.00013613221160380107
2020-01-22,9215.75,9200.25,0.003511732999400996,-0.0016819032634348696,0.0018239233407741917
2020-01-23,9192.75,9234.25,-0.0008151952392597694,0.004514427130075438,0.003695551751311088
2020-01-24,9276.5,9150.25,0.004575358042071542,-0.013609658815285974,-0.009096569835124635
2020-01-27,8933.75,8962.75,-0.023660555722521237,0.003246117251993752,-0.02049124340865005
2020-01-28,9030.75,9100.0,0.007586957128113525,0.007668244608697972,0.015313380379905706
2020-01-29,9148.75,9110.25,0.005357142857142838,-0.004208225167372626,0.001126373626373578
2020-01-30,9055.25,9153.5,-0.0060371559507148564,0.010850059357831121,0.0047473999066984796
2020-01-31,9169.75,9000.0,0.0017752772163652786,-0.018511955069658415,-0.016769541705358604
2020-02-03,9059.5,9129.0,0.006611111111111123,0.0076715050499476245,0.014333333333333309
2020-02-04,9262.5,9340.5,0.0146237265856064,0.008421052631578885,0.02316792638843257
2020-02-05,9449.75,9380.75,0.01169637599700235,-0.007301780470382768,0.004309191156790293
2020-02-06,9385.5,9452.0,0.000506356101590999,0.007085397687922823,0.007595341523865429
2020-02-07,9399.75,9406.75,-0.005527930596699093,0.0007447006569323289,-0.004787346593313591
2020-02-10,9389.25,9521.0,-0.0018603662263799725,0.014032004686210353,0.012145533792223606
2020-02-11,9577.0,9527.75,0.005881735111858077,-0.0051425289756709125,0.0007089591429472186
2020-02-12,9592.5,9621.5,0.006795938180577776,0.003023195204586937,0.009839678832882948
2020-02-13,9544.0,9610.5,-0.008054877098165547,0.006967728415758545,-0.0011432728784492863
2020-02-14,9620.5,9628.25,0.001040528588522882,0.000805571435996022,0.0018469382446282268
2020-02-18,9580.0,9638.5,-0.005011294887440565,0.006106471816283987,0.0010645755978500038
2020-02-19,9690.25,9735.0,0.005369092701146494,0.004618043910115777,0.010011931317113643
2020-02-20,9710.5,9637.0,-0.002516692347200866,-0.007569126203594068,-0.010066769388803243
2020-02-21,9600.25,9458.5,-0.003813427415170656,-0.014765240488528897,-0.018522361730829107
2020-02-24,9080.25,9079.75,-0.03999048474916744,-5.506456320036879e-05,-0.04004334725379288
2020-02-25,9187.75,8851.5,0.011894600622263773,-0.03659764360153461,-0.025138357333627015
2020-02-26,8921.5,8867.5,0.007908264136022192,-0.006052793812699631,0.0018076032310907486
2020-02-27,8683.75,8462.5,-0.02072173667888355,-0.025478623866417194,-0.04567239921060051
2020-03-02,8579.25,8870.25,0.01379615952732638,0.033919048867907975,0.04818316100443121
2020-03-03,8865.25,8605.75,-0.0005636819706321683,-0.029271594145681146,-0.029818776246441803
2020-03-04,8764.5,8916.75,0.018446968596577795,0.01737121341776482,0.03613862824274472
2020-03-05,8726.25,8654.0,-0.021364286315081138,-0.008279616100845155,-0.029467014326968854
2020-03-06,8405.75,8513.25,-0.02868615669054775,0.012788864765190588,-0.01626415530390568
2020-03-09,7922.75,7890.75,-0.06936246439373916,-0.004039001609289716,-0.07312131089771823
2020-03-10,8227.0,8374.75,0.042613186325761276,0.01795915886714483,0.06133764217596549
2020-03-11,8161.5,7986.25,-0.02546344667004985,-0.02147276848618518,-0.04638944446102866
2020-03-12,7504.25,7270.75,-0.06035373297855684,-0.03111570110270845,-0.0895914853654719
2020-03-13,7697.0,7883.5,0.05862531375717772,0.024230219566064637,0.0842760375477083
2020-03-16,7396.25,7034.0,-0.061806304306462834,-0.0489775223931046,-0.10775670704636264
2020-03-17,7216.25,7403.5,0.025909866363377887,0.02594838039147751,0.05253056582314475
2020-03-18,7027.5,7170.25,-0.05078679003174169,0.02031305585200993,-0.031505369082190815
2020-03-19,7170.75,7256.25,6.973257557274515e-05,0.011923438970818934,0.011994002998500841
2020-03-23,6955.75,6955.25,-0.041412575366063686,-7.18829745174343e-05,-0.04148148148148145
2020-03-24,7362.0,7501.5,0.058481003558463085,0.018948655256723734,0.07853779519068338
2020-03-25,7491.0,7479.75,-0.0013997200559887624,-0.0015018021625951006,-0.0028994201159767696
2020-03-26,7590.75,7841.0,0.014840068184097,0.03296775680927455,0.04829706875229789
2020-03-27,7672.0,7581.0,-0.02155337329422269,-0.01186131386861311,-0.03315903583726565
2020-03-30,7677.75,7858.75,0.012762168579343092,0.023574614958809637,0.03663764674845016
2020-03-31,7830.25,7776.5,-0.0036265309368538334,-0.006864404073943953,-0.010466041037060614
2020-04-01,7582.5,7460.25,-0.024946955571272467,-0.016122650840751707,-0.04066739535780883
2020-04-02,7464.75,7613.0,0.0006031969438020646,0.019860008707592414,0.02047518514795077
2020-04-03,7588.5,7515.0,-0.0032181794299225297,-0.009685708638070722,-0.012872717719690008
2020-04-06,7790.5,8023.25,0.03666001330671986,0.029876131185418098,0.06763140385894872
2020-04-07,8265.5,8041.25,0.0301935001402176,-0.02713084507894259,0.00224347988657958
2020-04-08,8136.0,8204.75,0.011782993937509811,0.00845009832841681,0.020332659723301783
2020-04-09,8260.0,8217.75,0.0067339041408940314,-0.005115012106537531,0.0015844480331514976
2020-04-13,8184.5,8322.0,-0.004046119679961047,0.016800048872869455,0.01268595418453966
2020-04-14,8476.25,8674.0,0.01853520788272056,0.023329892346261705,0.04229752463350156
2020-04-15,8539.25,8591.75,-0.015534931980631828,0.00614808092045549,-0.009482361079086954
2020-04-16,8679.75,8743.0,0.010242383682020462,0.00728707624067515,0.01760409695347276
2020-04-17,8859.25,8805.0,0.013296351366807624,-0.006123543189321845,0.007091387395630866
2020-04-20,8739.5,8721.25,-0.007438955139125514,-0.002088220149894182,-0.009511641113003955
2020-04-21,8625.75,8433.5,-0.010950265156944194,-0.022287916992725254,-0.032994123548803156
2020-04-22,8566.0,8641.5,0.015711151953518687,0.008813915479803924,0.02466354419873129
2020-04-23,8670.5,8619.5,0.0033558988601516404,-0.005882013724698654,-0.0025458543077011564
2020-04-24,8659.25,8775.25,0.00461163640582396,0.013396079337125055,0.018069493590115338
2020-04-27,8847.75,8823.0,0.008261872881114574,-0.0027973213528863505,0.0054414404148031
2020-04-28,8892.75,8671.25,0.007905474328459672,-0.024907930617637963,-0.017199365295251012
2020-04-29,8846.0,8967.75,0.020152803805679742,0.01376328283970163,0.034193455384171845
2020-04-30,9001.75,8964.25,0.0037913634969752863,-0.004165856638986831,-0.0003902874188063121
2020-05-01,8804.25,8717.5,-0.01784867668795498,-0.009853195899707567,-0.027526006079705456
2020-05-04,8665.75,8813.5,-0.0059363349584169445,0.017049880275798346,0.011012331517063378
2020-05-05,8901.75,8918.25,0.010013048164747351,0.001853568118628468,0.011885176150224108
2020-05-06,8984.5,8957.75,0.007428587447088741,-0.002977349880349478,0.004429120062792613
2020-05-07,9087.0,9093.5,0.014428846529541461,0.0007153075822603494,0.01515447517512758
2020-05-08,9150.25,9217.0,0.006240721394402682,0.007294882653479329,0.013581129378127166
2020-05-11,9155.75,9294.75,-0.00664532928284689,0.015181716407721924,0.008435499620266906
2020-05-12,9332.0,9105.75,0.0040076387207832465,-0.024244534933561934,-0.020334059549745875
2020-05-13,9122.5,8984.5,0.001839497021113079,-0.015127432173198119,-0.013315762018504818
2020-05-14,8942.75,9089.75,-0.004646891869330538,0.01643789662016726,0.011714619622683609
2020-05-15,8969.25,9138.5,-0.01325669022800402,0.01887002815174066,0.005363183805935368
2020-05-18,9271.0,9325.75,0.014499097226021718,0.0059055118110236116,0.020490233626962784
2020-05-19,9319.0,9288.75,-0.0007238023751441336,-0.0032460564438244743,-0.003967509315604634
2020-05-20,9424.75,9482.75,0.014641367245323611,0.006154009390169524,0.02088547974700572
2020-05-21,9487.25,9377.5,0.0004745458859507501,-0.011568157263695977,-0.011099100999182765
2020-05-22,9360.0,9409.0,-0.0018661690215941995,0.0052350427350427164,0.003359104238869648
2020-05-26,9558.0,9395.25,0.015835901796152685,-0.017027620841180147,-0.001461366776490558
2020-05-27,9374.25,9430.25,-0.0022351720284186083,0.005973811238232374,0.00372528671403094
2020-05-28,9407.25,9441.5,-0.002438959730654,0.003640808950543528,0.0011929694334720242
2020-05-29,9431.5,9562.75,-0.0010591537361648307,0.013916132110480817,0.01284223905099835
2020-06-01,9514.0,9583.75,-0.005097905937099689,0.007331301240277588,0.0021960210190583584
2020-06-02,9590.75,9651.25,0.0007304030259553951,0.006308161509787968,0.007043172035998468
2020-06-03,9676.25,9687.5,0.002590338039114126,0.0011626404857254524,0.0037559901567154608
2020-06-04,9672.25,9628.25,-0.0015741935483870595,-0.004549096642456507,-0.006116129032258111
2020-06-05,9677.0,9811.0,0.005063225404408955,0.013847266714891004,0.018980603951912256
2020-06-08,9813.0,9890.75,0.00020385281826529322,0.00792316315092223,0.008128631128325292
2020-06-09,9865.0,9962.75,-0.0026034426105199238,0.009908768373035892,0.0072795288527158775
2020-06-10,10042.75,10099.25,0.008029911420039726,0.005625949067735503,0.01370103636044262
2020-06-11,9926.5,9620.5,-0.017105230586429654,-0.03082657532866573,-0.04740451023590864
2020-06-12,9795.75,9659.5,0.01821630892365267,-0.013909093229206526,0.004053843355334985
2020-06-15,9545.0,9783.75,-0.011853615611574053,0.025013095861707635,0.012862984626533569
2020-06-16,9985.0,9954.25,0.020569822409607808,-0.0030796194291436985,0.01742685575571734
2020-06-17,10000.75,9988.75,0.0046713715247255205,-0.0011999100067494606,0.0034658562925382608
2020-06-18,9969.25,10010.25,-0.0019521962207483812,0.004112646387641972,0.0021524214741583947
2020-06-22,9997.25,10115.25,-0.0012986688644139877,0.011803245892620495,0.01048924852026678
2020-06-23,10177.0,10211.5,0.0061046439781518025,0.0033899970521764633,0.009515335755418741
2020-06-24,10174.75,10009.0,-0.003598883611614312,-0.016290326543649702,-0.01983058316603825
2020-06-25,10005.75,10092.5,-0.00032470776301329884,0.008670014741523513,0.008342491757418413
2020-06-26,10079.75,9868.25,-0.0012633143423333992,-0.02098266326049758,-0.02221946990339363
2020-06-29,9839.25,9959.25,-0.0029387176044384233,0.012196051528317708,0.009221493172548278
2020-07-01,10157.25,10259.5,0.019881015136681945,0.010066701124812338,0.030147852498933148
2020-07-02,10370.75,10337.5,0.010843608362980595,-0.003206132632644687,0.007602709683707687
2020-07-06,10480.0,10591.75,0.013784764207980693,0.010663167938931295,0.024594921402660175
2020-07-07,10575.0,10522.0,-0.0015814195010267484,-0.005011820330969252,-0.006585314041589019
2020-07-08,10574.75,10647.25,0.005013305455236594,0.006855954041466772,0.011903630488500294
2020-07-09,10732.0,10732.25,0.007959801826762813,2.3294819232244635e-05,0.007983282068139586
2020-07-10,10737.75,10823.25,0.0005124740851172316,0.00796256198924361,0.008479116681031407
2020-07-13,10938.5,10612.25,0.010648372716143495,-0.029825844494217657,-0.019495068486822364
2020-07-14,10497.5,10667.75,-0.010812975570684835,0.01621814717789949,0.0052298051779782195
2020-07-15,10726.25,10689.0,0.0054838180497294164,-0.0034727887192634865,0.0019919851890042306
2020-07-16,10597.5,10599.5,-0.008560202076901446,0.00018872375560263777,-0.008373093834783463
2020-07-17,10636.5,10633.25,0.0034907306948441796,-0.00030555163822687526,0.00318411245813488
2020-07-20,10662.5,10940.0,0.0027508052570945907,0.026025791324736147,0.028848188465426805
2020-07-21,10986.75,10832.25,0.004273308957952526,-0.014062393337429202,-0.009849177330895742
2020-07-22,10829.75,10843.5,-0.00023079231000022737,0.0012696507306262372,0.0010385653950011342
2020-07-23,10826.25,10566.25,-0.001590814773827609,-0.024015702574760378,-0.025568312814128302
2020-07-24,10388.25,10471.25,-0.016846090145510417,0.007989796163935248,-0.008990890807997198
2020-07-27,10546.25,10662.75,0.007162468664199562,0.011046580538105921,0.01828816998925631
2020-07-28,10632.25,10535.5,-0.002860425312419368,-0.0090996731641938,-0.011934069541159609
2020-07-29,10587.25,10645.75,0.004911964311138606,0.005525514179791635,0.010464619619382054
2020-07-30,10570.5,10690.5,-0.007068548481788506,0.011352348517099431,0.004203555409435733
2020-07-31,10864.0,10896.25,0.01622936251812357,0.00296851988217961,0.01924605958561343
2020-08-03,10988.5,11033.25,0.008466215441092162,0.004072439368430603,0.012573132958586752
2020-08-04,11028.25,11080.5,-0.00045317562821467483,0.0047378323850111315,0.004282509686629021
2020-08-05,11084.5,11109.5,0.00036099453995763753,0.0022554016870404148,0.002617210414692428
2020-08-06,11110.0,11250.5,4.500652594630061e-05,0.012646264626462678,0.012691840316845893
2020-08-07,11218.5,11125.0,-0.0028443180303097115,-0.008334447564291136,-0.011155059775121101
2020-08-10,11134.5,11086.25,0.0008539325842695789,-0.004333378238807306,-0.003483146067415732
2020-08-11,11026.75,10864.25,-0.0053670086819258556,-0.014736889836080458,-0.02002480550231145
2020-08-12,10968.0,11130.0,0.009549669788526671,0.014770240700218817,0.024460961410129656
2020-08-13,11168.75,11169.0,0.003481581311769899,2.2383883603760424e-05,0.0035040431266846195
2020-08-14,11191.25,11154.25,0.0019921210493329955,-0.00330615436166648,-0.0013206195720297798
2020-08-17,11224.75,11282.25,0.006320460810901762,0.005122608521347827,0.0114754465786584
2020-08-18,11335.0,11392.25,0.00467548582951105,0.005050727834142066,0.009749828270070315
2020-08-19,11398.25,11317.5,0.0005266738352827094,-0.007084420854078455,-0.006561478197897652
2020-08-20,11283.75,11477.5,-0.0029821073558647937,0.017170710091946484,0.014137397835211063
2020-08-21,11482.5,11557.75,0.0004356349379219804,0.006553450903548974,0.006991940753648507
2020-08-24,11695.0,11619.5,0.011875148709740158,-0.006455750320649822,0.005342735393999654
2020-08-25,11602.25,11715.25,-0.0014845733465295163,0.009739490185093347,0.008240457851026228
2020-08-26,11778.5,11965.0,0.005398945818484435,0.015833934711550812,0.02131836708563628
2020-08-27,11993.25,11928.0,0.0023610530714583966,-0.005440560315177256,-0.0030923526953614555
2020-08-28,11992.75,11990.75,0.005428403755868505,-0.0001667674219840709,0.005260731052984635
2020-08-31,12002.5,12103.0,0.0009799220232262762,0.008373255571755944,0.00936138273252296
2020-09-01,12187.75,12298.75,0.007002396100140418,0.009107505487066847,0.016173675948112143
2020-09-02,12411.75,12408.5,0.00918792560219539,-0.00026184865147949044,0.00892367110478709
2020-09-03,12223.25,11811.0,-0.014929282346778372,-0.033726709344895967,-0.048152476125236765
2020-09-04,11735.75,11608.25,-0.006371179409025429,-0.010864239609739479,-0.017166200999068626
2020-09-08,11144.25,11079.25,-0.039971571942368556,-0.005832604257801077,-0.04557103783946759
2020-09-09,11300.25,11357.75,0.019947198591962367,0.005088383000376062,0.025137080578559123
2020-09-10,11500.25,11142.5,0.012546499086526719,-0.031108019390882813,-0.018951817041227392
2020-09-11,11263.0,11091.25,0.010814449181063557,-0.015249045547367501,-0.004599506394435737
2020-09-14,11244.5,11280.0,0.013817198241857342,0.0031570990261906573,0.01701791953116194
2020-09-15,11418.75,11452.5,0.012300531914893664,0.002955665024630516,0.015292553191489366
2020-09-16,11463.75,11248.75,0.0009823182711199419,-0.01875477047214047,-0.01779087535472601
2020-09-17,10972.75,11105.0,-0.02453605956217353,0.012052584812376033,-0.012779197688632116
2020-09-21,10744.5,10973.5,-0.03246285457001352,0.021313230024663676,-0.011841512832057588
2020-09-22,11066.0,11167.0,0.008429398095411766,0.009127055846737786,0.017633389529320587
2020-09-23,11142.5,10831.25,-0.002193964359272882,-0.027933587614987654,-0.030066266678606568
2020-09-24,10762.75,10885.75,-0.006324293133294856,0.011428305962695395,0.00503173687247549
2020-09-25,10892.25,11128.25,0.0005971109018672038,0.021666781427161608,0.022276829800427222
2020-09-28,11313.5,11363.25,0.016646822276638273,0.004397401334688578,0.02111742636982461
2020-09-29,11337.25,11321.0,-0.002288077794645016,-0.0014333281880526405,-0.0037181264162982064
2020-09-30,11340.75,11364.75,0.0017445455348468197,0.0021162621519741354,0.0038644996025085643
2020-10-01,11546.0,11572.5,0.01594843705316884,0.0022951671574571453,0.018280208539563025
2020-10-02,11346.0,11243.75,-0.019572261827608517,-0.009011986603208233,-0.028407863469431804
2020-10-05,11336.75,11478.0,0.008271261812117903,0.012459479127616024,0.020833796553640926
2020-10-06,11464.25,11283.75,-0.001197943892664255,-0.015744597335194177,-0.016923680083638315
2020-10-07,11393.5,11470.0,0.009726376426276717,0.006714354675911638,0.016506037443225985
2020-10-08,11566.25,11529.25,0.008391455972101225,-0.0031989624986490384,0.005165649520488147
2020-10-09,11600.5,11723.0,0.006179933647028291,0.010559889659928379,0.016805082724374865
2020-10-12,11890.25,12071.75,0.014266825897807811,0.01526460755661141,0.029749210952827676
2020-10-13,12129.0,12087.0,0.00474247727131516,-0.0034627751669552564,0.001263279971835063
2020-10-14,12083.75,11973.5,-0.00026888392487800505,-0.009123823316437352,-0.009390253991892084
2020-10-15,11779.75,11893.25,-0.01618156762851297,0.009635179014834794,-0.00670230091451951
2020-10-16,11950.5,11824.75,0.004813654804195711,-0.010522572277310571,-0.005759569503710038
2020-10-19,11905.0,11644.0,0.006786612824795535,-0.021923561528769397,-0.01528573542781031
2020-10-20,11665.0,11624.75,0.0018035039505324146,-0.003450492927561055,-0.001653211954654732
2020-10-21,11668.25,11670.5,0.0037420159573324785,0.0001928309729393174,0.003935568506849618
2020-10-22,11709.0,11652.25,0.003298916070433977,-0.004846699120334752,-0.0015637719035174191
2020-10-23,11671.25,11662.75,0.0016305863674397347,-0.0007282853164828351,0.0009011135188483621
2020-10-26,11587.25,11502.0,-0.00647360185205037,-0.007357224535588736,-0.013783198645259453
2020-10-27,11528.0,11588.0,0.0022604764388802767,0.005204718945176934,0.007476960528603804
2020-10-28,11412.75,11143.5,-0.015123403520883705,-0.023592035223762853,-0.038358646876078706
2020-10-29,11230.75,11345.75,0.007829676493022797,0.010239743561204717,0.018149593933683317
2020-10-30,11238.75,11071.75,-0.009430844148689999,-0.014859303748192665,-0.024150012119075415
2020-11-02,11131.75,11075.75,0.005419197507169127,-0.00503065555730231,0.0003612798338112899
2020-11-03,11146.25,11239.75,0.0063652574317767385,0.008388471459010782,0.014807123671083167
2020-11-04,11629.75,11767.75,0.03469828065570857,0.011866119220103721,0.046976133810805454
2020-11-05,12012.5,12072.0,0.020798368422170865,0.00495317377731519,0.025854560132565707
2020-11-06,12018.0,12079.25,-0.004473161033797246,0.005096521883840799,0.0006005632869450217
2020-11-09,12184.75,11842.75,0.008733985967671831,-0.028067871724901994,-0.01957903015501794
2020-11-10,11707.5,11635.5,-0.011420489328914263,-0.006149903907751386,-0.01750015832471341
2020-11-11,11721.25,11885.25,0.007369687594001029,0.013991681774554676,0.021464483692148928
2020-11-12,11918.25,11837.5,0.002776550766706576,-0.006775323558408375,-0.00401758482152248
2020-11-13,11901.5,11934.75,0.005406546990496253,0.002793765491744704,0.008215417106652634
2020-11-16,11919.0,12014.25,-0.0013196757368189038,0.007991442235086854,0.0066612203858480434
2020-11-17,12019.75,11975.25,0.0004577897080551008,-0.0037022400632292785,-0.0032461452025719373
2020-11-18,11962.0,11900.75,-0.0011064487171458248,-0.005120381207155966,-0.006221164485083808
2020-11-19,11879.0,11985.5,-0.0018276159065605535,0.008965401128041117,0.007121399911770299
2020-11-20,11976.25,11904.0,-0.0007717658837762542,-0.006032773196952279,-0.006799883192190603
2020-11-23,11961.0,11903.0,0.004788306451612989,-0.004849092885210293,-8.400537634412064e-05
2020-11-24,11944.25,12077.0,0.0034655128959086845,0.011114134416141619,0.014618163488196334
2020-11-25,12111.75,12158.0,0.0028773702078330743,0.0038186058992299987,0.006706963649913078
2020-12-01,12366.5,12457.0,0.006163171490755293,0.007318157926656799,0.013526432479710415
2020-12-02,12383.0,12463.75,-0.00594043509673281,0.006521036905434929,0.0005418640122019092
2020-12-03,12478.25,12467.25,0.0011633737839735758,-0.0008815338689319718,0.0002808143616488401
2020-12-04,12470.0,12530.75,0.00022057791413510053,0.004871692060946176,0.005093344562754343
2020-12-07,12533.75,12591.0,0.00023941104881997077,0.004567667298294609,0.004808171897133118
2020-12-08,12583.25,12636.75,-0.0006155190215233475,0.004251683785985394,0.0036335477722182485
2020-12-09,12621.0,12344.25,-0.0012463647694225255,-0.021927739481816033,-0.023146774289275363
2020-12-10,12260.75,12396.25,-0.0067642829657532655,0.011051526211691698,0.0042124875954392405
2020-12-11,12346.0,12357.75,-0.004053645255621685,0.0009517252551434208,-0.0031057779570434763
2020-12-14,12438.25,12461.5,0.006514130808601859,0.001869234016039334,0.008395541259533568
2020-12-15,12561.0,12594.0,0.007984592545038804,0.0026271793647003605,0.010632748866508779
2020-12-16,12611.75,12671.25,0.001409401302207458,0.004717822665371685,0.0061338732729872
2020-12-17,12735.0,12757.75,0.005031074282332071,0.0017864153906557156,0.006826477261517194
2020-12-21,12592.25,12672.0,-0.012972506907566017,0.0063332605372352635,-0.006721404636397477
2020-12-22,12701.25,12711.25,0.0023082386363635354,0.0007873240822753313,0.003097380050504972
2020-12-23,12717.25,12656.0,0.000472022814435924,-0.004816292830604141,-0.0043465434162651695
2020-12-29,12895.75,12841.5,0.00528141565325857,-0.00420681232188902,0.0010523854069224292
2020-12-30,12894.0,12837.5,0.004088307440719641,-0.00438188304637821,-0.00031149009072151124
2020-12-31,12844.75,12891.5,0.0005647517039921723,0.003639619299713903,0.004206426484907544
2021-01-04,12916.25,12692.5,0.0019198696815732053,-0.017323139456111525,-0.015436527944769796
2021-01-05,12671.0,12797.0,-0.0016939137285798544,0.009943966537763416,0.008233208587748564
2021-01-06,12619.75,12604.0,-0.013850902555286426,-0.0012480437409615464,-0.015081659764007216
2021-01-07,12734.0,12924.75,0.010314185972707168,0.014979582220826071,0.025448270390352246
2021-01-08,13017.5,13110.75,0.007176154277645619,0.007163433839062705,0.014390994023095294
2021-01-11,12954.5,12914.0,-0.01191770112312418,-0.0031263267590412314,-0.01500676925423794
2021-01-12,12908.5,12879.75,-0.0004258943781941804,-0.002227214626021601,-0.0026521604460275627
2021-01-13,12906.75,12966.25,0.0020963139812495424,0.004609990896236482,0.0067159688658553485
2021-01-14,12983.25,12897.0,0.0013110961149136457,-0.006643174859915613,-0.005340788585751488
2021-01-15,12897.0,12785.5,0.0,-0.008645421415833132,-0.008645421415833132
2021-01-19,12911.0,12969.25,0.009815806968831886,0.0045116567268221885,0.014371749247193977
2021-01-20,13123.25,13287.75,0.01187424099311829,0.012535004667288963,0.02455808932667658
2021-01-21,13324.75,13393.0,0.0027845195763014363,0.005122047317960954,0.007920829335289925
2021-01-22,13354.25,13348.0,-0.002893302471440262,-0.00046801580021338385,-0.0033599641603823116
2021-01-25,13509.75,13477.25,0.012117920287683548,-0.0024056699790891978,0.009683098591549255
2021-01-26,13503.25,13489.75,0.0019291769463354314,-0.0009997593172014207,0.0009274889165074018
2021-01-27,13321.25,13150.25,-0.01249096536259009,-0.012836633198836434,-0.025167256620767575
2021-01-28,13162.5,13166.5,0.0009315412254520261,0.00030389363722704843,0.0012357179521302886
2021-01-29,13114.5,12920.5,-0.003949417081228868,-0.014792786610240527,-0.018683780807352002
2021-02-01,13071.0,13224.0,0.011648156031113244,0.011705301813174307,0.02348980302619874
2021-02-02,13353.5,13438.5,0.00979280096793711,0.006365372374283806,0.016220508166969072
2021-02-03,13522.75,13403.75,0.006269300889236051,-0.00879998521010894,-0.0025858540759757798
2021-02-04,13457.25,13541.75,0.003991420311479921,0.006279143212766458,0.010295626224004373
2021-02-05,13582.5,13598.0,0.0030092122510014807,0.0011411743051721324,0.004153820591873192
2021-02-08,13665.0,13679.5,0.004927195175761234,0.0010611050128064292,0.005993528460067621
2021-02-09,13656.75,13686.75,-0.0016630724807192854,0.0021967159097149302,0.0005299901312183497
2021-02-10,13759.0,13652.0,0.005278828063638219,-0.007776727959880825,-0.0025389519060404764
2021-02-11,13729.0,13725.75,0.005640199238206911,-0.00023672518027528788,0.00540213888075014
2021-02-12,13692.5,13810.0,-0.0024224541464036298,0.00858134014971701,0.0061380981002858714
2021-02-16,13833.75,13756.75,0.001719768283852341,-0.005566097406704662,-0.003855901520637195
2021-02-17,13645.25,13695.75,-0.00810511203590969,0.0037009215661127914,-0.0044341868537263185
2021-02-18,13542.75,13644.5,-0.01117134877608017,0.007513245094238563,-0.0037420367632294838
2021-02-19,13694.5,13572.25,0.0036644801934846427,-0.00892694147285411,-0.005295173879585224
2021-02-22,13408.0,13238.0,-0.012101899095581015,-0.012678997613365106,-0.024627456759196198
2021-02-23,12985.0,13194.5,-0.01911164828523948,0.016134000770119394,-0.0032859948632724123
2021-02-24,13092.0,13294.0,-0.00776838834362803,0.015429269783073574,0.0075410208799120415
2021-02-25,13189.0,12841.5,-0.007898299984955615,-0.026347714004094303,-0.03403791183992777
2021-02-26,12964.75,12902.25,0.009597788420355968,-0.004820763994677901,0.0047307557528326605
2021-03-01,13108.75,13266.75,0.01600496037512844,0.012053018022313289,0.02825088647328955
2021-03-02,13289.75,13060.5,0.001733657451900461,-0.017250136383302972,-0.015546384758889698
2021-03-03,13037.75,12684.0,-0.0017418934956547893,-0.027132749132327327,-0.028827380268749314
2021-03-04,12687.75,12489.25,0.0002956480605487144,-0.01564501192094736,-0.015353989277830382
2021-03-05,12559.0,12660.25,0.005584802930520327,0.008061947607293618,0.013691774926436695
2021-03-08,12620.0,12299.0,-0.003179242116072012,-0.025435816164817715,-0.028534191662881847
2021-03-09,12606.5,12784.0,0.025002032685584208,0.01408003807559588,0.03943410033336048
2021-03-10,12936.75,12758.25,0.011948529411764719,-0.01379790132761316,-0.002014236545682113
2021-03-11,12956.5,13046.5,0.015538964983442094,0.006946320379732196,0.02259322399231878
2021-03-12,12861.25,12933.5,-0.01419921051623041,0.005617649917387446,-0.008661326792626323
2021-03-15,12934.75,13081.25,9.664823906918585e-05,0.011326078973308285,0.011423821857965644
2021-03-16,13157.75,13151.75,0.005848064978499767,-0.00045600501605513877,0.005389393215480265
2021-03-17,13009.0,13205.75,-0.010854068850153054,0.015124144822814989,0.004105917463455455
2021-03-18,13008.0,12797.0,-0.014974537606724292,-0.016220787207872123,-0.03095242602654147
2021-03-22,12952.0,13078.75,0.012112213800109295,0.009786133415688791,0.022016878956005348
2021-03-23,13107.0,13020.25,0.0021599923540094323,-0.006618600747692049,-0.004472904520691934
2021-03-24,13052.5,12789.25,0.002476910965611312,-0.02016855008619034,-0.01774159482344806
2021-03-25,12699.25,12781.25,-0.007037160114940266,0.006457074236667415,-0.000625525343550204
2021-03-26,12770.0,12956.5,-0.0008801955990219712,0.014604541895066658,0.01371149144254269
2021-03-29,12949.25,12958.25,-0.0005595646972561541,0.0006950209471590085,0.00013506734071699888
2021-03-30,12882.75,12887.5,-0.005826404028321686,0.00036871009683481226,-0.005459842185480346
2021-03-31,12956.5,13097.75,0.005354025218234693,0.010901863929301925,0.016314258001939974
2021-04-01,13250.0,13319.0,0.011624133916130708,0.005207547169811422,0.01689221431161836
2021-04-05,13429.75,13583.5,0.008315188827989983,0.011448463299763567,0.019858848261881556
2021-04-06,13559.5,13574.25,-0.001766849486509403,0.0010877982226482619,-0.0006809732395921531
2021-04-07,13546.25,13608.0,-0.0020627290642208918,0.004558457137584293,0.0024863252113376255
2021-04-08,13721.25,13767.5,0.008322310405643796,0.0033706841577845204,0.011721046443268657
2021-04-09,13689.75,13833.0,-0.00564735790811699,0.01046403330959289,0.004757581260214305
2021-04-12,13784.75,13820.25,-0.003488035856285654,0.0025753096719201007,-0.0009217089568422931
2021-04-13,13878.25,13972.75,0.004196740290515644,0.006809215859348239,0.01103453266040777
2021-04-14,13968.0,13823.25,-0.00033994739761322723,-0.010362972508591084,-0.010699397040668468
2021-04-15,13933.25,14014.75,0.007957607653771737,0.005849317280605781,0.013853471506338977
2021-04-16,14017.75,14029.75,0.00021406018658920445,0.0008560574985285729,0.0010703009329455782
2021-04-19,13967.0,13897.25,-0.00447263850032964,-0.004993914226390728,-0.00944421675368412
2021-04-20,13893.0,13745.25,-0.0003058158988289428,-0.01063485208378323,-0.010937415675763229
2021-04-21,13755.75,13901.25,0.0007639002564521213,0.010577394907584026,0.011349375238718817
2021-04-22,13902.0,13751.5,5.395198273538959e-05,-0.010825780463242674,-0.010772412552828015
2021-04-23,13793.5,13922.75,0.0030542122677525985,0.009370355602276392,0.012453186925062809
2021-04-26,13938.0,14012.75,0.0010953295864681856,0.005363036303630331,0.006464240182435299
2021-04-27,14019.25,13961.75,0.0004638632673814591,-0.004101503290118935,-0.003639542559454756
2021-04-28,13937.75,13899.5,-0.0017189822192776871,-0.0027443453929077988,-0.004458610131251484
2021-04-29,14054.25,13949.75,0.01113349401057584,-0.007435473255420932,0.003615237958199957
2021-04-30,13848.75,13868.5,-0.007240273123174212,0.0014261214911093223,-0.005824477141167406
2021-05-03,13911.5,13790.0,0.0031005516097630803,-0.008733781403874485,-0.005660309334102442
2021-05-04,13681.75,13528.5,-0.007849891225525707,-0.011201052496939368,-0.018963016678752664
2021-05-05,13641.25,13487.25,0.008334257308644677,-0.011289288005131515,-0.003049118527552963
2021-05-06,13475.5,13601.5,-0.0008711931639140413,0.009350302400652932,0.008470963317207092
2021-05-07,13684.75,13711.5,0.006120648457890621,0.0019547306308116408,0.008087343307723316
2021-05-10,13622.5,13341.5,-0.006490901797761017,-0.02062763809873369,-0.02698464792327604
2021-05-11,13114.5,13350.0,-0.017014578570625494,0.01795722292119417,0.0006371097702657647
2021-05-12,13159.5,13007.5,-0.014269662921348347,-0.011550590827918983,-0.025655430711610472
2021-05-13,13152.25,13089.0,0.011128195271958408,-0.0048090630880647245,0.006265615990774576
2021-05-14,13232.0,13394.75,0.01092520437008182,0.012299727932285398,0.023359309343723655
2021-05-17,13298.5,13297.5,-0.007185651094645307,-7.519645072751047e-05,-0.0072603072099143295
2021-05-18,13337.25,13219.0,0.002989283699943668,-0.00886614556973886,-0.005903365294228191
2021-05-19,12996.25,13236.0,-0.016850745139571854,0.018447629123785614,0.0012860276874195886
2021-05-20,13306.25,13484.0,0.005307494711393135,0.013358384217942776,0.01873677848292532
2021-05-21,13551.5,13420.0,0.00500593295757934,-0.009703722835110451,-0.004746366063482665
2021-05-24,13502.5,13638.0,0.006147540983606481,0.01003517867061654,0.01624441132637844
2021-05-25,13698.75,13654.75,0.004454465464144297,-0.003211971895245913,0.001228185951019256
2021-05-26,13701.0,13702.75,0.0033870997272011927,0.0001277279030726941,0.00351526025741955
2021-05-27,13694.0,13660.75,-0.0006385579536953845,-0.002428070687892525,-0.0030650781777380454
2021-05-28,13702.5,13696.25,0.0030562011602583983,-0.00045612114577631147,0.0025986860165072567
2021-06-01,13752.75,13650.75,0.004125216756411421,-0.007416698478486139,-0.003322077210915375
2021-06-02,13659.0,13674.25,0.000604362397670366,0.00111647997657216,0.0017215171327582546
2021-06-03,13562.0,13527.0,-0.008208859718083272,-0.0025807403037899634,-0.010768415086750638
2021-06-04,13620.0,13764.0,0.006875138611665665,0.010572687224669641,0.017520514526502495
2021-06-07,13745.0,13803.0,-0.0013804126707352982,0.0042197162604582505,0.0028334786399302203
2021-06-08,13872.75,13813.5,0.005053249293631712,-0.004270962858841987,0.0007607041947401694
2021-06-09,13878.5,13814.25,0.004705541680240399,-0.00462946283820298,5.4294711695046516e-05
2021-06-10,13836.0,13964.0,0.0015744611542429787,0.009251228678808898,0.010840255533235643
2021-06-11,13946.5,13991.25,-0.0012532225723288493,0.0032086903524182198,0.0019514465769121525
2021-06-14,13989.0,14129.25,-0.00016081479496110607,0.010025734505683115,0.009863307424283096
2021-06-15,14103.75,14034.75,-0.001804766707362404,-0.004892315873437969,-0.00668825309199006
2021-06-16,14067.75,13988.0,0.002351306578314505,-0.00566899468642823,-0.0033310176526122337
2021-06-17,13969.5,14171.25,-0.0013225621961681089,0.0144421776012027,0.013100514726908763
2021-06-21,14070.5,14134.25,-0.00710946458498718,0.004530755836679612,-0.0026109199964717833
2021-06-22,14117.5,14256.25,-0.0011850646479296678,0.009828227377368437,0.008631515644622167
2021-06-23,14264.25,14269.5,0.0005611573871109332,0.0003680529996319404,0.0009294169224025595
2021-06-24,14354.0,14356.25,0.005921721153509196,0.0001567507315034522,0.006079400119135325
2021-06-25,14378.0,14341.5,0.0015150195907704944,-0.0025386006398664396,-0.0010274270787984374
2021-06-28,14417.25,14508.0,0.005281874280932852,0.006294542995370023,0.011609664261060582
2021-06-29,14494.5,14566.5,-0.0009305210918114648,0.0049674014281280154,0.0040322580645162365
2021-06-30,14562.0,14555.25,-0.00030892801977144835,-0.00046353522867736974,-0.0007723200494285098
2021-07-01,14532.75,14549.0,-0.0015458339774307994,0.0011181641464967917,-0.0004293983270641233
2021-07-02,14627.75,14712.0,0.005412743143858645,0.00575960075883164,0.011203519142209073
2021-07-06,14762.0,14770.75,0.0033985861881458135,0.0005927381113670638,0.003993338771071331
2021-07-07,14873.75,14800.75,0.006973241033799926,-0.004907975460122671,0.0020310410778057175
2021-07-08,14606.25,14710.5,-0.013141225951387558,0.007137355584082128,-0.006097663969731215
2021-07-09,14690.75,14806.0,-0.0013425784303728872,0.007845072579684587,0.006491961524081491
2021-07-12,14871.5,14874.25,0.004423882209914964,0.0001849174595702774,0.004609617722544979
2021-07-13,14863.0,14872.75,-0.0007563406558314112,0.000655991388010424,-0.00010084542077748448
2021-07-14,14966.25,14899.25,0.006286665209863651,-0.004476739330159574,0.0017817821183037097
2021-07-15,14883.0,14787.0,-0.0010906589257848598,-0.006450312437008665,-0.007533936271959973
2021-07-16,14842.75,14679.25,0.0037702035571784975,-0.011015478937528411,-0.007286805978224065
2021-07-19,14535.25,14546.75,-0.009809765485293886,0.0007911800622624199,-0.009026346713898903
2021-07-20,14593.5,14690.0,0.003213776273050639,0.006612532977010366,0.009847560451647253
2021-07-21,14702.0,14832.75,0.0008168822328114,0.008893347843830668,0.009717494894486034
2021-07-22,14857.5,14946.25,0.001668604945138208,0.005973414100622687,0.007651986314068493
2021-07-23,14967.5,15097.75,0.0014217613113656213,0.008702188074160677,0.010136321819854466
2021-07-26,15064.5,15116.0,-0.0022023149144739795,0.0034186332105281547,0.00120878938914748
2021-07-27,15091.0,14947.5,-0.0016538766869542698,-0.009508978861573092,-0.01114712887007141
2021-07-28,15015.25,15006.0,0.00453253052349889,-0.0006160403589683394,0.003913697942799832
2021-07-29,15001.5,15045.0,-0.0002998800479807606,0.002899710028997138,0.002598960415833629
2021-07-30,14896.25,14967.75,-0.009887005649717562,0.0047998657380212695,-0.005134596211365916
2021-08-02,15029.0,14961.5,0.004092131415877498,-0.0044913167875441085,-0.00041756443019158596
2021-08-03,14981.0,15040.25,0.001303345252815502,0.003955009678926702,0.005263509674832134
2021-08-04,15038.75,15070.75,-9.973238476757018e-05,0.002127836422574969,0.0020278918236067422
2021-08-05,15094.25,15162.25,0.0015593119121477539,0.00450502674859643,0.006071363402617713
2021-08-06,15112.75,15094.5,-0.003264686969282282,-0.0012075896180377965,-0.004468334185229739
2021-08-09,15130.25,15123.25,0.002368412335618908,-0.00046264932833228745,0.0019046672629103867
2021-08-10,15142.25,15042.5,0.001256343709189478,-0.006587528273539256,-0.005339460764055337
2021-08-11,15096.75,15021.75,0.0036064483962108262,-0.00496795667941774,-0.0013794249626059019
2021-08-12,14992.5,15075.25,-0.0019471765939388375,0.005519426379856585,0.0035615024880590873
2021-08-13,15086.75,15124.75,0.0007628397539012344,0.002518766467264344,0.0032835276363576416
2021-08-16,15081.5,15137.5,-0.0028595513975437914,0.0037131585054537286,0.0008429891403163303
2021-08-17,14991.75,14989.25,-0.00962840627580508,-0.0001667583837777764,-0.009793559042113986
2021-08-18,14983.5,14854.75,-0.0003836082525809914,-0.008592785397270375,-0.00897309738646035
2021-08-19,14798.0,14933.75,-0.0038203268314849215,0.009173536964454554,0.005318164223564903
2021-08-20,14970.25,15084.25,0.002444128233029197,0.007615103288188152,0.010077843810161635
2021-08-23,15141.75,15312.0,0.0038119230323019337,0.011243746594680193,0.015098529923595727
2021-08-24,15349.25,15357.5,0.002432732497387624,0.000537485544896299,0.0029715256008360225
2021-08-25,15367.75,15365.75,0.0006674263389223611,-0.00013014266890076787,0.0005371968093765833
2021-08-26,15351.5,15278.0,-0.0009273872085645563,-0.004787805751880869,-0.0057107528106340455
2021-08-27,15312.75,15426.75,0.002274512370729065,0.007444776411813736,0.009736222018588814
2021-08-30,15470.75,15597.5,0.002852188568557956,0.008192880112470213,0.01106843632002863
2021-08-31,15581.75,15590.5,-0.0010097772078858647,0.0005615543825308045,-0.0004487898701714954
2021-09-01,15629.5,15616.25,0.0025015233635867773,-0.0008477558463162449,0.0016516468362144376
2021-09-02,15677.5,15604.75,0.003922196430000691,-0.004640408228352766,-0.000736412390938912
2021-09-03,15587.75,15647.25,-0.0010894118777936557,0.003817099966319626,0.0027235296944840837
2021-09-07,15662.25,15673.0,0.0009586349038968045,0.0006863637089178365,0.0016456565850229143
2021-09-08,15654.5,15615.25,-0.0011803738914055728,-0.002507266281260967,-0.003684680661009354
2021-09-09,15639.5,15562.25,0.0015529690526889794,-0.004939416221746207,-0.003394117929588103
2021-09-10,15659.0,15454.0,0.006216967340840762,-0.013091512867999255,-0.006955935035100946
2021-09-13,15547.5,15445.25,0.006050213536948457,-0.006576620035375513,-0.0005661964539924735
2021-09-14,15525.0,15392.0,0.005163399750732323,-0.008566827697262469,-0.0034476619025266553
2021-09-15,15437.25,15507.5,0.0029398388773389517,0.004550680982688071,0.007503898128898179
2021-09-16,15440.0,15515.75,-0.00435273254876678,0.004906088082901494,0.000532000644849262
2021-09-20,15039.5,14996.5,-0.03069461676038865,-0.0028591376043086703,-0.03346599423166785
2021-09-21,15052.5,15021.75,0.0037342046477510937,-0.002042850024912779,0.0016837262027806776
2021-09-22,15052.5,15159.0,0.002047031803884325,0.007075236671649332,0.009136751710020485
2021-09-23,15226.5,15304.75,0.004452800316643524,0.005139066758611532,0.009614750313345244
2021-09-24,15197.5,15320.25,-0.007007628350675477,0.008076986346438497,0.0010127574772538228
2021-09-27,15202.0,15188.0,-0.007718542451983446,-0.000920931456387275,-0.008632365659829278
2021-09-28,15019.5,14782.75,-0.011094284961811973,-0.015762841639202385,-0.026682249144061143
2021-09-29,14822.75,14751.0,0.002705856488136593,-0.00484053228989223,-0.0021477735874583237
2021-09-30,14828.0,14703.75,0.005219985085756829,-0.00837941731858649,-0.0032031726662599125
2021-10-01,14731.5,14772.0,0.0018872736546799995,0.0027492108746562938,0.00464167304259111
2021-10-04,14696.5,14480.25,-0.005111020850257275,-0.01471438777940326,-0.019750203086921214
2021-10-05,14527.25,14656.75,0.003245800314221059,0.008914281780791233,0.012189016073617553
2021-10-06,14519.75,14757.0,-0.009347229092397713,0.016339813013309445,0.006839851945349418
2021-10-07,14879.0,14885.25,0.008267262993833402,0.00042005511123055506,0.008690790811140436
2021-10-08,14902.75,14808.5,0.0011756604692565453,-0.006324336112462414,-0.005156110915167655
2021-10-11,14742.75,14698.25,-0.004440017557483911,-0.003018432788997938,-0.007445048451902636
2021-10-12,14751.0,14622.75,0.0035888626196995954,-0.008694325808419778,-0.005136665929617479
2021-10-13,14734.5,14766.0,0.007642201364312484,0.002137839763819649,0.009796378930091887
2021-10-14,14903.25,15041.75,0.009295002031694422,0.009293274956804654,0.01867465799810386
2021-10-15,15070.5,15134.0,0.0019113467515414762,0.004213529743538613,0.006132930011468085
2021-10-18,15067.5,15290.0,-0.004394079555966712,0.014766882362701184,0.010307915950839242
2021-10-19,15320.5,15415.25,0.0019947678221059473,0.006184524003785885,0.008191628515369587
2021-10-20,15418.0,15375.0,0.00017839477141134985,-0.00278894798287721,-0.0026110507452036247
2021-10-21,15360.75,15475.75,-0.0009268292682926838,0.0074866136093614255,0.006552845528455364
2021-10-22,15412.5,15330.25,-0.004087039400352155,-0.005336577453365798,-0.00940180605140295
2021-10-25,15407.0,15498.75,0.005006441512695581,0.005955085350814571,0.010991340650021941
2021-10-26,15587.0,15550.0,0.005694007581256599,-0.002373773015974856,0.0033067182837325237
2021-10-27,15586.0,15594.75,0.0023151125401930095,0.000561401257538785,0.002877813504823079
2021-10-28,15673.25,15775.5,0.005033745330960793,0.00652385433780478,0.011590439090078286
2021-10-29,15643.75,15837.25,-0.00835155779531549,0.01236915701158603,0.003914297486608875
2021-11-01,15854.5,15887.75,0.0010892042494752285,0.002097196379576838,0.003188684904260608
2021-11-02,15872.25,15955.5,-0.0009755944044940179,0.005245003071398191,0.004264291671256082
2021-11-03,15972.0,16127.25,0.0010341261633919352,0.009720135236664262,0.010764313246216073
2021-11-04,16166.5,16336.75,0.002433768931466851,0.010531036402437133,0.01299043544311651
2021-11-05,16405.5,16339.5,0.004208303365112354,-0.00402304105330531,0.00016833213460443197
2021-11-08,16345.25,16322.0,0.00035190795311978995,-0.0014224315932763743,-0.001071024205147042
2021-11-09,16379.75,16214.75,0.00353816934199247,-0.010073413818892263,-0.006570885920842984
2021-11-10,16099.5,15968.75,-0.007107725990224911,-0.008121370228889147,-0.015171371744861939
2021-11-11,16091.75,16023.5,0.007702544031311209,-0.004241303773672822,0.0034285714285713365
2021-11-12,16063.75,16192.25,0.0025119355945955046,0.007999377480351733,0.010531406995974768
2021-11-15,16227.0,16189.0,0.002146088406490776,-0.002341776052258604,-0.00020071330420412536
2021-11-16,16151.5,16295.25,-0.002316387670640574,0.008900102157694434,0.006563098400148348
2021-11-17,16316.5,16305.25,0.0013040609993710817,-0.0006894861030245503,0.00061367576440996
2021-11-18,16383.25,16494.75,0.0047837352999799965,0.006805731463537468,0.011622023581361773
2021-11-19,16541.0,16573.5,0.0028039224601768,0.0019648147028594742,0.004774246351111788
2021-11-22,16653.25,16383.75,0.00481189851268593,-0.016183027337006273,-0.011448999909494106
2021-11-23,16340.5,16295.75,-0.0026398107881284716,-0.0027385942902603544,-0.005371175707637121
2021-11-24,16178.75,16356.75,-0.007179786140558142,0.01100208606969022,0.0037433073040515907
2021-11-30,16339.75,16186.5,-0.0032027329988256747,-0.009378968466469795,-0.012551663133492985
2021-12-01,16324.0,15891.25,0.008494733265375531,-0.026510046557216338,-0.01824050906619712
2021-12-02,15846.0,15991.75,-0.0028474789585464233,0.009197904834027604,0.006324235035003456
2021-12-03,16025.75,15721.0,0.0021260962683884443,-0.019016270689359294,-0.016930604843122254
2021-12-06,15747.0,15838.5,0.0016538388143247928,0.005810630596304156,0.007474079257044686
2021-12-07,16132.25,16330.5,0.018546579537203733,0.012289048334857222,0.031063547684439863
2021-12-08,16301.25,16384.75,-0.0017911270322402695,0.005122306571581969,0.003322004837573944
2021-12-09,16342.25,16151.5,-0.0025938754024321664,-0.011672199360553193,-0.014235798532171717
2021-12-10,16268.5,16313.5,0.007243909234436519,0.002766081691612632,0.010030028170758154
2021-12-13,16310.75,16080.75,-0.00016857204156062178,-0.014101129623101283,-0.014267324608453147
2021-12-14,15883.25,15918.25,-0.012281765464919214,0.0022035792422836487,-0.010105250066072768
2021-12-15,15920.25,16275.0,0.00012564195184783244,0.022282941536722056,0.02241138316083746
2021-12-16,16309.0,15863.0,0.002089093701996836,-0.027346863694892365,-0.02531490015360982
2021-12-20,15589.5,15614.75,-0.017241379310344862,0.0016196799127616845,-0.015649624913320337
2021-12-21,15770.5,15964.75,0.009974543300405037,0.012317301290383886,0.022414704045853995
2021-12-22,15954.5,16164.0,-0.0006420394932585838,0.013131091541571438,0.012480621368953448
2021-12-23,16185.25,16300.75,0.0013146498391487516,0.007136127029239603,0.008460158376639493
2021-12-27,16379.25,16563.25,0.004815729337607211,0.01123372559793645,0.016103553517476277
2021-12-28,16589.75,16504.25,0.001599927550450575,-0.005153784716466547,-0.003562102848172932
2021-12-29,16520.0,16490.5,0.0009542996500901957,-0.0017857142857142794,-0.0008331187421422026
2021-12-30,16483.75,16441.5,-0.00040932658197145866,-0.0025631303556532536,-0.0029714077802370786
2021-12-31,16417.25,16349.0,-0.001474926253687281,-0.004157212687874057,-0.005626007359425866
2022-01-03,16406.5,16487.25,0.00351703468102027,0.004921829762594143,0.008456174689583484
2022-01-04,16495.75,16266.25,0.0005155498946154413,-0.013912674476759146,-0.013404297260003917
2022-01-05,16186.25,15771.75,-0.0049181587643125635,-0.02560815506988956,-0.030400368861907334
2022-01-06,15708.0,15756.5,-0.00404203718674212,0.00308759867583408,-0.0009669186995736601
2022-01-07,15753.75,15589.25,-0.00017453114587628882,-0.010441958263905371,-0.010614666962840746
2022-01-10,15395.75,15601.5,-0.01241239957021667,0.013364077748729386,0.0007857979056080655
2022-01-11,15546.25,15833.0,-0.003541326154536395,0.018444962611562365,0.014838316828510001
2022-01-12,15935.5,15905.5,0.006473820501484262,-0.0018825891876628198,0.0045790437693424835
2022-01-13,15948.25,15514.0,0.002687749520606131,-0.02722869280328566,-0.024614127188708257
2022-01-14,15414.75,15593.25,-0.0063974474668041514,0.011579818031431044,0.005108289287095502
2022-01-18,15332.75,15199.75,-0.016705946483253964,-0.008674243041854823,-0.02523527808506887
2022-01-19,15281.75,15046.5,0.005394825572788919,-0.015394179331555624,-0.010082402671096613
2022-01-20,15188.5,14815.0,0.009437410693516668,-0.024590973433847974,-0.015385637855979795
2022-01-21,14736.25,14427.75,-0.0053155585555180185,-0.02093476970056829,-0.026139048261896725
2022-01-24,14166.25,14495.5,-0.018124794233335018,0.02324186005470752,0.004695811890280899
2022-01-25,14224.25,14160.0,-0.018712703942602826,-0.0045169341090040005,-0.023145114000896805
2022-01-26,14488.5,14155.0,0.023199152542372925,-0.02301825585809436,-0.0003531073446327859
2022-01-27,14324.5,13982.0,0.011974567290709892,-0.023910084121609776,-0.012221829742140589
2022-01-28,14099.25,14410.0,0.008385781719353558,0.02204017944216896,0.03061078529537986
2022-01-31,14494.25,14880.25,0.005846634281748697,0.026631250323404076,0.03263358778625958
2022-02-01,14901.25,14993.5,0.0014112666117840345,0.006190755809076354,0.007610759227835606
2022-02-02,15129.75,15107.5,0.009087271150832077,-0.0014706125349064347,0.00760329476106314
2022-02-03,14715.25,14507.25,-0.025963925202713845,-0.014134996007543199,-0.039731921231176526
2022-02-04,14529.25,14687.75,0.0015164831377414423,0.010909028339384452,0.01244205483465155
2022-02-07,14695.25,14580.75,0.0005106296063046578,-0.007791633350912708,-0.007284982383278571
2022-02-08,14544.0,14727.5,-0.0025204464790905545,0.012616886688668894,0.010064640021946847
2022-02-09,14913.5,15035.5,0.012629434730945466,0.008180507593790853,0.020913257511458117
2022-02-10,14754.25,14692.25,-0.018705729772870883,-0.004202179033159892,-0.022829303980579252
2022-02-11,14722.0,14232.5,0.0020248770610356015,-0.03324955848390165,-0.03129200769112972
2022-02-14,14252.75,14251.75,0.001422799929738261,-7.016189858100041e-05,0.0013525382048129586
2022-02-15,14474.0,14589.75,0.01559457610468895,0.007997098245129175,0.023716385707018395
2022-02-16,14492.75,14604.25,-0.006648503230007319,0.007693501923375479,0.000993848420980381
2022-02-17,14466.25,14165.0,-0.009449304140917936,-0.02082433249805582,-0.030076861187667947
2022-02-18,14202.25,14008.25,0.002629721143663888,-0.013659807424879822,-0.011066007765619501
2022-02-22,13911.0,13896.75,-0.006942337551085975,-0.0010243692042268826,-0.00795959523852019
2022-02-23,14009.25,13516.75,0.008095417993415621,-0.035155343790709725,-0.027344522999982024
2022-02-24,13114.25,13954.25,-0.029777868200565938,0.06405246201650883,0.03236724804409352
2022-02-25,13944.25,14193.75,-0.0007166275507461961,0.017892679778403364,0.01716322984037122
2022-02-28,14092.5,14222.25,-0.007133421400264184,0.009207025013304948,0.002007926023777973
2022-03-01,14195.0,14007.0,-0.0019160118827893369,-0.013244100035223694,-0.015134736064968624
2022-03-02,14074.25,14235.5,0.0048011708431499045,0.011457093628434833,0.016313271935460838
2022-03-03,14337.5,14030.0,0.007165185627480586,-0.021447253705318192,-0.014435741631835919
2022-03-04,13960.5,13825.5,-0.004953670705630797,-0.009670140754270973,-0.014575908766928047
2022-03-07,13859.5,13325.25,0.002459223897869789,-0.03854756665103354,-0.03618313985027666
2022-03-08,13294.25,13230.75,-0.0023264103862966623,-0.004776501118904819,-0.0070917994033883325
2022-03-09,13590.0,13740.75,0.027152655745139143,0.01109271523178812,0.03854656765489484
2022-03-10,13560.0,13574.75,-0.013154303804377543,0.0010877581120944946,-0.012080854392955254
2022-03-11,13711.5,13311.5,0.010073850347151803,-0.029172592349487658,-0.019392622331902976
2022-03-14,13267.75,13073.25,-0.0032866318596702637,-0.014659606941644254,-0.017898058070089817
2022-03-15,13192.75,13455.25,0.009140802784311397,0.019897292073297823,0.029219972080393175
2022-03-16,13644.75,13949.25,0.01408372196726182,0.022316275490573245,0.03671429367718915
2022-03-17,13864.0,14126.75,-0.006111439683137099,0.01895196191575299,0.012724698460490735
2022-03-21,14380.5,14368.25,0.017962376342754105,-0.000851847988595722,0.017095227140000446
2022-03-22,14400.5,14663.0,0.002244532215126993,0.0182285337314676,0.02051398047778963
2022-03-23,14520.0,14445.0,-0.009752438109527417,-0.005165289256198302,-0.014867353201936884
2022-03-24,14523.0,14762.5,0.0053997923156801075,0.016491083109550386,0.02197992384908276
2022-03-25,14759.5,14751.25,-0.0002032176121931073,-0.00055896202445882,-0.0007620660457239303
2022-03-28,14771.75,14986.5,0.0013897127362088035,0.014537884813918378,0.01594780103381077
2022-03-29,15165.5,15237.0,0.011944083008040618,0.004714648379545716,0.01671504353918518
2022-03-30,15179.5,15088.75,-0.003773708735315351,-0.0059784577884647305,-0.009729605565400035
2022-03-31,15070.0,14899.25,-0.0012426476679645582,-0.011330457863304555,-0.012559025764228293
2022-04-01,14908.0,14847.0,0.0005872778831148562,-0.004091762811913036,-0.0035068879306004996
2022-04-04,14903.5,15165.0,0.003805482589075204,0.017546213976582736,0.021418468377450095
2022-04-05,15105.75,14840.5,-0.003907022749752742,-0.017559538586299883,-0.021397955819320802
2022-04-06,14632.5,14507.0,-0.014015700279640164,-0.008576798223133397,-0.022472288669519225
2022-04-07,14483.5,14543.5,-0.0016199076307988891,0.004142645078882845,0.0025160267457089436
2022-04-08,14453.0,14344.75,-0.006222711176814388,-0.007489794506330916,-0.013665898855158676
2022-04-11,14165.5,13999.0,-0.012495860855016638,-0.01175390914545904,-0.02410289478729155
2022-04-12,14163.75,13928.0,0.011768697764126035,-0.016644603300679517,-0.0050717908422029945
2022-04-13,13939.0,14212.0,0.0007897759908099822,0.019585336107324824,0.02039058012636419
2022-04-14,14212.5,13890.5,3.5181536729433915e-05,-0.022656112576956877,-0.022621728117084183
2022-04-18,13894.75,13924.5,0.00030596450811715137,0.0021410964572949887,0.002447716064936545
2022-04-19,13893.75,14124.5,-0.002208337821824835,0.01660818713450296,0.01436317282487698
2022-04-20,14259.0,14024.5,0.00952246097206988,-0.016445753559155674,-0.007079896633509164
2022-04-21,14196.5,13718.0,0.012264251844985585,-0.03370549078998342,-0.021854611572605043
2022-04-22,13739.25,13345.25,0.0015490596296836578,-0.028676965627672524,-0.02717232832774452
2022-04-25,13273.75,13540.0,-0.005357711545306398,0.020058385912044452,0.014593207320956925
2022-04-26,13439.25,13007.0,-0.0074409158050221524,-0.03216325315772828,-0.03936484490398817
2022-04-27,13067.5,12995.25,0.004651341585300228,-0.005528984120910629,-0.0009033597293764961
2022-04-28,13263.5,13444.75,0.020642157711471487,0.013665322124627677,0.0345895615705738
2022-04-29,13276.5,12868.75,-0.012514178396771936,-0.030712160584491444,-0.0428420015247587
2022-05-02,12885.75,13075.5,0.0013210296260319776,0.014725568942436373,0.01606605148130158
2022-05-03,13035.25,13091.5,-0.0030782761653473933,0.004315222185995671,0.0012236625750450258
2022-05-04,13097.25,13522.0,0.0004392162853759096,0.03243047204565852,0.03288393232249942
2022-05-05,13326.5,12871.5,-0.014457920425972492,-0.0341424980302405,-0.04810678893654785
2022-05-06,12741.5,12685.5,-0.010099832964300948,-0.004395086920692237,-0.014450530241230664
2022-05-09,12477.75,12223.75,-0.016376965827125445,-0.020356234096692072,-0.03639982657364704
2022-05-10,12534.5,12336.75,0.02542182227221601,-0.01577645697873864,0.00924429900807855
2022-05-11,12232.5,11981.5,-0.00845036172411695,-0.020519108931126073,-0.028796076762518497
2022-05-12,11849.5,11945.0,-0.011016984517798312,0.00805941178952696,-0.003046363143179076
2022-05-13,12140.0,12385.25,0.01632482210129771,0.02020181219110384,0.03685642528254496
2022-05-16,12308.25,12250.25,-0.006217072727639716,-0.004712286474519156,-0.010900062574433322
2022-05-17,12483.5,12553.25,0.01904042774637249,0.005587375335442735,0.02473418909818159
2022-05-18,12355.5,11936.0,-0.01575289267719515,-0.033952490793573764,-0.049170533527174265
2022-05-19,11899.0,11863.5,-0.0030998659517426086,-0.0029834439868896556,-0.006074061662198371
2022-05-20,12024.25,11836.75,0.013549964175833429,-0.015593488159344693,-0.0022548151894465907
2022-05-23,11884.25,12043.0,0.004012925845354509,0.01335801586132912,0.01742454643377611
2022-05-24,11810.75,11791.0,-0.019285061861662345,-0.00167220540609192,-0.02092501868305241
2022-05-25,11745.0,11947.5,-0.003901280637774618,0.01724137931034475,0.01327283521329825
2022-05-26,11912.0,12274.25,-0.002971332914835756,0.03041051040967102,0.027348817744297982
2022-05-27,12429.75,12679.25,0.012668798500926837,0.020072809187634544,0.032995906063507
2022-05-31,12670.0,12666.5,-0.0007295384190705301,-0.00027624309392260127,-0.001005579983043181
2022-06-01,12753.0,12558.5,0.0068290372241739394,-0.015251313416451029,-0.008526427979315465
2022-06-02,12481.75,12887.5,-0.006111398654297884,0.03250746089290368,0.026197396185850153
2022-06-03,12653.25,12548.5,-0.018176527643064988,-0.008278505522296697,-0.02630455868089232
2022-06-06,12778.25,12590.0,0.018308961230425913,-0.014732064249799448,0.0033071681874328185
2022-06-07,12457.5,12693.5,-0.010524225575853863,0.01894441099739108,0.008220810166799097
2022-06-08,12661.0,12609.0,-0.0025603655414188076,-0.004107100544980646,-0.0066569504076889885
2022-06-09,12549.75,12277.5,-0.004699024506304994,-0.021693659236239782,-0.026290744706162217
2022-06-10,12045.5,11843.75,-0.018896355121156616,-0.016748993400024892,-0.03532885359397275
2022-06-13,11500.75,11286.0,-0.028960422163588406,-0.018672695259004835,-0.04709234828496045
2022-06-14,11392.25,11313.75,0.009414318624844986,-0.006890649344949429,0.0024587985114301603
2022-06-15,11441.0,11598.75,0.011247375980554697,0.013788130408181054,0.025190586675505555
2022-06-16,11291.75,11140.5,-0.02646836943636166,-0.013394735094205967,-0.039508567733592015
2022-06-22,11464.25,11562.75,-0.00976052171284203,0.008591927077654438,-0.0012524563259841415
2022-06-23,11671.5,11717.75,0.009405202049685313,0.003962644047466046,0.013405115565068959
2022-06-24,11855.25,12125.75,0.0117343346632246,0.022816895468252385,0.03481897121887734
2022-06-27,12207.0,12050.5,0.006700616456714048,-0.012820512820512775,-0.006205801702987457
2022-06-28,12084.75,11677.5,0.002842205717605184,-0.03369949730031652,-0.030953072486618827
2022-06-29,11660.75,11691.0,-0.0014343823592378735,0.002594172759042168,0.0011560693641619046
2022-06-30,11567.5,11530.25,-0.010563681464374253,-0.0032202290901232056,-0.013749893080147069
2022-07-01,11519.75,11616.5,-0.0009106480778821036,0.008398619761713633,0.007480323496888541
2022-07-05,11432.0,11800.25,-0.015882580811776403,0.03221221133659902,0.01581801747514322
2022-07-06,11811.0,11887.5,0.0009109976483550053,0.006477012954025918,0.007393911145950227
2022-07-07,11953.0,12135.0,0.005509989484752786,0.015226303020162257,0.020820189274447953
2022-07-08,12013.75,12159.25,-0.009991759373712439,0.012111122671938368,0.001998351874742399
2022-07-11,12024.75,11896.75,-0.011061537512593311,-0.010644711948273322,-0.021588502580340063
2022-07-12,11947.5,11774.0,0.004265870931136728,-0.014521866499267677,-0.01031794397629604
2022-07-13,11601.75,11753.75,-0.014629692542891148,0.013101471760725847,-0.001719891285884123
2022-07-14,11679.0,11806.25,-0.0063596724449643816,0.01089562462539595,0.004466659576730869
2022-07-15,11948.5,12006.0,0.01204870301746963,0.004812319538017418,0.01691900476442565
2022-07-18,12110.5,11912.0,0.008703981342661926,-0.01639073531233226,-0.007829418624021312
2022-07-19,12054.5,12282.5,0.011962726662189338,0.018914098469451135,0.031103089321692368
2022-07-20,12265.5,12469.0,-0.0013840830449827202,0.016591251885369473,0.015184205169957332
2022-07-21,12467.5,12649.25,-0.00012029833988291827,0.01457790254662128,0.014455850509262902
2022-07-22,12609.25,12413.75,-0.00316224282072064,-0.015504490750837707,-0.018617704606992524
2022-07-25,12427.25,12369.25,0.0010875037760547102,-0.0046671628880081695,-0.003584734669217604
2022-07-26,12283.75,12103.0,-0.00691230268609655,-0.014714561921237435,-0.021525153101441097
2022-07-27,12311.5,12597.0,0.017227133768487057,0.02318970068635018,0.04081632653061229
2022-07-28,12635.0,12738.0,0.003016591251885359,0.008151958844479612,0.011193141224100867
2022-07-29,12795.0,12975.75,0.004474799811587271,0.014126611957796076,0.01866462552991055
2022-08-01,12903.0,12965.25,-0.0056066123345471786,0.0048244594280399955,-0.0008092017802439067
2022-08-02,12865.25,12922.5,-0.007712924933958032,0.004449971823322407,-0.003297275409267053
2022-08-03,13025.0,13263.75,0.007931901721803136,0.0183301343570057,0.026407428903076013
2022-08-04,13266.25,13338.75,0.00018848364904333614,0.005464995759917102,0.005654509471303415
2022-08-05,13153.5,13225.0,-0.013888107956142814,0.0054358155623979165,-0.008527785587105208
2022-08-08,13260.0,13187.75,0.002646502835538689,-0.005448717948717929,-0.002816635160680536
2022-08-09,13096.5,13038.0,-0.00691930010805486,-0.004466842286106942,-0.011355234971848871
2022-08-10,13347.75,13390.75,0.023757478140819188,0.0032215167350302387,0.027055529989262084
2022-08-11,13496.75,13328.75,0.007915912103504175,-0.012447441050623342,-0.004630061796389251
2022-08-12,13404.25,13574.0,0.005664447153709062,0.012663893914243607,0.01840007502579022
2022-08-15,13562.5,13679.75,-0.0008472078974509634,0.008645161290322667,0.007790629143951566
2022-08-16,13637.25,13646.75,-0.0031067819221842763,0.0006966213862764636,-0.002412324786637221
2022-08-17,13528.5,13490.25,-0.008665066774140362,-0.0028273644528218345,-0.011467931925183694
2022-08-18,13496.25,13526.75,0.00044476566409068496,0.002259887005649608,0.0027056577898851852
2022-08-19,13398.75,13262.0,-0.009462731254735957,-0.010206175949248997,-0.019572328903838643
2022-08-22,13077.5,12913.0,-0.013911928819182573,-0.012578856815140482,-0.02631578947368418
2022-08-23,12916.0,12901.75,0.00023232401455897111,-0.0011032827500774278,-0.0008712150545961972
2022-08-24,12899.25,12932.0,-0.0001937721626911193,0.0025389073008119656,0.0023446431685623104
2022-08-25,13007.25,13153.75,0.00581889885555209,0.011262949508927811,0.017147386328487446
2022-08-26,13137.0,12613.75,-0.0012734011213532126,-0.03983025043769506,-0.04105293167347712
2022-08-29,12510.0,12494.5,-0.00822515112476463,-0.001239008792965679,-0.009453968883163189
2022-08-30,12563.5,12361.0,0.005522429869142531,-0.01611811995065071,-0.010684701268558139
2022-08-31,12443.5,12292.25,0.006674217296335216,-0.012154940330292963,-0.005561847746946014
2022-09-01,12179.75,12281.75,-0.009152108035550888,0.00837455612799931,-0.0008541967499847702
2022-09-02,12382.5,12111.0,0.008203228367293036,-0.0219261053906723,-0.013902741873104363
2022-09-06,12159.75,12011.0,0.00402526628684674,-0.012232981763605322,-0.00825695648583935
2022-09-07,12043.5,12258.0,0.002705852968112543,0.01781043716527586,0.020564482557655417
2022-09-08,12141.0,12336.25,-0.009544787077826689,0.016081871345029253,0.006383586229401272
2022-09-09,12434.0,12587.5,0.007923801803627617,0.012345182563937573,0.020366805147431277
2022-09-12,12660.75,12750.5,0.005819265143992114,0.007088837549118265,0.012949354518371425
2022-09-13,12386.5,12051.0,-0.028547900082349753,-0.027085940338271497,-0.05486059370220775
2022-09-14,12079.0,12143.5,0.002323458634138298,0.005339846013742822,0.007675711559206766
2022-09-15,12052.0,11946.0,-0.007534895211430026,-0.008795220710255514,-0.016263844855272325
2022-09-19,11836.0,12035.0,-0.009208103130755041,0.016813112538019537,0.007450192533065447
2022-09-20,11922.25,11930.75,-0.009368508516825913,0.0007129526725240254,-0.008662235147486541
2022-09-21,11970.0,11692.5,0.0032898183265930303,-0.02318295739348375,-0.019969406784988375
2022-09-22,11678.5,11557.0,-0.0011973487278169603,-0.010403733356167288,-0.0115886251870857
2022-09-23,11448.0,11381.0,-0.009431513368521216,-0.00585255066387147,-0.015228865622566423
2022-09-26,11376.0,11313.75,-0.0004393287057375961,-0.005472046413502074,-0.005908971092171145
2022-09-27,11465.25,11328.0,0.013390785548558215,-0.011970955714005416,0.0012595293337753777
2022-09-28,11328.0,11557.0,0.0,0.020215395480225995,0.020215395480225995
2022-09-29,11391.5,11242.5,-0.014320325343947338,-0.013079928016503484,-0.02721294453577916
2022-09-30,11202.5,11048.5,-0.0035579275072270544,-0.01374693148850703,-0.01725594841005118
2022-10-03,11114.5,11303.25,0.005973661583020373,0.016982320392280315,0.023057428610218533
2022-10-04,11522.0,11640.0,0.019352840997058474,0.010241277555979922,0.02979231636918578
2022-10-05,11500.0,11644.75,-0.012027491408934665,0.012586956521739134,0.00040807560137468
2022-10-06,11606.25,11542.0,-0.0033062109534339745,-0.005535810446957501,-0.008823718843255501
2022-10-07,11327.25,11099.0,-0.01860596083867616,-0.020150521971352253,-0.038381562987350515
2022-10-10,11115.75,10987.25,0.0015091449680151303,-0.011560173627510495,-0.010068474637354718
2022-10-11,10912.0,10847.25,-0.006848847527816337,-0.005933834310850483,-0.012742041912216395
2022-10-12,10848.0,10843.0,6.914194842000398e-05,-0.0004609144542773169,-0.0003918043743805777
2022-10-13,10535.25,11084.25,-0.028382366503735157,0.05211077098312811,0.022249377478557486
2022-10-14,11184.75,10750.25,0.009066919277352925,-0.03884753794228746,-0.030132846155581094
2022-10-17,11028.0,11116.75,0.025836608450966247,0.008047696771853463,0.03409223041324627
2022-10-18,11407.75,11214.5,0.02617671531697674,-0.016940237996099117,0.00879303753345173
2022-10-19,11154.25,11157.25,-0.00537250880556428,0.0002689557791872854,-0.005104997993668925
2022-10-20,11134.0,11096.0,-0.0020838468260547804,-0.0034129692832765013,-0.005489704004122853
2022-10-21,11019.75,11367.25,-0.006871845710165858,0.03153429070532443,0.024445746214852182
2022-10-24,11351.0,11481.75,-0.0014295454045613054,0.011518808915514045,0.010072796850601584
2022-10-25,11539.75,11696.0,0.00505149476342881,0.013540154682727179,0.018660047466631857
2022-10-26,11444.5,11455.75,-0.021503077975376206,0.000983004936869314,-0.02054121067031467
2022-10-27,11449.25,11245.0,-0.0005674006503284534,-0.01783959648011879,-0.018396874931802754
2022-10-28,11234.25,11591.0,-0.0009559804357491819,0.03175556890758169,0.03076923076923066
2022-10-31,11504.75,11446.25,-0.007441118108877598,-0.005084856255025083,-0.012488137347942407
2022-11-01,11602.75,11329.75,0.013672600196571016,-0.0235289047855034,-0.010178005897127917
2022-11-02,11326.25,10920.25,-0.00030892120302739023,-0.035845933119964646,-0.0361437807542091
2022-11-03,10798.5,10725.5,-0.011149012156315141,-0.006760198175672527,-0.017833840800348
2022-11-04,10945.5,10898.5,0.020511864248752953,-0.004294002101320138,0.016129784159246707
2022-11-07,10963.5,11017.5,0.0059641235032343864,0.004925434395950168,0.010918933798229169
2022-11-08,11055.25,11079.25,0.0034263671431813414,0.0021709142715000684,0.0056047197640118895
2022-11-09,11008.75,10833.0,-0.00636324660965315,-0.015964573634608792,-0.022226233725207045
2022-11-10,11384.0,11622.75,0.05086310348010703,0.02097241742796907,0.07290224314594296
2022-11-11,11612.75,11837.0,-0.000860381579230407,0.019310671460248452,0.018433675335011168
2022-11-14,11766.75,11754.0,-0.005934780772155146,-0.0010835617311492074,-0.0070119118019768
2022-11-15,12022.75,11921.75,0.022864556746639453,-0.008400740263250883,0.014271737280925567
2022-11-16,11820.5,11746.5,-0.008492880659299207,-0.006260310477560149,-0.01470002306708329
2022-11-17,11563.75,11715.25,-0.015557825735325381,0.013101286347421803,-0.002660366917805357
2022-11-18,11812.5,11710.75,0.00830114594225484,-0.008613756613756629,-0.00038411472226373977
2022-11-21,11672.0,11588.5,-0.003308925559848852,-0.007153872515421544,-0.010439126443652191
2022-11-22,11608.0,11747.0,0.0016827026793804212,0.011974500344589911,0.01367735254778446
2022-11-23,11754.25,11870.25,0.0006171788541755596,0.009868770870110843,0.01049204052098407
2022-11-29,11614.5,11521.0,-0.0003012566706833697,-0.008050281975117257,-0.008349113444654832
2022-11-30,11535.5,12037.75,0.0012585713045742963,0.04353950847384169,0.04485287735439636
2022-12-01,12037.0,12054.25,-6.230400199369601e-05,0.0014330813325580394,0.0013706880438619784
2022-12-02,11875.25,12001.5,-0.014849534396582098,0.01063135512936575,-0.004376049940892246
2022-12-05,11927.5,11807.75,-0.0061658959296754245,-0.010039823936281667,-0.016143815356413738
2022-12-06,11800.25,11558.0,-0.000635176049628372,-0.02052922607571872,-0.0211513624526265
2022-12-07,11526.25,11513.0,-0.0027470150545076955,-0.0011495499403535447,-0.0038934071638692114
2022-12-08,11562.75,11644.0,0.0043212021193432815,0.007026875094592544,0.011378441761487057
2022-12-09,11614.25,11569.25,-0.0025549639299209392,-0.0038745506597498425,-0.006419615252490574
2022-12-12,11591.75,11695.25,0.0019448105970567564,0.008928763991632005,0.010890939343518369
2022-12-13,12157.0,11837.0,0.03948184091832152,-0.026322283458089957,0.012120305252132368
2022-12-14,11830.25,11740.0,-0.0005702458393174181,-0.007628748335833935,-0.00819464391315372
2022-12-15,11583.0,11358.5,-0.013373083475298086,-0.019381852715186,-0.03249574105621811
2022-12-19,11330.0,11195.5,-0.0025091341286261892,-0.01187113857016775,-0.014350486419861808
2022-12-20,11120.5,11186.25,-0.006699120182216078,0.005912503934175639,-0.0008262248224732982
2022-12-21,11229.5,11335.25,0.0038663537825456284,0.009417160158511129,0.013319924013856399
2022-12-22,11196.5,11068.25,-0.01224057696124925,-0.011454472379761493,-0.02355483999029573
2022-12-23,11011.75,11071.5,-0.005104691346870527,0.00542602220355537,0.00029363268809423637
2022-12-27,11033.75,10930.0,-0.003409655421577895,-0.00940296816585473,-0.012780562706047105
2022-12-28,10886.75,10772.0,-0.003956999085086954,-0.010540335729212091,-0.014455626715462078
2022-12-29,10882.5,11034.0,0.010258076494615631,0.013921433494141988,0.024322317118455228
2022-12-30,10921.25,11015.25,-0.010218415805691494,0.00860707336614408,-0.0016992930940729067
2023-01-03,11100.75,10933.25,0.0077619663648125226,-0.015089070558295559,-0.007444225051633002
2023-01-04,11006.0,10985.75,0.006654014131205255,-0.0018399055060875913,0.004801865867880117
2023-01-05,10914.5,10828.5,-0.0064856746239446705,-0.00787942645105133,-0.014313997678811141
2023-01-06,10874.25,11115.0,0.004224961906081237,0.022139457893647796,0.02645795816595098
2023-01-09,11220.75,11179.75,0.009514170040485936,-0.0036539447006661563,0.005825461088619033
2023-01-10,11149.25,11282.0,-0.0027281468726939595,0.011906630490840175,0.009146000581408353
2023-01-11,11338.75,11468.5,0.005030136500620452,0.011443060302061436,0.016530756957986226
2023-01-12,11515.0,11532.0,0.004054584296115493,0.0014763352149369524,0.005536905436630768
2023-01-13,11437.75,11602.25,-0.008172910163024683,0.014382199296190334,0.006091744710371216
2023-01-17,11606.75,11634.0,0.0003878558038310498,0.0023477717707367507,0.0027365381714754555
2023-01-18,11715.75,11478.75,0.007026817947395569,-0.0202291786697395,-0.013344507478081469
2023-01-19,11424.25,11400.75,-0.004747903735162762,-0.0020570278136420317,-0.006795164978765089
2023-01-20,11410.75,11664.25,0.0008771352761880458,0.02221589290800341,0.02311251452755303
2023-01-23,11694.25,11917.5,0.0025719613348478276,0.019090578703208738,0.02171164026834127
2023-01-24,11845.75,11914.75,-0.006020558002936882,0.005824873899921812,-0.00023075309418918444
2023-01-25,11688.0,11881.75,-0.01903103296334374,0.016576830937713893,-0.0027696762416332676
2023-01-26,12038.25,12103.0,0.01317146043301709,0.0053786887629014846,0.01862099438214071
2023-01-27,12066.0,12227.0,-0.0030570932826572417,0.013343278634178724,0.010245393704040318
2023-01-30,12104.25,11982.75,-0.01003925738120548,-0.010037796641675478,-0.01997628199885504
2023-01-31,11994.25,12144.5,0.0009597129206568855,0.012526835775475753,0.013498570862281234
2023-02-01,12147.75,12404.25,0.00026761085264936924,0.021115021300240677,0.021388282761743982
2023-02-02,12720.5,12847.25,0.025495293951669717,0.009964230965763932,0.03571356591490815
2023-02-03,12590.0,12623.25,-0.02002374048920974,0.0026409849086577175,-0.017435637976998986
2023-02-06,12522.0,12516.25,-0.008020913790030337,-0.0004591918223926239,-0.00847642247440239
2023-02-07,12510.25,12758.0,-0.0004793768101467588,0.01980376091604885,0.019314890642165183
2023-02-08,12720.75,12542.0,-0.002919736635836334,-0.01405184442741192,-0.016930553378272428
2023-02-09,12704.25,12429.0,0.012936533248285809,-0.021665977920774515,-0.00900972731621752
2023-02-10,12374.25,12341.0,-0.0044050205165339085,-0.0026870315372649056,-0.007080215624748587
2023-02-13,12381.0,12545.25,0.0032412284255733947,0.013266295129634065,0.016550522648083543
2023-02-14,12428.25,12624.5,-0.00932623901476659,0.01579063826363325,0.006317131982224389
2023-02-15,12569.5,12726.75,-0.004356608182502275,0.012510441942797934,0.0080993306665611
2023-02-16,12535.25,12474.75,-0.015047046575127232,-0.004826389581380486,-0.01980081324768701
2023-02-17,12388.5,12386.0,-0.00691396621174778,-0.00020180005650405342,-0.007114371029479538
2023-02-21,12234.0,12107.0,-0.012271919909575324,-0.010380905672715435,-0.022525431939286245
2023-02-22,12131.75,12107.5,0.0020442719088131778,-0.0019988872174253602,4.1298422400304347e-05
2023-02-23,12243.5,12208.5,0.011232706999793507,-0.002858659696982069,0.008341936816023132
2023-02-24,12003.75,11995.25,-0.016771102100995194,-0.0007081120483182213,-0.017467338329852145
2023-02-27,12138.0,12092.25,0.011900543965319699,-0.0037691547207118203,0.008086534253141764
2023-02-28,12064.25,12050.25,-0.002315532675887466,-0.0011604534057235716,-0.003473299013831199
2023-03-01,12041.5,11959.25,-0.0007261260139831416,-0.006830544367396052,-0.007551710545424362
2023-03-02,11864.0,12065.25,-0.00796454627171439,0.016963081591368834,0.00886343207140916
2023-03-03,12122.5,12308.75,0.004745032220633716,0.01536399257578891,0.02018192743623226
2023-03-06,12373.5,12323.0,0.005260485427033723,-0.004081302784175844,0.0011577130090383303
2023-03-07,12322.5,12174.25,-4.057453542161138e-05,-0.012030837898153734,-0.012070924287916895
2023-03-08,12207.0,12225.0,0.0026901041131897063,0.0014745637748831975,0.00416863461814887
2023-03-09,12248.75,12016.25,0.0019427402862985943,-0.018981528727421204,-0.017075664621676867
2023-03-10,11994.25,11845.75,-0.001830854051804831,-0.012380932530170696,-0.014189118901487552
2023-03-13,11786.5,11927.5,-0.005001793892324247,0.011962838841046874,0.006901209294472688
2023-03-14,12091.75,12201.0,0.013770697966883239,0.009035085905679585,0.022930203311674724
2023-03-15,12103.5,12262.0,-0.007991148266535575,0.013095385632255097,0.004999590197524828
2023-03-16,12215.5,12571.75,-0.003792203555700535,0.02916376734476689,0.025260968846843923
2023-03-20,12630.5,12687.25,0.004673175969932553,0.00449309211828508,0.009187265098335562
2023-03-21,12791.5,12878.25,0.008216910678042977,0.006781847320486367,0.015054483832193766
2023-03-22,12869.25,12707.75,-0.0006988527167899328,-0.012549293859393518,-0.013239376468076047
2023-03-23,12875.75,12832.25,0.013220278963624654,-0.003378443974137446,0.009797171017686068
2023-03-24,12824.0,12898.0,-0.0006429114145999337,0.005770430442919583,0.005123809152720593
2023-03-27,12915.25,12801.0,0.0013374166537447607,-0.008846131511197952,-0.007520545821057545
2023-03-28,12764.75,12733.5,-0.002831810014842562,-0.002448148220685842,-0.005273025544879295
2023-03-29,12892.5,12961.5,0.01248674755566026,0.005351948807446272,0.017905524796795858
2023-03-30,13052.25,13087.75,0.007001504455502738,0.0027198375758967774,0.009740384986305584
2023-03-31,13093.25,13294.25,0.0004202403010449274,0.01535142153399649,0.015778113121048376
2023-04-03,13200.75,13262.75,-0.007033115820749614,0.004696702838853817,-0.0023694454369370677
2023-04-04,13282.75,13224.75,0.0015079828843942433,-0.0043665656584668255,-0.002865167480349151
2023-04-05,13176.25,13076.75,-0.0036673661127809565,-0.007551465705341043,-0.01119113782869241
2023-04-06,13006.25,13166.5,-0.005391247825338841,0.01232099951946175,0.006863326132257708
2023-04-10,13041.5,13161.25,-0.009493791060646295,0.009182225970938873,-0.00039873922454713995
2023-04-11,13136.5,13081.75,-0.0018805204672808218,-0.004167776805085066,-0.006040459682780885
2023-04-12,13137.75,12957.75,0.004280772832381041,-0.013700976194553904,-0.009478854128843639
2023-04-13,13035.0,13202.5,0.005961683162586162,0.012850019179133199,0.01888831008469838
2023-04-14,13153.75,13183.0,-0.0036924824843779236,0.002223700465646683,-0.0014769929937511472
2023-04-17,13153.0,13191.5,-0.0022756580444511787,0.0029270888770622783,0.0006447697792610896
2023-04-18,13266.25,13155.0,0.005666527688284129,-0.008385941769527894,-0.002766933252473236
2023-04-19,13094.75,13176.25,-0.00458000760167232,0.006223868344183758,0.0016153553781832475
2023-04-20,13064.25,13083.75,-0.008500142301489433,0.001492622997875781,-0.007020206811497953
2023-04-21,13047.0,13092.75,-0.002808827744339326,0.0035065532306277625,0.0006878761822872725
2023-04-24,13075.25,13062.5,-0.0013366175937064018,-0.0009751247586088363,-0.0023104389834068817
2023-04-25,12989.5,12819.0,-0.005588516746411476,-0.0131259863736094,-0.018641148325358903
2023-04-26,12934.25,12890.75,0.008990560886184662,-0.003363163693294924,0.005597160464934969
2023-04-27,13029.25,13224.0,0.010744138238659495,0.014947138169886909,0.02585187052731608
2023-04-28,13238.75,13332.5,0.0011153962492438385,0.007081484279104933,0.008204779189352696
2023-05-01,13304.5,13311.25,-0.0021001312582036302,0.0005073471381862316,-0.0015938496156009396
2023-05-02,13287.75,13183.5,-0.0017654239834726804,-0.007845572049444027,-0.009597145271856511
2023-05-03,13201.75,13099.75,0.0013843061402509793,-0.007726248414036019,-0.006352637766905644
2023-05-04,13068.75,13039.25,-0.0023664573751407403,-0.002257293161166851,-0.0046184087482585845
2023-05-05,13129.0,13318.0,0.0068830645934390144,0.014395612765633281,0.02137776329160035
2023-05-08,13301.75,13343.25,-0.0012201531761525386,0.003119890240006029,0.001895930319867789
2023-05-09,13287.0,13266.25,-0.004215614636614018,-0.0015616768269737236,-0.005770708035898298
2023-05-10,13373.25,13415.75,0.00806557994911894,0.0031779859046978665,0.01126919815320826
2023-05-11,13423.75,13444.25,0.0005963140338780537,0.0015271440543811465,0.0021243687456906635
2023-05-12,13467.75,13392.5,0.0017479591646987203,-0.005587421803939008,-0.003849229224389572
2023-05-15,13403.0,13465.5,0.0007840209072242921,0.004663135119003181,0.0054508120216538725
2023-05-16,13453.75,13485.5,-0.0008726003490401313,0.0023599368205891036,0.0014852771898554717
2023-05-17,13532.75,13638.5,0.003503763301323737,0.0078143762354288,0.011345519261428905
2023-05-18,13664.5,13898.25,0.001906368002346337,0.01710637052215591,0.01904534956190207
2023-05-19,13900.25,13856.5,0.0001439030093717264,-0.0031474254060178675,-0.0030039753206339004
2023-05-22,13859.25,13908.5,0.0001984628152853496,0.003553583346862288,0.003752751416302713
2023-05-23,13829.75,13725.75,-0.005662005248588953,-0.007520020246208348,-0.013139447100693813
2023-05-24,13635.25,13649.0,-0.00659344662404604,0.0010084156872811612,-0.005591679871773891
2023-05-25,13928.5,13980.5,0.02047769067330929,0.003733352478730634,0.024287493589273845
2023-05-26,14026.25,14342.0,0.0032724151496728027,0.022511362623652165,0.02585744429741421
2023-05-30,14520.5,14400.25,0.012445962906149743,-0.00828139526875793,0.004061497699065608
2023-05-31,14338.25,14309.75,-0.0043054808076248285,-0.001987690269035669,-0.006284613114355686
2023-06-01,14304.0,14474.0,-0.0004018239312356675,0.011884787472035807,0.011478187948776197
2023-06-02,14580.25,14581.75,0.0073407489291141825,0.00010287889439486442,0.007444383031642854
2023-06-05,14581.0,14587.0,-5.143415570829646e-05,0.00041149441053422997,0.00036003908995829725
2023-06-06,14543.0,14584.25,-0.0030163844519092153,0.002836416145224563,-0.00018852402824431902
2023-06-07,14625.75,14333.25,0.002845535423487755,-0.019998974411568615,-0.017210346778202545
2023-06-08,14348.75,14496.75,0.0010814016360560785,0.010314487324679877,0.011407043064203926
2023-06-09,14557.5,14563.5,0.004190594443582274,0.00041215868109212295,0.004604480314553294
2023-06-12,14621.25,14807.5,0.003965392934390799,0.012738308968111456,0.016754214302880488
2023-06-13,14909.25,14905.75,0.006871517811919636,-0.00023475359256841521,0.006635151105858439
2023-06-14,14891.25,15023.5,-0.0009727789611391202,0.008881054310417191,0.00789963604649202
2023-06-15,14969.5,15187.5,-0.003594368822178562,0.014562944654129995,0.010916231237727558
2023-06-21,15179.0,15058.0,-0.004214980401161195,-0.007971539627116386,-0.01215292014498226
2023-06-22,14975.0,15213.0,-0.005512020188604083,0.01589315525876467,0.010293531677513679
2023-06-23,15047.5,15058.75,-0.010878853612042327,0.0007476324970925319,-0.010139354499441255
2023-06-26,15041.0,14875.75,-0.0011787166929525528,-0.010986636526826632,-0.012152403087905661
2023-06-27,14928.25,15100.0,0.0035292338201435847,0.01150503240500389,0.015074870174613064
2023-06-28,15047.5,15157.5,-0.003476821192052948,0.007310184416015941,0.0038079470198675303
2023-06-29,15121.25,15104.75,-0.0023915553356423924,-0.0010911796313135547,-0.0034801253504865848
2023-06-30,15240.5,15315.0,0.008987239113523948,0.004888291066565964,0.013919462420761697
2023-07-06,15203.75,15234.25,-0.010108079953121907,0.002006084025322652,-0.008122273585519868
2023-07-07,15216.5,15193.5,-0.0011651377652329709,-0.0015115171031445662,-0.0026748937427178987
2023-07-10,15202.5,15193.0,0.0005923585743903281,-0.0006248972208517944,-3.2908809688314555e-05
2023-07-11,15197.0,15250.5,0.00026327914171009326,0.0035204316641441746,0.0037846376620811473
2023-07-12,15424.75,15458.75,0.011425854890003695,0.002204249663689817,0.013655289990492037
2023-07-13,15552.75,15710.5,0.006080698633460058,0.010142900773175256,0.016285275329505966
2023-07-14,15747.5,15700.0,0.002355112822634453,-0.003016351801873318,-0.0006683428280449544
2023-07-17,15756.75,15828.0,0.003614649681528581,0.004521871578847092,0.00815286624203826
2023-07-18,15789.75,15966.25,-0.0024166034874905096,0.011178137715923242,0.008734521101844805
2023-07-19,16021.5,15949.5,0.0034604243325764283,-0.004493961239584343,-0.0010490879198309377
2023-07-20,15844.0,15592.75,-0.0066146274177874,-0.015857737944963368,-0.022367472334555938
2023-07-21,15664.5,15546.25,0.00460149749082106,-0.0075489163394937275,-0.0029821551682672753
2023-07-24,15607.25,15565.0,0.003923775830184217,-0.002707075237469714,0.001206078636327046
2023-07-25,15595.25,15649.25,0.00194346289752656,0.0034625927766467335,0.005412785094763839
2023-07-26,15637.5,15615.75,-0.0007508347045385166,-0.001390887290167897,-0.0021406776682588724
2023-07-27,15830.25,15572.0,0.013736131790019757,-0.016313703194832718,-0.0028016585818805284
2023-07-28,15730.0,15837.0,0.010146416645260725,0.006802288620470387,0.01701772412021585
2023-07-31,15866.75,15867.25,0.001878512344509753,3.151243953558591e-05,0.0019100839805519243
2023-08-01,15781.25,15814.25,-0.005419968803667907,0.0020910891089109818,-0.003340213332493014
2023-08-02,15654.5,15466.75,-0.010101648829378584,-0.011993356542847056,-0.02197385269614427
2023-08-03,15378.25,15434.25,-0.005721951929138269,0.003641506673386141,-0.0021012817818869545
2023-08-04,15518.0,15363.25,0.005426243581644785,-0.009972290243588144,-0.0046001587378718956
2023-08-07,15462.25,15481.75,0.006443949034221186,0.001261135992497886,0.007713211722780056
2023-08-08,15371.5,15355.75,-0.0071212879680914165,-0.001024623491526544,-0.008138614820675905
2023-08-09,15351.25,15193.25,-0.0002930498347524235,-0.010292321472192834,-0.010582355143838651
2023-08-10,15289.25,15200.75,0.006318595428891127,-0.005788380725019193,0.0004936402678821228
2023-08-11,15078.0,15105.5,-0.008075259444435323,0.0018238493168856174,-0.006266138183971148
2023-08-14,15051.25,15270.0,-0.0035914071033729122,0.014533676604933099,0.01089007315216306
2023-08-15,15224.0,15107.0,-0.003012442698100859,-0.007685233841303152,-0.010674525212835628
2023-08-16,15081.0,14940.75,-0.0017210564638908687,-0.009299781181619227,-0.011004832196994774
2023-08-17,14998.0,14768.75,0.0038318022856951295,-0.01528537138285102,-0.011512139618158446
2023-08-18,14648.5,14766.25,-0.008142192128649972,0.008038365702973005,-0.000169276343630953
2023-08-21,14813.75,14975.25,0.0032167950562940195,0.010902033583663817,0.014153898247693197
2023-08-22,15072.0,14962.5,0.00646066008914703,-0.00726512738853502,-0.0008514048179496525
2023-08-23,15020.75,15200.25,0.0038930659983291704,0.01195013564569014,0.015889724310776954
2023-08-24,15314.75,14857.25,0.007532770842584746,-0.02987316149463748,-0.022565418331935372
2023-08-25,14920.75,14988.25,0.004274007639367916,0.004523901278421061,0.008817244106412714
2023-08-28,15065.25,15090.0,0.005137357596784131,0.0016428535868970862,0.006788651110036126
2023-08-29,15078.25,15418.0,-0.0007786613651424856,0.022532455689486586,0.021736249171636857
2023-08-30,15421.5,15495.5,0.00022700739395520309,0.004798495606782804,0.005026592294720356
2023-08-31,15519.0,15540.25,0.0015165693265786206,0.0013692892583285765,0.0028879352069954844
2023-09-01,15636.0,15515.75,0.006161419539582713,-0.007690585827577423,-0.001576551213783528
2023-09-05,15478.25,15538.25,-0.00241689895751096,0.003876407216578004,0.0014501393745065538
2023-09-06,15480.0,15395.5,-0.0037488134120637895,-0.0054586563307493785,-0.009187006258748576
2023-09-07,15191.0,15267.0,-0.0132831022051898,0.005002962280297618,-0.008346594784190198
2023-09-08,15292.75,15299.25,0.0016866443964105304,0.00042503800820647974,0.002112399292591771
2023-09-11,15433.5,15479.25,0.008774939948036575,0.00296433083875991,0.011765282611892802
2023-09-12,15392.0,15304.75,-0.005636577999580061,-0.005668529106029108,-0.011273155999160123
2023-09-13,15330.25,15371.25,0.001666149398062755,0.0026744508406582046,0.004345056273379111
2023-09-14,15410.5,15482.75,0.002553468325607877,0.004688361831219012,0.0072538017402619115
2023-09-18,15367.5,15418.5,-0.007443768064458789,0.0033186920448999846,-0.004149779593418446
2023-09-19,15339.5,15385.5,-0.0051237150176736135,0.002998793963297386,-0.0021402860200409046
2023-09-20,15390.25,15149.25,0.00030873224789584874,-0.015659264794269045,-0.015355367066393733
2023-09-21,15007.5,14860.0,-0.009356898856379026,-0.009828419123771415,-0.019093354456491296
2023-09-22,14916.0,14885.0,0.003768506056527565,-0.00207830517565033,0.001682368775235421
2023-09-25,14828.25,14944.0,-0.0038125629828686947,0.00780604589213163,0.003963721867652037
2023-09-26,14833.25,14711.75,-0.007411001070663836,-0.00819105725313063,-0.015541354389721596
2023-09-27,14770.75,14752.25,0.0040103998504597005,-0.0012524753313135628,0.0027529015922647115
2023-09-28,14677.25,14856.0,-0.005083970241827496,0.012178711952170795,0.007032825501194662
2023-09-29,14992.75,14867.25,0.00920503500269243,-0.00837071251104704,0.0007572697899838055
2023-10-02,14854.0,14995.5,-0.0008912206359615871,0.009526053588259087,0.008626343136760362
2023-10-03,14894.5,14729.5,-0.006735353939515187,-0.011077914666487665,-0.017738654929812303
2023-10-04,14774.75,14906.0,0.003072066261583961,0.008883399042284967,0.011982755694354807
2023-10-05,14902.25,14868.25,-0.0002515765463572128,-0.00228153466758374,-0.002532537233328913
2023-10-06,14759.25,15117.25,-0.007331057790930351,0.024255975066483693,0.01674709532056573
2023-10-09,15005.0,15190.5,-0.00742529229853317,0.012362545818060733,0.0048454580032744055
2023-10-10,15194.75,15275.25,0.000279780125736373,0.005297882492308226,0.005579144860274443
2023-10-11,15346.25,15384.5,0.004648041766910582,0.0024924655860552036,0.007152092437112234
2023-10-12,15384.5,15320.25,0.0,-0.004176281322109898,-0.004176281322109898
2023-10-13,15354.25,15115.25,0.0022192849333397824,-0.015565722845466201,-0.013380982686313825
2023-10-16,15175.0,15288.25,0.003952961413142386,0.007462932454695315,0.011445394551859778
2023-10-17,15130.5,15243.0,-0.010318381763772866,0.0074353127788242546,-0.0029597893807336018
2023-10-18,15135.25,15058.75,-0.0070688184740537174,-0.0050544259262318425,-0.012087515580922359
2023-10-19,15103.75,14871.75,0.0029882958412883465,-0.015360423735827244,-0.012418029384909102
2023-10-20,14836.5,14654.0,-0.0023702657723536635,-0.012300744784821238,-0.01464185452283695
2023-10-23,14620.75,14719.0,-0.0022690050498157532,0.006719901509840476,0.0044356489695647205
2023-10-24,14799.0,14883.25,0.005435151844554564,0.00569295222650168,0.01115904613085128
2023-10-25,14727.0,14489.5,-0.01049837905027462,-0.016126841855096052,-0.026455915206692104
2023-10-26,14408.5,14190.25,-0.0055902550122503,-0.015147308880174903,-0.020652886573035656
2023-10-27,14322.75,14281.0,0.009337397156498284,-0.002914943010245974,0.006395236165677165
2023-10-30,14355.75,14418.5,0.005234227295007443,0.0043710708252791,0.009628177298508511
2023-10-31,14404.5,14479.25,-0.0009709747893331677,0.00518935055017522,0.004213337032284992
2023-11-01,14528.0,14744.5,0.0033668870970526843,0.014902257709251021,0.01831931902550199
2023-11-02,14921.75,14997.75,0.012021431720302456,0.005093236383131972,0.017175896096849774
2023-11-03,15051.5,15182.5,0.0035838709139703884,0.00870345148324092,0.01231851444383314
2023-11-06,15233.25,15228.5,0.003342664251605454,-0.000311817898347333,0.0030298040507161783
2023-11-07,15278.0,15375.0,0.00325048428932595,0.006348998560020913,0.009620120169419266
2023-11-08,15387.5,15381.5,0.0008130081300812275,-0.00038992688870831405,0.0004227642276422028
2023-11-09,15402.75,15258.5,0.0013815297597763454,-0.009365210757819264,-0.007996619315411402
2023-11-10,15310.5,15599.5,0.0034079365599501976,0.018875934815975937,0.022348199364288668
2023-11-13,15529.75,15548.75,-0.004471297156960152,0.001223458201194516,-0.0032533094009423724
2023-11-14,15816.25,15897.0,0.01720395530187324,0.005105508575041551,0.022397298818233047
2023-11-15,15951.25,15887.0,0.0034125935711140087,-0.004027897500195943,-0.0006290495061961332
2023-11-16,15849.5,15899.5,-0.0023604204695663045,0.0031546736490111194,0.0007868068231888792
2023-11-17,15863.75,15893.25,-0.0022484983804522685,0.001859585533054986,-0.00039309412245669417
2023-11-20,15922.75,16086.0,0.0018561338933194005,0.01025262595971177,0.012127790099570657
2023-11-21,15994.25,15984.5,-0.00570371751833898,-0.0006095940728699789,-0.006309834638816403
2023-11-22,16101.0,16049.5,0.007288310550846111,-0.00319855909570832,0.004066439363133112
2023-11-28,15976.0,16047.75,-0.0020613404959710646,0.0044911116675012686,0.0024205134611781087
2023-11-29,16159.5,16031.0,0.0069635930270599555,-0.007951978712212648,-0.0010437600286644644
2023-11-30,16028.25,15977.5,-0.00017154263614249654,-0.0031662845288786823,-0.003337284012226327
2023-12-01,15920.75,16018.75,-0.003551869816930009,0.006155488905987383,0.002581755593803692
2023-12-04,15861.0,15860.5,-0.009847834568864622,-3.152386356475301e-05,-0.009879047990635992
2023-12-05,15807.75,15918.75,-0.0033258724504271475,0.007021872182948252,0.00367264588127747
2023-12-06,16009.5,15818.75,0.005700824499411006,-0.01191480058715133,-0.006281900274833108
2023-12-07,15923.0,16030.5,0.006590280521532987,0.006751240344156306,0.013386013433425603
2023-12-08,15986.5,16096.75,-0.0027447677864071984,0.006896443874519154,0.004132746951124311
2023-12-11,16076.0,16237.75,-0.0012890800938077929,0.010061582483204878,0.008759532203705733
2023-12-12,16225.25,16366.5,-0.0007698110883589404,0.00870556694041702,0.00792905421009693
2023-12-13,16416.0,16565.75,0.00302447071762435,0.009122197855750525,0.012174258393669923
2023-12-14,16615.5,16552.25,0.00300318428082047,-0.0038066865276398243,-0.0008149344279613224
2023-12-18,16848.25,16926.5,0.017882765182981153,0.004644399269953858,0.02261021915449568
2023-12-19,16974.75,17026.25,0.0028505597731367516,0.0030339180253022846,0.005893126163116991
2023-12-20,16984.25,16768.25,-0.0024667792379413633,-0.012717664895417813,-0.015153072461640105
2023-12-21,16945.5,16947.0,0.010570572361456865,8.851907586082675e-05,0.010660027134614447
2023-12-22,17010.75,16984.5,0.0037617277394228488,-0.0015431418367797267,0.0022127810231900025
2023-12-26,17027.5,17087.75,0.0025317200977361676,0.0035383937747761607,0.006079072095145577
2023-12-27,17116.0,17117.75,0.0016532311158579116,0.0001022435148398948,0.0017556436628578531
2023-12-28,17149.0,17099.0,0.0018255903959341069,-0.002915621902151777,-0.0010953542375604641
2023-12-29,17094.5,17010.25,-0.00026317328498737247,-0.004928485770276936,-0.005190362009474203
2024-01-02,16869.0,16724.75,-0.0083038168163313,-0.0085511885707511,-0.016783997883628943
2024-01-03,16618.25,16537.0,-0.006367808188463164,-0.004889203135107434,-0.011225877815811858
2024-01-04,16467.0,16445.5,-0.0042329322126141156,-0.0013056415862027215,-0.005533047106488498
2024-01-05,16455.75,16461.5,0.0006232708035633916,0.0003494219345820948,0.0009729105226352619
2024-01-08,16518.0,16801.5,0.0034322510099322745,0.017163094805666468,0.02065425386507913
2024-01-09,16682.75,16837.75,-0.007067821325476897,0.009291034152043354,0.0021575454572508868
2024-01-10,16862.5,16949.0,0.0014699113598908298,0.005129725722757605,0.0066071773247613486
2024-01-11,17002.5,16961.0,0.0031565284087555767,-0.002440817526834338,0.0007080063720572571
2024-01-12,17003.75,16967.25,0.0025204881787630473,-0.002146585312063465,0.00036849242379566327
2024-01-16,16932.5,16969.5,-0.0020480631805389615,0.002185146906835911,0.0001326084073729472
2024-01-17,16823.5,16867.0,-0.00860367129261319,0.0025856688560643715,-0.006040248681457916
2024-01-18,17029.75,17096.0,0.009649018794094966,0.003890250884481583,0.013576806782474637
2024-01-19,17184.5,17446.5,0.0051766495086569275,0.01524629753556983,0.020501871782873105
2024-01-22,17542.5,17458.75,0.0055025363253373705,-0.004774119994299553,0.000702146562347794
2024-01-23,17478.0,17549.0,0.0011025989833177707,0.004062249685318653,0.0051693277010094185
2024-01-24,17677.0,17628.5,0.007293862898170911,-0.0027436782259433468,0.004530172659410692
2024-01-25,17687.5,17644.0,0.0033468531071843,-0.0024593639575971604,0.0008792580196841371
2024-01-26,17563.0,17524.5,-0.004590795737927866,-0.0021921084097249466,-0.006772840625708487
2024-01-29,17537.5,17703.5,0.0007418185968215418,0.009465431218816711,0.010214271448543366
2024-01-30,17666.75,17596.5,-0.0020758607055102463,-0.003976396337753152,-0.006044002598356246
2024-01-31,17395.25,17233.5,-0.011436933481089984,-0.009298515399318807,-0.020629102378313835
2024-02-01,17311.75,17426.25,0.004540575042794481,0.006614004938842122,0.011184611367394792
2024-02-02,17502.75,17710.0,0.004389928986442859,0.011840996414849148,0.016282906534681896
2024-02-05,17713.75,17685.0,0.00021174477696206395,-0.001623032954625625,-0.0014116318464144628
2024-02-06,17764.0,17664.25,0.004467062482329753,-0.005615289349245711,-0.0011733107152954725
2024-02-07,17762.0,17840.0,0.00553377584669601,0.004391397365161476,0.009949474220530163
2024-02-08,17828.0,17857.75,-0.0006726457399103269,0.0016687233565177984,0.0009949551569505832
2024-02-09,17894.75,18034.5,0.002071929554395169,0.007809553081211007,0.009897663479441654
2024-02-12,18022.0,17965.75,-0.000693115972164482,-0.003121185218066813,-0.0038121378469045952
2024-02-13,17616.75,17676.25,-0.019425851968328578,0.003377467467041262,-0.016113994684329946
2024-02-14,17801.75,17874.25,0.007099922212007614,0.004072633308523033,0.01120147090021928
2024-02-15,17895.0,17919.0,0.0011608878694211455,0.0013411567476948605,0.0025036015497152952
2024-02-16,17918.0,17743.0,-5.5806685640980014e-05,-0.009766715035160134,-0.009821976672805377
2024-02-20,17677.5,17604.25,-0.00369159668601704,-0.004143685475887393,-0.007819985346333769
2024-02-21,17484.25,17531.0,-0.006816535779712307,0.002673835022949156,-0.004160927048866059
2024-02-22,17888.75,18035.25,0.02040670811704981,0.008189504576898932,0.02876333352347271
2024-02-23,18113.5,17977.25,0.004338725551350731,-0.007522013967482866,-0.0032159243703303586
2024-02-26,18033.25,17968.5,0.003115048185901692,-0.003590589605312444,-0.00048672627904711163
2024-02-27,18020.25,18014.0,0.002880040070122769,-0.00034683203618146585,0.0025322091437793848
2024-02-28,17937.0,17912.0,-0.004274453203064299,-0.00139376707364669,-0.0056622626845787005
2024-02-29,18049.75,18064.0,0.007690375167485497,0.0007894846189004934,0.008485931219294418
2024-03-01,18112.25,18324.75,0.0026710584588132136,0.011732391061298308,0.014434787422497708
2024-03-04,18314.25,18255.0,-0.0005729955388203978,-0.003235185716040756,-0.003806327507878682
2024-03-05,18127.25,17939.0,-0.006998082717063814,-0.01038491773435024,-0.017310325938099114
2024-03-06,18118.75,18042.0,0.010020068008250282,-0.0042359434287685405,0.005741680138246386
2024-03-07,18178.5,18307.75,0.007565680079813841,0.007110047583684054,0.01472952000886818
2024-03-08,18311.5,18066.0,0.0002048312872964253,-0.013406875460776013,-0.01320479032103894
2024-03-11,17984.25,17979.5,-0.004525074726004608,-0.00026411999388353813,-0.004787999557179234
2024-03-12,18083.5,18225.5,0.005784365527406132,0.00785246218928859,0.013682249228287757
2024-03-13,18162.5,18083.25,-0.0034566952895668246,-0.004363386097728794,-0.007804998491125037
2024-03-14,18107.25,18032.0,0.0013271950561983825,-0.004155793949937148,-0.0028341144429236964
2024-03-18,18295.0,18218.0,0.0145851818988465,-0.004208800218639008,0.01031499556344273
2024-03-19,18133.75,18276.5,-0.004624547151169223,0.007872061763286586,0.003211109891316344
2024-03-20,18325.25,18472.25,0.0026673597242361513,0.00802171866686674,0.01071047520039392
2024-03-21,18673.5,18565.75,0.010894720459067031,-0.005770209119875802,0.00506164652383978
2024-03-22,18524.5,18568.75,-0.002221833214386737,0.0023887284407135834,0.00016158787013731413
2024-03-25,18460.75,18517.0,-0.005816223493773087,0.0030470051325108827,-0.00278694042409966
2024-03-26,18564.75,18468.0,0.0025787114543391887,-0.005211489516422252,-0.002646216989793171
2024-03-27,18556.75,18506.75,0.004805609703270486,-0.002694437334123667,0.0020982239549491855
2024-03-28,18488.75,18454.5,-0.0009726180988017807,-0.001852477858157009,-0.0028232942034662756
2024-04-01,18488.0,18491.75,0.001815275407082373,0.00020283427087841588,0.0020184778780243384
2024-04-02,18287.75,18334.75,-0.011031946678924376,0.002570026383781565,-0.00849027268917224
2024-04-03,18253.25,18387.0,-0.004445111059599993,0.007327462232753046,0.002849779789743545
2024-04-04,18535.25,18090.75,0.008062761733833579,-0.023981332865755767,-0.016111926904878393
2024-04-05,18143.0,18286.75,0.0028882163536614325,0.007923165959323075,0.010834266130480996
2024-04-08,18318.75,18302.5,0.0017499008845203168,-0.0008870692596383289,0.0008612793415998521
2024-04-09,18393.25,18378.5,0.004958339024723424,-0.000801924619085792,0.004152438191503904
2024-04-10,18128.25,18177.0,-0.013616454008760215,0.0026891729758802274,-0.010963898033027775
2024-04-11,18261.25,18482.25,0.004634978269241419,0.01210212882469719,0.016793200198052416
2024-04-12,18300.0,18188.5,-0.009860812401087493,-0.006092896174863416,-0.0158936276697913
2024-04-15,18309.25,17864.25,0.006638810237237891,-0.024304654751013843,-0.017827198504549613
2024-04-16,17862.75,17875.25,-8.396658130060963e-05,0.0006997802689956423,0.000615754929538026
2024-04-17,17931.0,17641.25,0.0031188374987762835,-0.016159165690703303,-0.013090726003832098
2024-04-18,17674.0,17552.75,0.0018564444129525182,-0.0068603598506280505,-0.005016651314390996
2024-04-19,17471.0,17175.75,-0.004657389867684603,-0.016899433346688753,-0.021478115964734923
2024-04-22,17288.75,17344.25,0.0065790431276655514,0.0032101800303665495,0.009810343070899341
2024-04-23,17420.75,17604.0,0.004410683655966752,0.010519064908227183,0.014976144831860605
2024-04-24,17736.25,17665.75,0.007512497159736453,-0.0039749101416590715,0.0035077255169280175
2024-04-25,17349.25,17619.0,-0.017916023944638648,0.015548222545643142,-0.002646363726419798
2024-04-26,17692.25,17846.0,0.0041574436687665806,0.008690245729062074,0.012883818604915165
2024-04-29,17915.75,17925.0,0.003908438865852348,0.0005163054853969395,0.00442676229967498
2024-04-30,17832.25,17581.5,-0.005174337517433791,-0.014061601873010976,-0.019163179916317996
2024-05-01,17513.25,17457.75,-0.003881921337769767,-0.0031690291636332635,-0.007038648579472784
2024-05-02,17579.75,17674.75,0.006988300325070584,0.005403944879762257,0.012430009594592617
2024-05-03,17950.5,18012.5,0.015601352211488173,0.0034539427871089767,0.01910918117653715
2024-05-06,18051.25,18194.5,0.0021512838306732007,0.007935738522262925,0.010104094378903472
2024-05-07,18205.25,18199.25,0.0005908378905712386,-0.00032957525988386305,0.00026106790513624745
2024-05-08,18097.5,18178.25,-0.005590889734467086,0.004461942257217855,-0.00115389370441088
2024-05-09,18200.25,18214.25,0.0012102375091112005,0.0007692202030191719,0.001980388651272813
2024-05-10,18259.25,18247.75,0.0024705930795942965,-0.0006298177635992719,0.0018392192925869022
2024-05-13,18324.0,18296.0,0.004178597361318426,-0.0015280506439642183,0.002644161608965412
2024-05-14,18290.5,18412.25,-0.0003006121556624608,0.00665646100434647,0.006353847835592452
2024-05-15,18500.75,18681.25,0.004806582574101492,0.009756361228598909,0.014609838558568455
2024-05-16,18681.25,18645.5,0.0,-0.0019136835061893676,-0.0019136835061893676
2024-05-17,18658.5,18623.25,0.0006972191681640094,-0.001889219390626251,-0.0011933174224343368
2024-05-20,18641.75,18770.25,0.0009933819285032897,0.006893129668620102,0.007893359107567166
2024-05-21,18679.25,18794.25,-0.004848097388154171,0.006156564101877704,0.0012786190913813833
2024-05-22,18814.25,18813.0,0.0010641552602523863,-6.643900235192568e-05,0.000997645556486626
2024-05-23,18969.0,18691.25,0.008292138414925931,-0.014642311139227204,-0.006471588794982219
2024-05-24,18745.0,18874.25,0.002875677121647824,0.006895172045878972,0.009790677456028796
2024-05-28,18921.25,18959.25,0.00249016517212608,0.002008323974367343,0.004503490204908811
2024-05-29,18797.5,18802.25,-0.00853145562192592,0.00025269317728415785,-0.008280918285269778
2024-05-30,18745.5,18599.0,-0.0030182557938545074,-0.007815208983489419,-0.010809876477549274
2024-05-31,18603.75,18596.5,0.0002553900747352955,-0.00038970637640256545,-0.00013441582880802105
2024-06-03,18705.25,18650.25,0.0058478746000592,-0.002940350970984107,0.0028903288253165904
2024-06-04,18632.75,18693.0,-0.0009383252235224404,0.0032335538232413086,0.002292194474604825
2024-06-05,18825.5,19067.5,0.007088214839779505,0.01285490425221103,0.020034237415075262
2024-06-06,19092.25,19057.5,0.0012980201914252198,-0.001820110254160734,-0.0005244526025960372
2024-06-07,19012.0,19039.5,-0.0023875114784205342,0.001446454870608127,-0.0009445100354191771
2024-06-10,18989.0,19100.5,-0.0026523805772210585,0.005871820527673988,0.003203865647732451
2024-06-11,19061.0,19229.75,-0.002068008690871981,0.008853155658150147,0.006766838564435496
2024-06-12,19380.5,19488.25,0.007839415489020896,0.005559712081731671,0.013442712463760609
2024-06-13,19635.0,19600.75,0.007530178440855462,-0.0017443340972752575,0.0057727091965671384
2024-06-14,19577.75,19682.5,-0.0011734244863079724,0.005350461620972746,0.004170758771985694
2024-06-17,19696.25,19917.5,0.0006985901181253418,0.011233102747985058,0.011939540200685883
2024-06-18,19913.75,19925.5,-0.00018827664114473563,0.0005900445671960242,0.0004016568344420435
2024-06-20,19976.25,19766.25,0.002546987528543765,-0.010512483574244391,-0.00799227121025825
2024-06-24,19917.75,19745.25,0.007664579776133662,-0.008660616786534625,-0.0010624169986719334
2024-06-25,19832.5,19968.5,0.004418784264569986,0.006857430984495094,0.011306516757194851
2024-06-26,19924.75,19982.5,-0.002190950747427145,0.002898405249752267,0.0007011042391766864
2024-06-27,20016.0,20060.75,0.001676466908544949,0.002235711430855325,0.003915926435631212
2024-06-28,20049.0,19945.25,-0.000585720872848694,-0.005174821686867226,-0.005757511558640682
2024-07-01,19967.25,20051.25,0.0011030195159249523,0.004206888780377893,0.00531454857672875
2024-07-02,19985.75,20245.75,-0.003266629262514753,0.01300926910423672,0.009700143382582072
2024-07-05,20455.5,20613.0,0.010360199054122443,0.007699640683434872,0.0181396095476829
2024-07-08,20628.75,20664.5,0.0007640809198079523,0.0017330182391079862,0.0024984233250862076
2024-07-09,20729.25,20682.25,0.003133393017009878,-0.002267327568532429,0.000858961020106852
2024-07-10,20758.0,20891.0,0.0036625608915856755,0.006407168320647472,0.010093195856350157
2024-07-11,20883.25,20415.5,-0.000370973146330944,-0.022398333592711817,-0.02276099755875738
2024-07-12,20459.5,20546.5,0.0021552251965417657,0.00425230333097093,0.006416693198795009
2024-07-15,20619.75,20599.25,0.0035650840775800496,-0.0009941924611113206,0.002567347236755557
2024-07-16,20637.75,20596.5,0.0018690000849546085,-0.0019987644001889793,-0.0001335000060681546
2024-07-17,20253.25,19969.5,-0.016665452868205755,-0.014010097144902645,-0.030442065399461038
2024-07-18,20125.25,19883.5,0.007799394075965749,-0.01201227313946407,-0.004306567515461102
2024-07-19,19854.25,19726.0,-0.0014710689767898355,-0.006459574146593261,-0.007921140644252755
2024-07-22,19909.75,19998.5,0.009315117104329307,0.004457614987631642,0.01381425529757685
2024-07-23,19958.5,19941.75,-0.0020001500112508674,-0.0008392414259588143,-0.0028377128284621245
2024-07-24,19632.0,19208.0,-0.015532739102636417,-0.021597392013039896,-0.03679466446024049
2024-07-25,19198.25,18988.5,-0.0005076009995834685,-0.010925474978188077,-0.011427530195751823
2024-07-26,19134.0,19173.75,0.007662532585512194,0.002077453747256097,0.009755904889801714
2024-07-29,19254.75,19213.75,0.004224525718756089,-0.0021293447071502047,0.0020861855401264062
2024-07-30,19258.0,18863.75,0.0023030381887971796,-0.020472011631529785,-0.018216121267321528
2024-07-31,19361.5,19551.0,0.026386588032602187,0.009787464814193125,0.03643231064873098
2024-08-01,19530.75,19026.75,-0.0010357526469234601,-0.02580546061979183,-0.026814485192573234
2024-08-02,18635.5,18551.25,-0.020563154506155756,-0.0045209412143489836,-0.024991130907800807
2024-08-05,17556.25,18051.5,-0.05363519978438114,0.02820932716269131,-0.02693888551984369
2024-08-06,18118.75,18161.75,0.003725452178489297,0.0023732321490168573,0.006107525690385751
2024-08-07,18487.0,17969.25,0.017908516525114493,-0.02800616649537513,-0.010599198865748116
2024-08-08,18233.75,18571.0,0.014719590411397254,0.018495921025570627,0.03348776381874585
2024-08-09,18460.75,18606.5,-0.00593667546174137,0.00789512885446153,0.0019115825749824733
2024-08-12,18662.5,18654.0,0.0030097009109719686,-0.0004554588077695376,0.002552871308413751
2024-08-13,18843.75,19087.5,0.01017208105500167,0.012935323383084674,0.02323898359601162
2024-08-14,19163.0,19117.0,0.003955468238376003,-0.0024004592182852447,0.0015455140798952272
2024-08-15,19356.75,19587.5,0.012541193701940623,0.011920906143851662,0.024611602238844954
2024-08-16,19465.5,19604.0,-0.006228462029355453,0.00711515244920502,0.0008423739629865867
2024-08-19,19594.25,19844.5,-0.0004973474801061029,0.012771603914413676,0.012267904509283722
2024-08-20,19832.75,19821.75,-0.0005921036055329676,-0.0005546381616265972,-0.0011464133639043084
2024-08-21,19843.5,19911.5,0.0010972795035755212,0.00342681482601348,0.00452785450326032
2024-08-22,20023.25,19586.0,0.005612334580518796,-0.021837114354562814,-0.016347336966074932
2024-08-23,19740.5,19784.5,0.007888287552333395,0.0022289202401155617,0.010134790156234086
2024-08-26,19768.25,19584.0,-0.000821350046753766,-0.00932050130891704,-0.010134195961485015
2024-08-27,19514.0,19654.25,-0.003574346405228801,0.007187147688838769,0.0035871119281045694
2024-08-28,19653.75,19394.5,-2.543979037616939e-05,-0.01319086688291038,-0.013215971100398183
2024-08-29,19484.25,19401.5,0.004627600608419824,-0.004247020028997794,0.0003609270669520104
2024-08-30,19557.25,19599.75,0.00802772981470512,0.0021731071597488327,0.010218282091590813
2024-09-03,19453.0,19019.25,-0.007487340399749964,-0.022297332031049222,-0.029617724715876426
2024-09-04,18879.25,18961.0,-0.007360963234617546,0.004330150826966195,-0.003062686488689126
2024-09-05,18896.75,18982.5,-0.0033885343600020823,0.004537817349544282,0.001133906439533705
2024-09-06,18957.75,18431.25,-0.001303832477281719,-0.027772283103216333,-0.02903990517581978
2024-09-09,18606.75,18694.75,0.009521871820956207,0.004729466457065401,0.014296371651407291
2024-09-10,18771.5,18849.25,0.004105430669038013,0.0041419172681991245,0.008264352291418753
2024-09-11,18860.5,19240.25,0.0005968407231056183,0.02013467299382299,0.020743530909717922
2024-09-12,19236.25,19450.25,-0.0002078975065292754,0.011124829423614369,0.010914619092787348
2024-09-13,19419.75,19519.75,-0.0015681032377475868,0.005149396876890755,0.003573218853228033
2024-09-16,19406.5,19430.0,-0.005801816109325175,0.0012109344807151867,-0.004597907247787525
2024-09-17,19574.0,19442.5,0.007411219763252763,-0.006718095432716842,0.0006433350488934675
2024-09-18,19490.5,19352.25,0.0024688183104024652,-0.007093199250917115,-0.004641892760704591
2024-09-19,19798.25,19845.0,0.023046415791445396,0.0023613198136198665,0.025462155563306554
2024-09-23,20077.75,20084.0,0.011728395061728403,0.00031128986066675246,0.012043335852859771
2024-09-24,20142.0,20166.0,0.002887870942043458,0.0011915400655346797,0.004082852021509709
2024-09-25,20160.75,20195.0,-0.0002603391847664227,0.001698845529060078,0.0014380640682336576
2024-09-26,20480.5,20349.25,0.014137162664025649,-0.006408534947877298,0.007638029215152331
2024-09-27,20355.0,20217.0,0.0002825656965244061,-0.006779661016949157,-0.006499011020062118
2024-09-30,20174.25,20246.0,-0.0021145570559429894,0.003556513872882583,0.0014344363654350545
2024-10-01,20255.0,20006.5,0.0004445322532846685,-0.012268575660330794,-0.011829497184629112
2024-10-02,19921.75,20013.75,-0.004236123259940494,0.00461806819180044,0.00036238222577655854
2024-10-03,19922.0,19992.25,-0.0045843482605708585,0.0035262523842987115,-0.0010742614452563526
2024-10-04,20221.75,20223.25,0.011479448286210836,7.417755634397949e-05,0.011554477359976945
2024-10-07,20139.75,20007.5,-0.004128911030620741,-0.006566615772291118,-0.010668413830615786
2024-10-08,20084.25,20286.75,0.003836061476946151,0.010082527353523218,0.0139572660252405
2024-10-09,20284.0,20446.0,-0.0001355564592653291,0.0079865904160914,0.007849951322907778
2024-10-10,20347.75,20428.75,-0.00480534089797513,0.0039807841161798585,-0.0008436858065147268
2024-10-11,20325.75,20449.25,-0.00504191396928344,0.006076036554616637,0.0010034877317506297
2024-10-14,20554.75,20614.25,0.005159113414917371,0.0028947080358554533,0.008068755577832931
2024-10-15,20619.5,20351.0,0.0002546781959080757,-0.013021654259317672,-0.012770292394823968
2024-10-16,20343.25,20341.25,-0.00038081666748557286,-9.831270814641968e-05,-0.0004790919365141866
2024-10-17,20548.25,20386.0,0.010176365759233086,-0.007896049541931793,0.002199963129109639
2024-10-18,20452.25,20483.75,0.0032497792602765863,0.001540172841618892,0.004794957323653426
2024-10-21,20455.0,20518.5,-0.0014035515957770972,0.0031043754583230943,0.0016964667114176546
2024-10-22,20385.75,20524.0,-0.0064697711821039006,0.006781697999828307,0.0002680507834393886
2024-10-23,20446.75,20209.25,-0.003763886182030829,-0.011615537921674579,-0.015335704541025175
2024-10-24,20340.25,20391.25,0.0064821801897645415,0.002507343813374918,0.00900577705753558
2024-10-25,20519.0,20497.25,0.00626494207074102,-0.0010599931770554072,0.005198308097836168
2024-10-28,20585.0,20494.25,0.004281062093695498,-0.004408549914986626,-0.00014636109722032664
2024-10-29,20494.0,20703.75,-1.2198543493879832e-05,0.010234702839855503,0.010222379447893948
2024-10-30,20635.25,20497.5,-0.003308579363641817,-0.006675470372299874,-0.009961963412425279
2024-10-31,20333.75,20032.0,-0.007988779119404765,-0.014839859838937763,-0.022710086595926327
2024-11-01,20080.25,20164.5,0.0024086461661341207,0.004195664894610429,0.00661441693290743
2024-11-04,20125.0,20087.5,-0.0019588881450073314,-0.0018633540372671176,-0.0038185920801407924
2024-11-05,20179.0,20346.25,0.0045550715619167015,0.008288319540115996,0.012881144990665838
2024-11-06,20679.0,20913.0,0.016354365054985553,0.011315827651240395,0.02785525588253357
2024-11-07,21030.0,21221.75,0.005594606225792553,0.009117926771279095,0.014763544206952695
2024-11-08,21216.75,21239.75,-0.00023560733681249335,0.0010840491592727375,0.0008481864125249317
2024-11-11,21275.0,21211.75,0.0016596240539554774,-0.0029729729729729426,-0.0013182829364752902
2024-11-12,21204.0,21190.0,-0.00036536353671901,-0.0006602527824938198,-0.001025375086921132
2024-11-13,21176.75,21164.5,-0.0006252949504482741,-0.0005784645897033425,-0.0012033978291646763
2024-11-14,21161.75,21007.75,-0.00012993456023058236,-0.007277280943211228,-0.007406269933142751
2024-11-15,20759.5,20513.75,-0.011817067510799584,-0.01183795370794094,-0.023515131320584026
2024-11-18,20536.5,20635.5,0.0011090122478825126,0.004820685121612822,0.005935043568338294
2024-11-19,20533.0,20783.25,-0.004967168229507379,0.012187697852237944,0.007159991277168043
2024-11-20,20736.75,20772.5,-0.002237378658294542,0.0017239924289003117,-0.000517243453261651
2024-11-21,20860.5,20827.5,0.004236370200986883,-0.0015819371539512739,0.002647731375616802
2024-11-22,20790.75,20857.25,-0.001764494058336341,0.003198537811286206,0.0014283999519866253
2024-11-25,20977.75,20878.75,0.005777367582015858,-0.004719285910071425,0.00103081662251725
2024-11-26,20945.5,21001.75,0.0031970304735675636,0.002685541047003026,0.00589115727713585
2024-11-27,20892.25,20822.75,-0.005213851226683497,-0.003326592396702077,-0.008523099265537404
2024-12-03,21143.5,21278.5,-0.0037342003274787317,0.006384940998415578,0.0026268980221695326
2024-12-04,21425.75,21530.0,0.006920130648306877,0.004865640642684577,0.011819442159926696
2024-12-05,21523.75,21464.0,-0.0002902926149558338,-0.0027760032522213818,-0.00306549001393408
2024-12-06,21493.75,21651.0,0.0013860417443161133,0.007316080255888258,0.008712262392843728
2024-12-09,21592.25,21475.25,-0.002713500531153268,-0.005418610844168614,-0.008117407971918178
2024-12-10,21516.5,21413.25,0.0019208158228658512,-0.004798642901958972,-0.002887044388307447
2024-12-11,21576.0,21780.0,0.007600434310532034,0.009454949944382562,0.017127245980876227
2024-12-12,21676.25,21636.25,-0.004763544536271813,-0.0018453376391212029,-0.00660009182736454
2024-12-13,21806.0,21791.0,0.007845629441331159,-0.0006878840686049825,0.007152348489225302
2024-12-16,21920.0,22116.5,0.005919875177825773,0.008964416058394153,0.014937359460327704
2024-12-17,22012.25,22004.5,-0.004713675310288656,-0.00035207668457337693,-0.005064092419686639
2024-12-18,21984.75,21195.5,-0.0008975436842464379,-0.03589988514765918,-0.03676520711672615
2024-12-19,21398.5,21118.5,0.009577504659007863,-0.013085029324485409,-0.003632846594796013
2024-12-23,21654.25,21764.75,0.025368752515567028,0.005102924368195705,0.030601131709165008
2024-12-26,21979.0,22005.25,0.009843898965069764,0.0011943218526775379,0.01104997760139681
2024-12-27,21851.5,21721.0,-0.006986969018756839,-0.005972130059721303,-0.012917371990774917
2024-12-30,21396.5,21388.0,-0.014939459509230701,-0.00039726123431405025,-0.015330785875420139
2024-12-31,21475.0,21229.25,0.004067701514868238,-0.011443538998835878,-0.0074223863848886795
2025-01-02,21341.75,21184.75,0.005299292250079413,-0.007356472641653067,-0.0020961644900314713
2025-01-03,21311.25,21506.5,0.00597127650786522,0.009161827673177303,0.015187811987396493
2025-01-06,21755.75,21767.75,0.011589519447608776,0.0005515783183756007,0.012147490293632268
2025-01-07,21794.0,21372.75,0.001205912416303967,-0.019328714325043572,-0.018146110645335445
2025-01-08,21334.75,21385.75,-0.0017779649319811242,0.0023904662581000213,0.0006082511609408758
2025-01-10,21157.75,21029.75,-0.010661304840840269,-0.006049792629178485,-0.01664659878657515
2025-01-13,20772.0,20956.75,-0.01225644622499078,0.008894184479106393,-0.0034712728396676384
2025-01-14,21046.0,20947.75,0.00425877104035699,-0.004668345528841544,-0.00042945590322929217
2025-01-15,21237.0,21398.5,0.013808165554773266,0.007604652257851896,0.021517824109988037
2025-01-16,21464.75,21238.25,0.0030960114026683527,-0.010552184395345887,-0.007488842675888452
2025-01-17,21598.5,21586.75,0.01696232034183609,-0.0005440192605967731,0.016409073252268813
2025-01-21,21707.25,21752.5,0.005582127925695124,0.0020845570028447113,0.007678321192398085
2025-01-22,21913.75,21999.5,0.0074129410412595576,0.0039130682790484705,0.011355016664751139
2025-01-23,21868.25,22042.5,-0.005966044682833682,0.00796817303625108,0.0019545898770425563
2025-01-24,22037.5,21908.75,-0.00022683452421456973,-0.005842314237095914,-0.006067823522740157
2025-01-27,21172.0,21258.25,-0.033628116620071924,0.0040737766861893565,-0.029691333371369866
2025-01-28,21305.25,21572.5,0.002210906354003672,0.012543856561176181,0.014782496207354834
2025-01-29,21583.5,21476.25,0.0005099084482558247,-0.00496907359788723,-0.00446169892223891
2025-01-30,21636.0,21647.5,0.007438449449973739,0.0005315215381771488,0.007973924684244293
2025-01-31,21790.5,21586.0,0.006605843630904218,-0.00938482366168747,-0.002840974708395838
2025-02-03,21206.25,21394.0,-0.017592421013619908,0.008853521956970312,-0.008894653942370101
2025-02-04,21421.75,21675.5,0.001297092642797093,0.011845437464259367,0.013157894736842035
2025-02-05,21544.75,21760.25,-0.006032156120966081,0.010002436788544733,0.003909944407280097
2025-02-06,21757.25,21851.75,-0.00013786606311971816,0.0043433797929426365,0.004204914925150183
2025-02-07,21898.75,21599.75,0.0021508574828104088,-0.013653747360009127,-0.011532257141876556
2025-02-10,21756.5,21833.25,0.0072570284378290495,0.0035276813825753095,0.010810310304517401
2025-02-11,21731.25,21784.5,-0.004671773556387593,0.002450388265746284,-0.002232832949744079
2025-02-12,21547.5,21811.5,-0.010879294911519621,0.012252001392272893,0.001239413344350293
2025-02-13,21879.75,22094.75,0.003129083281754985,0.009826437687816325,0.01298626871145947
2025-02-14,22122.75,22185.75,0.0012672693739463892,0.0028477472285317607,0.004118625465325376
2025-02-18,22252.5,22238.75,0.0030086880091950707,-0.000617908100213449,0.002388920816289719
2025-02-19,22194.75,22225.25,-0.001978528469450791,0.0013741988533324534,-0.0006070485076724585
2025-02-20,22211.5,22134.5,-0.0006186657067974721,-0.00346667266956302,-0.004083193664863205
2025-02-21,22160.0,21693.25,0.0011520477083286629,-0.02106272563176892,-0.01993494318823552
2025-02-24,21747.75,21421.0,0.0025123022138222595,-0.01502454276879217,-0.012549986747029562
2025-02-25,21372.25,21164.0,-0.0022758041174548715,-0.009743943665266874,-0.011997572475608065
2025-02-26,21193.25,21215.0,0.0013820638820638553,0.0010262701567715915,0.002409752409752386
2025-02-27,21353.0,20589.5,0.006504831487155416,-0.035756099845455025,-0.029483855762432287
2025-02-28,20552.25,20918.25,-0.001809174579275874,0.01780826916760936,0.01596687632045457
2025-03-03,21027.75,20492.75,0.005234663511527016,-0.025442569937344728,-0.02034108971830817
2025-03-04,20333.75,20429.0,-0.0077588415415207335,0.004684330239134393,-0.0031108562784399885
2025-03-05,20434.75,20660.0,0.0002814626266582909,0.011022889930143442,0.011307455088354734
2025-03-06,20280.75,20097.75,-0.018356727976766685,-0.009023334935838179,-0.02721442400774443
2025-03-07,20065.25,20209.75,-0.0016170964411439392,0.007201505089645011,0.005572763120249791
2025-03-10,19879.75,19445.75,-0.016328752211185238,-0.021831260453476498,-0.037803535422259005
2025-03-11,19435.0,19415.25,-0.0005528200249411697,-0.0010162078723952028,-0.0015684661172750136
2025-03-12,19694.5,19597.25,0.01438302365408628,-0.004937926832364381,0.009374074503289975
2025-03-13,19542.5,19267.0,-0.002793759328477252,-0.014097479851605477,-0.016851854214239292
2025-03-14,19486.0,19678.75,0.01136658535319457,0.00989171713024728,0.021370737530492567
2025-03-17,19689.5,19819.75,0.0005462745347137865,0.00661520099545454,0.007165089246014
2025-03-18,19654.0,19526.5,-0.008362870369202469,-0.006487229062786204,-0.014795847576281274
2025-03-19,19595.5,19766.75,0.0035336593859627285,0.008739251358730327,0.012303792282283066
2025-03-20,19571.5,19698.75,-0.009877698660629597,0.006501801088317105,-0.003440120404214153
2025-03-24,20241.5,20369.0,0.02755250967700995,0.006298940295926592,0.03402500158639499
2025-03-25,20404.5,20501.0,0.0017428445186311592,0.004729348918130816,0.006480435956600639
2025-03-26,20445.0,20114.25,-0.0027315740695575963,-0.01617754952311079,-0.01886493341788209
2025-03-27,20044.5,20010.75,-0.003467690816212343,-0.0016837536481328907,-0.005145605727282843
2025-03-28,19888.0,19450.0,-0.006134202865959559,-0.022023330651649187,-0.02802243793960746
2025-03-31,19169.75,19407.25,-0.014408740359897143,0.012389311284706439,-0.0021979434447301216
2025-04-01,19353.25,19603.5,-0.002782465315796956,0.012930644723754492,0.010112200337502708
2025-04-02,19330.5,19743.75,-0.013926084627745028,0.02137813300225022,0.007154334685132824
2025-04-03,18994.0,18687.25,-0.0379740424184869,-0.016149836790565475,-0.05351060462171575
2025-04-04,18190.75,17545.75,-0.026568917309930606,-0.03545758146310629,-0.061084429223133396
2025-04-07,16908.0,17588.5,-0.036347833520938067,0.04024722025076888,0.0024364874684752458
2025-04-08,18166.0,17233.75,0.03283395400403677,-0.051318397005394645,-0.020169428888193952
2025-04-09,17246.75,19324.75,0.0007543337927031768,0.12048646846507305,0.12133168927250315
2025-04-10,18838.25,18455.0,-0.025174969921991197,-0.02034424641354693,-0.04500705054399157
2025-04-11,18451.25,18827.75,-0.00020319696559201184,0.02040512160422736,0.020197778379842823
2025-04-14,19238.0,18960.0,0.021789645602899865,-0.01445056658696331,0.0070242062912455605
2025-04-15,18984.0,18959.5,0.0012658227848101333,-0.0012905604719763986,-2.6371308016859274e-05
2025-04-16,18612.75,18388.0,-0.018288984414145948,-0.012075056077151425,-0.030143199978902357
2025-04-17,18481.75,18378.0,0.005098433761148602,-0.0056136458939224365,-0.0005438329345225368
2025-04-21,18147.0,17923.0,-0.01256937642833822,-0.012343638066898088,-0.024757862661878294
2025-04-22,18113.75,18428.75,0.010642749539697682,0.01739010420260856,0.028217932265803825
2025-04-23,18955.0,18780.5,0.028555924845689473,-0.009206014244262706,0.019087024350539217
2025-04-24,18866.5,19318.0,0.0045792178057026955,0.0239313068136644,0.028620111285642125
2025-04-25,19314.25,19546.0,-0.0001941194740656682,0.01199891271988296,0.01180246402319085
2025-04-28,19566.25,19509.5,0.0010360175995087761,-0.002900402478758113,-0.0018673897472628598
2025-04-29,19432.0,19648.5,-0.003972423691022353,0.011141416220666889,0.007124734103898023
2025-04-30,19238.0,19654.75,-0.020892180064636,0.021662854766607786,0.0003180904394737283
2025-05-01,19961.5,19904.75,0.015606914359124424,-0.0028429727224907886,0.012719571604828284
2025-05-02,20090.0,20188.0,0.009306823748100435,0.004878048780487809,0.014230271668822736
2025-05-05,20025.0,20057.0,-0.008074103427778923,0.0015980024968789142,-0.006489003368337576
2025-05-06,19793.75,19861.75,-0.013125093483571826,0.003435427849699968,-0.009734755945555174
2025-05-07,19867.0,19988.0,0.00026432716150393,0.006090501837217488,0.006356438883784232
2025-05-08,20168.5,20169.5,0.009030418250950634,4.9582269380454846e-05,0.009080448268961483
2025-05-09,20252.25,20140.0,0.004102729368601121,-0.005542594032761805,-0.0014626044274771433
2025-05-12,20865.25,20971.75,0.03601042701092361,0.005104180395633984,0.04129841112214505
2025-05-13,20981.5,21250.5,0.0004649111304493303,0.012820818339966067,0.013291690011563162
2025-05-14,21334.25,21381.75,0.003941083739206208,0.002226466831503293,0.00617632526293499
2025-05-15,21287.25,21433.5,-0.004419656950436668,0.006870309692421417,0.0024202883300010747
2025-05-16,21435.0,21492.75,6.998390370216434e-05,0.0026941917424772033,0.0027643641962349363
2025-05-19,21251.5,21502.25,-0.011224715310976907,0.011799167117615195,0.0004420095148363057
2025-05-20,21432.5,21430.0,-0.003243846574195741,-0.00011664528169830213,-0.0033601134764966734
2025-05-21,21304.0,21148.5,-0.005879608026131633,-0.007299098760796041,-0.013135790947270132
2025-05-22,21179.5,21192.25,0.001465824999408838,0.0006019972142874419,0.0020687046362626305
2025-05-23,20848.25,20969.5,-0.016232349089879583,0.005815835861523233,-0.010510917906310091
2025-05-27,21279.25,21454.75,0.014771453778106292,0.008247471127976747,0.02314075204463628
2025-05-28,21510.25,21334.0,0.002586839744112668,-0.008193768087307207,-0.0056281243081368615
2025-05-29,21649.5,21402.75,0.014788600356238968,-0.01139749185893435,0.003222555545139283
2025-05-30,21355.5,21403.75,-0.0022076602305778348,0.002259371122193432,4.672296784291596e-05
2025-06-02,21328.0,21537.75,-0.00353909945687092,0.009834489872468044,0.006260585177831013
2025-06-03,21586.25,21684.75,0.0022518601060927956,0.0045630899299322625,0.006825225476198682
2025-06-04,21740.0,21752.0,0.002547873505574172,0.0005519779208831288,0.003101257796377599
2025-06-05,21832.0,21616.75,0.0036778227289444576,-0.00985938072554049,-0.006217819051121731
2025-06-06,21790.75,21782.0,0.008049313610972941,-0.0004015465277698027,0.00764453490927175
2025-06-09,21808.25,21807.5,0.0012051234964649549,-3.439065491273041e-05,0.0011706913965658927
2025-06-10,21855.25,21946.25,0.00218961366502346,0.0041637592798069445,0.0063624899690473136
2025-06-11,22015.25,21872.25,0.00314404511021249,-0.006495497439275022,-0.003371874466024938
2025-06-12,21861.5,21931.5,-0.0004914903587879271,0.0032019760766643923,0.002708911977505668
2025-06-13,21721.0,21664.75,-0.009598066707703579,-0.0025896597762533613,-0.012162870756674216
2025-06-16,21840.0,21946.0,0.008089177119514401,0.004853479853479836,0.012981917631174955
2025-06-17,21871.75,21748.75,-0.0033833044746195418,-0.005623692662909963,-0.008987970472979168
2025-06-18,21758.5,21743.25,0.0004483016265302009,-0.0007008755199117145,-0.0002528880970170677
2025-06-24,22277.75,22398.75,0.010031056604629107,0.005431428218738432,0.015516967787273517
2025-06-25,22517.25,22454.25,0.0052904737987611306,-0.0027978549778503448,0.0024778168424577363
2025-06-26,22556.25,22652.0,0.00454256989211399,0.004244943197561746,0.008806796040838671
2025-06-27,22714.5,22735.25,0.002759138265936878,0.0009135133945277207,0.003675172170227725
2025-06-30,22870.0,22882.5,0.0059269196512024,0.0005465675557498884,0.00647672666893917
2025-07-01,22805.0,22681.0,-0.0033868676936523734,-0.005437404078053043,-0.008805856003496149
2025-07-02,22664.0,22840.0,-0.0007495260350072197,0.007765619484645159,0.007010272915656257
2025-07-08,22933.25,22893.25,0.003127494614366899,-0.001744192384420029,0.0013778472776579953
2025-07-09,23003.75,23050.75,0.004826750242975519,0.002043145139379421,0.006879757133652964
2025-07-10,23079.75,23014.25,0.001258093554439732,-0.002837985680087529,-0.0015834625771395938
2025-07-11,22941.25,22951.5,-0.00317194781494079,0.0004467934397647255,-0.0027265715806511492
2025-07-14,22950.5,23024.25,-4.357013702804835e-05,0.003213437615738224,0.00316972746879296
2025-07-15,23207.0,23052.0,0.007937283516292526,-0.006679019261429775,0.0012052509853741622
2025-07-16,23066.5,23067.0,0.0006290126670136509,2.1676457199859556e-05,0.0006507027589797154
2025-07-17,23105.25,23250.5,0.001658213031603628,0.006286450049231229,0.007955087354228896
2025-07-18,23276.0,23226.0,0.0010967506075139077,-0.00214813541845682,-0.0010537407797681642
2025-07-21,23281.0,23345.0,0.0023680358219237974,0.0027490228082986956,0.005123568414707735
2025-07-22,23318.5,23218.5,-0.0011351467123581482,-0.004288440508608993,-0.005418719211822687
2025-07-23,23223.5,23305.75,0.00021534552188984257,0.0035416711520657174,0.003757779356978297
2025-07-24,23390.5,23369.75,0.0036364416506655672,-0.0008871122891772609,0.002746103429411173
2025-07-25,23355.75,23420.25,-0.000599065030648549,0.002761632574419526,0.0021609131462680953
2025-07-28,23487.75,23499.0,0.0028821212412335484,0.00047897308171274133,0.00336247478143914
2025-07-29,23620.75,23457.75,0.005181071534958948,-0.006900712297450373,-0.00175539384654666
2025-07-30,23468.75,23492.75,0.0004689281793863742,0.001022636484687034,0.0014920442071384432
2025-07-31,23699.0,23369.25,0.008779304253439868,-0.013914089202076041,-0.005256940971150703
2025-08-01,23040.75,22884.25,-0.014056933791199988,-0.006792313618263268,-0.02075376830664233
2025-08-04,23098.75,23296.0,0.009373258900772452,0.00853942312895728,0.01799272425358045
2025-08-05,23305.75,23132.25,0.00041852678571419055,-0.00744451476566943,-0.007029103708791173
2025-08-06,23167.0,23410.25,0.0015022317327539891,0.010499848923037014,0.012017853862032357
2025-08-07,23590.0,23525.0,0.007678260590980424,-0.0027554048325562075,0.0049016990420862605
2025-08-08,23562.25,23723.25,0.0015834218916046527,0.0068329637449733305,0.008427205100956403
2025-08-11,23719.75,23637.25,-0.00014753459159266846,-0.003478114229703122,-0.003625135679133362
2025-08-12,23738.25,23934.0,0.004272916688701001,0.008246184954661784,0.012554336904673669
2025-08-13,24031.25,23946.5,0.004063257290883193,-0.003526657997399263,0.0005222695746636141
2025-08-14,23847.25,23917.0,-0.004144655795210173,0.0029248655505351717,-0.0012319128056291762
2025-08-15,23861.5,23796.75,-0.0023205251494752277,-0.002713576263017825,-0.0050278044905297525
2025-08-18,23801.5,23789.5,0.00019960708920341297,-0.000504169905258034,-0.00030466345194202216
2025-08-19,23755.0,23482.0,-0.0014502196347128127,-0.01149231740686174,-0.012925870657222727
2025-08-20,23385.5,23326.75,-0.0041095307043692575,-0.0025122404909024842,-0.006611447065837717
2025-08-21,23200.5,23214.5,-0.0054122413109413126,0.0006034352707915414,-0.004812071977450816
2025-08-22,23210.5,23565.75,-0.00017230610178986527,0.015305572908812737,0.015130629563419484
2025-08-25,23497.5,23499.0,-0.002896152254861395,6.383657835939971e-05,-0.0028325005569523887
2025-08-26,23469.25,23589.0,-0.0012660113196306666,0.005102421253342149,0.0038299502106473593
2025-08-27,23533.75,23626.25,-0.002342193395226566,0.003930525309395971,0.001579125863750086
2025-08-28,23704.75,23754.75,0.0033225755251045097,0.0021092818949788317,0.005438865668483173
2025-08-29,23650.5,23465.75,-0.0043885959650175055,-0.0078116741717934035,-0.012165987855060512
2025-09-02,23055.5,23275.25,-0.017482927245027313,0.009531348268309037,-0.008118214845040161
2025-09-03,23412.25,23466.5,0.005886080708048302,0.0023171630236307195,0.008216882740249787
2025-09-04,23470.0,23665.0,0.0001491487865681318,0.008308478909245798,0.008458866895361572
2025-09-05,23853.0,23682.5,0.00794422142404394,-0.00714794784723094,0.0007394886963871805
2025-09-08,23787.75,23801.75,0.004444209859600923,0.000588538218200485,0.005035363665153669
2025-09-09,23826.25,23860.25,0.0010293360782296368,0.001426997534232255,0.0024578024725072645
2025-09-10,23942.25,23875.25,0.0034366781571861793,-0.002798400317430505,0.0006286606385097482
2025-09-11,23980.0,24006.25,0.00438738861373178,0.0010946622185155075,0.005486853540800585
2025-09-12,24047.0,24099.5,0.0016974746159854615,0.00218322451865105,0.003884405102837718
2025-09-15,24189.5,24296.0,0.0037345173136371645,0.004402736724612,0.008153696134774568
2025-09-16,24341.75,24290.75,0.0018830260125124454,-0.002095165713229319,-0.00021608495225555746
2025-09-17,24292.0,24248.0,5.145991787003368e-05,-0.0018112958998847128,-0.0017599291911529757
2025-09-18,24413.0,24457.5,0.006804684922467885,0.0018227993282267096,0.008639887825800052
2025-09-22,24828.5,24989.25,0.015169171010937399,0.006474414483355728,0.021741796994786844
2025-09-23,24995.0,24834.0,0.00023009894254522045,-0.006441288257651556,-0.006212671448722951
2025-09-24,24869.25,24747.25,0.0014194249818797466,-0.004905656583933937,-0.0034931948135620283
2025-09-25,24542.0,24638.0,-0.008293850831910587,0.003911661641267994,-0.004414631928800206
2025-09-26,24607.25,24731.0,-0.0012480720837730885,0.0050290056792205995,0.0037746570338501595
2025-09-29,24855.0,24840.25,0.005013950103109455,-0.0005934419633876198,0.004417532651328271
2025-09-30,24807.5,24881.75,-0.0013184247340506383,0.0029930464577245797,0.0016706756171938064
2025-10-01,24747.0,24998.5,-0.005415615863032186,0.010162848021982418,0.0046921940779889315
2025-10-02,25142.0,25121.5,0.005740344420665178,-0.0008153687057513848,0.004920295217712978
2025-10-03,25127.75,25004.0,0.0002487908763408875,-0.0049248340977604554,-0.004677268475210439
2025-10-06,25198.0,25180.5,0.0077587585986242935,-0.0006944995634574624,0.007058870580707088
2025-10-07,25229.75,25058.0,0.001955878556819668,-0.006807439629802126,-0.004864875598181162
2025-10-08,25092.0,25322.25,0.0013568521031208647,0.009176231468197127,0.010545534360284048
2025-10-09,25320.75,25289.5,-5.923644225924729e-05,-0.0012341656546508428,-0.0012933289893275468
2025-10-10,25315.25,24404.5,0.0010182091381798486,-0.03597633837311498,-0.03499476067142493
2025-10-13,24820.75,24913.75,0.017056280603986895,0.0037468650222092226,0.020867053207400232
2025-10-14,24606.5,24777.5,-0.012332547288144147,0.006949383293032296,-0.005468867593196536
2025-10-15,24975.75,24939.5,0.008001210775905543,-0.0014514078656296947,0.0065381898900211954
2025-10-16,25071.75,24842.0,0.005302832855510253,-0.00916370018048207,-0.003909460895366812
2025-10-17,24705.75,24984.25,-0.005484663070606244,0.011272679436973077,0.005726189517752278
2025-10-20,25173.0,25301.25,0.007554759498483943,0.0050947443689668415,0.012687993435864575
2025-10-21,25286.75,25289.5,-0.0005730942147127438,0.00010875260759091177,-0.00046440393261204527
2025-10-22,25216.5,25045.25,-0.00288657347911192,-0.006791188309241969,-0.009658158524288751
2025-10-23,25025.0,25251.5,-0.0008085365488466056,0.009050949050948942,0.008235094478993066
2025-10-24,25436.75,25508.0,0.007336197849632686,0.002801065387677326,0.01015781240718372
2025-10-27,25847.25,25963.0,0.013299749098321989,0.004478232694000273,0.017837541163556514
2025-10-28,26069.75,26154.25,0.004111620382852621,0.0032413045771439997,0.007366251973963012
2025-10-29,26269.25,26314.75,0.004396990928816624,0.0017320631536872355,0.0061366699484788345
2025-10-30,26087.25,25905.0,-0.008645341490988945,-0.006986171405571673,-0.015571115059044849
2025-10-31,26179.0,25984.75,0.010577108666280699,-0.007420069521372086,0.003078556263269583
2025-11-03,26247.75,26103.5,0.010121321159526353,-0.005495709156022932,0.004569988166135852
2025-11-04,25730.5,25589.75,-0.014289271553623029,-0.005470161870154144,-0.019681268795372242
2025-11-05,25569.5,25724.5,-0.000791332467101058,0.006061909697099965,0.005265780244043006
2025-11-06,25651.75,25258.25,-0.002828043305020511,-0.015340084009862864,-0.018124744893000866
2025-11-07,25046.5,25181.0,-0.008383399483337106,0.00537001177809282,-0.003058406659210311
2025-11-10,25563.75,25714.0,0.015199952345022139,0.005877463204733369,0.021166752710376935
2025-11-11,25619.75,25657.25,-0.0036653185035389058,0.0014637145171205734,-0.002206968966321887
2025-11-12,25735.25,25638.25,0.003040076391663149,-0.0037691493185416647,-0.0007405314287384224
2025-11-13,25457.5,25126.75,-0.007050013163924951,-0.012992241971913954,-0.019950659658908076
2025-11-14,24697.25,25092.25,-0.01709333678251268,0.01599368350727315,-0.001373038693822326
2025-11-17,24968.5,24909.5,-0.004931801651904433,-0.002362977351462847,-0.007283125267761981
2025-11-18,24736.0,24565.0,-0.00696521407495132,-0.006913001293661014,-0.013830064834701616
2025-11-19,24603.75,24728.25,0.0015774475880316885,0.005060204237159027,0.006645634032159675
2025-11-20,25180.0,24135.0,0.018268579458716294,-0.04150119142176334,-0.023990779776166926
2025-11-21,24248.25,24328.25,0.004692355500310663,0.003299207159279449,0.008007043712450868
2025-11-24,24546.0,24934.75,0.008950499933205291,0.01583761101605141,0.024929865485598057
2025-11-25,24829.25,25084.0,-0.004231043022288161,0.010260076321274347,0.005985622474658836
2025-11-26,25243.0,25304.25,0.006338701961409621,0.002426415243830027,0.008780497528304787
2025-12-02,25477.5,25602.25,0.0027353589420655577,0.004896477283877987,0.007645229848866508
2025-12-03,25479.5,25658.0,-0.004794500483355946,0.0070056319786495624,0.0021775429893857723
2025-12-04,25669.0,25629.5,0.00042871618988238325,-0.0015388211461295764,-0.0011107646737859023
2025-12-05,25732.25,25736.0,0.004009052068904895,0.0001457315236716994,0.004155367837843205
2025-12-08,25823.75,25665.0,0.0034096207646876486,-0.006147441792923147,-0.002758781473422456
2025-12-09,25602.25,25694.25,-0.0024449639586986427,0.003593434170824805,0.001139684395090601
2025-12-10,25644.5,25803.25,-0.001936230868774147,0.006190411199282542,0.004242194265253962
2025-12-11,25592.5,25715.25,-0.008167575789871484,0.004796327048940174,-0.003410423105616567
2025-12-12,25549.75,25219.75,-0.006435869765994862,-0.012915977651444699,-0.019268721867374383
2025-12-15,25380.0,25098.25,0.006354147047452852,-0.011101260835303384,-0.004817652831610175
2025-12-16,25048.5,25113.25,-0.00198220991503395,0.0025849851288499703,0.0005976512306635762
2025-12-17,25176.5,24697.25,0.002518590783749719,-0.019035608603260923,-0.01656496072790259
2025-12-18,25071.75,25011.25,0.015163631578414494,-0.002413074476253163,0.012713966129832333
2025-12-22,25762.25,25703.75,0.03002648808036379,-0.0022707643936379363,0.027687540606726957
2025-12-23,25719.25,25809.0,0.0006030248504595992,0.0034896040903213965,0.004094733258765748
2025-12-26,25876.0,25871.5,0.002595993645627459,-0.00017390632246094828,0.00242163586345856
2025-12-29,25691.5,25743.25,-0.006957462845215812,0.0020142848802133795,-0.004957192277216249
2025-12-30,25717.75,25685.5,-0.0009905509211152186,-0.0012539977253064327,-0.002243306497819786
2025-12-31,25680.0,25467.0,-0.00021412859395375516,-0.008294392523364502,-0.008506745050709585
2026-01-02,25721.5,25409.25,0.009993324694703043,-0.01213964970938708,-0.0022676404759099933
2026-01-05,25656.75,25576.0,0.009740547241654074,-0.003147319906067647,0.006562570717356886
2026-01-06,25669.5,25821.75,0.003655771035345534,0.005931163442996601,0.009608617453862989
2026-01-07,25777.75,25833.75,-0.0017039898535149423,0.002172416134069044,0.000464724505504055
2026-01-08,25758.0,25698.5,-0.002932210770793975,-0.0023099619535678073,-0.0052353994290414985
2026-01-09,25682.25,25929.25,-0.0006323326264179308,0.00961753740423843,0.00897912329513395
2026-01-12,25792.5,25955.25,-0.005273966659274709,0.006309973829601523,0.0010027285787286289
2026-01-13,25972.75,25921.25,0.0006742373893529052,-0.0019828474073788627,-0.0013099469278854414
2026-01-14,25732.25,25654.25,-0.007291315040748425,-0.0030312156923704148,-0.01030042918454932
2026-01-15,25904.5,25716.75,0.00975471900367375,-0.0072477754830241325,0.0024362435074110067
2026-01-16,25883.5,25693.75,0.006484100829226014,-0.00733092510672817,-0.0008943587350657145
2026-01-20,25291.75,25149.75,-0.01564582826562877,-0.005614479029723118,-0.02117246412065188
2026-01-21,25214.25,25495.25,0.0025646378194614794,0.011144491706079007,0.013737711110448414
2026-01-22,25681.75,25657.75,0.007315088104646872,-0.0009345157553515282,0.0063737362842097856
2026-01-23,25618.75,25733.75,-0.0015200085744073721,0.004488899731641904,0.002962067991152839
2026-01-26,25717.0,25843.25,-0.0006508961966289473,0.004909204028463732,0.0042551124496041925
2026-01-27,25981.5,26071.75,0.00534955936269621,0.003473625464272656,0.008841767192593775
2026-01-28,26251.75,26078.75,0.0069040244709310805,-0.0065900368546858434,0.0002684898405362901
2026-01-29,26139.25,26008.0,0.002319896467430471,-0.005021184617003183,-0.0027129367780280855
2026-01-30,25896.5,25663.75,-0.00428714241771766,-0.00898770104068114,-0.013236311904029519
2026-02-02,25623.5,25837.75,-0.0015683600409137632,0.008361465061369477,0.006779991232769955
2026-02-03,25943.0,25462.75,0.0040734971117841745,-0.018511737270169193,-0.014513647666689278
2026-02-04,25310.5,25023.75,-0.005979322736153758,-0.011329290215523202,-0.0172408714691068
2026-02-05,24712.5,24665.25,-0.012438183725460794,-0.0019119878603944818,-0.014326389929566918
2026-02-06,24738.75,25133.0,0.0029799008726851817,0.015936536809660895,0.01896392698229299
2026-02-09,24989.75,25352.25,-0.005699677714558593,0.014505947438449684,0.008723590498547651
2026-02-10,25377.25,25229.5,0.0009861057697049258,-0.005822143849313899,-0.004841779329250895
2026-02-11,25459.25,25280.25,0.009106403218454684,-0.007030843406620413,0.002011534116807656
2026-02-12,25345.25,24754.0,0.002571177104656819,-0.02332784249514208,-0.020816645405009826
2026-02-13,24743.5,24817.0,-0.0004241738708895548,0.002970477094994539,0.002545043225337329
2026-02-17,24625.0,24784.0,-0.007736632147318345,0.006456852791878243,-0.0013297336503202972
2026-02-18,24775.75,24950.0,-0.00033287604906395707,0.007033086788492682,0.006697869593285999
2026-02-19,24856.25,24859.0,-0.0037575150300601656,0.00011063615790796177,-0.0036472945891783404
2026-02-20,24726.0,25070.0,-0.005350174986926248,0.013912480789452397,0.008487871595800334
2026-02-23,25013.25,24769.5,-0.0022636617471081255,-0.009744835237324168,-0.011986437973673714
2026-02-24,24812.5,25031.5,0.0017360059750903822,0.00882619647355165,0.010577524778457414
2026-02-25,25211.75,25381.5,0.007200926832191534,0.006732971729451531,0.013982382198429955
2026-02-26,25294.0,25072.0,-0.0034473927860843023,-0.008776785008302368,-0.012193920769064115
2026-02-27,24828.25,24984.25,-0.009722000638162087,0.006283165345926545,-0.003499920229738329
2026-03-02,24683.0,25020.75,-0.012057596285659944,0.013683506867074424,0.0014609203798392478
2026-03-03,24610.5,24751.5,-0.016396390995473742,0.0057292619004083445,-0.010761068313299926
2026-03-04,24935.0,25103.0,0.007413692099468738,0.0067375175456185765,0.014201159525685236
2026-03-05,25036.5,25039.25,-0.002649085766641468,0.00010983963413413456,-0.002539537107118628
2026-03-06,24682.0,24652.25,-0.014267599868206915,-0.0012053318207601027,-0.015455734496840012
2026-03-09,24510.75,25018.25,-0.005739841190966377,0.020705200779249866,0.014846515023983597
2026-03-10,25046.5,24996.0,0.0011291757017377613,-0.0020162497754177,-0.0008893507739350381
2026-03-11,25084.5,24973.0,0.003540566490638497,-0.004444975981183652,-0.0009201472235558228
2026-03-12,24782.5,24562.25,-0.007628238497577433,-0.00888731968122669,-0.016447763584671482
2026-03-13,24666.5,24386.0,0.004244318008325809,-0.01137169845742203,-0.007175645553644361
2026-03-16,24648.5,24670.25,0.010764373000902161,0.000882406637320754,0.011656278192405445
2026-03-17,24782.75,24801.5,0.004560148356826499,0.0007565746335655987,0.005320173082964397
2026-03-18,24707.25,24442.5,-0.0038001733766103163,-0.010715478250311161,-0.014474930951757004
2026-03-19,24162.0,24375.0,-0.011475912856704462,0.008815495406009344,-0.0027615833077631047
2026-03-23,24471.0,24381.5,0.003938461538461446,-0.0036573903804503205,0.0002666666666666373
2026-03-24,24263.75,24223.75,-0.004829481369070798,-0.0016485497913554248,-0.006470069519922905
2026-03-25,24454.0,24387.5,0.009505134423860806,-0.002719391510591307,0.006759894731410254
2026-03-26,24107.5,23792.25,-0.011481291645310088,-0.013076843306025099,-0.02440799589953868
2026-03-27,23647.0,23291.75,-0.00610492912608096,-0.015023047321013228,-0.021036261807941714
2026-03-30,23484.75,23125.75,0.008286195756008086,-0.01528651571764661,-0.007126987023302278
2026-03-31,23416.75,23918.5,0.012583375674302566,0.021426970010782975,0.034279969298293134
2026-04-01,24083.5,24202.5,0.00689842590463452,0.004941142275832089,0.011873654284340507
2026-04-02,23794.25,24218.25,-0.016868092139241786,0.017819431165092325,0.0006507592190889699
2026-04-06,24329.5,24366.25,0.004593643223602006,0.0015105119299616554,0.006111093906454812
2026-04-07,24251.5,24362.5,-0.004709382855384026,0.00457703647197083,-0.00015390140050275392
2026-04-08,25185.0,25081.0,0.03376090302719348,-0.004129442128250949,0.02949204720369414
2026-04-09,25075.25,25241.75,-0.00022925720665045723,0.006640013559186864,0.0064092340815757876
2026-04-10,25326.75,25278.75,0.0033674368853189307,-0.0018952293523646357,0.001465825467727111
2026-04-13,25228.5,25539.25,-0.001987835632695445,0.012317418792239021,0.010305098155565462
2026-04-14,25689.25,25988.5,0.0058733126462209295,0.011648841441459057,0.01759057137543185
2026-04-15,26020.25,26344.5,0.0012216942109009032,0.012461448295077782,0.01369836658522039
2026-04-16,26395.5,26469.5,0.0019358879462505474,0.0028035081737416423,0.004744823397673237
2026-04-17,26688.25,26830.5,0.008264228640510796,0.005330060981892704,0.013638338465025823
2026-04-20,26799.25,26741.75,-0.0011647192560705344,-0.002145582432344195,-0.003307802687240291
2026-04-21,26772.75,26620.5,0.0011592360260641588,-0.005686752388155858,-0.0045341086503314365
2026-04-22,26868.5,27071.0,0.009316128547548042,0.007536706552282446,0.01692304802689648
2026-04-23,26993.5,26914.25,-0.0028628421558124506,-0.0029358919739936873,-0.005790329134498173
2026-04-24,27186.75,27433.5,0.010124748042393827,0.009076112444481144,0.019292753838579868
2026-04-27,27379.0,27430.0,-0.00198662219549095,0.0018627415172212114,-0.00012758124191225573
2026-04-28,27090.75,27157.25,-0.012367845424717472,0.002454712401834591,-0.009943492526430897
2026-04-29,27154.0,27352.5,-0.00011967338371887681,0.007310156882963881,0.007189608668035197
2026-04-30,27435.5,27592.25,0.00303445754501408,0.005713400521222489,0.008765195137556026
2026-05-01,27665.5,27830.25,0.0026547309480016157,0.0059550703945348005,0.00862561045221022
2026-05-04,27841.25,27761.75,0.0003952533663909019,-0.0028554752390786975,-0.0024613505088887377
2026-05-05,28003.5,28132.75,0.008708024530153846,0.004615494491760019,0.013363710861166833
2026-05-06,28345.75,28704.5,0.0075712470341506855,0.01265621830433128,0.020323288693782082
2026-05-07,28733.25,28662.5,0.0010015851173161838,-0.002462304125011916,-0.001463185214861773
2026-05-08,28890.5,29334.75,0.007954644570431713,0.015377027050414549,0.02345399040558216
2026-05-11,29342.75,29422.5,0.0002727141018756818,0.0027178774995526567,0.0029913328049497867
2026-05-12,29166.25,29151.25,-0.008709321097799316,-0.0005142930613294405,-0.009219135015719249
2026-05-13,29260.75,29474.75,0.0037562711719052455,0.007313551429816378,0.01109729428412165
2026-05-14,29472.5,29691.25,-7.63365253310111e-05,0.00742217321231653,0.007345270104072155
2026-05-15,29259.0,29175.75,-0.014558161074390563,-0.0028452783758843303,-0.017362017429377374
2026-05-18,29332.75,29092.5,0.005381181289255688,-0.008190503788427561,-0.0028533970849078383
2026-05-19,28911.25,28908.0,-0.006230128039872773,-0.00011241298802366906,-0.00634184068058774
2026-05-20,29104.0,29371.25,0.006780130067801204,0.009182586586036212,0.01602497578524975
2026-05-21,29202.25,29460.75,-0.005753926033110646,0.008852057632545485,0.003047197514576272
2026-05-22,29618.25,29555.5,0.005346096076983775,-0.0021186261848691323,0.003216143512979164
2026-05-26,29884.5,30069.25,0.01113159987142831,0.006182134551355967,0.01738255147096135
2026-05-27,30140.75,30041.5,0.002377844475668578,-0.003292884218209613,-0.0009228697090881699
2026-05-28,30093.75,30297.5,0.0017392606893797957,0.006770508826583699,0.008521545195812497
2026-05-29,30384.75,30400.25,0.00287977555903951,0.0005101243222340734,0.0033913689248288303
2026-06-01,30318.75,30558.75,-0.0026808990057647364,0.007915893630179305,0.005213772913051695
2026-06-02,30503.75,30706.25,-0.0017998118378532713,0.006638528049830006,0.004826768110606672
2026-06-03,30766.75,30635.25,0.0019702829228576135,-0.004274094598877065,-0.00231223285161819
2026-06-04,30242.75,30484.75,-0.01281203841979417,0.00800191781501347,-0.004912641483258651
2026-06-05,30020.25,29030.0,-0.01523712676010136,-0.03298606773761048,-0.047720581602276546
2026-06-08,29567.0,29440.75,0.018498105408198517,-0.004269963134575727,0.01414915604547029
2026-06-09,29727.75,29120.5,0.009748392958739194,-0.02042704207348356,-0.010877779947861432
2026-06-10,28922.25,28503.25,-0.006807918820075254,-0.014487116320479942,-0.021196408028708258
2026-06-11,28774.5,29425.5,0.009516458649452275,0.022624198509096693,0.032355959408137736
2026-06-12,29430.5,29654.75,0.0001699206470577863,0.007619646285316195,0.007790861667601234
2026-06-15,30363.5,30578.75,0.023900049739080664,0.007089103693579402,0.03115858336354216
2026-06-16,30500.0,29999.25,-0.00257531782692233,-0.01641803278688525,-0.01895106896128851
2026-06-17,30162.25,29751.75,0.005433469170062599,-0.013609727391026838,-0.008250206255156378
2026-06-23,29658.5,29642.75,-0.03256216004631929,-0.0005310450629667507,-0.03307591313495395
2026-06-24,29653.5,29544.25,0.00036265191319961865,-0.003684219400745259,-0.0033229035767599058
