day,p_open,p_close,gap_cal_days,overnight,intraday,closed_hours,dow
2015-06-26,4505.75,4473.5,1.0,0.0002775002775001,-0.0071575209454586,17.5,4
2015-06-29,4427.5,4373.25,3.0,-0.0102827763496143,-0.0122529644268775,65.5,0
2015-06-30,4398.75,4388.25,1.0,0.0058309037900874,-0.002387041773231,17.5,1
2015-07-01,4426.0,4423.0,1.0,0.0086025180880762,-0.0006778129236331,17.5,2
2015-07-02,4434.5,4426.5,1.0,0.0026000452181778,-0.0018040365317397,17.5,3
2015-07-06,4397.0,4412.75,4.0,-0.0066644075454648,0.0035819877188991,89.5,0
2015-07-07,4409.0,4424.5,1.0,-0.0008498102090532,0.0035155364028123,17.5,1
2015-07-08,4385.75,4344.5,1.0,-0.0087580517572607,-0.0094054608675825,17.5,2
2015-07-09,4398.75,4344.25,1.0,0.0124870525952354,-0.0123898834896277,17.5,3
2015-07-10,4401.75,4412.0,1.0,0.0132358865166599,0.0023286192991422,17.5,4
2015-07-13,4449.75,4486.75,3.0,0.0085562103354488,0.008315073880555,65.5,0
2015-07-14,4492.75,4518.75,1.0,0.0013372708530674,0.0057871014412107,17.5,1
2015-07-15,4522.5,4523.25,1.0,0.0008298755186721,0.0001658374792703,17.5,2
2015-07-16,4558.25,4586.5,1.0,0.007737799148842,0.0061975538858114,17.5,3
2015-07-17,4626.25,4653.0,1.0,0.008666739343726,0.0057822210213456,17.5,4
2015-07-20,4658.5,4668.75,3.0,0.0011820330969267,0.0022002790597832,65.5,0
2015-07-21,4670.25,4669.25,1.0,0.0003212851405622,-0.0002141212997163,17.5,1
2015-07-22,4606.25,4613.5,1.0,-0.0134925309203833,0.0015739484396199,17.5,2
2015-07-23,4613.75,4597.5,1.0,5.418879375751473e-05,-0.0035220807369276,17.5,3
2015-07-24,4617.75,4557.0,1.0,0.0044045676998367,-0.0131557576741919,17.5,4
2015-07-27,4522.25,4514.5,3.0,-0.0076256308975203,-0.0017137486870473,65.5,0
2015-07-28,4530.5,4553.5,1.0,0.0035441355631853,0.0050767023507338,17.5,1
2015-07-29,4561.25,4571.75,1.0,0.0017019874821566,0.0023020005480953,17.5,2
2015-07-30,4562.25,4591.25,1.0,-0.0020779788921091,0.0063565126856266,17.5,3
2015-07-31,4600.75,4585.25,1.0,0.0020691532806969,-0.0033690159213172,17.5,4
2015-08-03,4588.25,4572.5,3.0,0.0006542718499535,-0.0034326813055086,65.5,0
2015-08-04,4567.5,4560.75,1.0,-0.0010934937124111,-0.0014778325123152,17.5,1
2015-08-05,4586.25,4598.75,1.0,0.0055911856602532,0.0027255382938129,17.5,2
2015-08-06,4605.25,4520.25,1.0,0.0014134275618373,-0.0184571955919874,17.5,3
2015-08-07,4509.75,4518.25,1.0,-0.0023228803716608,0.0018848051444093,17.5,4
2015-08-10,4555.25,4568.25,3.0,0.0081890112322249,0.0028538499533505,65.5,0
2015-08-11,4547.0,4511.5,1.0,-0.004651671865594,-0.0078073455025291,17.5,1
2015-08-12,4476.0,4528.25,1.0,-0.0078687797849938,0.0116733690795352,17.5,2
2015-08-13,4528.25,4518.25,1.0,0.0,-0.0022083586374427,17.5,3
2015-08-14,4511.0,4527.75,1.0,-0.0016046035522603,0.0037131456439813,17.5,4
2015-08-17,4513.75,4566.25,3.0,-0.0030920435094693,0.0116311271116034,65.5,0
2015-08-18,4552.5,4539.5,1.0,-0.003011223651793,-0.0028555738605161,17.5,1
2015-08-19,4521.75,4505.75,1.0,-0.0039101222601608,-0.0035384530325648,17.5,2
2015-08-20,4466.5,4376.25,1.0,-0.0087110913832325,-0.0202059778349938,17.5,3
2015-08-21,4313.0,4202.0,1.0,-0.0144530134247358,-0.0257361465337352,17.5,4
2015-08-24,3908.25,4031.0,3.0,-0.0699071870537839,0.0314079191453975,65.5,0
2015-08-25,4178.5,4017.75,1.0,0.0365914165219547,-0.0384707430896255,17.5,1
2015-08-26,4128.0,4224.75,1.0,0.0274407317528466,0.0234375,17.5,2
2015-08-27,4276.25,4327.5,1.0,0.0121900704183679,0.0119847997661501,17.5,3
2015-08-28,4304.75,4325.75,1.0,-0.0052570768341998,0.0048783320750334,17.5,4
2015-08-31,4303.5,4265.5,3.0,-0.0051436167138646,-0.0088300220750552,65.5,0
2015-09-01,4172.0,4142.25,1.0,-0.021920056265385,-0.0071308724832215,17.5,1
2015-09-02,4200.0,4255.5,1.0,0.0139416983523448,0.0132142857142856,17.5,2
2015-09-03,4265.5,4230.0,1.0,0.0023499001292444,-0.008322588207713,17.5,3
2015-09-04,4177.75,4187.75,1.0,-0.0123522458628841,0.0023936329363891,17.5,4
2015-09-08,4265.5,4300.5,4.0,0.0185660557578652,0.0082053686554917,89.5,1
2015-09-09,4343.25,4252.25,1.0,0.0099407045692361,-0.0209520520347665,17.5,2
2015-09-10,4243.5,4295.0,1.0,-0.002057734140749,0.0121362083186049,17.5,3
2015-09-11,4276.75,4323.25,1.0,-0.0042491268917346,0.0108727421523353,17.5,4
2015-09-14,4330.5,4308.25,3.0,0.0016769791245012,-0.0051379748296963,65.5,0
2015-09-15,4317.75,4362.75,1.0,0.0022050716648291,0.0104220948410631,17.5,1
2015-09-16,4359.0,4385.0,1.0,-0.0008595495960116,0.0059646707960541,17.5,2
2015-09-17,4379.0,4383.5,1.0,-0.0013683010262257,0.0010276318794244,17.5,3
2015-09-21,4337.25,4333.75,4.0,-0.0105509296224478,-0.000806962937345,89.5,0
2015-09-22,4262.0,4271.25,1.0,-0.0165561003749639,0.0021703425621772,17.5,1
2015-09-23,4269.0,4263.0,1.0,-0.0005267778753292,-0.0014054813773717,17.5,2
2015-09-24,4226.0,4249.0,1.0,-0.0086793338024865,0.0054424988168479,17.5,3
2015-09-25,4295.0,4212.75,1.0,0.0108260767239349,-0.0191501746216531,17.5,4
2015-09-28,4187.25,4093.0,3.0,-0.0060530532312622,-0.0225088064959102,65.5,0
2015-09-29,4106.5,4074.0,1.0,0.0032983141949669,-0.0079142822354802,17.5,1
2015-09-30,4126.5,4161.0,1.0,0.0128865979381442,0.0083605961468555,17.5,2
2015-10-01,4175.0,4183.75,1.0,0.0033645758231195,0.0020958083832336,17.5,3
2015-10-02,4128.0,4254.5,1.0,-0.0133253659994024,0.0306443798449611,17.5,4
2015-10-05,4287.0,4320.75,3.0,0.0076389705018216,0.0078726382085374,65.5,0
2015-10-06,4303.25,4292.25,1.0,-0.0040502227622519,-0.0025562075175739,17.5,1
2015-10-07,4321.5,4325.25,1.0,0.006814607723222,0.0008677542519959,17.5,2
2015-10-08,4307.0,4340.25,1.0,-0.0042194092827003,0.0077199907127931,17.5,3
2015-10-09,4344.5,4357.75,1.0,0.00097920626692,0.0030498331223385,17.5,4
2015-10-12,4367.25,4370.75,3.0,0.0021800240950031,0.0008014196576793,65.5,0
2015-10-13,4346.25,4347.75,1.0,-0.0056054452897099,0.0003451251078516,17.5,1
2015-10-14,4348.5,4338.0,1.0,0.0001725030188028,-0.0024146257330114,17.5,2
2015-10-15,4352.25,4406.75,1.0,0.0032849239280774,0.0125222586018725,17.5,3
2015-10-16,4417.25,4430.25,1.0,0.0023827083451524,0.0029430075273078,17.5,4
2015-10-19,4421.0,4453.25,3.0,-0.0020879182890356,0.007294729699163,65.5,0
2015-10-20,4447.75,4428.0,1.0,-0.0012350530511424,-0.0044404474172334,17.5,1
2015-10-21,4449.0,4402.75,1.0,0.0047425474254743,-0.0103955945156214,17.5,2
2015-10-22,4449.25,4491.0,1.0,0.0105615808301628,0.0093836039781984,17.5,3
2015-10-23,4607.75,4618.5,1.0,0.0259964373190826,0.0023330258803102,17.5,4
2015-10-26,4610.5,4620.0,3.0,-0.0017321641225506,0.0020605140440299,65.5,0
2015-10-27,4611.75,4631.25,1.0,-0.0017857142857142,0.0042283298097252,17.5,1
2015-10-28,4641.0,4669.0,1.0,0.0021052631578948,0.0060331825037707,17.5,2
2015-10-29,4648.75,4659.0,1.0,-0.0043371171557078,0.0022048937886529,17.5,3
2015-10-30,4668.0,4642.5,1.0,0.0019317450096587,-0.0054627249357326,17.5,4
2015-11-02,4649.25,4692.25,3.0,0.0014539579967689,0.0092488035704683,65.5,0
2015-11-03,4683.0,4707.5,1.0,-0.001971335713144,0.0052316890881913,17.5,1
2015-11-04,4724.0,4710.75,1.0,0.0035050451407327,-0.0028048264182896,17.5,2
2015-11-05,4717.0,4695.25,1.0,0.0013267526402378,-0.0046109815560737,17.5,3
2015-11-06,4691.75,4700.25,1.0,-0.0007454342154304,0.0018116907337346,17.5,4
2015-11-09,4679.5,4654.5,3.0,-0.004414658794745,-0.0053424511165722,65.5,0
2015-11-10,4630.0,4637.5,1.0,-0.0052637232785476,0.0016198704103671,17.5,1
2015-11-11,4651.25,4631.5,1.0,0.0029649595687331,-0.0042461703843053,17.5,2
2015-11-12,4619.75,4589.25,1.0,-0.0025369750620749,-0.0066020888576221,17.5,3
2015-11-13,4569.25,4498.0,1.0,-0.0043580105681756,-0.0155933687147781,17.5,4
2015-11-16,4488.5,4564.75,3.0,-0.002112049799911,0.0169878578589728,65.5,0
2015-11-17,4566.25,4566.75,1.0,0.0003286050714716,0.0001094990418832,17.5,1
2015-11-18,4581.75,4654.25,1.0,0.0032846115946789,0.0158236481693676,17.5,2
2015-11-19,4655.75,4657.5,1.0,0.0003222860826126,0.0003758792890511,17.5,3
2015-11-20,4676.0,4686.75,1.0,0.0039720880300591,0.0022989734816081,17.5,4
2015-11-23,4687.75,4674.5,3.0,0.0002133674721289,-0.0028265159191509,65.5,0
2015-11-24,4647.25,4669.0,1.0,-0.0058295004813349,0.0046801872074881,17.5,1
2015-11-25,4673.0,4673.75,1.0,0.0008567144998929,0.0001604964690777,17.5,2
2015-11-30,4692.25,4669.0,5.0,0.0039582776143354,-0.0049549789546592,113.5,0
2015-12-01,4686.75,4714.75,1.0,0.0038016705932748,0.0059742892196084,17.5,1
2015-12-02,4720.0,4690.5,1.0,0.0011135266981281,-0.0062499999999999,17.5,2
2015-12-03,4704.5,4611.0,1.0,0.0029847564225562,-0.0198745881602721,17.5,3
2015-12-04,4618.75,4713.75,1.0,0.0016807633918889,0.0205683355886332,17.5,4
2015-12-07,4716.25,4698.5,3.0,0.0005303632988598,-0.00376358335542,65.5,0
2015-12-08,4643.75,4696.0,1.0,-0.0116526551026923,0.0112516823687751,17.5,1
2015-12-09,4675.25,4620.0,1.0,-0.0044186541737648,-0.0118175498636436,17.5,2
2015-12-10,4631.75,4646.0,1.0,0.00254329004329,0.0030765909213579,17.5,3
2015-12-11,4586.75,4537.0,1.0,-0.0127529057253551,-0.0108464599117021,17.5,4
2015-12-14,4539.25,4575.25,3.0,0.0004959224156932,0.0079308255769123,65.5,0
2015-12-15,4606.5,4592.25,1.0,0.0068302278564011,-0.0030934549006838,17.5,1
2015-12-16,4638.0,4669.0,1.0,0.0099624367140289,0.0066839154808107,17.5,2
2015-12-17,4680.75,4592.75,1.0,0.0025165988434354,-0.018800405917855,17.5,3
2015-12-21,4546.0,4554.0,4.0,-0.0101790866038865,0.0017597888253408,89.5,0
2015-12-22,4574.5,4581.0,1.0,0.0045015371102328,0.0014209203191606,17.5,1
2015-12-23,4602.25,4618.25,1.0,0.004638725169177,0.0034765603780759,17.5,2
2015-12-28,4603.5,4616.25,5.0,-0.0031938504844908,0.0027696318018899,113.5,0
2015-12-29,4641.0,4688.0,1.0,0.00536149471974,0.0101271277741865,17.5,1
2015-12-30,4684.0,4644.5,1.0,-0.000853242320819,-0.0084329632792484,17.5,2
2015-12-31,4621.0,4580.75,1.0,-0.0050597480891376,-0.0087102358796796,17.5,3
2016-01-04,4476.0,4493.5,4.0,-0.0228674343721005,0.0039097408400357,89.5,0
2016-01-05,4504.5,4480.5,1.0,0.0024479804161565,-0.0053280053280053,17.5,1
2016-01-06,4407.75,4440.0,1.0,-0.0162370271175091,0.0073166581589245,17.5,2
2016-01-07,4336.5,4298.0,1.0,-0.0233108108108107,-0.0088781275221953,17.5,3
2016-01-08,4333.0,4258.75,1.0,0.00814332247557,-0.0171359335333487,17.5,4
2016-01-11,4295.5,4274.0,3.0,0.0086292926328148,-0.0050052380398091,65.5,0
2016-01-12,4313.25,4327.5,1.0,0.0091834347215722,0.0033037732568248,17.5,1
2016-01-13,4338.25,4173.75,1.0,0.0024841132293471,-0.0379185155304557,17.5,2
2016-01-14,4194.25,4269.0,1.0,0.0049116501946691,0.0178220182392561,17.5,3
2016-01-15,4117.0,4141.75,1.0,-0.035605528226751,0.0060116589749816,17.5,4
2016-01-19,4188.75,4138.5,4.0,0.01134786020402,-0.0119964189794091,89.5,1
2016-01-20,4075.5,4130.0,1.0,-0.0152229068503081,0.0133725923199607,17.5,2
2016-01-21,4128.25,4127.25,1.0,-0.0004237288135593,-0.000242233391873,17.5,3
2016-01-22,4209.5,4247.25,1.0,0.0199285238354836,0.0089678109039077,17.5,4
2016-01-25,4234.25,4184.75,3.0,-0.0030608040496792,-0.0116903820038968,65.5,0
2016-01-26,4204.25,4224.5,1.0,0.0046597765696876,0.004816554676815,17.5,1
2016-01-27,4201.75,4115.75,1.0,-0.0053852526926263,-0.0204676622835723,17.5,2
2016-01-28,4180.5,4177.75,1.0,0.0157322480714328,-0.0006578160507116,17.5,3
2016-01-29,4179.5,4264.0,1.0,0.000418885763868,0.0202177293934682,17.5,4
2016-02-01,4243.0,4279.75,3.0,-0.0049249530956847,0.0086613245345275,65.5,0
2016-02-02,4251.25,4194.0,1.0,-0.0066592674805771,-0.013466627462511,17.5,1
2016-02-03,4206.5,4165.5,1.0,0.0029804482594182,-0.0097468203970045,17.5,2
2016-02-04,4150.5,4160.25,1.0,-0.003601008282319,0.0023491145645102,17.5,3
2016-02-05,4143.5,4021.5,1.0,-0.0040262003485367,-0.029443707010981,17.5,4
2016-02-08,3941.0,3960.0,3.0,-0.0200174064403829,0.0048211113930474,65.5,0
2016-02-09,3899.5,3947.5,1.0,-0.0152777777777777,0.0123092704192844,17.5,1
2016-02-10,3988.75,3952.5,1.0,0.0104496516782774,-0.0090880601692259,17.5,2
2016-02-11,3915.0,3957.75,1.0,-0.0094876660341556,0.0109195402298849,17.5,3
2016-02-12,3991.75,4011.5,1.0,0.008590739687954,0.0049477046408217,17.5,4
2016-02-16,4076.0,4104.0,4.0,0.0160787735261125,0.0068694798822375,89.5,1
2016-02-17,4137.5,4196.0,1.0,0.008162768031189,0.0141389728096676,17.5,2
2016-02-18,4204.5,4151.75,1.0,0.002025738798856,-0.0125460815792602,17.5,3
2016-02-19,4136.75,4160.0,1.0,-0.0036129343048112,0.0056203541427448,17.5,4
2016-02-22,4198.0,4225.25,3.0,0.0091346153846154,0.0064911862791805,65.5,0
2016-02-23,4204.5,4161.25,1.0,-0.0049109520146737,-0.010286597692948,17.5,1
2016-02-24,4111.75,4203.0,1.0,-0.0118954641033343,0.0221924971119353,17.5,2
2016-02-25,4210.0,4242.5,1.0,0.0016654770402093,0.0077197149643706,17.5,3
2016-02-26,4271.0,4233.5,1.0,0.0067177371832645,-0.0087801451650667,17.5,4
2016-02-29,4228.25,4200.75,3.0,-0.0012401086571395,-0.0065038727605983,65.5,0
2016-03-01,4239.75,4332.75,1.0,0.0092840564184966,0.0219352556164869,17.5,1
2016-03-02,4323.75,4333.0,1.0,-0.0020772027003634,0.0021393466319745,17.5,2
2016-03-03,4325.25,4322.75,1.0,-0.0017885991230094,-0.0005780012716027,17.5,3
2016-03-04,4331.0,4325.0,1.0,0.0019085073159446,-0.0013853613484183,17.5,4
2016-03-07,4302.75,4303.25,3.0,-0.0051445086705201,0.0001162047527742,65.5,0
2016-03-08,4267.25,4271.0,1.0,-0.0083657700575147,0.0008787861034624,17.5,1
2016-03-09,4282.5,4294.5,1.0,0.0026925778506203,0.0028021015761821,17.5,2
2016-03-10,4302.5,4287.25,1.0,0.001862847828618,-0.0035444509006391,17.5,3
2016-03-11,4333.75,4354.0,1.0,0.0108461134760045,0.0046726276319584,17.5,4
2016-03-14,4344.25,4369.5,3.0,-0.0022393201653652,0.005812280600794,65.5,0
2016-03-15,4354.5,4364.0,1.0,-0.0034328870580158,0.002181651165461,17.5,1
2016-03-16,4358.75,4400.5,1.0,-0.0012030247479376,0.0095784341841125,17.5,2
2016-03-17,4389.75,4405.0,1.0,-0.00244290421543,0.0034740019363288,17.5,3
2016-03-21,4392.75,4415.5,4.0,-0.0027809307604994,0.0051789881054009,89.5,0
2016-03-22,4393.25,4429.75,1.0,-0.0050390669233382,0.0083082000796677,17.5,1
2016-03-23,4417.75,4395.0,1.0,-0.0027089564873864,-0.0051496802671042,17.5,2
2016-03-24,4371.0,4397.25,1.0,-0.0054607508532422,0.0060054907343858,17.5,3
2016-03-28,4406.5,4389.75,4.0,0.002103587469441,-0.0038012027686372,89.5,0
2016-03-29,4381.25,4460.0,1.0,-0.0019363289481177,0.0179743223965762,17.5,1
2016-03-30,4483.25,4481.25,1.0,0.0052130044843048,-0.0004461049461885,17.5,2
2016-03-31,4478.5,4475.0,1.0,-0.0006136680613667,-0.0007815116668526,17.5,3
2016-04-01,4449.0,4523.75,1.0,-0.0058100558659217,0.0168015284333558,17.5,4
2016-04-04,4517.75,4503.75,3.0,-0.0013263332412268,-0.0030988877206573,65.5,0
2016-04-05,4473.25,4465.5,1.0,-0.0067721343325006,-0.0017325210976359,17.5,1
2016-04-06,4471.25,4533.5,1.0,0.0012876497592655,0.0139222812412636,17.5,2
2016-04-07,4507.5,4472.5,1.0,-0.0057350832689974,-0.0077648363838047,17.5,3
2016-04-08,4498.0,4467.5,1.0,0.0057015092230296,-0.0067807914628723,17.5,4
2016-04-11,4493.5,4451.0,3.0,0.0058198097369894,-0.0094581061533326,65.5,0
2016-04-12,4456.0,4487.5,1.0,0.0011233430689732,0.007069120287253,17.5,1
2016-04-13,4523.0,4545.25,1.0,0.0079108635097493,0.0049193013486623,17.5,2
2016-04-14,4547.5,4546.75,1.0,0.0004950222760025,-0.0001649257833974,17.5,3
2016-04-15,4544.0,4536.0,1.0,-0.0006048276241271,-0.0017605633802817,17.5,4
2016-04-18,4520.75,4558.25,3.0,-0.0033619929453262,0.0082950837803461,65.5,0
2016-04-19,4563.75,4535.75,1.0,0.0012066034113968,-0.0061353053957819,17.5,1
2016-04-20,4532.75,4536.25,1.0,-0.0006614121148652,0.0007721581821189,17.5,2
2016-04-21,4533.25,4541.25,1.0,-0.0006613392119041,0.0017647383223955,17.5,3
2016-04-22,4475.25,4464.75,1.0,-0.0145334434351774,-0.0023462376403552,17.5,4
2016-04-25,4452.0,4468.0,3.0,-0.0028557030068873,0.0035938903863432,65.5,0
2016-04-26,4472.25,4453.25,1.0,0.0009512085944494,-0.0042484208172619,17.5,1
2016-04-27,4408.5,4407.0,1.0,-0.0100488407342951,-0.0003402517863219,17.5,2
2016-04-28,4411.5,4357.5,1.0,0.0010211027910143,-0.0122407344440665,17.5,3
2016-04-29,4357.0,4335.5,1.0,-0.0001147446930579,-0.0049345880192793,17.5,4
2016-05-02,4335.75,4370.75,3.0,5.76634759543726e-05,0.0080724211497433,65.5,0
2016-05-03,4342.0,4332.0,1.0,-0.0065778184522107,-0.0023030861354215,17.5,1
2016-05-04,4308.0,4305.5,1.0,-0.005540166204986,-0.0005803156917363,17.5,2
2016-05-05,4318.5,4298.5,1.0,0.0030193937986295,-0.0046312376982748,17.5,3
2016-05-06,4282.5,4326.5,1.0,-0.0037222286844248,0.0102743724460012,17.5,4
2016-05-09,4323.0,4336.5,3.0,-0.000808967987981,0.0031228313671061,65.5,0
2016-05-10,4352.0,4394.75,1.0,0.0035743110803643,0.0098230698529411,17.5,1
2016-05-11,4389.0,4355.0,1.0,-0.0013083793162296,-0.0077466393255867,17.5,2
2016-05-12,4369.5,4335.5,1.0,0.0033295063145808,-0.0077812106648358,17.5,3
2016-05-13,4335.25,4322.5,1.0,-5.76634759543726e-05,-0.0029410068623493,17.5,4
2016-05-16,4325.75,4376.0,3.0,0.000751879699248,0.0116164826908629,65.5,0
2016-05-17,4375.0,4317.0,1.0,-0.0002285191956123,-0.0132571428571428,17.5,1
2016-05-18,4315.5,4333.0,1.0,-0.0003474635163307,0.0040551500405514,17.5,2
2016-05-19,4315.25,4315.25,1.0,-0.0040964689591507,0.0,17.5,3
2016-05-20,4331.25,4360.5,1.0,0.003707780545739,0.0067532467532467,17.5,4
2016-05-23,4363.25,4353.0,3.0,0.0006306616213735,-0.0023491663324356,65.5,0
2016-05-24,4380.75,4443.5,1.0,0.0063749138525155,0.0143240312731838,17.5,1
2016-05-25,4460.25,4474.5,1.0,0.0037695510295938,0.0031948881789136,17.5,2
2016-05-26,4480.75,4488.75,1.0,0.0013968041121912,0.0017854153880487,17.5,3
2016-05-27,4491.0,4512.0,1.0,0.0005012531328321,0.0046760187040748,17.5,4
2016-05-31,4516.0,4521.5,4.0,0.000886524822695,0.0012178919397696,89.5,1
2016-06-01,4508.5,4521.5,1.0,-0.0028751520513103,0.002883442386603,17.5,2
2016-06-02,4509.5,4530.75,1.0,-0.0026539865089019,0.0047122740880363,17.5,3
2016-06-03,4518.75,4508.5,1.0,-0.0026485681178612,-0.002268326417704,17.5,4
2016-06-06,4513.25,4525.25,3.0,0.0010535654874126,0.0026588378662826,65.5,0
2016-06-07,4526.0,4514.75,1.0,0.0001657366996299,-0.0024856385329209,17.5,1
2016-06-08,4522.75,4521.25,1.0,0.0017719696550195,-0.000331656624841,17.5,2
2016-06-09,4503.25,4514.25,1.0,-0.0039811998894111,0.0024426802864598,17.5,3
2016-06-10,4475.25,4464.5,1.0,-0.0086393088552916,-0.0024021004413161,17.5,4
2016-06-13,4440.75,4425.0,3.0,-0.0053197446522567,-0.0035466981928727,65.5,0
2016-06-14,4419.75,4425.5,1.0,-0.0011864406779661,0.0013009785621358,17.5,1
2016-06-15,4435.75,4409.25,1.0,0.0023161224720371,-0.0059741870033253,17.5,2
2016-06-16,4392.25,4424.5,1.0,-0.0038555309859953,0.0073424782286983,17.5,3
2016-06-20,4418.5,4390.5,4.0,-0.0013560854333822,-0.0063369921919202,89.5,0
2016-06-21,4396.5,4405.0,1.0,0.0013665869490946,0.0019333560786989,17.5,1
2016-06-22,4407.25,4397.75,1.0,0.0005107832009081,-0.0021555391684157,17.5,2
2016-06-23,4428.75,4458.25,1.0,0.0070490591779888,0.0066610217329945,17.5,3
2016-06-24,4291.75,4279.5,1.0,-0.0373464924578029,-0.0028543135084755,17.5,4
2016-06-27,4235.0,4186.0,3.0,-0.0103984110293258,-0.0115702479338842,65.5,0
2016-06-28,4237.0,4279.75,1.0,0.0121834687052078,0.0100896860986547,17.5,1
2016-06-29,4313.5,4356.0,1.0,0.0078859746480519,0.0098527877593601,17.5,2
2016-06-30,4365.25,4404.5,1.0,0.0021235078053258,0.0089914666972108,17.5,3
2016-07-01,4407.25,4431.25,1.0,0.0006243614485186,0.0054455726359974,17.5,4
2016-07-05,4408.75,4401.5,4.0,-0.0050775740479548,-0.0016444570456478,89.5,1
2016-07-06,4378.0,4436.25,1.0,-0.0053390889469498,0.0133051621745088,17.5,2
2016-07-07,4443.5,4451.0,1.0,0.0016342631727246,0.0016878586699673,17.5,3
2016-07-08,4474.0,4519.25,1.0,0.0051673781172769,0.0101139919535091,17.5,4
2016-07-11,4539.5,4547.25,3.0,0.0044808319964595,0.0017072364797885,65.5,0
2016-07-12,4575.25,4569.5,1.0,0.0061575677607346,-0.0012567619255778,17.5,1
2016-07-13,4578.5,4561.0,1.0,0.0019695809169493,-0.0038222125150157,17.5,2
2016-07-14,4588.75,4590.75,1.0,0.006084192063144,0.0004358485426314,17.5,3
2016-07-15,4602.5,4584.5,1.0,0.0025594946359528,-0.003910917979359,17.5,4
2016-07-18,4586.5,4611.75,3.0,0.0004362525902497,0.0055052872560776,65.5,0
2016-07-19,4600.5,4595.25,1.0,-0.0024394210440722,-0.0011411803064884,17.5,1
2016-07-20,4621.75,4647.0,1.0,0.0057668244382786,0.0054632985341049,17.5,2
2016-07-21,4653.75,4640.5,1.0,0.0014525500322788,-0.0028471662637657,17.5,3
2016-07-22,4642.25,4658.5,1.0,0.0003771145350717,0.0035004577521675,17.5,4
2016-07-25,4654.75,4657.25,3.0,-0.0008049801438231,0.0005370857725979,65.5,0
2016-07-26,4658.75,4664.75,1.0,0.0003220784797894,0.0012878991145692,17.5,1
2016-07-27,4704.0,4696.75,1.0,0.0084141701055791,-0.0015412414965986,17.5,2
2016-07-28,4707.25,4718.5,1.0,0.0022355884388141,0.0023899304264698,17.5,3
2016-07-29,4728.75,4726.25,1.0,0.0021723005192328,-0.000528680941052,17.5,4
2016-08-01,4728.0,4749.0,3.0,0.0003702724147049,0.0044416243654823,65.5,0
2016-08-02,4739.0,4715.0,1.0,-0.0021057064645187,-0.0050643595695294,17.5,1
2016-08-03,4709.25,4725.75,1.0,-0.0012195121951219,0.0035037426341775,17.5,2
2016-08-04,4729.0,4741.25,1.0,0.0006877215256837,0.002590399661662,17.5,3
2016-08-05,4764.75,4786.0,1.0,0.0049564988136039,0.004459835248439,17.5,4
2016-08-08,4785.25,4779.0,3.0,-0.0001567070622648,-0.0013060968601431,65.5,0
2016-08-09,4783.25,4792.25,1.0,0.0008893073864826,0.0018815658809387,17.5,1
2016-08-10,4794.25,4779.5,1.0,0.0004173404976786,-0.0030766021796944,17.5,2
2016-08-11,4797.75,4801.25,1.0,0.0038183910450884,0.0007295086238341,17.5,3
2016-08-12,4787.25,4805.0,1.0,-0.0029159073158031,0.0037077654185597,17.5,4
2016-08-15,4811.75,4823.5,3.0,0.0014047866805411,0.0024419390034811,65.5,0
2016-08-16,4814.75,4798.75,1.0,-0.0018140354514356,-0.0033231216574068,17.5,1
2016-08-17,4798.5,4806.25,1.0,-5.209690023444402e-05,0.0016150880483485,17.5,2
2016-08-18,4806.25,4807.5,1.0,0.0,0.0002600780234069,17.5,3
2016-08-19,4796.5,4805.75,1.0,-0.0022880915236609,0.0019284895236109,17.5,4
2016-08-22,4794.5,4809.0,3.0,-0.0023409457420797,0.0030242986755657,65.5,0
2016-08-23,4829.5,4818.75,1.0,0.0042628405073819,-0.0022259033026192,17.5,1
2016-08-24,4813.0,4787.25,1.0,-0.0011932555123216,-0.0053500934967795,17.5,2
2016-08-25,4773.25,4780.5,1.0,-0.0029244346963287,0.0015188812653852,17.5,3
2016-08-26,4786.5,4785.5,1.0,0.0012550988390336,-0.0002089209234305,17.5,4
2016-08-29,4792.25,4792.0,3.0,0.0014105109183992,-5.21675622098261e-05,65.5,0
2016-08-30,4790.5,4775.5,1.0,-0.000313021702838,-0.0031311971610479,17.5,1
2016-08-31,4773.25,4773.5,1.0,-0.0004711548528949,5.2375216047728657e-05,17.5,2
2016-09-01,4779.0,4782.5,1.0,0.0011521944066199,0.000732370788868,17.5,3
2016-09-02,4808.75,4798.0,1.0,0.005488761108207,-0.0022355081881986,17.5,4
2016-09-06,4805.75,4828.5,4.0,0.0016152563568152,0.0047339125006502,89.5,1
2016-09-07,4830.75,4829.75,1.0,0.0004659832246038,-0.0002070071934999,17.5,2
2016-09-08,4812.75,4803.25,1.0,-0.0035198509239608,-0.0019739234325489,17.5,3
2016-09-09,4761.5,4682.5,1.0,-0.0086920314370478,-0.0165914102698729,17.5,4
2016-09-12,4662.75,4765.25,3.0,-0.0042178323545114,0.0219827355101602,65.5,0
2016-09-13,4739.5,4726.0,1.0,-0.0054037038980115,-0.0028484017301403,17.5,1
2016-09-14,4731.75,4743.5,1.0,0.0012166737198475,0.0024832250224546,17.5,2
2016-09-15,4750.75,4818.5,1.0,0.0015284072941921,0.0142609061727094,17.5,3
2016-09-19,4827.5,4793.5,4.0,0.0018678011829407,-0.0070429829104091,89.5,0
2016-09-20,4806.0,4803.0,1.0,0.0026076979242724,-0.0006242197253433,17.5,1
2016-09-21,4820.25,4848.75,1.0,0.0035915053091817,0.0059125564026762,17.5,2
2016-09-22,4874.0,4886.5,1.0,0.0052075277133281,0.0025646286417726,17.5,3
2016-09-23,4879.75,4857.75,1.0,-0.0013813567993451,-0.0045084276858445,17.5,4
2016-09-26,4827.5,4817.0,3.0,-0.0062271627811228,-0.0021750388399792,65.5,0
2016-09-27,4810.75,4862.75,1.0,-0.0012974880631098,0.0108091253962478,17.5,1
2016-09-28,4865.0,4870.25,1.0,0.0004627011464706,0.0010791366906475,17.5,2
2016-09-29,4863.75,4838.25,1.0,-0.0013346337457009,-0.005242868157286,17.5,3
2016-09-30,4853.75,4868.25,1.0,0.0032036376789128,0.0029873808910636,17.5,4
2016-10-03,4861.5,4866.25,3.0,-0.0013865352025882,0.0009770646919675,65.5,0
2016-10-04,4877.0,4853.25,1.0,0.0022090932442846,-0.0048697970063563,17.5,1
2016-10-05,4869.25,4873.75,1.0,0.0032967599031576,0.0009241669661652,17.5,2
2016-10-06,4869.25,4871.0,1.0,-0.0009233136701718,0.0003593982646197,17.5,3
2016-10-07,4877.0,4859.5,1.0,0.0012317799219871,-0.0035882714783678,17.5,4
2016-10-10,4886.75,4889.0,3.0,0.0056075727955551,0.000460428710288,65.5,0
2016-10-11,4883.0,4821.25,1.0,-0.0012272448353446,-0.0126459143968871,17.5,1
2016-10-12,4820.0,4815.5,1.0,-0.0002592688618097,-0.0009336099585062,17.5,2
2016-10-13,4782.75,4796.75,1.0,-0.0068009552486761,0.0029271862422246,17.5,3
2016-10-14,4821.25,4802.75,1.0,0.0051076249543962,-0.0038371791547835,17.5,4
2016-10-17,4804.0,4792.75,3.0,0.0002602675550464,-0.0023417985012489,65.5,0
2016-10-18,4845.0,4830.25,1.0,0.0109018830525271,-0.0030443756449948,17.5,1
2016-10-19,4830.0,4831.25,1.0,-5.175715542671266e-05,0.0002587991718425,17.5,2
2016-10-20,4824.5,4831.5,1.0,-0.0013971539456661,0.0014509275572598,17.5,3
2016-10-21,4832.5,4845.0,1.0,0.0002069750595052,0.0025866528711846,17.5,4
2016-10-24,4879.25,4903.25,3.0,0.0070691434468523,0.0049187887482706,65.5,0
2016-10-25,4903.25,4884.0,1.0,0.0,-0.0039259674705552,17.5,1
2016-10-26,4856.0,4854.25,1.0,-0.0057330057330057,-0.0003603789126853,17.5,2
2016-10-27,4877.5,4831.0,1.0,0.0047896173456249,-0.0095335725269092,17.5,3
2016-10-28,4816.5,4806.25,1.0,-0.0030014489753674,-0.0021281013183847,17.5,4
2016-10-31,4816.5,4799.75,3.0,0.0021326397919376,-0.0034776289837018,65.5,0
2016-11-01,4803.25,4764.0,1.0,0.0007292046460753,-0.0081715505126737,17.5,1
2016-11-02,4756.25,4717.5,1.0,-0.0016267842149454,-0.0081471747700394,17.5,2
2016-11-03,4720.25,4674.5,1.0,0.0005829358770534,-0.0096922832477093,17.5,3
2016-11-04,4657.5,4661.25,1.0,-0.0036367525938603,0.000805152979066,17.5,4
2016-11-07,4734.25,4772.25,3.0,0.0156610351300616,0.0080266145640808,65.5,0
2016-11-08,4765.5,4804.5,1.0,-0.0014144271570014,0.0081838212149827,17.5,1
2016-11-09,4762.5,4824.25,1.0,-0.0087418045582267,0.0129658792650919,17.5,2
2016-11-10,4842.5,4740.0,1.0,0.0037829714463388,-0.0211667527103768,17.5,3
2016-11-11,4720.5,4754.0,1.0,-0.0041139240506329,0.0070967058574302,17.5,4
2016-11-14,4745.5,4693.75,3.0,-0.0017879680269247,-0.0109050679591191,65.5,0
2016-11-15,4735.5,4764.0,1.0,0.0088948069241012,0.0060183718720303,17.5,1
2016-11-16,4742.25,4789.25,1.0,-0.004565491183879,0.0099109072697558,17.5,2
2016-11-17,4779.25,4824.5,1.0,-0.0020880096048442,0.0094680127635089,17.5,3
2016-11-18,4832.75,4805.25,1.0,0.0017100217639134,-0.00569034193782,17.5,4
2016-11-21,4818.75,4857.5,3.0,0.002809427189012,0.0080415045395589,65.5,0
2016-11-22,4876.5,4874.75,1.0,0.0039114770972723,-0.0003588639393007,17.5,1
2016-11-23,4858.75,4851.75,1.0,-0.0032822196010051,-0.0014406997684589,17.5,2
2016-11-28,4859.75,4856.75,5.0,0.0016488895759261,-0.0006173157055403,113.5,0
2016-11-29,4863.75,4873.75,1.0,0.001441293045761,0.0020560267283473,17.5,1
2016-11-30,4875.0,4818.0,1.0,0.000256476019492,-0.0116923076923076,17.5,2
2016-12-01,4808.5,4734.0,1.0,-0.0019717725197176,-0.0154933971092856,17.5,3
2016-12-02,4728.0,4739.25,1.0,-0.0012674271229404,0.0023794416243654,17.5,4
2016-12-05,4762.5,4776.25,3.0,0.0049058395315715,0.0028871391076115,65.5,0
2016-12-06,4786.75,4788.25,1.0,0.0021983773881182,0.0003133650180184,17.5,1
2016-12-07,4772.75,4848.25,1.0,-0.0032370907951756,0.0158189722906081,17.5,2
2016-12-08,4844.0,4859.25,1.0,-0.0008766049605527,0.003148224607762,17.5,3
2016-12-09,4883.75,4891.75,1.0,0.005041930339044,0.0016380854875863,17.5,4
2016-12-12,4875.0,4872.0,3.0,-0.0034241324679307,-0.0006153846153845,65.5,0
2016-12-13,4890.0,4937.75,1.0,0.0036945812807882,0.0097648261758691,17.5,1
2016-12-14,4944.75,4925.0,1.0,0.0014176497392537,-0.0039941351938924,17.5,2
2016-12-15,4927.75,4933.75,1.0,0.0005583756345177,0.0012175942367205,17.5,3
2016-12-19,4920.25,4937.25,4.0,-0.0027362553838358,0.0034551089883643,89.5,0
2016-12-20,4952.0,4953.5,1.0,0.0029874930376221,0.0003029079159935,17.5,1
2016-12-21,4952.75,4949.75,1.0,-0.0001514080952861,-0.0006057240926757,17.5,2
2016-12-22,4948.25,4934.25,1.0,-0.000303045608364,-0.0028292830798767,17.5,3
2016-12-23,4933.75,4940.25,1.0,-0.0001013325226731,0.001317456295921,17.5,4
2016-12-27,4948.75,4965.25,4.0,0.0017205607003694,0.0033341752967921,89.5,1
2016-12-28,4976.5,4922.75,1.0,0.0022657469412417,-0.0108007635888677,17.5,2
2016-12-29,4926.25,4915.0,1.0,0.0007109847138286,-0.0022836843440751,17.5,3
2016-12-30,4920.75,4861.75,1.0,0.0011698880976602,-0.0119900421683686,17.5,4
2017-01-03,4894.0,4909.25,4.0,0.0066334138941739,0.0031160604822231,89.5,1
2017-01-04,4924.75,4933.25,1.0,0.003157305087335,0.0017259759378649,17.5,2
2017-01-05,4931.25,4959.25,1.0,-0.0004054122535853,0.005678073510773,17.5,3
2017-01-06,4960.25,5003.25,1.0,0.0002016433936582,0.0086689178972834,17.5,4
2017-01-09,5006.0,5019.75,3.0,0.000549642732224,0.0027467039552537,65.5,0
2017-01-10,5025.25,5032.0,1.0,0.0010956720952237,0.0013432167553852,17.5,1
2017-01-11,5030.25,5045.0,1.0,-0.0003477742448331,0.0029322598280403,17.5,2
2017-01-12,5025.0,5036.75,1.0,-0.0039643211100098,0.0023383084577115,17.5,3
2017-01-13,5043.75,5055.0,1.0,0.0013897850796644,0.0022304832713755,17.5,4
2017-01-17,5040.75,5039.5,4.0,-0.0028189910979228,-0.0002479789713831,89.5,1
2017-01-18,5045.0,5050.0,1.0,0.001091378112908,0.0009910802775023,17.5,2
2017-01-19,5058.75,5049.25,1.0,0.0017326732673266,-0.0018779342723004,17.5,3
2017-01-20,5071.0,5058.25,1.0,0.004307570431252,-0.0025142969828436,17.5,4
2017-01-23,5056.0,5062.5,3.0,-0.0004448178717936,0.0012856012658228,65.5,0
2017-01-24,5071.25,5095.75,1.0,0.0017283950617283,0.0048311560266207,17.5,1
2017-01-25,5126.0,5146.0,1.0,0.0059363194819213,0.0039016777214202,17.5,2
2017-01-26,5157.25,5153.0,1.0,0.0021861640108822,-0.000824082602162,17.5,3
2017-01-27,5165.75,5162.5,1.0,0.0024742868232097,-0.0006291438803658,17.5,4
2017-01-30,5143.0,5122.5,3.0,-0.0037772397094431,-0.003986000388878,65.5,0
2017-01-31,5105.25,5118.25,1.0,-0.0033674963396779,0.0025463983154596,17.5,1
2017-02-01,5149.0,5145.75,1.0,0.006007912860841,-0.0006311905224315,17.5,2
2017-02-02,5137.75,5142.5,1.0,-0.0015546810474663,0.0009245292199893,17.5,3
2017-02-03,5147.0,5156.25,1.0,0.0008750607681089,0.0017971633961531,17.5,4
2017-02-06,5147.0,5162.0,3.0,-0.0017939393939393,0.0029143190207887,65.5,0
2017-02-07,5173.5,5179.25,1.0,0.0022278186749322,0.0011114332656809,17.5,1
2017-02-08,5171.75,5190.5,1.0,-0.0014480861128541,0.0036254652680427,17.5,2
2017-02-09,5193.0,5208.5,1.0,0.0004816491667469,0.0029847872135566,17.5,3
2017-02-10,5215.75,5224.75,1.0,0.0013919554574253,0.0017255428270144,17.5,4
2017-02-13,5239.25,5255.25,3.0,0.0027752524044213,0.0030538722145345,65.5,0
2017-02-14,5253.0,5271.75,1.0,-0.0004281432852861,0.0035693889206167,17.5,1
2017-02-15,5267.25,5304.5,1.0,-0.0008536064874092,0.007072001518819,17.5,2
2017-02-16,5304.75,5302.75,1.0,4.712979545673512e-05,-0.0003770205947499,17.5,3
2017-02-17,5299.0,5323.5,1.0,-0.0007071802366696,0.0046235138705417,17.5,4
2017-02-21,5333.75,5348.25,4.0,0.0019254250023481,0.0027185376142488,89.5,1
2017-02-22,5343.75,5351.5,1.0,-0.0008413967185527,0.0014502923976609,17.5,2
2017-02-23,5356.5,5331.0,1.0,0.00093431748108,-0.0047605712685522,17.5,3
2017-02-24,5308.25,5342.0,1.0,-0.0042674920277621,0.0063580275985495,17.5,4
2017-02-27,5329.5,5345.5,3.0,-0.002339947585174,0.0030021578009193,65.5,0
2017-02-28,5348.75,5332.0,1.0,0.0006079880273126,-0.0031315727973825,17.5,1
2017-03-01,5366.75,5388.25,1.0,0.0065172543135783,0.004006148972842,17.5,2
2017-03-02,5382.5,5358.5,1.0,-0.0010671368254999,-0.0044588945657222,17.5,3
2017-03-03,5357.5,5371.5,1.0,-0.0001866193897546,0.0026131591227251,17.5,4
2017-03-06,5353.75,5361.75,3.0,-0.003304477334078,0.0014942797104833,65.5,0
2017-03-07,5350.0,5349.5,1.0,-0.0021914486874621,-9.345794392523477e-05,17.5,1
2017-03-08,5349.75,5360.5,1.0,4.6733339564397625e-05,0.0020094396934435,17.5,2
2017-03-09,5354.25,5364.5,1.0,-0.0011659360134316,0.0019143670915626,17.5,3
2017-03-10,5387.25,5382.25,1.0,0.0042408425761952,-0.0009281173140285,17.5,4
2017-03-13,5384.5,5393.25,3.0,0.0004180407822007,0.0016250348221746,65.5,0
2017-03-14,5381.5,5379.75,1.0,-0.0021786492374727,-0.0003251881445693,17.5,1
2017-03-15,5390.0,5412.75,1.0,0.0019052929968865,0.0042207792207791,17.5,2
2017-03-16,5424.0,5411.5,1.0,0.0020784259387556,-0.0023045722713864,17.5,3
2017-03-20,5409.25,5417.0,4.0,-0.0004157812066895,0.0014327309700974,89.5,0
2017-03-21,5436.75,5333.5,1.0,0.0036459294812627,-0.0189911252126729,17.5,1
2017-03-22,5338.0,5370.25,1.0,0.0008437236336364,0.0060415886099662,17.5,2
2017-03-23,5357.25,5353.0,1.0,-0.0024207439132256,-0.0007933174669839,17.5,3
2017-03-24,5376.25,5373.0,1.0,0.0043433588641883,-0.0006045105789351,17.5,4
2017-03-27,5321.75,5377.5,3.0,-0.0095384329052671,0.0104758772960023,65.5,0
2017-03-28,5373.5,5407.75,1.0,-0.0007438400743839,0.0063738717781707,17.5,1
2017-03-29,5409.75,5434.0,1.0,0.0003698395820812,0.0044826470724155,17.5,2
2017-03-30,5432.5,5441.75,1.0,-0.000276039749724,0.001702715140359,17.5,3
2017-03-31,5430.75,5438.25,1.0,-0.0020214085542334,0.0013810247203425,17.5,4
2017-04-03,5444.75,5437.75,3.0,0.0011952374385142,-0.0012856421323292,65.5,0
2017-04-04,5418.0,5443.0,1.0,-0.0036320169187623,0.0046142488002953,17.5,1
2017-04-05,5448.0,5417.0,1.0,0.0009186110600771,-0.0056901615271659,17.5,2
2017-04-06,5426.0,5419.0,1.0,0.0016614362193094,-0.0012900847769996,17.5,3
2017-04-07,5422.75,5421.5,1.0,0.0006920095958664,-0.0002305103499147,17.5,4
2017-04-10,5426.75,5421.25,3.0,0.0009683666881858,-0.00101349794997,65.5,0
2017-04-11,5412.0,5396.25,1.0,-0.0017062485589116,-0.002910199556541,17.5,1
2017-04-12,5391.25,5378.5,1.0,-0.000926569376882,-0.0023649431949919,17.5,2
2017-04-13,5366.75,5354.25,1.0,-0.0021846239657896,-0.0023291563795593,17.5,3
2017-04-17,5368.5,5397.5,4.0,0.0026614371760751,0.0054018813448821,89.5,0
2017-04-18,5380.0,5390.0,1.0,-0.0032422417786012,0.0018587360594795,17.5,1
2017-04-19,5414.75,5397.25,1.0,0.0045918367346939,-0.0032319128306939,17.5,2
2017-04-20,5418.5,5443.25,1.0,0.0039371902357681,0.0045676847836118,17.5,3
2017-04-21,5444.75,5441.75,1.0,0.0002755706609103,-0.0005509894852839,17.5,4
2017-04-24,5500.75,5505.5,3.0,0.0108421004272523,0.0008635186110985,65.5,0
2017-04-25,5523.75,5544.75,1.0,0.0033148669512306,0.0038017651052273,17.5,1
2017-04-26,5548.75,5538.75,1.0,0.000721403129086,-0.0018022077044379,17.5,2
2017-04-27,5551.75,5566.75,1.0,0.0023470999774317,0.0027018507677758,17.5,3
2017-04-28,5593.0,5581.5,1.0,0.004715498270984,-0.0020561416055784,17.5,4
2017-05-01,5598.5,5626.5,3.0,0.0030457762250291,0.0050013396445476,65.5,0
2017-05-02,5634.5,5639.5,1.0,0.0014218430640717,0.0008873901854644,17.5,1
2017-05-03,5623.75,5622.5,1.0,-0.002792800780211,-0.0002222716159145,17.5,2
2017-05-04,5620.25,5621.5,1.0,-0.0004001778568252,0.0002224100351408,17.5,3
2017-05-05,5636.75,5646.25,1.0,0.00271279907498,0.0016853683416861,17.5,4
2017-05-08,5644.0,5654.5,3.0,-0.000398494576046,0.0018603827072998,65.5,0
2017-05-09,5659.0,5675.5,1.0,0.000795826333009,0.002915709489309,17.5,1
2017-05-10,5674.25,5677.5,1.0,-0.0002202449123425,0.0005727629202096,17.5,2
2017-05-11,5662.75,5673.75,1.0,-0.00259797446059,0.0019425190940798,17.5,3
2017-05-12,5679.75,5686.0,1.0,0.0010575016523464,0.0011004005457986,17.5,4
2017-05-15,5684.75,5703.25,3.0,-0.0002198381990854,0.0032543207704824,65.5,0
2017-05-16,5713.5,5725.75,1.0,0.00179722088283,0.0021440448061609,17.5,1
2017-05-17,5685.0,5589.25,1.0,-0.007116971575776,-0.0168425681618293,17.5,2
2017-05-18,5576.5,5631.75,1.0,-0.0022811647358769,0.0099076481664126,17.5,3
2017-05-19,5649.5,5653.25,1.0,0.0031517734274426,0.0006637755553589,17.5,4
2017-05-22,5664.0,5702.25,3.0,0.0019015610489541,0.0067531779661016,65.5,0
2017-05-23,5717.25,5707.0,1.0,0.0026305405760884,-0.0017928199746382,17.5,1
2017-05-24,5721.25,5731.0,1.0,0.0024969335903277,0.0017041730391085,17.5,2
2017-05-25,5748.75,5780.25,1.0,0.0030971907171524,0.0054794520547944,17.5,3
2017-05-26,5782.75,5791.0,1.0,0.0004325072444963,0.0014266568674072,17.5,4
2017-05-30,5786.5,5796.0,4.0,-0.0007770678639267,0.0016417523546186,89.5,1
2017-05-31,5813.75,5794.5,1.0,0.0030624568668047,-0.003311115889056,17.5,2
2017-06-01,5803.25,5815.25,1.0,0.0015100526361204,0.0020678068323785,17.5,3
2017-06-02,5831.0,5884.0,1.0,0.0027083960276859,0.0090893500257245,17.5,4
2017-06-05,5880.75,5881.5,3.0,-0.0005523453433038,0.0001275347532203,65.5,0
2017-06-06,5874.25,5858.75,1.0,-0.001232678738417,-0.0026386347193259,17.5,1
2017-06-07,5877.0,5878.5,1.0,0.0031149989332195,0.0002552322613578,17.5,2
2017-06-08,5892.75,5884.75,1.0,0.0024240877774943,-0.0013576004412201,17.5,3
2017-06-09,5893.5,5742.75,1.0,0.001486894090658,-0.0255790277424281,17.5,4
2017-06-12,5681.5,5706.0,3.0,-0.0106656218710547,0.0043122414855232,65.5,0
2017-06-13,5745.75,5750.75,1.0,0.0069663512092534,0.0008702084149154,17.5,1
2017-06-14,5770.25,5728.0,1.0,0.0033908620614702,-0.0073220397729734,17.5,2
2017-06-15,5664.0,5699.5,1.0,-0.0111731843575418,0.0062676553672316,17.5,3
2017-06-19,5731.75,5774.25,4.0,0.0056583910869374,0.0074148384001395,89.5,0
2017-06-20,5768.75,5732.5,1.0,-0.000952504654284,-0.0062838569880823,17.5,1
2017-06-21,5745.5,5789.75,1.0,0.0022677714784125,0.0077016795753197,17.5,2
2017-06-22,5795.0,5784.25,1.0,0.0009067749039251,-0.0018550474547023,17.5,3
2017-06-23,5780.5,5806.75,1.0,-0.0006483122271686,0.0045411296600639,17.5,4
2017-06-26,5837.75,5779.25,3.0,0.0053386145434193,-0.0100209841120294,65.5,0
2017-06-27,5751.75,5673.75,1.0,-0.0047584029069516,-0.013561090103012,17.5,1
2017-06-28,5693.5,5758.0,1.0,0.0034809429389732,0.01132870817599,17.5,2
2017-06-29,5722.5,5659.0,1.0,-0.0061653351858284,-0.0110965487112275,17.5,3
2017-06-30,5678.0,5654.25,1.0,0.0033574836543559,-0.0041828108488904,17.5,4
2017-07-05,5616.5,5653.75,5.0,-0.0066763938630234,0.0066322442802457,113.5,2
2017-07-06,5601.75,5601.25,1.0,-0.0091974353305328,-8.925782121660397e-05,17.5,3
2017-07-07,5623.25,5660.25,1.0,0.003927694711002,0.0065798248343929,17.5,4
2017-07-10,5657.25,5695.75,3.0,-0.0005300119252683,0.0068054266648989,65.5,0
2017-07-11,5687.75,5715.25,1.0,-0.0014045560286177,0.0048349523097885,17.5,1
2017-07-12,5763.0,5782.0,1.0,0.0083548401207296,0.0032968939788304,17.5,2
2017-07-13,5782.0,5795.75,1.0,0.0,0.0023780698720166,17.5,3
2017-07-14,5819.75,5841.75,1.0,0.0041409653625501,0.0037802311095838,17.5,4
2017-07-17,5841.75,5843.5,3.0,0.0,0.0002995677665083,65.5,0
2017-07-18,5830.25,5882.0,1.0,-0.0022674766834944,0.0088761202349814,17.5,1
2017-07-19,5900.0,5916.5,1.0,0.0030601836110166,0.0027966101694916,17.5,2
2017-07-20,5932.5,5925.25,1.0,0.0027043015296206,-0.0012220817530551,17.5,3
2017-07-21,5903.25,5920.25,1.0,-0.0037129235053373,0.0028797696184306,17.5,4
2017-07-24,5919.5,5945.0,3.0,-0.0001266838393648,0.0043077962665765,65.5,0
2017-07-25,5923.75,5932.25,1.0,-0.0035744322960471,0.0014349018780333,17.5,1
2017-07-26,5943.5,5950.75,1.0,0.0018964136710355,0.0012198199713973,17.5,2
2017-07-27,5989.0,5916.75,1.0,0.0064277612065706,-0.0120637836032726,17.5,3
2017-07-28,5876.25,5909.75,1.0,-0.0068449740144505,0.0057009146990001,17.5,4
2017-07-31,5925.75,5882.75,3.0,0.0027073903295402,-0.0072564654263173,65.5,0
2017-08-01,5902.75,5894.0,1.0,0.0033997705154902,-0.0014823599169878,17.5,1
2017-08-02,5931.25,5913.25,1.0,0.0063199864268748,-0.0030347734457323,17.5,2
2017-08-03,5911.5,5890.25,1.0,-0.0002959455460195,-0.0035946883193774,17.5,3
2017-08-04,5899.75,5901.0,1.0,0.0016128347693222,0.0002118733844653,17.5,4
2017-08-07,5907.75,5934.75,3.0,0.0011438739196745,0.0045702678684778,65.5,0
2017-08-08,5920.0,5924.25,1.0,-0.0024853616411811,0.0007179054054053,17.5,1
2017-08-09,5875.75,5917.5,1.0,-0.0081866902983499,0.0071054758966939,17.5,2
2017-08-10,5877.0,5791.25,1.0,-0.0068441064638783,-0.0145907776076229,17.5,3
2017-08-11,5799.0,5833.75,1.0,0.0013382257716383,0.0059924124849111,17.5,4
2017-08-14,5880.75,5908.5,3.0,0.0080565673880437,0.0047187858691493,65.5,0
2017-08-15,5919.75,5912.25,1.0,0.0019040365575018,-0.0012669453946534,17.5,1
2017-08-16,5920.0,5919.5,1.0,0.0013108376675545,-8.445945945945166e-05,17.5,2
2017-08-17,5893.75,5801.25,1.0,-0.0043500295633077,-0.0156945917285259,17.5,3
2017-08-18,5807.0,5791.75,1.0,0.000991165697048,-0.0026261408644738,17.5,4
2017-08-21,5794.5,5790.75,3.0,0.0004748133120386,-0.0006471654154801,65.5,0
2017-08-22,5821.25,5875.25,1.0,0.0052670206795319,0.0092763581704959,17.5,1
2017-08-23,5846.75,5854.0,1.0,-0.0048508574103229,0.0012400051310557,17.5,2
2017-08-24,5868.5,5839.75,1.0,0.0024769388452339,-0.0048990372326829,17.5,3
2017-08-25,5858.0,5824.75,1.0,0.0031251337814117,-0.0056759986343462,17.5,4
2017-08-28,5839.5,5843.25,3.0,0.0025322975234989,0.0006421782686873,65.5,0
2017-08-29,5792.0,5865.25,1.0,-0.0087708039190519,0.0126467541436463,17.5,1
2017-08-30,5871.25,5935.25,1.0,0.0010229742977707,0.010900574835001,17.5,2
2017-08-31,5948.75,5990.5,1.0,0.0022745461438018,0.0070182811515024,17.5,3
2017-09-01,6006.5,5990.5,1.0,0.0026708955846757,-0.0026637809040206,17.5,4
2017-09-05,5974.0,5936.75,4.0,-0.0027543610716967,-0.0062353531971878,89.5,1
2017-09-06,5950.5,5952.25,1.0,0.0023160820314145,0.000294092933367,17.5,2
2017-09-07,5962.5,5967.5,1.0,0.0017220378848334,0.00083857442348,17.5,3
2017-09-08,5961.0,5915.0,1.0,-0.0010892333472978,-0.0077168260359,17.5,4
2017-09-11,5963.5,5979.5,3.0,0.0081994928148774,0.0026829881780834,65.5,0
2017-09-12,5995.5,5994.75,1.0,0.0026758090141316,-0.0001250938203652,17.5,1
2017-09-13,5983.25,6002.5,1.0,-0.001918345218733,0.0032173150043872,17.5,2
2017-09-14,5982.5,5968.5,1.0,-0.0033319450229071,-0.0023401587964897,17.5,3
2017-09-18,5997.75,5988.5,4.0,0.0049007288263382,-0.0015422450085448,89.5,0
2017-09-19,5994.5,5995.5,1.0,0.0010019203473323,0.0001668195846191,17.5,1
2017-09-20,5995.25,5979.75,1.0,-4.169794012176542e-05,-0.0025853800925732,17.5,2
2017-09-21,5967.75,5941.25,1.0,-0.0020067728583971,-0.0044405345398181,17.5,3
2017-09-22,5920.25,5937.5,1.0,-0.0035346097201767,0.0029137283053926,17.5,4
2017-09-25,5908.25,5873.5,3.0,-0.0049263157894736,-0.0058816062285786,65.5,0
2017-09-26,5898.5,5887.5,1.0,0.0042564058908658,-0.0018648809019242,17.5,1
2017-09-27,5921.5,5942.25,1.0,0.0057749469214436,0.0035041796842016,17.5,2
2017-09-28,5925.0,5937.75,1.0,-0.0029029408052505,0.0021518987341773,17.5,3
2017-09-29,5945.75,5983.25,1.0,0.0013473116921391,0.0063070260269941,17.5,4
2017-10-02,5994.0,5983.25,3.0,0.0017966824050474,-0.0017934601267934,65.5,0
2017-10-03,5988.5,5997.25,1.0,0.000877449546651,0.0014611338398597,17.5,1
2017-10-04,5987.0,6002.5,1.0,-0.0017091166784776,0.0025889427092031,17.5,2
2017-10-05,6022.5,6061.0,1.0,0.003331945022907,0.0063926940639269,17.5,3
2017-10-06,6043.25,6068.75,1.0,-0.0029285596436231,0.0042195838332024,17.5,4
2017-10-09,6076.0,6064.0,3.0,0.0011946446961894,-0.0019749835418038,65.5,0
2017-10-10,6080.75,6066.75,1.0,0.0027622031662268,-0.0023023475722566,17.5,1
2017-10-11,6064.5,6083.75,1.0,-0.0003708740264556,0.003174210569709,17.5,2
2017-10-12,6073.25,6073.0,1.0,-0.0017259091843024,-4.116412135179992e-05,17.5,3
2017-10-13,6096.25,6094.75,1.0,0.0038284208793017,-0.0002460529013738,17.5,4
2017-10-16,6112.0,6117.5,3.0,0.0028303047704991,0.0008998691099475,65.5,0
2017-10-17,6113.5,6124.5,1.0,-0.0006538618716795,0.0017992966385866,17.5,1
2017-10-18,6130.0,6116.75,1.0,0.0008980324924483,-0.0021615008156606,17.5,2
2017-10-19,6078.5,6096.75,1.0,-0.0062533207994441,0.0030023854569383,17.5,3
2017-10-20,6116.25,6111.75,1.0,0.003198425390577,-0.0007357449417535,17.5,4
2017-10-23,6116.75,6068.75,3.0,0.0008180962899333,-0.0078473045326358,65.5,0
2017-10-24,6079.5,6082.0,1.0,0.0017713697219361,0.0004112180277984,17.5,1
2017-10-25,6070.25,6059.25,1.0,-0.00193193028609,-0.0018121164696676,17.5,2
2017-10-26,6056.0,6042.0,1.0,-0.0005363700127903,-0.0023117569352708,17.5,3
2017-10-27,6131.5,6214.0,1.0,0.0148129758358159,0.0134551088640626,17.5,4
2017-10-30,6208.5,6229.5,3.0,-0.0008850981654329,0.0033824595312876,65.5,0
2017-10-31,6246.0,6249.25,1.0,0.0026486876956417,0.0005203330131284,17.5,1
2017-11-01,6274.0,6248.0,1.0,0.0039604752570308,-0.0041440867070449,17.5,2
2017-11-02,6236.75,6239.75,1.0,-0.001800576184379,0.0004810197618951,17.5,3
2017-11-03,6259.75,6294.5,1.0,0.0032052566208582,0.0055513399097408,17.5,4
2017-11-06,6292.0,6313.5,3.0,-0.000397172134403,0.0034170375079465,65.5,0
2017-11-07,6311.5,6318.0,1.0,-0.0003167814999603,0.0010298661174046,17.5,1
2017-11-08,6321.5,6342.5,1.0,0.0005539727761949,0.0033219963616231,17.5,2
2017-11-09,6295.0,6314.75,1.0,-0.0074891604256996,0.0031374106433676,17.5,3
2017-11-10,6300.75,6310.25,1.0,-0.0022170315531098,0.0015077570130539,17.5,4
2017-11-13,6290.75,6313.75,3.0,-0.0030902103720137,0.0036561618249015,65.5,0
2017-11-14,6297.0,6296.0,1.0,-0.0026529400118788,-0.0001588057805304,17.5,1
2017-11-15,6262.75,6263.5,1.0,-0.005281130876747,0.0001197556983754,17.5,2
2017-11-16,6300.25,6343.25,1.0,0.0058673265745987,0.0068251259870639,17.5,3
2017-11-17,6344.0,6319.5,1.0,0.0001182359200724,-0.0038619167717528,17.5,4
2017-11-20,6319.25,6313.5,3.0,-3.956009177941144e-05,-0.0009099181073702,65.5,0
2017-11-21,6342.75,6382.0,1.0,0.0046329294369209,0.0061881675929209,17.5,1
2017-11-22,6388.0,6389.0,1.0,0.000940144155437,0.0001565435190982,17.5,2
2017-11-27,6409.25,6411.5,5.0,0.0031695100954765,0.0003510551156531,113.5,0
2017-11-28,6420.75,6423.75,1.0,0.0014427201122981,0.0004672351360821,17.5,1
2017-11-29,6416.75,6308.25,1.0,-0.0010897061685152,-0.0169088713133596,17.5,2
2017-11-30,6338.5,6362.75,1.0,0.0047953077319382,0.0038258262995976,17.5,3
2017-12-01,6331.25,6345.25,1.0,-0.0049506895603316,0.0022112537018756,17.5,4
2017-12-04,6381.0,6266.25,3.0,0.0056341357708522,-0.0179830747531735,65.5,0
2017-12-05,6241.0,6273.25,1.0,-0.004029523239577,0.0051674411152058,17.5,1
2017-12-06,6242.0,6294.0,1.0,-0.0049814689355597,0.0083306632489585,17.5,2
2017-12-07,6306.0,6318.25,1.0,0.0019065776930409,0.0019425943545829,17.5,3
2017-12-08,6366.75,6343.0,1.0,0.0076761761563723,-0.0037303176659991,17.5,4
2017-12-11,6351.5,6394.25,3.0,0.0013400599085606,0.0067306935369597,65.5,0
2017-12-12,6389.75,6383.25,1.0,-0.0007037572819329,-0.0010172541961736,17.5,1
2017-12-13,6410.5,6397.25,1.0,0.0042689852347941,-0.0020669214569846,17.5,2
2017-12-14,6406.5,6393.75,1.0,0.0014459337996794,-0.0019901662374151,17.5,3
2017-12-18,6519.0,6534.0,4.0,0.0195894428152492,0.0023009664058903,89.5,0
2017-12-19,6524.25,6501.0,1.0,-0.0014921946740128,-0.0035636280032187,17.5,1
2017-12-20,6516.0,6492.0,1.0,0.002307337332718,-0.003683241252302,17.5,2
2017-12-21,6498.5,6493.75,1.0,0.0010012322858903,-0.0007309379087481,17.5,3
2017-12-22,6479.5,6488.25,1.0,-0.0021944177093359,0.0013504128404968,17.5,4
2017-12-26,6455.5,6459.75,4.0,-0.0050475860208839,0.0006583533421113,89.5,1
2017-12-27,6462.25,6452.25,1.0,0.0003870118812647,-0.001547448644048,17.5,2
2017-12-28,6465.0,6447.75,1.0,0.0019760548645821,-0.0026682134570765,17.5,3
2017-12-29,6453.5,6410.5,1.0,0.0008917839556434,-0.0066630510575657,17.5,4
2018-01-02,6441.75,6518.5,4.0,0.0048748147570392,0.0119144642372026,89.5,1
2018-01-03,6528.5,6585.75,1.0,0.0015340952673161,0.0087692425518879,17.5,2
2018-01-04,6606.25,6597.25,1.0,0.0031127813840488,-0.0013623462630084,17.5,3
2018-01-05,6622.5,6663.5,1.0,0.0038273523058849,0.0061910154775386,17.5,4
2018-01-08,6662.5,6688.25,3.0,-0.0001500712838597,0.0038649155722325,65.5,0
2018-01-09,6701.25,6688.5,1.0,0.0019437072477852,-0.0019026301063234,17.5,1
2018-01-10,6649.75,6674.5,1.0,-0.0057935262016894,0.0037219444340013,17.5,2
2018-01-11,6685.25,6719.0,1.0,0.001610607536145,0.0050484275083204,17.5,3
2018-01-12,6706.0,6771.5,1.0,-0.0019348117279357,0.0097673725022366,17.5,4
2018-01-16,6813.25,6756.75,4.0,0.0061655467769328,-0.0082926650277034,89.5,1
2018-01-17,6778.75,6824.75,1.0,0.0032560032560031,0.0067859118569058,17.5,2
2018-01-18,6811.0,6828.25,1.0,-0.0020147258141324,0.0025326677433563,17.5,3
2018-01-19,6848.25,6850.5,1.0,0.0029290081646102,0.0003285510896944,17.5,4
2018-01-22,6839.75,6923.5,3.0,-0.0015692285234654,0.012244599583318,65.5,0
2018-01-23,6939.5,6973.75,1.0,0.0023109698851737,0.0049355140860292,17.5,1
2018-01-24,6984.0,6927.75,1.0,0.001469797454741,-0.0080541237113401,17.5,2
2018-01-25,6974.75,6926.25,1.0,0.0067843094799899,-0.0069536542528405,17.5,3
2018-01-26,6958.25,7030.75,1.0,0.0046201046742464,0.0104192864585204,17.5,4
2018-01-29,7010.0,6996.5,3.0,-0.0029513209828254,-0.001925820256776,65.5,0
2018-01-30,6918.25,6949.5,1.0,-0.0111841635103265,0.0045170382683481,17.5,1
2018-01-31,6983.25,6960.5,1.0,0.0048564644938484,-0.0032577954390863,17.5,2
2018-02-01,6917.25,6912.25,1.0,-0.0062136340780116,-0.0007228306046478,17.5,3
2018-02-02,6882.75,6765.5,1.0,-0.0042677854533618,-0.0170353419781337,17.5,4
2018-02-05,6686.0,6486.75,3.0,-0.0117507944719532,-0.0298010768770565,65.5,0
2018-02-06,6377.5,6669.25,1.0,-0.0168420241261032,0.0457467659741277,17.5,1
2018-02-07,6649.25,6583.25,1.0,-0.0029988379502942,-0.0099259314960333,17.5,2
2018-02-08,6601.0,6335.25,1.0,0.0026962366612235,-0.0402590516588395,17.5,3
2018-02-09,6385.5,6415.0,1.0,0.0079318101100982,0.0046198418291441,17.5,4
2018-02-12,6486.0,6519.5,3.0,0.0110678098207326,0.0051649707061363,65.5,0
2018-02-13,6480.0,6550.5,1.0,-0.0060587468364138,0.0108796296296296,17.5,1
2018-02-14,6526.25,6677.75,1.0,-0.0037020074803449,0.0232139436889484,17.5,2
2018-02-15,6729.5,6807.25,1.0,0.0077496162629628,0.0115536072516531,17.5,3
2018-02-16,6793.25,6777.5,1.0,-0.0020566307980461,-0.0023184779008574,17.5,4
2018-02-20,6750.0,6783.5,4.0,-0.0040575433419401,0.004962962962963,89.5,1
2018-02-21,6813.0,6746.0,1.0,0.0043487874990786,-0.0098341406135329,17.5,2
2018-02-22,6795.5,6774.0,1.0,0.0073376815890897,-0.0031638584357295,17.5,3
2018-02-23,6816.25,6894.0,1.0,0.0062370829642752,0.0114065651934713,17.5,4
2018-02-26,6936.0,6992.25,3.0,0.0060922541340295,0.0081098615916954,65.5,0
2018-02-27,6989.5,6909.5,1.0,-0.0003932925739211,-0.0114457400386294,17.5,1
2018-02-28,6948.0,6862.0,1.0,0.0055720384977204,-0.01237766263673,17.5,2
2018-03-01,6867.5,6754.25,1.0,0.0008015155931215,-0.0164907171459773,17.5,3
2018-03-02,6677.75,6809.5,1.0,-0.0113262020209498,0.0197296993747895,17.5,4
2018-03-05,6788.25,6882.25,3.0,-0.003120640281959,0.0138474570029094,65.5,0
2018-03-06,6923.5,6915.75,1.0,0.0059936793926405,-0.0011193760381309,17.5,1
2018-03-07,6869.75,6929.75,1.0,-0.0066514839316054,0.008733942283198,17.5,2
2018-03-08,6959.75,6969.5,1.0,0.0043291605036257,0.0014009123890943,17.5,3
2018-03-09,7022.75,7099.5,1.0,0.0076404333165938,0.010928767220818,17.5,4
2018-03-12,7121.25,7137.25,3.0,0.0030635960278893,0.0022467965595927,65.5,0
2018-03-13,7170.5,7050.5,1.0,0.0046586570457809,-0.0167352346419357,17.5,1
2018-03-14,7083.25,7038.5,1.0,0.0046450606339976,-0.0063177213849574,17.5,2
2018-03-15,7047.25,7039.25,1.0,0.0012431626056688,-0.0011351945794458,17.5,3
2018-03-19,6957.5,6889.0,4.0,-0.0116134531377632,-0.0098454904779015,89.5,0
2018-03-20,6889.0,6909.5,1.0,0.0,0.0029757584555087,17.5,1
2018-03-21,6885.75,6871.0,1.0,-0.0034372964758665,-0.0021421050720691,17.5,2
2018-03-22,6778.5,6698.0,1.0,-0.0134623781109008,-0.0118757837279633,17.5,3
2018-03-23,6707.0,6521.0,1.0,0.0013436846819945,-0.0277322200685851,17.5,4
2018-03-26,6662.25,6768.75,3.0,0.0216607882226651,0.0159855904536756,65.5,0
2018-03-27,6808.0,6556.75,1.0,0.0057987072945522,-0.0369051116333725,17.5,1
2018-03-28,6511.0,6470.75,1.0,-0.0069775422274754,-0.0061818461065888,17.5,2
2018-03-29,6512.25,6577.5,1.0,0.0064134760267355,0.0100195784866981,17.5,3
2018-04-02,6535.5,6393.0,4.0,-0.0063854047890535,-0.0218039935735597,89.5,0
2018-04-03,6459.5,6464.0,1.0,0.0104020021898951,0.0006966483473953,17.5,1
2018-04-04,6352.75,6570.5,1.0,-0.0172107054455445,0.0342764944315454,17.5,2
2018-04-05,6627.0,6609.75,1.0,0.0085990411688607,-0.0026029877772747,17.5,3
2018-04-06,6536.25,6448.75,1.0,-0.0111199364575059,-0.0133868808567604,17.5,4
2018-04-09,6501.0,6472.5,3.0,0.0081023454157782,-0.0043839409321643,65.5,0
2018-04-10,6598.25,6625.0,1.0,0.0194283507145616,0.0040541052551812,17.5,1
2018-04-11,6599.0,6588.5,1.0,-0.0039245283018868,-0.0015911501742688,17.5,2
2018-04-12,6633.25,6667.25,1.0,0.0067921378158912,0.0051256925338258,17.5,3
2018-04-13,6705.75,6636.25,1.0,0.0057744947317108,-0.0103642396450807,17.5,4
2018-04-16,6682.25,6690.75,3.0,0.0069316255415332,0.0012720266377344,65.5,0
2018-04-17,6745.5,6827.0,1.0,0.0081829391323842,0.012082128826625,17.5,1
2018-04-18,6829.25,6840.25,1.0,0.0003295737512816,0.001610718600139,17.5,2
2018-04-19,6808.75,6779.5,1.0,-0.0046050948430247,-0.0042959427207637,17.5,3
2018-04-20,6762.5,6674.25,1.0,-0.0025075595545394,-0.0130499075785581,17.5,4
2018-04-23,6699.75,6652.25,3.0,0.0038206540060681,-0.0070898167842083,65.5,0
2018-04-24,6690.75,6516.25,1.0,0.0057875155022737,-0.0260807831707955,17.5,1
2018-04-25,6520.75,6531.25,1.0,0.0006905812392097,0.0016102442203733,17.5,2
2018-04-26,6600.5,6653.75,1.0,0.0106028708133971,0.0080675706385879,17.5,3
2018-04-27,6752.75,6665.5,1.0,0.0148788277287243,-0.0129206619525378,17.5,4
2018-04-30,6680.75,6611.0,3.0,0.0022879003825668,-0.0104404445608651,65.5,0
2018-05-01,6592.0,6686.25,1.0,-0.0028739978823173,0.0142976334951456,17.5,1
2018-05-02,6689.25,6643.25,1.0,0.0004486819966349,-0.0068767051612662,17.5,2
2018-05-03,6615.25,6649.0,1.0,-0.0042148045008091,0.0051018480027209,17.5,3
2018-05-04,6617.0,6771.5,1.0,-0.0048127537975635,0.0233489496750793,17.5,4
2018-05-07,6801.25,6829.25,3.0,0.0043934135715868,0.0041168902775226,65.5,0
2018-05-08,6811.5,6815.25,1.0,-0.0025991141047698,0.0005505395287381,17.5,1
2018-05-09,6830.75,6895.5,1.0,0.0022743112871868,0.0094791933535849,17.5,2
2018-05-10,6914.0,6967.25,1.0,0.0026829091436444,0.0077017645357246,17.5,3
2018-05-11,6959.75,6958.5,1.0,-0.0010764648893035,-0.0001796041524479,17.5,4
2018-05-14,6979.75,6971.0,3.0,0.0030538190702018,-0.001253626562556,65.5,0
2018-05-15,6911.0,6894.0,1.0,-0.0086070865012193,-0.0024598466213283,17.5,1
2018-05-16,6900.75,6938.0,1.0,0.0009791122715405,0.0053979639894214,17.5,2
2018-05-17,6912.5,6906.25,1.0,-0.0036754107812049,-0.0009041591320072,17.5,3
2018-05-18,6882.0,6874.5,1.0,-0.0035113122171945,-0.0010897994768962,17.5,4
2018-05-21,6931.75,6912.0,3.0,0.0083278783911557,-0.002849208352869,65.5,0
2018-05-22,6941.25,6903.75,1.0,0.0042317708333332,-0.0054024851431658,17.5,1
2018-05-23,6853.5,6958.75,1.0,-0.0072786529060293,0.0153571168016342,17.5,2
2018-05-24,6949.5,6957.25,1.0,-0.001329261720855,0.0011151881430317,17.5,3
2018-05-25,6965.0,6958.75,1.0,0.0011139458837903,-0.0008973438621679,17.5,4
2018-05-29,6933.5,6938.75,4.0,-0.0036285252380097,0.0007571933366985,89.5,1
2018-05-30,6962.25,6984.5,1.0,0.0033867771572688,0.003195805953535,17.5,2
2018-05-31,6977.75,6976.0,1.0,-0.0009664256568114,-0.0002507971767403,17.5,3
2018-06-01,7011.25,7085.5,1.0,0.0050530389908256,0.0105901230165805,17.5,4
2018-06-04,7107.5,7144.75,3.0,0.003104932608849,0.0052409426661976,65.5,0
2018-06-05,7167.25,7173.25,1.0,0.0031491654711501,0.0008371411629286,17.5,1
2018-06-06,7183.5,7212.25,1.0,0.0014289199456314,0.0040022273265121,17.5,2
2018-06-07,7207.5,7156.25,1.0,-0.0006586016846338,-0.0071106486298994,17.5,3
2018-06-08,7123.5,7153.0,1.0,-0.0045764192139737,0.0041412227135537,17.5,4
2018-06-11,7148.5,7168.25,3.0,-0.0006291066685306,0.0027628173742744,65.5,0
2018-06-12,7182.25,7208.5,1.0,0.0019530568827816,0.0036548435378884,17.5,1
2018-06-13,7214.5,7208.25,1.0,0.0008323506970937,-0.0008663109016563,17.5,2
2018-06-14,7236.25,7285.0,1.0,0.003884437970381,0.0067369148384868,17.5,3
2018-06-18,7223.25,7276.0,4.0,-0.0084763212079616,0.0073028069082476,89.5,0
2018-06-19,7187.5,7250.5,1.0,-0.0121632765255634,0.0087652173913044,17.5,1
2018-06-20,7288.75,7307.25,1.0,0.0052754982415006,0.0025381581203909,17.5,2
2018-06-21,7329.0,7241.25,1.0,0.0029764959458071,-0.0119729840360213,17.5,3
2018-06-22,7259.0,7228.25,1.0,0.0024512342482305,-0.0042361206777793,17.5,4
2018-06-25,7151.25,7056.25,3.0,-0.0106526475979663,-0.013284390840762,65.5,0
2018-06-26,7089.0,7094.5,1.0,0.0046412754650133,0.0007758499083085,17.5,1
2018-06-27,7121.0,6989.5,1.0,0.0037352878990768,-0.0184665075129897,17.5,2
2018-06-28,6984.25,7052.0,1.0,-0.000751126690035,0.0097003973225471,17.5,3
2018-06-29,7095.0,7073.5,1.0,0.0060975609756097,-0.003030303030303,17.5,4
2018-07-02,7001.0,7117.0,3.0,-0.0102495228670389,0.0165690615626339,65.5,0
2018-07-05,7085.5,7122.5,3.0,-0.0044260222003653,0.0052219321148825,65.5,3
2018-07-06,7133.75,7228.75,1.0,0.0015795015795014,0.0133169791484142,17.5,4
2018-07-09,7272.0,7296.5,3.0,0.0059830537783156,0.0033690869086908,65.5,0
2018-07-10,7305.0,7299.5,1.0,0.0011649420955253,-0.0007529089664612,17.5,1
2018-07-11,7245.75,7260.0,1.0,-0.0073635180491814,0.0019666701169651,17.5,2
2018-07-12,7293.5,7383.5,1.0,0.0046143250688706,0.0123397545759922,17.5,3
2018-07-13,7387.25,7391.75,1.0,0.000507889212433,0.0006091576703102,17.5,4
2018-07-16,7393.25,7373.25,3.0,0.0002029289410492,-0.002705170256653,65.5,0
2018-07-17,7307.75,7420.0,1.0,-0.0088834638727833,0.0153604050494338,17.5,1
2018-07-18,7420.0,7405.75,1.0,0.0,-0.0019204851752021,17.5,2
2018-07-19,7384.5,7367.0,1.0,-0.0028693920264659,-0.00236982869524,17.5,3
2018-07-20,7393.0,7363.5,1.0,0.003529252070042,-0.0039902610577573,17.5,4
2018-07-23,7349.75,7383.75,3.0,-0.00186731853059,0.0046260076873363,65.5,0
2018-07-24,7468.25,7416.5,1.0,0.0114440494328762,-0.0069293341813677,17.5,1
2018-07-25,7423.5,7519.25,1.0,0.0009438414346389,0.01289822859837,17.5,2
2018-07-26,7427.5,7411.5,1.0,-0.0122020148286066,-0.0021541568495455,17.5,3
2018-07-27,7452.5,7303.75,1.0,0.0055319436011602,-0.0199597450519959,17.5,4
2018-07-30,7305.75,7202.25,3.0,0.0002738319356494,-0.0141669233138281,65.5,0
2018-07-31,7239.75,7260.25,1.0,0.0052067062376339,0.0028315894885873,17.5,1
2018-08-01,7278.5,7281.0,1.0,0.0025136875451947,0.0003434773648416,17.5,2
2018-08-02,7229.25,7385.5,1.0,-0.0071075401730531,0.021613583705087,17.5,3
2018-08-03,7387.25,7402.25,1.0,0.0002369507819375,0.0020305255677011,17.5,4
2018-08-06,7395.25,7448.75,3.0,-0.0009456584146712,0.0072343734153679,65.5,0
2018-08-07,7467.25,7475.0,1.0,0.0024836381943278,0.0010378653453413,17.5,1
2018-08-08,7462.5,7477.0,1.0,-0.0016722408026755,0.0019430485762144,17.5,2
2018-08-09,7476.25,7472.5,1.0,-0.000100307610004,-0.0005015883631499,17.5,3
2018-08-10,7420.25,7420.0,1.0,-0.0069923051187688,-3.3691587210671337e-05,17.5,4
2018-08-13,7436.25,7414.0,3.0,0.0021900269541779,-0.0029920995125231,65.5,0
2018-08-14,7436.75,7453.25,1.0,0.0030685190180739,0.002218711130534,17.5,1
2018-08-15,7394.75,7367.5,1.0,-0.007848924965619,-0.0036850468237601,17.5,2
2018-08-16,7417.0,7387.5,1.0,0.0067186969799797,-0.0039773493326142,17.5,3
2018-08-17,7360.25,7387.75,1.0,-0.0036886632825718,0.0037362861315852,17.5,4
2018-08-20,7404.5,7383.5,3.0,0.0022672667591621,-0.002836113174421,65.5,0
2018-08-21,7400.75,7406.0,1.0,0.0023362903771924,0.0007093875620713,17.5,1
2018-08-22,7391.75,7435.75,1.0,-0.0019241155819605,0.0059525822707748,17.5,2
2018-08-23,7426.5,7424.0,1.0,-0.0012439901825639,-0.000336632330169,17.5,3
2018-08-24,7452.75,7493.75,1.0,0.0038725754310344,0.0055013250142563,17.5,4
2018-08-27,7538.0,7562.5,3.0,0.005904920767306,0.003250198991775,65.5,0
2018-08-28,7584.0,7579.75,1.0,0.0028429752066114,-0.0005603902953587,17.5,1
2018-08-29,7594.0,7666.25,1.0,0.0018800092351329,0.0095140900711088,17.5,2
2018-08-30,7652.0,7651.75,1.0,-0.0018587966737322,-3.267119707262012e-05,17.5,3
2018-08-31,7648.5,7658.5,1.0,-0.0004247394386904,0.0013074459044257,17.5,4
2018-09-04,7637.25,7636.5,4.0,-0.0027746947835738,-9.82028871648888e-05,89.5,1
2018-09-05,7611.75,7533.25,1.0,-0.0032410135533293,-0.0103130029231123,17.5,2
2018-09-06,7537.75,7461.25,1.0,0.0005973517406165,-0.0101489171171769,17.5,3
2018-09-07,7415.25,7427.5,1.0,-0.0061651867984586,0.0016520009440006,17.5,4
2018-09-10,7474.25,7454.75,3.0,0.0062941770447659,-0.0026089574204769,65.5,0
2018-09-11,7428.0,7514.0,1.0,-0.0035883161742513,0.0115778136779751,17.5,1
2018-09-12,7492.25,7490.25,1.0,-0.0028945967527282,-0.0002669425072574,17.5,2
2018-09-13,7535.5,7564.0,1.0,0.0060411868762724,0.0037820980691394,17.5,3
2018-09-14,7567.25,7549.25,1.0,0.0004296668429402,-0.0023786712478113,17.5,4
2018-09-17,7524.5,7440.25,3.0,-0.0032784713713283,-0.0111967572596185,65.5,0
2018-09-18,7446.75,7496.25,1.0,0.0008736265582474,0.0066471950851041,17.5,1
2018-09-19,7500.0,7490.5,1.0,0.0005002501250626,-0.0012666666666666,17.5,2
2018-09-20,7553.0,7568.75,1.0,0.0083439022762166,0.0020852641334569,17.5,3
2018-09-24,7503.5,7585.75,4.0,-0.0086209744013212,0.0109615512760712,89.5,0
2018-09-25,7578.25,7593.5,1.0,-0.0009886959100945,0.0020123379408174,17.5,1
2018-09-26,7603.25,7580.75,1.0,0.0012839928886547,-0.0029592608424029,17.5,2
2018-09-27,7629.75,7657.0,1.0,0.0064637403950795,0.0035715455945477,17.5,3
2018-09-28,7641.25,7661.5,1.0,-0.0020569413608463,0.0026500899721904,17.5,4
2018-10-01,7698.5,7667.0,3.0,0.0048293415127584,-0.0040917061765278,65.5,0
2018-10-02,7662.5,7654.75,1.0,-0.0005869310029998,-0.0010114192495921,17.5,1
2018-10-03,7690.0,7658.75,1.0,0.0046049838335673,-0.0040637191157346,17.5,2
2018-10-04,7627.25,7522.0,1.0,-0.0041129427125836,-0.0137992067914386,17.5,3
2018-10-05,7510.75,7425.25,1.0,-0.0014956128689178,-0.0113836833871451,17.5,4
2018-10-08,7386.0,7385.0,3.0,-0.0052860173058145,-0.0001353912808015,65.5,0
2018-10-09,7382.0,7387.75,1.0,-0.0004062288422478,0.000778921701436,17.5,1
2018-10-10,7342.0,7067.75,1.0,-0.0061926838347263,-0.0373535821302097,17.5,2
2018-10-11,7049.25,6986.25,1.0,-0.0026175232570478,-0.0089371209703159,17.5,3
2018-10-12,7165.5,7171.25,1.0,0.0256575415995705,0.0008024562138022,17.5,4
2018-10-15,7138.25,7083.25,3.0,-0.0046017082098658,-0.0077049697054599,65.5,0
2018-10-16,7160.0,7285.75,1.0,0.0108354215931951,0.0175628491620112,17.5,1
2018-10-17,7321.0,7298.5,1.0,0.0048382115773941,-0.0030733506351591,17.5,2
2018-10-18,7261.25,7143.75,1.0,-0.0051037884496814,-0.0161817868824237,17.5,3
2018-10-19,7183.0,7111.25,1.0,0.0054943132108487,-0.0099888625922316,17.5,4
2018-10-22,7167.25,7154.5,3.0,0.0078748461944102,-0.0017789249712232,65.5,0
2018-10-23,7003.5,7134.25,1.0,-0.0211055978754629,0.0186692368101664,17.5,1
2018-10-24,7120.5,6816.75,1.0,-0.0019273224235203,-0.0426585211712661,17.5,2
2018-10-25,6915.25,7025.75,1.0,0.0144497011038984,0.0159791764578287,17.5,3
2018-10-26,6825.0,6873.5,1.0,-0.0285734619079813,0.0071062271062272,17.5,4
2018-10-29,6965.0,6720.5,3.0,0.0133119953444387,-0.0351040918880114,65.5,0
2018-10-30,6671.0,6810.25,1.0,-0.0073655233985566,0.0208739319442361,17.5,1
2018-10-31,6935.75,6963.75,1.0,0.0184281046951286,0.0040370543920988,17.5,2
2018-11-01,6997.5,7073.75,1.0,0.0048465266558965,0.0108967488388709,17.5,3
2018-11-02,7033.75,6967.5,1.0,-0.0056547093125993,-0.009418873289497,17.5,4
2018-11-05,6955.5,6950.75,3.0,-0.0017222820236814,-0.0006829128028179,65.5,0
2018-11-06,6943.5,7002.5,1.0,-0.0010430529079595,0.0084971556131634,17.5,1
2018-11-07,7067.75,7212.5,1.0,0.0093181006783291,0.020480350889604,17.5,2
2018-11-08,7179.75,7170.25,1.0,-0.0045407279029462,-0.001323165848393,17.5,3
2018-11-09,7107.5,7039.0,1.0,-0.0087514382343711,-0.009637706647907,17.5,4
2018-11-12,7001.0,6843.75,3.0,-0.0053984941042761,-0.0224610769890015,65.5,0
2018-11-13,6883.25,6826.5,1.0,0.0057716894977168,-0.0082446518722987,17.5,1
2018-11-14,6914.5,6778.25,1.0,0.0128909397202079,-0.0197049678212452,17.5,2
2018-11-15,6758.75,6904.5,1.0,-0.0028768487441448,0.0215646384316625,17.5,3
2018-11-16,6825.75,6880.5,1.0,-0.0114056050401911,0.0080210965827931,17.5,4
2018-11-19,6848.75,6656.0,3.0,-0.004614490226001,-0.0281438218653038,65.5,0
2018-11-20,6486.5,6523.5,1.0,-0.0254657451923077,0.0057041547830107,17.5,1
2018-11-21,6614.25,6578.5,1.0,0.0139112439641297,-0.0054049967872397,17.5,2
2018-11-26,6624.0,6691.75,5.0,0.0069164703199817,0.010227958937198,113.5,0
2018-11-27,6645.25,6707.5,1.0,-0.0069488549333134,0.0093675933937775,17.5,1
2018-11-28,6761.5,6917.0,1.0,0.0080506895266492,0.022997855505435,17.5,2
2018-11-29,6889.75,6898.75,1.0,-0.003939569177389,0.0013062883268624,17.5,3
2018-11-30,6906.25,6947.75,1.0,0.0010871534698315,0.0060090497737557,17.5,4
2018-12-03,7103.0,7057.5,3.0,0.022345363606923,-0.006405744051809,65.5,0
2018-12-04,7030.0,6803.5,1.0,-0.0038965639390718,-0.0322190611664295,17.5,1
2018-12-06,6661.25,6848.25,2.0,-0.0209083559932388,0.0280728091574404,41.5,3
2018-12-07,6810.5,6614.5,1.0,-0.0055123571715401,-0.0287790911093165,17.5,4
2018-12-10,6605.75,6694.0,3.0,-0.0013228513115125,0.0133595730991937,65.5,0
2018-12-11,6789.5,6710.0,1.0,0.0142665073199881,-0.0117092569408645,17.5,1
2018-12-12,6802.5,6762.5,1.0,0.0137853949329358,-0.0058801911062109,17.5,2
2018-12-13,6804.0,6759.5,1.0,0.0061367837338262,-0.0065402704291592,17.5,3
2018-12-14,6681.25,6601.5,1.0,-0.011576300022191,-0.0119363891487371,17.5,4
2018-12-17,6572.25,6458.25,3.0,-0.0044308111792774,-0.0173456578797215,65.5,0
2018-12-18,6502.0,6482.0,1.0,0.0067742809584638,-0.0030759766225776,17.5,1
2018-12-19,6477.5,6342.0,1.0,-0.0006942301758716,-0.0209185642609031,17.5,2
2018-12-20,6320.5,6257.75,1.0,-0.0033900977609586,-0.0099280120243651,17.5,3
2018-12-26,6000.5,6291.0,6.0,-0.0411090248092365,0.0484126322806433,137.5,2
2018-12-27,6188.5,6316.5,1.0,-0.0162931171514862,0.0206835258948048,17.5,3
2018-12-28,6343.5,6284.5,1.0,0.0042745191165993,-0.0093008591471585,17.5,4
2018-12-31,6353.5,6344.0,3.0,0.0109793937465192,-0.0014952388447312,65.5,0
2019-01-02,6215.75,6376.25,2.0,-0.0202159520807061,0.0258215018300285,41.5,2
2019-01-03,6291.25,6174.25,1.0,-0.0133307194667712,-0.0185972580965626,17.5,3
2019-01-04,6261.75,6434.25,1.0,0.0141717617524395,0.0275482093663912,17.5,4
2019-01-07,6441.5,6502.5,3.0,0.0011267824532774,0.0094698439804392,65.5,0
2019-01-08,6569.5,6564.5,1.0,0.0103037293348711,-0.0007610929294467,17.5,1
2019-01-09,6581.5,6613.75,1.0,0.0025896869525476,0.0049000987616805,17.5,2
2019-01-10,6560.25,6637.5,1.0,-0.0080892080892081,0.0117754658740139,17.5,3
2019-01-11,6590.5,6610.75,1.0,-0.0070809792843691,0.0030726045064866,17.5,4
2019-01-14,6548.0,6543.75,3.0,-0.0094921151155314,-0.0006490531459987,65.5,0
2019-01-15,6581.0,6682.5,1.0,0.0056924546322827,0.0154231879653548,17.5,1
2019-01-16,6689.5,6676.5,1.0,0.0010475121586233,-0.0019433440466402,17.5,2
2019-01-17,6653.25,6724.25,1.0,-0.0034823635138171,0.0106714763461466,17.5,3
2019-01-18,6776.0,6797.5,1.0,0.0076960255790607,0.0031729634002362,17.5,4
2019-01-22,6743.75,6668.0,4.0,-0.0079073188672306,-0.0112326227988878,89.5,1
2019-01-23,6698.75,6667.25,1.0,0.004611577684463,-0.0047023698451204,17.5,2
2019-01-24,6684.75,6700.5,1.0,0.0026247703325958,0.0023561090541905,17.5,3
2019-01-25,6756.5,6791.5,1.0,0.0083575852548316,0.0051801968474802,17.5,4
2019-01-28,6695.25,6704.5,3.0,-0.0141721269233601,0.0013815764907956,65.5,0
2019-01-29,6708.0,6636.25,1.0,0.0005220374375418,-0.0106961836612999,17.5,1
2019-01-30,6717.25,6804.0,1.0,0.0122056884535695,0.0129145111466746,17.5,2
2019-01-31,6854.25,6913.75,1.0,0.0073853615520282,0.0086807455228508,17.5,3
2019-02-01,6878.5,6878.5,1.0,-0.0050985355270294,0.0,17.5,4
2019-02-04,6884.0,6965.0,3.0,0.0007995929345061,0.0117664148750726,65.5,0
2019-02-05,6974.75,7023.75,1.0,0.0013998564249819,0.0070253414100864,17.5,1
2019-02-06,7034.75,7003.25,1.0,0.001566114967076,-0.0044777710650698,17.5,2
2019-02-07,6927.25,6910.75,1.0,-0.0108521043801091,-0.0023818975784041,17.5,3
2019-02-08,6854.0,6917.75,1.0,-0.0082118438664399,0.0093011380215932,17.5,4
2019-02-11,6952.25,6910.5,3.0,0.0049871706841098,-0.0060052500988888,65.5,0
2019-02-12,6962.5,7013.5,1.0,0.0075247811301641,0.0073249551166965,17.5,1
2019-02-13,7048.5,7016.75,1.0,0.0049903757039995,-0.0045045045045044,17.5,2
2019-02-14,6992.0,7025.75,1.0,-0.0035272740228737,0.0048269450800915,17.5,3
2019-02-15,7078.0,7061.0,1.0,0.0074369284418034,-0.0024018084204577,17.5,4
2019-02-19,7044.5,7069.0,4.0,-0.0023367794929897,0.0034778905529135,89.5,1
2019-02-20,7083.0,7070.5,1.0,0.0019804781440091,-0.0017647889312438,17.5,2
2019-02-21,7051.25,7044.0,1.0,-0.0027225797326921,-0.0010281864917567,17.5,3
2019-02-22,7061.75,7093.0,1.0,0.0025198750709825,0.0044252486989768,17.5,4
2019-02-25,7150.0,7120.0,3.0,0.0080360919216129,-0.0041958041958042,65.5,0
2019-02-26,7104.0,7125.5,1.0,-0.0022471910112359,0.0030264639639638,17.5,1
2019-02-27,7102.5,7125.5,1.0,-0.0032278436600939,0.0032382963745161,17.5,2
2019-02-28,7104.75,7106.5,1.0,-0.0029120763455195,0.000246314085647,17.5,3
2019-03-01,7157.25,7154.5,1.0,0.0071413494687961,-0.0003842257850431,17.5,4
2019-03-04,7201.5,7152.5,3.0,0.0065692920539519,-0.0068041380268,65.5,0
2019-03-05,7156.0,7160.5,1.0,0.000489339391821,0.0006288429290106,17.5,1
2019-03-06,7163.5,7119.25,1.0,0.0004189651560644,-0.0061771480421581,17.5,2
2019-03-07,7095.75,7029.0,1.0,-0.0033009095059171,-0.0094070394250079,17.5,3
2019-03-08,6946.75,7021.25,1.0,-0.0117015222649025,0.0107244394860905,17.5,4
2019-03-11,7052.0,7160.0,3.0,0.0043795620437956,0.0153148043108337,65.5,0
2019-03-12,7177.25,7203.0,1.0,0.0024092178770949,0.003587725103626,17.5,1
2019-03-13,7236.5,7255.25,1.0,0.0046508399278077,0.0025910315760382,17.5,2
2019-03-14,7265.25,7241.25,1.0,0.0013783122566417,-0.0033033963043254,17.5,3
2019-03-18,7339.5,7359.25,4.0,0.0135680994303468,0.0026909189999317,89.5,0
2019-03-19,7391.75,7377.75,1.0,0.0044162108910554,-0.0018940034497919,17.5,1
2019-03-20,7375.0,7411.0,1.0,-0.0003727423672529,0.0048813559322034,17.5,2
2019-03-21,7398.0,7522.75,1.0,-0.0017541492376197,0.0168626655852932,17.5,3
2019-03-22,7496.25,7364.25,1.0,-0.0035226479678308,-0.0176088044022011,17.5,4
2019-03-25,7329.75,7343.75,3.0,-0.0046847947856196,0.0019100242163785,65.5,0
2019-03-26,7405.0,7375.0,1.0,0.0083404255319148,-0.0040513166779203,17.5,1
2019-03-27,7397.25,7336.25,1.0,0.0030169491525424,-0.0082463077495015,17.5,2
2019-03-28,7353.5,7347.0,1.0,0.0023513375362071,-0.0008839328211055,17.5,3
2019-03-29,7401.0,7399.75,1.0,0.0073499387505104,-0.0001688960951222,17.5,4
2019-04-01,7475.5,7494.5,3.0,0.0102368323254165,0.0025416360109691,65.5,0
2019-04-02,7502.25,7524.0,1.0,0.0010340916672226,0.0028991302609218,17.5,1
2019-04-03,7562.0,7571.0,1.0,0.0050505050505049,0.0011901613329807,17.5,2
2019-04-04,7568.0,7567.0,1.0,-0.0003962488442742,-0.0001321353065538,17.5,3
2019-04-05,7592.0,7605.75,1.0,0.0033038192150125,0.0018111169652266,17.5,4
2019-04-08,7585.0,7624.75,3.0,-0.0027281990599217,0.0052406064601187,65.5,0
2019-04-09,7592.5,7593.0,1.0,-0.004229646873668,6.58544616398693e-05,17.5,1
2019-04-10,7604.5,7639.25,1.0,0.0015145528776505,0.0045696626997173,17.5,2
2019-04-11,7638.75,7616.75,1.0,-6.545145138592279e-05,-0.0028800523645884,17.5,3
2019-04-12,7643.75,7651.75,1.0,0.0035448189844748,0.0010466067048242,17.5,4
2019-04-15,7652.75,7651.5,3.0,0.0001306890580585,-0.0001633399758257,65.5,0
2019-04-16,7673.5,7688.75,1.0,0.0028752532183231,0.0019873590929824,17.5,1
2019-04-17,7726.0,7695.25,1.0,0.0048447406925702,-0.0039800673052031,17.5,2
2019-04-18,7709.25,7709.75,1.0,0.0018193041161755,6.485715212245502e-05,17.5,3
2019-04-22,7672.5,7732.5,4.0,-0.0048315444729076,0.0078201368523949,89.5,0
2019-04-23,7746.0,7831.25,1.0,0.0017458777885548,0.0110056803511489,17.5,1
2019-04-24,7834.25,7806.25,1.0,0.0003830806065443,-0.0035740498452309,17.5,2
2019-04-25,7861.0,7825.75,1.0,0.0070136108887108,-0.0044841623203154,17.5,3
2019-04-26,7816.5,7844.0,1.0,-0.0011819953359103,0.0035181986822747,17.5,4
2019-04-29,7841.0,7855.5,3.0,-0.0003824579296277,0.0018492539216936,65.5,0
2019-04-30,7782.0,7801.5,1.0,-0.0093565018140157,0.0025057825751735,17.5,1
2019-05-01,7843.5,7759.75,1.0,0.0053835800807537,-0.0106776311595588,17.5,2
2019-05-02,7754.75,7735.5,1.0,-0.0006443506556268,-0.0024823495277088,17.5,3
2019-05-03,7790.75,7858.25,1.0,0.0071423954495508,0.0086641209126208,17.5,4
2019-05-06,7693.0,7809.25,3.0,-0.0210288550249737,0.0151111399974002,65.5,0
2019-05-07,7725.5,7663.75,1.0,-0.0107244613759324,-0.0079930101611546,17.5,1
2019-05-08,7638.5,7635.75,1.0,-0.0032947316914043,-0.0003600183282057,17.5,2
2019-05-09,7551.75,7592.5,1.0,-0.011000883999607,0.0053961002416658,17.5,3
2019-05-10,7574.25,7600.5,1.0,-0.0024036878498517,0.0034656896722446,17.5,4
2019-05-13,7424.25,7336.5,3.0,-0.0231892638642194,-0.0118193756945146,65.5,0
2019-05-14,7375.25,7412.75,1.0,0.0052818101274449,0.0050845734042914,17.5,1
2019-05-15,7364.25,7514.75,1.0,-0.0065427810191899,0.0204365685575584,17.5,2
2019-05-16,7515.75,7593.0,1.0,0.0001330716258025,0.0102784153278114,17.5,3
2019-05-17,7520.75,7509.5,1.0,-0.0095153430791518,-0.0014958614499883,17.5,4
2019-05-20,7408.25,7392.5,3.0,-0.0134829216325986,-0.002126008166571,65.5,0
2019-05-21,7453.0,7465.0,1.0,0.0081839702401083,0.0016100898966859,17.5,1
2019-05-22,7426.75,7432.5,1.0,-0.0051239115874078,0.0007742282963612,17.5,2
2019-05-23,7339.25,7314.25,1.0,-0.0125462495795493,-0.0034063426099396,17.5,3
2019-05-24,7367.0,7305.75,1.0,0.0072119492770961,-0.0083141034342337,17.5,4
2019-05-28,7336.0,7289.75,4.0,0.0041405742052493,-0.0063045256270447,89.5,1
2019-05-29,7239.75,7224.25,1.0,-0.0068589457800336,-0.0021409579060049,17.5,2
2019-05-30,7249.0,7252.25,1.0,0.00342596117244,0.0004483377017518,17.5,3
2019-05-31,7170.25,7137.5,1.0,-0.0113068358095763,-0.0045674837000104,17.5,4
2019-06-03,7121.25,6981.25,3.0,-0.002276707530648,-0.0196594698964367,65.5,0
2019-06-04,7066.5,7177.5,1.0,0.0122112802148612,0.0157079176395669,17.5,1
2019-06-05,7238.75,7230.25,1.0,0.0085336119818877,-0.0011742358832671,17.5,2
2019-06-06,7233.25,7278.75,1.0,0.0004149234120536,0.0062903950506343,17.5,3
2019-06-07,7316.5,7414.0,1.0,0.0051863300704104,0.0133260438734368,17.5,4
2019-06-10,7474.25,7508.25,3.0,0.0081265173995144,0.004548951399806,65.5,0
2019-06-11,7594.75,7516.25,1.0,0.011520660606666,-0.0103360874288159,17.5,1
2019-06-12,7502.25,7472.25,1.0,-0.0018626309662398,-0.003998800359892,17.5,2
2019-06-13,7510.25,7518.25,1.0,0.0050854829535949,0.0010652108784661,17.5,3
2019-06-14,7476.5,7481.75,1.0,-0.0055531539919528,0.0007022002273791,17.5,4
2019-06-17,7503.0,7529.75,3.0,0.0028402445951816,0.0035652405704384,65.5,0
2019-06-18,7606.0,7638.0,1.0,0.0101264982237125,0.0042072048382855,17.5,1
2019-06-19,7655.75,7671.5,1.0,0.0023239067818801,0.0020572772099403,17.5,2
2019-06-20,7770.25,7745.25,1.0,0.0128723196245845,-0.0032173996975644,17.5,3
2019-06-24,7769.75,7756.5,4.0,0.0031632290758851,-0.001705331574375,89.5,0
2019-06-25,7747.25,7627.75,1.0,-0.0011925481853929,-0.0154248281648327,17.5,1
2019-06-26,7671.5,7657.5,1.0,0.0057356363278817,-0.0018249364531056,17.5,2
2019-06-27,7684.0,7688.5,1.0,0.0034606594841657,0.0005856324830817,17.5,3
2019-06-28,7707.25,7701.75,1.0,0.0024387071600442,-0.0007136138051834,17.5,4
2019-07-01,7846.0,7792.75,3.0,0.0187295095270554,-0.0067868977823094,65.5,0
2019-07-02,7790.25,7823.0,1.0,-0.0003208110102338,0.0042039729148615,17.5,1
2019-07-05,7836.25,7866.75,3.0,0.0016937236354339,0.003892167809858,65.5,4
2019-07-08,7810.5,7811.5,3.0,-0.0071503479836019,0.0001280327763908,65.5,0
2019-07-09,7771.5,7847.75,1.0,-0.0051206554438968,0.0098114907032105,17.5,1
2019-07-10,7901.75,7928.75,1.0,0.0068809531394349,0.0034169645964501,17.5,2
2019-07-11,7938.25,7922.25,1.0,0.00119817121236,-0.00201555758511,17.5,3
2019-07-12,7926.25,7966.25,1.0,0.0005049070655431,0.0050465226304998,17.5,4
2019-07-15,7976.75,7986.75,3.0,0.0013180605680214,0.0012536434011345,65.5,0
2019-07-16,7977.0,7946.5,1.0,-0.0012207719034651,-0.0038234925410555,17.5,1
2019-07-17,7948.75,7916.0,1.0,0.0002831435223054,-0.0041201446768359,17.5,2
2019-07-18,7874.5,7919.25,1.0,-0.0052425467407781,0.0056829005016192,17.5,3
2019-07-19,7966.25,7852.25,1.0,0.0059349054519051,-0.0143103718813745,17.5,4
2019-07-22,7879.75,7918.0,3.0,0.0035021809035626,0.0048542149179859,65.5,0
2019-07-23,7958.5,7970.25,1.0,0.0051149280121243,0.0014764088710184,17.5,1
2019-07-24,7942.5,8026.5,1.0,-0.0034816975628116,0.0105760151085929,17.5,2
2019-07-25,7990.5,7949.0,1.0,-0.0044851429639319,-0.0051936674801326,17.5,3
2019-07-26,8004.25,8027.0,1.0,0.006950559818845,0.0028422400599681,17.5,4
2019-07-29,8022.25,8002.75,3.0,-0.0005917528341846,-0.0024307395057496,65.5,0
2019-07-30,7947.75,7965.75,1.0,-0.0068726375308487,0.002264791922242,17.5,1
2019-07-31,7981.0,7863.75,1.0,0.0019144462228917,-0.0146911414609698,17.5,2
2019-08-01,7887.5,7813.25,1.0,0.0030201875695436,-0.0094136291600633,17.5,3
2019-08-02,7749.25,7698.0,1.0,-0.0081912136434901,-0.0066135432461206,17.5,4
2019-08-05,7526.0,7425.5,3.0,-0.0223434658352819,-0.0133537071485516,65.5,0
2019-08-06,7503.25,7528.0,1.0,0.0104706753753955,0.0032985706193982,17.5,1
2019-08-07,7446.25,7566.0,1.0,-0.0108594580233793,0.0160819204297464,17.5,2
2019-08-08,7609.75,7736.0,1.0,0.005782447792757,0.0165905581655112,17.5,3
2019-08-09,7697.25,7655.0,1.0,-0.0050090486039297,-0.0054889733346324,17.5,4
2019-08-12,7618.0,7567.0,3.0,-0.0048334421946439,-0.006694670517196,65.5,0
2019-08-13,7564.0,7740.5,1.0,-0.0003964583058014,0.0233342147012163,17.5,1
2019-08-14,7615.25,7505.25,1.0,-0.0161811252503067,-0.0144446997800465,17.5,2
2019-08-15,7531.25,7498.5,1.0,0.0034642416974783,-0.0043485477178423,17.5,3
2019-08-16,7567.25,7604.5,1.0,0.0091685003667401,0.0049225279989428,17.5,4
2019-08-19,7726.0,7726.5,3.0,0.0159773818133999,6.471654154793782e-05,65.5,0
2019-08-20,7717.25,7673.25,1.0,-0.0011971785413835,-0.0057015128446014,17.5,1
2019-08-21,7747.75,7745.0,1.0,0.0097090541817352,-0.0003549417572843,17.5,2
2019-08-22,7756.75,7712.25,1.0,0.0015171078114912,-0.0057369387952428,17.5,3
2019-08-23,7667.5,7482.25,1.0,-0.0058024571298908,-0.0241604173459406,17.5,4
2019-08-26,7548.75,7590.5,3.0,0.0088877008921113,0.0055307170061269,65.5,0
2019-08-27,7633.75,7557.0,1.0,0.0056979118635136,-0.0100540363517275,17.5,1
2019-08-28,7543.0,7596.5,1.0,-0.0018525870054254,0.0070926686994563,17.5,2
2019-08-29,7687.25,7711.0,1.0,0.0119462910550911,0.0030895313668737,17.5,3
2019-08-30,7747.75,7691.25,1.0,0.0047659188172739,-0.0072924397405698,17.5,4
2019-09-03,7630.75,7611.75,4.0,-0.0078660815862181,-0.0024899256298529,89.5,1
2019-09-04,7687.75,7723.0,1.0,0.0099845633395736,0.004585216740919,17.5,2
2019-09-05,7812.25,7860.75,1.0,0.0115563900038844,0.0062081986623572,17.5,3
2019-09-06,7872.0,7856.0,1.0,0.0014311611487454,-0.0020325203252032,17.5,4
2019-09-09,7877.5,7834.75,3.0,0.0027367617107942,-0.0054268486194858,65.5,0
2019-09-10,7793.75,7812.75,1.0,-0.005233096142187,0.0024378508420208,17.5,1
2019-09-11,7818.25,7888.5,1.0,0.0007039774727208,0.0089853867553479,17.5,2
2019-09-12,7933.25,7921.25,1.0,0.0056728148570703,-0.0015126209308921,17.5,3
2019-09-13,7904.5,7898.0,1.0,-0.0021145652516963,-0.0008223164020494,17.5,4
2019-09-16,7839.5,7858.0,3.0,-0.0074069384654342,0.0023598443778303,65.5,0
2019-09-17,7852.75,7894.5,1.0,-0.0006681089335708,0.005316608831301,17.5,1
2019-09-18,7873.75,7892.25,1.0,-0.0026284121856988,0.0023495792983012,17.5,2
2019-09-19,7905.5,7901.75,1.0,0.0016788621749184,-0.0004743532983365,17.5,3
2019-09-23,7841.0,7843.0,4.0,-0.0076881703420128,0.0002550695064404,89.5,0
2019-09-24,7876.25,7736.75,1.0,0.0042394491903607,-0.0177114743691477,17.5,1
2019-09-25,7728.5,7823.75,1.0,-0.0010663392251267,0.012324513165556,17.5,2
2019-09-26,7808.25,7796.25,1.0,-0.0019811471481067,-0.001536836038805,17.5,3
2019-09-27,7800.25,7703.75,1.0,0.0005130671797337,-0.0123713983526169,17.5,4
2019-09-30,7723.75,7773.25,3.0,0.0025961382443615,0.0064088040135943,65.5,0
2019-10-01,7807.75,7702.0,1.0,0.0044382980091981,-0.013544234894816,17.5,1
2019-10-02,7643.0,7569.5,1.0,-0.0076603479615684,-0.009616642679576,17.5,2
2019-10-03,7558.25,7655.5,1.0,-0.0014862276240174,0.0128667350246418,17.5,3
2019-10-04,7690.0,7759.5,1.0,0.0045065639083012,0.0090377113133939,17.5,4
2019-10-07,7740.25,7737.0,3.0,-0.0024808299503834,-0.0004198830787118,65.5,0
2019-10-08,7676.75,7623.75,1.0,-0.0077872560423937,-0.0069039632657048,17.5,1
2019-10-09,7683.5,7690.0,1.0,0.007837350385309,0.000845968634086,17.5,2
2019-10-10,7694.0,7758.0,1.0,0.0005201560468139,0.0083181700025993,17.5,3
2019-10-11,7852.25,7840.25,1.0,0.0121487496777519,-0.0015282243942819,17.5,4
2019-10-14,7859.5,7850.0,3.0,0.0024552788495264,-0.0012087282906037,65.5,0
2019-10-15,7876.0,7954.5,1.0,0.0033121019108279,0.0099669883189437,17.5,1
2019-10-16,7921.75,7930.75,1.0,-0.0041171663838078,0.0011361126013822,17.5,2
2019-10-17,7984.0,7952.5,1.0,0.006714371276361,-0.003945390781563,17.5,3
2019-10-18,7947.5,7875.5,1.0,-0.0006287331027978,-0.0090594526580686,17.5,4
2019-10-21,7922.75,7943.5,3.0,0.005999619071805,0.0026190401060237,65.5,0
2019-10-22,7980.75,7884.75,1.0,0.004689368666205,-0.0120289446480593,17.5,1
2019-10-23,7871.25,7898.5,1.0,-0.0017121658898506,0.003461966015563,17.5,2
2019-10-24,7954.75,7983.5,1.0,0.0071216053681077,0.0036141927779,17.5,3
2019-10-25,7941.75,8036.0,1.0,-0.0052295359178304,0.0118676614096389,17.5,4
2019-10-28,8085.5,8114.75,3.0,0.0061597809855649,0.0036175870385257,65.5,0
2019-10-29,8111.0,8053.75,1.0,-0.0004621214455158,-0.0070583158673406,17.5,1
2019-10-30,8063.25,8091.0,1.0,0.0011795747322675,0.0034415403218306,17.5,2
2019-10-31,8109.5,8099.0,1.0,0.0022864911630207,-0.001294777729823,17.5,3
2019-11-01,8127.0,8163.25,1.0,0.003457216940363,0.0044604405069521,17.5,4
2019-11-04,8227.0,8215.0,3.0,0.0078093896426056,-0.0014586118876869,65.5,0
2019-11-05,8221.5,8213.0,1.0,0.0007912355447352,-0.001033874597093,17.5,1
2019-11-06,8205.25,8203.25,1.0,-0.0009436259588457,-0.0002437463818896,17.5,2
2019-11-07,8240.75,8229.25,1.0,0.0045713589126261,-0.0013955040499954,17.5,3
2019-11-08,8215.5,8261.75,1.0,-0.0016708691557554,0.005629602580488,17.5,4
2019-11-11,8212.75,8249.25,3.0,-0.0059309468332979,0.0044443091534505,65.5,0
2019-11-12,8257.25,8271.25,1.0,0.0009697851319816,0.0016954797299342,17.5,1
2019-11-13,8241.5,8270.0,1.0,-0.0035967961311772,0.0034581083540616,17.5,2
2019-11-14,8240.25,8264.5,1.0,-0.0035973397823457,0.002942871878887,17.5,3
2019-11-15,8315.0,8319.0,1.0,0.0061104725028737,0.0004810583283223,17.5,4
2019-11-18,8306.5,8333.25,3.0,-0.0015025844452458,0.00322036959008,65.5,0
2019-11-19,8361.5,8343.0,1.0,0.0033900339003389,-0.0022125216767326,17.5,1
2019-11-20,8320.0,8288.0,1.0,-0.0027568021095528,-0.0038461538461538,17.5,2
2019-11-21,8283.0,8270.75,1.0,-0.0006032818532818,-0.0014789327538331,17.5,3
2019-11-22,8293.25,8280.0,1.0,0.0027204304325485,-0.0015976848641967,17.5,4
2019-11-25,8325.0,8373.25,3.0,0.0054347826086955,0.0057957957957957,65.5,0
2019-11-26,8384.0,8393.75,1.0,0.0012838503567909,0.0011629293893129,17.5,1
2019-11-27,8409.5,8451.25,1.0,0.0018763961280714,0.0049646233426481,17.5,2
2019-12-02,8404.0,8318.75,5.0,-0.0055908889217571,-0.0101439790575915,113.5,0
2019-12-03,8200.25,8257.25,1.0,-0.0142449286250939,0.006951007591232,17.5,1
2019-12-04,8297.75,8297.5,1.0,0.0049047806473099,-3.012864933260584e-05,17.5,2
2019-12-05,8312.25,8310.25,1.0,0.0017776438686352,-0.0002406087401124,17.5,3
2019-12-06,8377.75,8397.25,1.0,0.008122499323125,0.0023275939243829,17.5,4
2019-12-09,8393.25,8364.0,3.0,-0.000476346422936,-0.0034849432579751,65.5,0
2019-12-10,8362.0,8359.25,1.0,-0.0002391200382592,-0.0003288686917005,17.5,1
2019-12-11,8374.0,8403.75,1.0,0.0017645123665399,0.0035526630045379,17.5,2
2019-12-12,8391.25,8460.5,1.0,-0.0014874312063066,0.0082526441233428,17.5,3
2019-12-13,8454.5,8491.75,1.0,-0.0007091779445659,0.0044059376663314,17.5,4
2019-12-16,8553.5,8573.5,3.0,0.0072717637707186,0.0023382241187817,65.5,0
2019-12-17,8585.5,8578.25,1.0,0.0013996617484108,-0.0008444470327878,17.5,1
2019-12-18,8591.0,8582.25,1.0,0.0014863171392767,-0.0010185077406588,17.5,2
2019-12-19,8597.5,8640.5,1.0,0.0017769233009992,0.0050014539110205,17.5,3
2019-12-23,8729.75,8723.25,4.0,0.0103292633528151,-0.000744580314442,89.5,0
2019-12-26,8744.25,8800.5,3.0,0.002407359642335,0.0064327986962862,65.5,3
2019-12-27,8827.0,8790.5,1.0,0.003011192545878,-0.0041350402175144,17.5,4
2019-12-30,8781.75,8736.25,3.0,-0.0009953927535407,-0.0051811996469951,65.5,0
2019-12-31,8697.75,8759.0,1.0,-0.0044069251681213,0.0070420511051709,17.5,1
2020-01-02,8826.0,8885.0,2.0,0.0076492750313963,0.006684794924088,41.5,3
2020-01-03,8791.5,8810.75,1.0,-0.0105233539673607,0.0021896149690041,17.5,4
2020-01-06,8739.75,8866.0,3.0,-0.0080583378259512,0.0144454932921422,65.5,0
2020-01-07,8862.0,8861.25,1.0,-0.0004511617414842,-8.463100880162777e-05,17.5,1
2020-01-08,8849.75,8933.25,1.0,-0.0012977853011708,0.0094352947823384,17.5,2
2020-01-09,9010.75,9004.5,1.0,0.0086754540620714,-0.0006936159587159,17.5,3
2020-01-10,9034.75,8980.75,1.0,0.0033594313954135,-0.005976922438363,17.5,4
2020-01-13,9027.25,9082.75,3.0,0.0051777412799598,0.0061480517322551,65.5,0
2020-01-14,9083.5,9053.75,1.0,8.257411026391104e-05,-0.0032751692629493,17.5,1
2020-01-15,9054.25,9055.5,1.0,5.52257351926766e-05,0.0001380567136979,17.5,2
2020-01-16,9095.25,9134.0,1.0,0.0043895974821932,0.0042604656276628,17.5,3
2020-01-17,9169.75,9182.25,1.0,0.0039139478870156,0.001363177840181,17.5,4
2020-01-21,9158.75,9183.5,4.0,-0.0025592855781535,0.0027023338337655,89.5,1
2020-01-22,9215.75,9200.25,1.0,0.0035117329994009,-0.0016819032634348,17.5,2
2020-01-23,9192.75,9234.25,1.0,-0.0008151952392597,0.0045144271300754,17.5,3
2020-01-24,9276.5,9150.25,1.0,0.0045753580420715,-0.0136096588152859,17.5,4
2020-01-27,8933.75,8962.75,3.0,-0.0236605557225212,0.0032461172519937,65.5,0
2020-01-28,9030.75,9100.0,1.0,0.0075869571281135,0.0076682446086979,17.5,1
2020-01-29,9148.75,9110.25,1.0,0.0053571428571428,-0.0042082251673726,17.5,2
2020-01-30,9055.25,9153.5,1.0,-0.0060371559507148,0.0108500593578311,17.5,3
2020-01-31,9169.75,9000.0,1.0,0.0017752772163652,-0.0185119550696584,17.5,4
2020-02-03,9059.5,9129.0,3.0,0.0066111111111111,0.0076715050499476,65.5,0
2020-02-04,9262.5,9340.5,1.0,0.0146237265856064,0.0084210526315788,17.5,1
2020-02-05,9449.75,9380.75,1.0,0.0116963759970023,-0.0073017804703827,17.5,2
2020-02-06,9385.5,9452.0,1.0,0.0005063561015909,0.0070853976879228,17.5,3
2020-02-07,9399.75,9406.75,1.0,-0.005527930596699,0.0007447006569323,17.5,4
2020-02-10,9389.25,9521.0,3.0,-0.0018603662263799,0.0140320046862103,65.5,0
2020-02-11,9577.0,9527.75,1.0,0.005881735111858,-0.0051425289756709,17.5,1
2020-02-12,9592.5,9621.5,1.0,0.0067959381805777,0.0030231952045869,17.5,2
2020-02-13,9544.0,9610.5,1.0,-0.0080548770981655,0.0069677284157585,17.5,3
2020-02-14,9620.5,9628.25,1.0,0.0010405285885228,0.000805571435996,17.5,4
2020-02-18,9580.0,9638.5,4.0,-0.0050112948874405,0.0061064718162839,89.5,1
2020-02-19,9690.25,9735.0,1.0,0.0053690927011464,0.0046180439101157,17.5,2
2020-02-20,9710.5,9637.0,1.0,-0.0025166923472008,-0.007569126203594,17.5,3
2020-02-21,9600.25,9458.5,1.0,-0.0038134274151706,-0.0147652404885288,17.5,4
2020-02-24,9080.25,9079.75,3.0,-0.0399904847491674,-5.506456320036879e-05,65.5,0
2020-02-25,9187.75,8851.5,1.0,0.0118946006222637,-0.0365976436015346,17.5,1
2020-02-26,8921.5,8867.5,1.0,0.0079082641360221,-0.0060527938126996,17.5,2
2020-02-27,8683.75,8462.5,1.0,-0.0207217366788835,-0.0254786238664171,17.5,3
2020-03-02,8579.25,8870.25,4.0,0.0137961595273263,0.0339190488679079,89.5,0
2020-03-03,8865.25,8605.75,1.0,-0.0005636819706321,-0.0292715941456811,17.5,1
2020-03-04,8764.5,8916.75,1.0,0.0184469685965777,0.0173712134177648,17.5,2
2020-03-05,8726.25,8654.0,1.0,-0.0213642863150811,-0.0082796161008451,17.5,3
2020-03-06,8405.75,8513.25,1.0,-0.0286861566905477,0.0127888647651905,17.5,4
2020-03-09,7922.75,7890.75,3.0,-0.0693624643937391,-0.0040390016092897,65.5,0
2020-03-10,8227.0,8374.75,1.0,0.0426131863257612,0.0179591588671448,17.5,1
2020-03-11,8161.5,7986.25,1.0,-0.0254634466700498,-0.0214727684861851,17.5,2
2020-03-12,7504.25,7270.75,1.0,-0.0603537329785568,-0.0311157011027084,17.5,3
2020-03-13,7697.0,7883.5,1.0,0.0586253137571777,0.0242302195660646,17.5,4
2020-03-16,7396.25,7034.0,3.0,-0.0618063043064628,-0.0489775223931046,65.5,0
2020-03-17,7216.25,7403.5,1.0,0.0259098663633778,0.0259483803914775,17.5,1
2020-03-18,7027.5,7170.25,1.0,-0.0507867900317416,0.0203130558520099,17.5,2
2020-03-19,7170.75,7256.25,1.0,6.973257557274515e-05,0.0119234389708189,17.5,3
2020-03-23,6955.75,6955.25,4.0,-0.0414125753660636,-7.18829745174343e-05,89.5,0
2020-03-24,7362.0,7501.5,1.0,0.058481003558463,0.0189486552567237,17.5,1
2020-03-25,7491.0,7479.75,1.0,-0.0013997200559887,-0.0015018021625951,17.5,2
2020-03-26,7590.75,7841.0,1.0,0.014840068184097,0.0329677568092745,17.5,3
2020-03-27,7672.0,7581.0,1.0,-0.0215533732942226,-0.0118613138686131,17.5,4
2020-03-30,7677.75,7858.75,3.0,0.012762168579343,0.0235746149588096,65.5,0
2020-03-31,7830.25,7776.5,1.0,-0.0036265309368538,-0.0068644040739439,17.5,1
2020-04-01,7582.5,7460.25,1.0,-0.0249469555712724,-0.0161226508407517,17.5,2
2020-04-02,7464.75,7613.0,1.0,0.000603196943802,0.0198600087075924,17.5,3
2020-04-03,7588.5,7515.0,1.0,-0.0032181794299225,-0.0096857086380707,17.5,4
2020-04-06,7790.5,8023.25,3.0,0.0366600133067198,0.029876131185418,65.5,0
2020-04-07,8265.5,8041.25,1.0,0.0301935001402176,-0.0271308450789425,17.5,1
2020-04-08,8136.0,8204.75,1.0,0.0117829939375098,0.0084500983284168,17.5,2
2020-04-09,8260.0,8217.75,1.0,0.006733904140894,-0.0051150121065375,17.5,3
2020-04-13,8184.5,8322.0,4.0,-0.004046119679961,0.0168000488728694,89.5,0
2020-04-14,8476.25,8674.0,1.0,0.0185352078827205,0.0233298923462617,17.5,1
2020-04-15,8539.25,8591.75,1.0,-0.0155349319806318,0.0061480809204554,17.5,2
2020-04-16,8679.75,8743.0,1.0,0.0102423836820204,0.0072870762406751,17.5,3
2020-04-17,8859.25,8805.0,1.0,0.0132963513668076,-0.0061235431893218,17.5,4
2020-04-20,8739.5,8721.25,3.0,-0.0074389551391255,-0.0020882201498941,65.5,0
2020-04-21,8625.75,8433.5,1.0,-0.0109502651569441,-0.0222879169927252,17.5,1
2020-04-22,8566.0,8641.5,1.0,0.0157111519535186,0.0088139154798039,17.5,2
2020-04-23,8670.5,8619.5,1.0,0.0033558988601516,-0.0058820137246986,17.5,3
2020-04-24,8659.25,8775.25,1.0,0.0046116364058239,0.013396079337125,17.5,4
2020-04-27,8847.75,8823.0,3.0,0.0082618728811145,-0.0027973213528863,65.5,0
2020-04-28,8892.75,8671.25,1.0,0.0079054743284596,-0.0249079306176379,17.5,1
2020-04-29,8846.0,8967.75,1.0,0.0201528038056797,0.0137632828397016,17.5,2
2020-04-30,9001.75,8964.25,1.0,0.0037913634969752,-0.0041658566389868,17.5,3
2020-05-01,8804.25,8717.5,1.0,-0.0178486766879549,-0.0098531958997075,17.5,4
2020-05-04,8665.75,8813.5,3.0,-0.0059363349584169,0.0170498802757983,65.5,0
2020-05-05,8901.75,8918.25,1.0,0.0100130481647473,0.0018535681186284,17.5,1
2020-05-06,8984.5,8957.75,1.0,0.0074285874470887,-0.0029773498803494,17.5,2
2020-05-07,9087.0,9093.5,1.0,0.0144288465295414,0.0007153075822603,17.5,3
2020-05-08,9150.25,9217.0,1.0,0.0062407213944026,0.0072948826534793,17.5,4
2020-05-11,9155.75,9294.75,3.0,-0.0066453292828468,0.0151817164077219,65.5,0
2020-05-12,9332.0,9105.75,1.0,0.0040076387207832,-0.0242445349335619,17.5,1
2020-05-13,9122.5,8984.5,1.0,0.001839497021113,-0.0151274321731981,17.5,2
2020-05-14,8942.75,9089.75,1.0,-0.0046468918693305,0.0164378966201672,17.5,3
2020-05-15,8969.25,9138.5,1.0,-0.013256690228004,0.0188700281517406,17.5,4
2020-05-18,9271.0,9325.75,3.0,0.0144990972260217,0.0059055118110236,65.5,0
2020-05-19,9319.0,9288.75,1.0,-0.0007238023751441,-0.0032460564438244,17.5,1
2020-05-20,9424.75,9482.75,1.0,0.0146413672453236,0.0061540093901695,17.5,2
2020-05-21,9487.25,9377.5,1.0,0.0004745458859507,-0.0115681572636959,17.5,3
2020-05-22,9360.0,9409.0,1.0,-0.0018661690215941,0.0052350427350427,17.5,4
2020-05-26,9558.0,9395.25,4.0,0.0158359017961526,-0.0170276208411801,89.5,1
2020-05-27,9374.25,9430.25,1.0,-0.0022351720284186,0.0059738112382323,17.5,2
2020-05-28,9407.25,9441.5,1.0,-0.002438959730654,0.0036408089505435,17.5,3
2020-05-29,9431.5,9562.75,1.0,-0.0010591537361648,0.0139161321104808,17.5,4
2020-06-01,9514.0,9583.75,3.0,-0.0050979059370996,0.0073313012402775,65.5,0
2020-06-02,9590.75,9651.25,1.0,0.0007304030259553,0.0063081615097879,17.5,1
2020-06-03,9676.25,9687.5,1.0,0.0025903380391141,0.0011626404857254,17.5,2
2020-06-04,9672.25,9628.25,1.0,-0.001574193548387,-0.0045490966424565,17.5,3
2020-06-05,9677.0,9811.0,1.0,0.0050632254044089,0.013847266714891,17.5,4
2020-06-08,9813.0,9890.75,3.0,0.0002038528182652,0.0079231631509222,65.5,0
2020-06-09,9865.0,9962.75,1.0,-0.0026034426105199,0.0099087683730358,17.5,1
2020-06-10,10042.75,10099.25,1.0,0.0080299114200397,0.0056259490677355,17.5,2
2020-06-11,9926.5,9620.5,1.0,-0.0171052305864296,-0.0308265753286657,17.5,3
2020-06-12,9795.75,9659.5,1.0,0.0182163089236526,-0.0139090932292065,17.5,4
2020-06-15,9545.0,9783.75,3.0,-0.011853615611574,0.0250130958617076,65.5,0
2020-06-16,9985.0,9954.25,1.0,0.0205698224096078,-0.0030796194291436,17.5,1
2020-06-17,10000.75,9988.75,1.0,0.0046713715247255,-0.0011999100067494,17.5,2
2020-06-18,9969.25,10010.25,1.0,-0.0019521962207483,0.0041126463876419,17.5,3
2020-06-22,9997.25,10115.25,4.0,-0.0012986688644139,0.0118032458926204,89.5,0
2020-06-23,10177.0,10211.5,1.0,0.0061046439781518,0.0033899970521764,17.5,1
2020-06-24,10174.75,10009.0,1.0,-0.0035988836116143,-0.0162903265436497,17.5,2
2020-06-25,10005.75,10092.5,1.0,-0.0003247077630132,0.0086700147415235,17.5,3
2020-06-26,10079.75,9868.25,1.0,-0.0012633143423333,-0.0209826632604975,17.5,4
2020-06-29,9839.25,9959.25,3.0,-0.0029387176044384,0.0121960515283177,65.5,0
2020-07-01,10157.25,10259.5,2.0,0.0198810151366819,0.0100667011248123,41.5,2
2020-07-02,10370.75,10337.5,1.0,0.0108436083629805,-0.0032061326326446,17.5,3
2020-07-06,10480.0,10591.75,4.0,0.0137847642079806,0.0106631679389312,89.5,0
2020-07-07,10575.0,10522.0,1.0,-0.0015814195010267,-0.0050118203309692,17.5,1
2020-07-08,10574.75,10647.25,1.0,0.0050133054552365,0.0068559540414667,17.5,2
2020-07-09,10732.0,10732.25,1.0,0.0079598018267628,2.3294819232244635e-05,17.5,3
2020-07-10,10737.75,10823.25,1.0,0.0005124740851172,0.0079625619892436,17.5,4
2020-07-13,10938.5,10612.25,3.0,0.0106483727161434,-0.0298258444942176,65.5,0
2020-07-14,10497.5,10667.75,1.0,-0.0108129755706848,0.0162181471778994,17.5,1
2020-07-15,10726.25,10689.0,1.0,0.0054838180497294,-0.0034727887192634,17.5,2
2020-07-16,10597.5,10599.5,1.0,-0.0085602020769014,0.0001887237556026,17.5,3
2020-07-17,10636.5,10633.25,1.0,0.0034907306948441,-0.0003055516382268,17.5,4
2020-07-20,10662.5,10940.0,3.0,0.0027508052570945,0.0260257913247361,65.5,0
2020-07-21,10986.75,10832.25,1.0,0.0042733089579525,-0.0140623933374292,17.5,1
2020-07-22,10829.75,10843.5,1.0,-0.0002307923100002,0.0012696507306262,17.5,2
2020-07-23,10826.25,10566.25,1.0,-0.0015908147738276,-0.0240157025747603,17.5,3
2020-07-24,10388.25,10471.25,1.0,-0.0168460901455104,0.0079897961639352,17.5,4
2020-07-27,10546.25,10662.75,3.0,0.0071624686641995,0.0110465805381059,65.5,0
2020-07-28,10632.25,10535.5,1.0,-0.0028604253124193,-0.0090996731641938,17.5,1
2020-07-29,10587.25,10645.75,1.0,0.0049119643111386,0.0055255141797916,17.5,2
2020-07-30,10570.5,10690.5,1.0,-0.0070685484817885,0.0113523485170994,17.5,3
2020-07-31,10864.0,10896.25,1.0,0.0162293625181235,0.0029685198821796,17.5,4
2020-08-03,10988.5,11033.25,3.0,0.0084662154410921,0.0040724393684306,65.5,0
2020-08-04,11028.25,11080.5,1.0,-0.0004531756282146,0.0047378323850111,17.5,1
2020-08-05,11084.5,11109.5,1.0,0.0003609945399576,0.0022554016870404,17.5,2
2020-08-06,11110.0,11250.5,1.0,4.500652594630061e-05,0.0126462646264626,17.5,3
2020-08-07,11218.5,11125.0,1.0,-0.0028443180303097,-0.0083344475642911,17.5,4
2020-08-10,11134.5,11086.25,3.0,0.0008539325842695,-0.0043333782388073,65.5,0
2020-08-11,11026.75,10864.25,1.0,-0.0053670086819258,-0.0147368898360804,17.5,1
2020-08-12,10968.0,11130.0,1.0,0.0095496697885266,0.0147702407002188,17.5,2
2020-08-13,11168.75,11169.0,1.0,0.0034815813117698,2.2383883603760424e-05,17.5,3
2020-08-14,11191.25,11154.25,1.0,0.0019921210493329,-0.0033061543616664,17.5,4
2020-08-17,11224.75,11282.25,3.0,0.0063204608109017,0.0051226085213478,65.5,0
2020-08-18,11335.0,11392.25,1.0,0.004675485829511,0.005050727834142,17.5,1
2020-08-19,11398.25,11317.5,1.0,0.0005266738352827,-0.0070844208540784,17.5,2
2020-08-20,11283.75,11477.5,1.0,-0.0029821073558647,0.0171707100919464,17.5,3
2020-08-21,11482.5,11557.75,1.0,0.0004356349379219,0.0065534509035489,17.5,4
2020-08-24,11695.0,11619.5,3.0,0.0118751487097401,-0.0064557503206498,65.5,0
2020-08-25,11602.25,11715.25,1.0,-0.0014845733465295,0.0097394901850933,17.5,1
2020-08-26,11778.5,11965.0,1.0,0.0053989458184844,0.0158339347115508,17.5,2
2020-08-27,11993.25,11928.0,1.0,0.0023610530714583,-0.0054405603151772,17.5,3
2020-08-28,11992.75,11990.75,1.0,0.0054284037558685,-0.000166767421984,17.5,4
2020-08-31,12002.5,12103.0,3.0,0.0009799220232262,0.0083732555717559,65.5,0
2020-09-01,12187.75,12298.75,1.0,0.0070023961001404,0.0091075054870668,17.5,1
2020-09-02,12411.75,12408.5,1.0,0.0091879256021953,-0.0002618486514794,17.5,2
2020-09-03,12223.25,11811.0,1.0,-0.0149292823467783,-0.0337267093448959,17.5,3
2020-09-04,11735.75,11608.25,1.0,-0.0063711794090254,-0.0108642396097394,17.5,4
2020-09-08,11144.25,11079.25,4.0,-0.0399715719423685,-0.005832604257801,89.5,1
2020-09-09,11300.25,11357.75,1.0,0.0199471985919623,0.005088383000376,17.5,2
2020-09-10,11500.25,11142.5,1.0,0.0125464990865267,-0.0311080193908828,17.5,3
2020-09-11,11263.0,11091.25,1.0,0.0108144491810635,-0.0152490455473675,17.5,4
2020-09-14,11244.5,11280.0,3.0,0.0138171982418573,0.0031570990261906,65.5,0
2020-09-15,11418.75,11452.5,1.0,0.0123005319148936,0.0029556650246305,17.5,1
2020-09-16,11463.75,11248.75,1.0,0.0009823182711199,-0.0187547704721404,17.5,2
2020-09-17,10972.75,11105.0,1.0,-0.0245360595621735,0.012052584812376,17.5,3
2020-09-21,10744.5,10973.5,4.0,-0.0324628545700135,0.0213132300246636,89.5,0
2020-09-22,11066.0,11167.0,1.0,0.0084293980954117,0.0091270558467377,17.5,1
2020-09-23,11142.5,10831.25,1.0,-0.0021939643592728,-0.0279335876149876,17.5,2
2020-09-24,10762.75,10885.75,1.0,-0.0063242931332948,0.0114283059626953,17.5,3
2020-09-25,10892.25,11128.25,1.0,0.0005971109018672,0.0216667814271616,17.5,4
2020-09-28,11313.5,11363.25,3.0,0.0166468222766382,0.0043974013346885,65.5,0
2020-09-29,11337.25,11321.0,1.0,-0.002288077794645,-0.0014333281880526,17.5,1
2020-09-30,11340.75,11364.75,1.0,0.0017445455348468,0.0021162621519741,17.5,2
2020-10-01,11546.0,11572.5,1.0,0.0159484370531688,0.0022951671574571,17.5,3
2020-10-02,11346.0,11243.75,1.0,-0.0195722618276085,-0.0090119866032082,17.5,4
2020-10-05,11336.75,11478.0,3.0,0.0082712618121179,0.012459479127616,65.5,0
2020-10-06,11464.25,11283.75,1.0,-0.0011979438926642,-0.0157445973351941,17.5,1
2020-10-07,11393.5,11470.0,1.0,0.0097263764262767,0.0067143546759116,17.5,2
2020-10-08,11566.25,11529.25,1.0,0.0083914559721012,-0.003198962498649,17.5,3
2020-10-09,11600.5,11723.0,1.0,0.0061799336470282,0.0105598896599283,17.5,4
2020-10-12,11890.25,12071.75,3.0,0.0142668258978078,0.0152646075566114,65.5,0
2020-10-13,12129.0,12087.0,1.0,0.0047424772713151,-0.0034627751669552,17.5,1
2020-10-14,12083.75,11973.5,1.0,-0.000268883924878,-0.0091238233164373,17.5,2
2020-10-15,11779.75,11893.25,1.0,-0.0161815676285129,0.0096351790148347,17.5,3
2020-10-16,11950.5,11824.75,1.0,0.0048136548041957,-0.0105225722773105,17.5,4
2020-10-19,11905.0,11644.0,3.0,0.0067866128247955,-0.0219235615287693,65.5,0
2020-10-20,11665.0,11624.75,1.0,0.0018035039505324,-0.003450492927561,17.5,1
2020-10-21,11668.25,11670.5,1.0,0.0037420159573324,0.0001928309729393,17.5,2
2020-10-22,11709.0,11652.25,1.0,0.0032989160704339,-0.0048466991203347,17.5,3
2020-10-23,11671.25,11662.75,1.0,0.0016305863674397,-0.0007282853164828,17.5,4
2020-10-26,11587.25,11502.0,3.0,-0.0064736018520503,-0.0073572245355887,65.5,0
2020-10-27,11528.0,11588.0,1.0,0.0022604764388802,0.0052047189451769,17.5,1
2020-10-28,11412.75,11143.5,1.0,-0.0151234035208837,-0.0235920352237628,17.5,2
2020-10-29,11230.75,11345.75,1.0,0.0078296764930227,0.0102397435612047,17.5,3
2020-10-30,11238.75,11071.75,1.0,-0.0094308441486899,-0.0148593037481926,17.5,4
2020-11-02,11131.75,11075.75,3.0,0.0054191975071691,-0.0050306555573023,65.5,0
2020-11-03,11146.25,11239.75,1.0,0.0063652574317767,0.0083884714590107,17.5,1
2020-11-04,11629.75,11767.75,1.0,0.0346982806557085,0.0118661192201037,17.5,2
2020-11-05,12012.5,12072.0,1.0,0.0207983684221708,0.0049531737773151,17.5,3
2020-11-06,12018.0,12079.25,1.0,-0.0044731610337972,0.0050965218838407,17.5,4
2020-11-09,12184.75,11842.75,3.0,0.0087339859676718,-0.0280678717249019,65.5,0
2020-11-10,11707.5,11635.5,1.0,-0.0114204893289142,-0.0061499039077513,17.5,1
2020-11-11,11721.25,11885.25,1.0,0.007369687594001,0.0139916817745546,17.5,2
2020-11-12,11918.25,11837.5,1.0,0.0027765507667065,-0.0067753235584083,17.5,3
2020-11-13,11901.5,11934.75,1.0,0.0054065469904962,0.0027937654917447,17.5,4
2020-11-16,11919.0,12014.25,3.0,-0.0013196757368189,0.0079914422350868,65.5,0
2020-11-17,12019.75,11975.25,1.0,0.0004577897080551,-0.0037022400632292,17.5,1
2020-11-18,11962.0,11900.75,1.0,-0.0011064487171458,-0.0051203812071559,17.5,2
2020-11-19,11879.0,11985.5,1.0,-0.0018276159065605,0.0089654011280411,17.5,3
2020-11-20,11976.25,11904.0,1.0,-0.0007717658837762,-0.0060327731969522,17.5,4
2020-11-23,11961.0,11903.0,3.0,0.0047883064516129,-0.0048490928852102,65.5,0
2020-11-24,11944.25,12077.0,1.0,0.0034655128959086,0.0111141344161416,17.5,1
2020-11-25,12111.75,12158.0,1.0,0.002877370207833,0.0038186058992299,17.5,2
2020-11-30,12283.5,12290.75,5.0,0.0103224214508965,0.0005902226564089,113.5,0
2020-12-01,12366.5,12457.0,1.0,0.0061631714907552,0.0073181579266567,17.5,1
2020-12-02,12383.0,12463.75,1.0,-0.0059404350967328,0.0065210369054349,17.5,2
2020-12-03,12478.25,12467.25,1.0,0.0011633737839735,-0.0008815338689319,17.5,3
2020-12-04,12470.0,12530.75,1.0,0.0002205779141351,0.0048716920609461,17.5,4
2020-12-07,12533.75,12591.0,3.0,0.0002394110488199,0.0045676672982946,65.5,0
2020-12-08,12583.25,12636.75,1.0,-0.0006155190215233,0.0042516837859853,17.5,1
2020-12-09,12621.0,12344.25,1.0,-0.0012463647694225,-0.021927739481816,17.5,2
2020-12-10,12260.75,12396.25,1.0,-0.0067642829657532,0.0110515262116916,17.5,3
2020-12-11,12346.0,12357.75,1.0,-0.0040536452556216,0.0009517252551434,17.5,4
2020-12-14,12438.25,12461.5,3.0,0.0065141308086018,0.0018692340160393,65.5,0
2020-12-15,12561.0,12594.0,1.0,0.0079845925450388,0.0026271793647003,17.5,1
2020-12-16,12611.75,12671.25,1.0,0.0014094013022074,0.0047178226653716,17.5,2
2020-12-17,12735.0,12757.75,1.0,0.005031074282332,0.0017864153906557,17.5,3
2020-12-21,12592.25,12672.0,4.0,-0.012972506907566,0.0063332605372352,89.5,0
2020-12-22,12701.25,12711.25,1.0,0.0023082386363635,0.0007873240822753,17.5,1
2020-12-23,12717.25,12656.0,1.0,0.0004720228144359,-0.0048162928306041,17.5,2
2020-12-28,12809.25,12828.0,5.0,0.0121088811630847,0.0014637859359447,113.5,0
2020-12-29,12895.75,12841.5,1.0,0.0052814156532585,-0.004206812321889,17.5,1
2020-12-30,12894.0,12837.5,1.0,0.0040883074407196,-0.0043818830463782,17.5,2
2020-12-31,12844.75,12891.5,1.0,0.0005647517039921,0.0036396192997139,17.5,3
2021-01-04,12916.25,12692.5,4.0,0.0019198696815732,-0.0173231394561115,89.5,0
2021-01-05,12671.0,12797.0,1.0,-0.0016939137285798,0.0099439665377634,17.5,1
2021-01-06,12619.75,12604.0,1.0,-0.0138509025552864,-0.0012480437409615,17.5,2
2021-01-07,12734.0,12924.75,1.0,0.0103141859727071,0.014979582220826,17.5,3
2021-01-08,13017.5,13110.75,1.0,0.0071761542776456,0.0071634338390627,17.5,4
2021-01-11,12954.5,12914.0,3.0,-0.0119177011231241,-0.0031263267590412,65.5,0
2021-01-12,12908.5,12879.75,1.0,-0.0004258943781941,-0.0022272146260216,17.5,1
2021-01-13,12906.75,12966.25,1.0,0.0020963139812495,0.0046099908962364,17.5,2
2021-01-14,12983.25,12897.0,1.0,0.0013110961149136,-0.0066431748599156,17.5,3
2021-01-15,12897.0,12785.5,1.0,0.0,-0.0086454214158331,17.5,4
2021-01-19,12911.0,12969.25,4.0,0.0098158069688318,0.0045116567268221,89.5,1
2021-01-20,13123.25,13287.75,1.0,0.0118742409931182,0.0125350046672889,17.5,2
2021-01-21,13324.75,13393.0,1.0,0.0027845195763014,0.0051220473179609,17.5,3
2021-01-22,13354.25,13348.0,1.0,-0.0028933024714402,-0.0004680158002133,17.5,4
2021-01-25,13509.75,13477.25,3.0,0.0121179202876835,-0.0024056699790891,65.5,0
2021-01-26,13503.25,13489.75,1.0,0.0019291769463354,-0.0009997593172014,17.5,1
2021-01-27,13321.25,13150.25,1.0,-0.01249096536259,-0.0128366331988364,17.5,2
2021-01-28,13162.5,13166.5,1.0,0.000931541225452,0.000303893637227,17.5,3
2021-01-29,13114.5,12920.5,1.0,-0.0039494170812288,-0.0147927866102405,17.5,4
2021-02-01,13071.0,13224.0,3.0,0.0116481560311132,0.0117053018131743,65.5,0
2021-02-02,13353.5,13438.5,1.0,0.0097928009679371,0.0063653723742838,17.5,1
2021-02-03,13522.75,13403.75,1.0,0.006269300889236,-0.0087999852101089,17.5,2
2021-02-04,13457.25,13541.75,1.0,0.0039914203114799,0.0062791432127664,17.5,3
2021-02-05,13582.5,13598.0,1.0,0.0030092122510014,0.0011411743051721,17.5,4
2021-02-08,13665.0,13679.5,3.0,0.0049271951757612,0.0010611050128064,65.5,0
2021-02-09,13656.75,13686.75,1.0,-0.0016630724807192,0.0021967159097149,17.5,1
2021-02-10,13759.0,13652.0,1.0,0.0052788280636382,-0.0077767279598808,17.5,2
2021-02-11,13729.0,13725.75,1.0,0.0056401992382069,-0.0002367251802752,17.5,3
2021-02-12,13692.5,13810.0,1.0,-0.0024224541464036,0.008581340149717,17.5,4
2021-02-16,13833.75,13756.75,4.0,0.0017197682838523,-0.0055660974067046,89.5,1
2021-02-17,13645.25,13695.75,1.0,-0.0081051120359096,0.0037009215661127,17.5,2
2021-02-18,13542.75,13644.5,1.0,-0.0111713487760801,0.0075132450942385,17.5,3
2021-02-19,13694.5,13572.25,1.0,0.0036644801934846,-0.0089269414728541,17.5,4
2021-02-22,13408.0,13238.0,3.0,-0.012101899095581,-0.0126789976133651,65.5,0
2021-02-23,12985.0,13194.5,1.0,-0.0191116482852394,0.0161340007701193,17.5,1
2021-02-24,13092.0,13294.0,1.0,-0.007768388343628,0.0154292697830735,17.5,2
2021-02-25,13189.0,12841.5,1.0,-0.0078982999849556,-0.0263477140040943,17.5,3
2021-02-26,12964.75,12902.25,1.0,0.0095977884203559,-0.0048207639946779,17.5,4
2021-03-01,13108.75,13266.75,3.0,0.0160049603751284,0.0120530180223132,65.5,0
2021-03-02,13289.75,13060.5,1.0,0.0017336574519004,-0.0172501363833029,17.5,1
2021-03-03,13037.75,12684.0,1.0,-0.0017418934956547,-0.0271327491323273,17.5,2
2021-03-04,12687.75,12489.25,1.0,0.0002956480605487,-0.0156450119209473,17.5,3
2021-03-05,12559.0,12660.25,1.0,0.0055848029305203,0.0080619476072936,17.5,4
2021-03-08,12620.0,12299.0,3.0,-0.003179242116072,-0.0254358161648177,65.5,0
2021-03-09,12606.5,12784.0,1.0,0.0250020326855842,0.0140800380755958,17.5,1
2021-03-10,12936.75,12758.25,1.0,0.0119485294117647,-0.0137979013276131,17.5,2
2021-03-11,12956.5,13046.5,1.0,0.015538964983442,0.0069463203797321,17.5,3
2021-03-12,12861.25,12933.5,1.0,-0.0141992105162304,0.0056176499173874,17.5,4
2021-03-15,12934.75,13081.25,3.0,9.664823906918583e-05,0.0113260789733082,65.5,0
2021-03-16,13157.75,13151.75,1.0,0.0058480649784997,-0.0004560050160551,17.5,1
2021-03-17,13009.0,13205.75,1.0,-0.010854068850153,0.0151241448228149,17.5,2
2021-03-18,13008.0,12797.0,1.0,-0.0149745376067242,-0.0162207872078721,17.5,3
2021-03-22,12952.0,13078.75,4.0,0.0121122138001092,0.0097861334156887,89.5,0
2021-03-23,13107.0,13020.25,1.0,0.0021599923540094,-0.006618600747692,17.5,1
2021-03-24,13052.5,12789.25,1.0,0.0024769109656113,-0.0201685500861903,17.5,2
2021-03-25,12699.25,12781.25,1.0,-0.0070371601149402,0.0064570742366674,17.5,3
2021-03-26,12770.0,12956.5,1.0,-0.0008801955990219,0.0146045418950666,17.5,4
2021-03-29,12949.25,12958.25,3.0,-0.0005595646972561,0.000695020947159,65.5,0
2021-03-30,12882.75,12887.5,1.0,-0.0058264040283216,0.0003687100968348,17.5,1
2021-03-31,12956.5,13097.75,1.0,0.0053540252182346,0.0109018639293019,17.5,2
2021-04-01,13250.0,13319.0,1.0,0.0116241339161307,0.0052075471698114,17.5,3
2021-04-05,13429.75,13583.5,4.0,0.0083151888279899,0.0114484632997635,89.5,0
2021-04-06,13559.5,13574.25,1.0,-0.0017668494865094,0.0010877982226482,17.5,1
2021-04-07,13546.25,13608.0,1.0,-0.0020627290642208,0.0045584571375842,17.5,2
2021-04-08,13721.25,13767.5,1.0,0.0083223104056437,0.0033706841577845,17.5,3
2021-04-09,13689.75,13833.0,1.0,-0.0056473579081169,0.0104640333095928,17.5,4
2021-04-12,13784.75,13820.25,3.0,-0.0034880358562856,0.0025753096719201,65.5,0
2021-04-13,13878.25,13972.75,1.0,0.0041967402905156,0.0068092158593482,17.5,1
2021-04-14,13968.0,13823.25,1.0,-0.0003399473976132,-0.010362972508591,17.5,2
2021-04-15,13933.25,14014.75,1.0,0.0079576076537717,0.0058493172806057,17.5,3
2021-04-16,14017.75,14029.75,1.0,0.0002140601865892,0.0008560574985285,17.5,4
2021-04-19,13967.0,13897.25,3.0,-0.0044726385003296,-0.0049939142263907,65.5,0
2021-04-20,13893.0,13745.25,1.0,-0.0003058158988289,-0.0106348520837832,17.5,1
2021-04-21,13755.75,13901.25,1.0,0.0007639002564521,0.010577394907584,17.5,2
2021-04-22,13902.0,13751.5,1.0,5.395198273538959e-05,-0.0108257804632426,17.5,3
2021-04-23,13793.5,13922.75,1.0,0.0030542122677525,0.0093703556022763,17.5,4
2021-04-26,13938.0,14012.75,3.0,0.0010953295864681,0.0053630363036303,65.5,0
2021-04-27,14019.25,13961.75,1.0,0.0004638632673814,-0.0041015032901189,17.5,1
2021-04-28,13937.75,13899.5,1.0,-0.0017189822192776,-0.0027443453929077,17.5,2
2021-04-29,14054.25,13949.75,1.0,0.0111334940105758,-0.0074354732554209,17.5,3
2021-04-30,13848.75,13868.5,1.0,-0.0072402731231742,0.0014261214911093,17.5,4
2021-05-03,13911.5,13790.0,3.0,0.003100551609763,-0.0087337814038744,65.5,0
2021-05-04,13681.75,13528.5,1.0,-0.0078498912255257,-0.0112010524969393,17.5,1
2021-05-05,13641.25,13487.25,1.0,0.0083342573086446,-0.0112892880051315,17.5,2
2021-05-06,13475.5,13601.5,1.0,-0.000871193163914,0.0093503024006529,17.5,3
2021-05-07,13684.75,13711.5,1.0,0.0061206484578906,0.0019547306308116,17.5,4
2021-05-10,13622.5,13341.5,3.0,-0.006490901797761,-0.0206276380987336,65.5,0
2021-05-11,13114.5,13350.0,1.0,-0.0170145785706254,0.0179572229211941,17.5,1
2021-05-12,13159.5,13007.5,1.0,-0.0142696629213483,-0.0115505908279189,17.5,2
2021-05-13,13152.25,13089.0,1.0,0.0111281952719584,-0.0048090630880647,17.5,3
2021-05-14,13232.0,13394.75,1.0,0.0109252043700818,0.0122997279322853,17.5,4
2021-05-17,13298.5,13297.5,3.0,-0.0071856510946453,-7.519645072751047e-05,65.5,0
2021-05-18,13337.25,13219.0,1.0,0.0029892836999436,-0.0088661455697388,17.5,1
2021-05-19,12996.25,13236.0,1.0,-0.0168507451395718,0.0184476291237856,17.5,2
2021-05-20,13306.25,13484.0,1.0,0.0053074947113931,0.0133583842179427,17.5,3
2021-05-21,13551.5,13420.0,1.0,0.0050059329575793,-0.0097037228351104,17.5,4
2021-05-24,13502.5,13638.0,3.0,0.0061475409836064,0.0100351786706165,65.5,0
2021-05-25,13698.75,13654.75,1.0,0.0044544654641442,-0.0032119718952459,17.5,1
2021-05-26,13701.0,13702.75,1.0,0.0033870997272011,0.0001277279030726,17.5,2
2021-05-27,13694.0,13660.75,1.0,-0.0006385579536953,-0.0024280706878925,17.5,3
2021-05-28,13702.5,13696.25,1.0,0.0030562011602583,-0.0004561211457763,17.5,4
2021-06-01,13752.75,13650.75,4.0,0.0041252167564114,-0.0074166984784861,89.5,1
2021-06-02,13659.0,13674.25,1.0,0.0006043623976703,0.0011164799765721,17.5,2
2021-06-03,13562.0,13527.0,1.0,-0.0082088597180832,-0.0025807403037899,17.5,3
2021-06-04,13620.0,13764.0,1.0,0.0068751386116656,0.0105726872246696,17.5,4
2021-06-07,13745.0,13803.0,3.0,-0.0013804126707352,0.0042197162604582,65.5,0
2021-06-08,13872.75,13813.5,1.0,0.0050532492936317,-0.0042709628588419,17.5,1
2021-06-09,13878.5,13814.25,1.0,0.0047055416802403,-0.0046294628382029,17.5,2
2021-06-10,13836.0,13964.0,1.0,0.0015744611542429,0.0092512286788088,17.5,3
2021-06-11,13946.5,13991.25,1.0,-0.0012532225723288,0.0032086903524182,17.5,4
2021-06-14,13989.0,14129.25,3.0,-0.0001608147949611,0.0100257345056831,65.5,0
2021-06-15,14103.75,14034.75,1.0,-0.0018047667073624,-0.0048923158734379,17.5,1
2021-06-16,14067.75,13988.0,1.0,0.0023513065783145,-0.0056689946864282,17.5,2
2021-06-17,13969.5,14171.25,1.0,-0.0013225621961681,0.0144421776012027,17.5,3
2021-06-21,14070.5,14134.25,4.0,-0.0071094645849871,0.0045307558366796,89.5,0
2021-06-22,14117.5,14256.25,1.0,-0.0011850646479296,0.0098282273773684,17.5,1
2021-06-23,14264.25,14269.5,1.0,0.0005611573871109,0.0003680529996319,17.5,2
2021-06-24,14354.0,14356.25,1.0,0.0059217211535091,0.0001567507315034,17.5,3
2021-06-25,14378.0,14341.5,1.0,0.0015150195907704,-0.0025386006398664,17.5,4
2021-06-28,14417.25,14508.0,3.0,0.0052818742809328,0.00629454299537,65.5,0
2021-06-29,14494.5,14566.5,1.0,-0.0009305210918114,0.004967401428128,17.5,1
2021-06-30,14562.0,14555.25,1.0,-0.0003089280197714,-0.0004635352286773,17.5,2
2021-07-01,14532.75,14549.0,1.0,-0.0015458339774307,0.0011181641464967,17.5,3
2021-07-02,14627.75,14712.0,1.0,0.0054127431438586,0.0057596007588316,17.5,4
2021-07-06,14762.0,14770.75,4.0,0.0033985861881458,0.000592738111367,89.5,1
2021-07-07,14873.75,14800.75,1.0,0.0069732410337999,-0.0049079754601226,17.5,2
2021-07-08,14606.25,14710.5,1.0,-0.0131412259513875,0.0071373555840821,17.5,3
2021-07-09,14690.75,14806.0,1.0,-0.0013425784303728,0.0078450725796845,17.5,4
2021-07-12,14871.5,14874.25,3.0,0.0044238822099149,0.0001849174595702,65.5,0
2021-07-13,14863.0,14872.75,1.0,-0.0007563406558314,0.0006559913880104,17.5,1
2021-07-14,14966.25,14899.25,1.0,0.0062866652098636,-0.0044767393301595,17.5,2
2021-07-15,14883.0,14787.0,1.0,-0.0010906589257848,-0.0064503124370086,17.5,3
2021-07-16,14842.75,14679.25,1.0,0.0037702035571784,-0.0110154789375284,17.5,4
2021-07-19,14535.25,14546.75,3.0,-0.0098097654852938,0.0007911800622624,65.5,0
2021-07-20,14593.5,14690.0,1.0,0.0032137762730506,0.0066125329770103,17.5,1
2021-07-21,14702.0,14832.75,1.0,0.0008168822328114,0.0088933478438306,17.5,2
2021-07-22,14857.5,14946.25,1.0,0.0016686049451382,0.0059734141006226,17.5,3
2021-07-23,14967.5,15097.75,1.0,0.0014217613113656,0.0087021880741606,17.5,4
2021-07-26,15064.5,15116.0,3.0,-0.0022023149144739,0.0034186332105281,65.5,0
2021-07-27,15091.0,14947.5,1.0,-0.0016538766869542,-0.009508978861573,17.5,1
2021-07-28,15015.25,15006.0,1.0,0.0045325305234988,-0.0006160403589683,17.5,2
2021-07-29,15001.5,15045.0,1.0,-0.0002998800479807,0.0028997100289971,17.5,3
2021-07-30,14896.25,14967.75,1.0,-0.0098870056497175,0.0047998657380212,17.5,4
2021-08-02,15029.0,14961.5,3.0,0.0040921314158774,-0.0044913167875441,65.5,0
2021-08-03,14981.0,15040.25,1.0,0.0013033452528155,0.0039550096789267,17.5,1
2021-08-04,15038.75,15070.75,1.0,-9.973238476757018e-05,0.0021278364225749,17.5,2
2021-08-05,15094.25,15162.25,1.0,0.0015593119121477,0.0045050267485964,17.5,3
2021-08-06,15112.75,15094.5,1.0,-0.0032646869692822,-0.0012075896180377,17.5,4
2021-08-09,15130.25,15123.25,3.0,0.0023684123356189,-0.0004626493283322,65.5,0
2021-08-10,15142.25,15042.5,1.0,0.0012563437091894,-0.0065875282735392,17.5,1
2021-08-11,15096.75,15021.75,1.0,0.0036064483962108,-0.0049679566794177,17.5,2
2021-08-12,14992.5,15075.25,1.0,-0.0019471765939388,0.0055194263798565,17.5,3
2021-08-13,15086.75,15124.75,1.0,0.0007628397539012,0.0025187664672643,17.5,4
2021-08-16,15081.5,15137.5,3.0,-0.0028595513975437,0.0037131585054537,65.5,0
2021-08-17,14991.75,14989.25,1.0,-0.009628406275805,-0.0001667583837777,17.5,1
2021-08-18,14983.5,14854.75,1.0,-0.0003836082525809,-0.0085927853972703,17.5,2
2021-08-19,14798.0,14933.75,1.0,-0.0038203268314849,0.0091735369644545,17.5,3
2021-08-20,14970.25,15084.25,1.0,0.0024441282330291,0.0076151032881881,17.5,4
2021-08-23,15141.75,15312.0,3.0,0.0038119230323019,0.0112437465946801,65.5,0
2021-08-24,15349.25,15357.5,1.0,0.0024327324973876,0.0005374855448962,17.5,1
2021-08-25,15367.75,15365.75,1.0,0.0006674263389223,-0.0001301426689007,17.5,2
2021-08-26,15351.5,15278.0,1.0,-0.0009273872085645,-0.0047878057518808,17.5,3
2021-08-27,15312.75,15426.75,1.0,0.002274512370729,0.0074447764118137,17.5,4
2021-08-30,15470.75,15597.5,3.0,0.0028521885685579,0.0081928801124702,65.5,0
2021-08-31,15581.75,15590.5,1.0,-0.0010097772078858,0.0005615543825308,17.5,1
2021-09-01,15629.5,15616.25,1.0,0.0025015233635867,-0.0008477558463162,17.5,2
2021-09-02,15677.5,15604.75,1.0,0.0039221964300006,-0.0046404082283527,17.5,3
2021-09-03,15587.75,15647.25,1.0,-0.0010894118777936,0.0038170999663196,17.5,4
2021-09-07,15662.25,15673.0,4.0,0.0009586349038968,0.0006863637089178,89.5,1
2021-09-08,15654.5,15615.25,1.0,-0.0011803738914055,-0.0025072662812609,17.5,2
2021-09-09,15639.5,15562.25,1.0,0.0015529690526889,-0.0049394162217462,17.5,3
2021-09-10,15659.0,15454.0,1.0,0.0062169673408407,-0.0130915128679992,17.5,4
2021-09-13,15547.5,15445.25,3.0,0.0060502135369484,-0.0065766200353755,65.5,0
2021-09-14,15525.0,15392.0,1.0,0.0051633997507323,-0.0085668276972624,17.5,1
2021-09-15,15437.25,15507.5,1.0,0.0029398388773389,0.004550680982688,17.5,2
2021-09-16,15440.0,15515.75,1.0,-0.0043527325487667,0.0049060880829014,17.5,3
2021-09-20,15039.5,14996.5,4.0,-0.0306946167603886,-0.0028591376043086,89.5,0
2021-09-21,15052.5,15021.75,1.0,0.003734204647751,-0.0020428500249127,17.5,1
2021-09-22,15052.5,15159.0,1.0,0.0020470318038843,0.0070752366716493,17.5,2
2021-09-23,15226.5,15304.75,1.0,0.0044528003166435,0.0051390667586115,17.5,3
2021-09-24,15197.5,15320.25,1.0,-0.0070076283506754,0.0080769863464384,17.5,4
2021-09-27,15202.0,15188.0,3.0,-0.0077185424519834,-0.0009209314563872,65.5,0
2021-09-28,15019.5,14782.75,1.0,-0.0110942849618119,-0.0157628416392023,17.5,1
2021-09-29,14822.75,14751.0,1.0,0.0027058564881365,-0.0048405322898922,17.5,2
2021-09-30,14828.0,14703.75,1.0,0.0052199850857568,-0.0083794173185864,17.5,3
2021-10-01,14731.5,14772.0,1.0,0.0018872736546799,0.0027492108746562,17.5,4
2021-10-04,14696.5,14480.25,3.0,-0.0051110208502572,-0.0147143877794032,65.5,0
2021-10-05,14527.25,14656.75,1.0,0.003245800314221,0.0089142817807912,17.5,1
2021-10-06,14519.75,14757.0,1.0,-0.0093472290923977,0.0163398130133094,17.5,2
2021-10-07,14879.0,14885.25,1.0,0.0082672629938334,0.0004200551112305,17.5,3
2021-10-08,14902.75,14808.5,1.0,0.0011756604692565,-0.0063243361124624,17.5,4
2021-10-11,14742.75,14698.25,3.0,-0.0044400175574839,-0.0030184327889979,65.5,0
2021-10-12,14751.0,14622.75,1.0,0.0035888626196995,-0.0086943258084197,17.5,1
2021-10-13,14734.5,14766.0,1.0,0.0076422013643124,0.0021378397638196,17.5,2
2021-10-14,14903.25,15041.75,1.0,0.0092950020316944,0.0092932749568046,17.5,3
2021-10-15,15070.5,15134.0,1.0,0.0019113467515414,0.0042135297435386,17.5,4
2021-10-18,15067.5,15290.0,3.0,-0.0043940795559667,0.0147668823627011,65.5,0
2021-10-19,15320.5,15415.25,1.0,0.0019947678221059,0.0061845240037858,17.5,1
2021-10-20,15418.0,15375.0,1.0,0.0001783947714113,-0.0027889479828772,17.5,2
2021-10-21,15360.75,15475.75,1.0,-0.0009268292682926,0.0074866136093614,17.5,3
2021-10-22,15412.5,15330.25,1.0,-0.0040870394003521,-0.0053365774533657,17.5,4
2021-10-25,15407.0,15498.75,3.0,0.0050064415126955,0.0059550853508145,65.5,0
2021-10-26,15587.0,15550.0,1.0,0.0056940075812565,-0.0023737730159748,17.5,1
2021-10-27,15586.0,15594.75,1.0,0.002315112540193,0.0005614012575387,17.5,2
2021-10-28,15673.25,15775.5,1.0,0.0050337453309607,0.0065238543378047,17.5,3
2021-10-29,15643.75,15837.25,1.0,-0.0083515577953154,0.012369157011586,17.5,4
2021-11-01,15854.5,15887.75,3.0,0.0010892042494752,0.0020971963795768,65.5,0
2021-11-02,15872.25,15955.5,1.0,-0.000975594404494,0.0052450030713981,17.5,1
2021-11-03,15972.0,16127.25,1.0,0.0010341261633919,0.0097201352366642,17.5,2
2021-11-04,16166.5,16336.75,1.0,0.0024337689314668,0.0105310364024371,17.5,3
2021-11-05,16405.5,16339.5,1.0,0.0042083033651123,-0.0040230410533053,17.5,4
2021-11-08,16345.25,16322.0,3.0,0.0003519079531197,-0.0014224315932763,65.5,0
2021-11-09,16379.75,16214.75,1.0,0.0035381693419924,-0.0100734138188922,17.5,1
2021-11-10,16099.5,15968.75,1.0,-0.0071077259902249,-0.0081213702288891,17.5,2
2021-11-11,16091.75,16023.5,1.0,0.0077025440313112,-0.0042413037736728,17.5,3
2021-11-12,16063.75,16192.25,1.0,0.0025119355945955,0.0079993774803517,17.5,4
2021-11-15,16227.0,16189.0,3.0,0.0021460884064907,-0.0023417760522586,65.5,0
2021-11-16,16151.5,16295.25,1.0,-0.0023163876706405,0.0089001021576944,17.5,1
2021-11-17,16316.5,16305.25,1.0,0.001304060999371,-0.0006894861030245,17.5,2
2021-11-18,16383.25,16494.75,1.0,0.0047837352999799,0.0068057314635374,17.5,3
2021-11-19,16541.0,16573.5,1.0,0.0028039224601768,0.0019648147028594,17.5,4
2021-11-22,16653.25,16383.75,3.0,0.0048118985126859,-0.0161830273370062,65.5,0
2021-11-23,16340.5,16295.75,1.0,-0.0026398107881284,-0.0027385942902603,17.5,1
2021-11-24,16178.75,16356.75,1.0,-0.0071797861405581,0.0110020860696902,17.5,2
2021-11-29,16267.5,16392.25,5.0,-0.0054564629281489,0.0076686645151375,113.5,0
2021-11-30,16339.75,16186.5,1.0,-0.0032027329988256,-0.0093789684664697,17.5,1
2021-12-01,16324.0,15891.25,1.0,0.0084947332653755,-0.0265100465572163,17.5,2
2021-12-02,15846.0,15991.75,1.0,-0.0028474789585464,0.0091979048340276,17.5,3
2021-12-03,16025.75,15721.0,1.0,0.0021260962683884,-0.0190162706893592,17.5,4
2021-12-06,15747.0,15838.5,3.0,0.0016538388143247,0.0058106305963041,65.5,0
2021-12-07,16132.25,16330.5,1.0,0.0185465795372037,0.0122890483348572,17.5,1
2021-12-08,16301.25,16384.75,1.0,-0.0017911270322402,0.0051223065715819,17.5,2
2021-12-09,16342.25,16151.5,1.0,-0.0025938754024321,-0.0116721993605531,17.5,3
2021-12-10,16268.5,16313.5,1.0,0.0072439092344365,0.0027660816916126,17.5,4
2021-12-13,16310.75,16080.75,3.0,-0.0001685720415606,-0.0141011296231012,65.5,0
2021-12-14,15883.25,15918.25,1.0,-0.0122817654649192,0.0022035792422836,17.5,1
2021-12-15,15920.25,16275.0,1.0,0.0001256419518478,0.022282941536722,17.5,2
2021-12-16,16309.0,15863.0,1.0,0.0020890937019968,-0.0273468636948923,17.5,3
2021-12-20,15589.5,15614.75,4.0,-0.0172413793103448,0.0016196799127616,89.5,0
2021-12-21,15770.5,15964.75,1.0,0.009974543300405,0.0123173012903838,17.5,1
2021-12-22,15954.5,16164.0,1.0,-0.0006420394932585,0.0131310915415714,17.5,2
2021-12-23,16185.25,16300.75,1.0,0.0013146498391487,0.0071361270292396,17.5,3
2021-12-27,16379.25,16563.25,4.0,0.0048157293376072,0.0112337255979364,89.5,0
2021-12-28,16589.75,16504.25,1.0,0.0015999275504505,-0.0051537847164665,17.5,1
2021-12-29,16520.0,16490.5,1.0,0.0009542996500901,-0.0017857142857142,17.5,2
2021-12-30,16483.75,16441.5,1.0,-0.0004093265819714,-0.0025631303556532,17.5,3
2021-12-31,16417.25,16349.0,1.0,-0.0014749262536872,-0.004157212687874,17.5,4
2022-01-03,16406.5,16487.25,3.0,0.0035170346810202,0.0049218297625941,65.5,0
2022-01-04,16495.75,16266.25,1.0,0.0005155498946154,-0.0139126744767591,17.5,1
2022-01-05,16186.25,15771.75,1.0,-0.0049181587643125,-0.0256081550698895,17.5,2
2022-01-06,15708.0,15756.5,1.0,-0.0040420371867421,0.003087598675834,17.5,3
2022-01-07,15753.75,15589.25,1.0,-0.0001745311458762,-0.0104419582639053,17.5,4
2022-01-10,15395.75,15601.5,3.0,-0.0124123995702166,0.0133640777487293,65.5,0
2022-01-11,15546.25,15833.0,1.0,-0.0035413261545363,0.0184449626115623,17.5,1
2022-01-12,15935.5,15905.5,1.0,0.0064738205014842,-0.0018825891876628,17.5,2
2022-01-13,15948.25,15514.0,1.0,0.0026877495206061,-0.0272286928032856,17.5,3
2022-01-14,15414.75,15593.25,1.0,-0.0063974474668041,0.011579818031431,17.5,4
2022-01-18,15332.75,15199.75,4.0,-0.0167059464832539,-0.0086742430418548,89.5,1
2022-01-19,15281.75,15046.5,1.0,0.0053948255727889,-0.0153941793315556,17.5,2
2022-01-20,15188.5,14815.0,1.0,0.0094374106935166,-0.0245909734338479,17.5,3
2022-01-21,14736.25,14427.75,1.0,-0.005315558555518,-0.0209347697005682,17.5,4
2022-01-24,14166.25,14495.5,3.0,-0.018124794233335,0.0232418600547075,65.5,0
2022-01-25,14224.25,14160.0,1.0,-0.0187127039426028,-0.004516934109004,17.5,1
2022-01-26,14488.5,14155.0,1.0,0.0231991525423729,-0.0230182558580943,17.5,2
2022-01-27,14324.5,13982.0,1.0,0.0119745672907098,-0.0239100841216097,17.5,3
2022-01-28,14099.25,14410.0,1.0,0.0083857817193535,0.0220401794421689,17.5,4
2022-01-31,14494.25,14880.25,3.0,0.0058466342817486,0.026631250323404,65.5,0
2022-02-01,14901.25,14993.5,1.0,0.001411266611784,0.0061907558090763,17.5,1
2022-02-02,15129.75,15107.5,1.0,0.009087271150832,-0.0014706125349064,17.5,2
2022-02-03,14715.25,14507.25,1.0,-0.0259639252027138,-0.0141349960075431,17.5,3
2022-02-04,14529.25,14687.75,1.0,0.0015164831377414,0.0109090283393844,17.5,4
2022-02-07,14695.25,14580.75,3.0,0.0005106296063046,-0.0077916333509127,65.5,0
2022-02-08,14544.0,14727.5,1.0,-0.0025204464790905,0.0126168866886688,17.5,1
2022-02-09,14913.5,15035.5,1.0,0.0126294347309454,0.0081805075937908,17.5,2
2022-02-10,14754.25,14692.25,1.0,-0.0187057297728708,-0.0042021790331598,17.5,3
2022-02-11,14722.0,14232.5,1.0,0.0020248770610356,-0.0332495584839016,17.5,4
2022-02-14,14252.75,14251.75,3.0,0.0014227999297382,-7.016189858100041e-05,65.5,0
2022-02-15,14474.0,14589.75,1.0,0.0155945761046889,0.0079970982451291,17.5,1
2022-02-16,14492.75,14604.25,1.0,-0.0066485032300073,0.0076935019233754,17.5,2
2022-02-17,14466.25,14165.0,1.0,-0.0094493041409179,-0.0208243324980558,17.5,3
2022-02-18,14202.25,14008.25,1.0,0.0026297211436638,-0.0136598074248798,17.5,4
2022-02-22,13911.0,13896.75,4.0,-0.0069423375510859,-0.0010243692042268,89.5,1
2022-02-23,14009.25,13516.75,1.0,0.0080954179934156,-0.0351553437907097,17.5,2
2022-02-24,13114.25,13954.25,1.0,-0.0297778682005659,0.0640524620165088,17.5,3
2022-02-25,13944.25,14193.75,1.0,-0.0007166275507461,0.0178926797784033,17.5,4
2022-02-28,14092.5,14222.25,3.0,-0.0071334214002641,0.0092070250133049,65.5,0
2022-03-01,14195.0,14007.0,1.0,-0.0019160118827893,-0.0132441000352236,17.5,1
2022-03-02,14074.25,14235.5,1.0,0.0048011708431499,0.0114570936284348,17.5,2
2022-03-03,14337.5,14030.0,1.0,0.0071651856274805,-0.0214472537053181,17.5,3
2022-03-04,13960.5,13825.5,1.0,-0.0049536707056307,-0.0096701407542709,17.5,4
2022-03-07,13859.5,13325.25,3.0,0.0024592238978697,-0.0385475666510335,65.5,0
2022-03-08,13294.25,13230.75,1.0,-0.0023264103862966,-0.0047765011189048,17.5,1
2022-03-09,13590.0,13740.75,1.0,0.0271526557451391,0.0110927152317881,17.5,2
2022-03-10,13560.0,13574.75,1.0,-0.0131543038043775,0.0010877581120944,17.5,3
2022-03-11,13711.5,13311.5,1.0,0.0100738503471518,-0.0291725923494876,17.5,4
2022-03-14,13267.75,13073.25,3.0,-0.0032866318596702,-0.0146596069416442,65.5,0
2022-03-15,13192.75,13455.25,1.0,0.0091408027843113,0.0198972920732978,17.5,1
2022-03-16,13644.75,13949.25,1.0,0.0140837219672618,0.0223162754905732,17.5,2
2022-03-17,13864.0,14126.75,1.0,-0.006111439683137,0.0189519619157529,17.5,3
2022-03-21,14380.5,14368.25,4.0,0.0179623763427541,-0.0008518479885957,89.5,0
2022-03-22,14400.5,14663.0,1.0,0.0022445322151269,0.0182285337314676,17.5,1
2022-03-23,14520.0,14445.0,1.0,-0.0097524381095274,-0.0051652892561983,17.5,2
2022-03-24,14523.0,14762.5,1.0,0.0053997923156801,0.0164910831095503,17.5,3
2022-03-25,14759.5,14751.25,1.0,-0.0002032176121931,-0.0005589620244588,17.5,4
2022-03-28,14771.75,14986.5,3.0,0.0013897127362088,0.0145378848139183,65.5,0
2022-03-29,15165.5,15237.0,1.0,0.0119440830080406,0.0047146483795457,17.5,1
2022-03-30,15179.5,15088.75,1.0,-0.0037737087353153,-0.0059784577884647,17.5,2
2022-03-31,15070.0,14899.25,1.0,-0.0012426476679645,-0.0113304578633045,17.5,3
2022-04-01,14908.0,14847.0,1.0,0.0005872778831148,-0.004091762811913,17.5,4
2022-04-04,14903.5,15165.0,3.0,0.0038054825890752,0.0175462139765827,65.5,0
2022-04-05,15105.75,14840.5,1.0,-0.0039070227497527,-0.0175595385862998,17.5,1
2022-04-06,14632.5,14507.0,1.0,-0.0140157002796401,-0.0085767982231333,17.5,2
2022-04-07,14483.5,14543.5,1.0,-0.0016199076307988,0.0041426450788828,17.5,3
2022-04-08,14453.0,14344.75,1.0,-0.0062227111768143,-0.0074897945063309,17.5,4
2022-04-11,14165.5,13999.0,3.0,-0.0124958608550166,-0.011753909145459,65.5,0
2022-04-12,14163.75,13928.0,1.0,0.011768697764126,-0.0166446033006795,17.5,1
2022-04-13,13939.0,14212.0,1.0,0.0007897759908099,0.0195853361073248,17.5,2
2022-04-14,14212.5,13890.5,1.0,3.5181536729433915e-05,-0.0226561125769568,17.5,3
2022-04-18,13894.75,13924.5,4.0,0.0003059645081171,0.0021410964572949,89.5,0
2022-04-19,13893.75,14124.5,1.0,-0.0022083378218248,0.0166081871345029,17.5,1
2022-04-20,14259.0,14024.5,1.0,0.0095224609720698,-0.0164457535591556,17.5,2
2022-04-21,14196.5,13718.0,1.0,0.0122642518449855,-0.0337054907899834,17.5,3
2022-04-22,13739.25,13345.25,1.0,0.0015490596296836,-0.0286769656276725,17.5,4
2022-04-25,13273.75,13540.0,3.0,-0.0053577115453063,0.0200583859120444,65.5,0
2022-04-26,13439.25,13007.0,1.0,-0.0074409158050221,-0.0321632531577282,17.5,1
2022-04-27,13067.5,12995.25,1.0,0.0046513415853002,-0.0055289841209106,17.5,2
2022-04-28,13263.5,13444.75,1.0,0.0206421577114714,0.0136653221246276,17.5,3
2022-04-29,13276.5,12868.75,1.0,-0.0125141783967719,-0.0307121605844914,17.5,4
2022-05-02,12885.75,13075.5,3.0,0.0013210296260319,0.0147255689424363,65.5,0
2022-05-03,13035.25,13091.5,1.0,-0.0030782761653473,0.0043152221859956,17.5,1
2022-05-04,13097.25,13522.0,1.0,0.0004392162853759,0.0324304720456585,17.5,2
2022-05-05,13326.5,12871.5,1.0,-0.0144579204259724,-0.0341424980302405,17.5,3
2022-05-06,12741.5,12685.5,1.0,-0.0100998329643009,-0.0043950869206922,17.5,4
2022-05-09,12477.75,12223.75,3.0,-0.0163769658271254,-0.020356234096692,65.5,0
2022-05-10,12534.5,12336.75,1.0,0.025421822272216,-0.0157764569787386,17.5,1
2022-05-11,12232.5,11981.5,1.0,-0.0084503617241169,-0.020519108931126,17.5,2
2022-05-12,11849.5,11945.0,1.0,-0.0110169845177983,0.0080594117895269,17.5,3
2022-05-13,12140.0,12385.25,1.0,0.0163248221012977,0.0202018121911038,17.5,4
2022-05-16,12308.25,12250.25,3.0,-0.0062170727276397,-0.0047122864745191,65.5,0
2022-05-17,12483.5,12553.25,1.0,0.0190404277463724,0.0055873753354427,17.5,1
2022-05-18,12355.5,11936.0,1.0,-0.0157528926771951,-0.0339524907935737,17.5,2
2022-05-19,11899.0,11863.5,1.0,-0.0030998659517426,-0.0029834439868896,17.5,3
2022-05-20,12024.25,11836.75,1.0,0.0135499641758334,-0.0155934881593446,17.5,4
2022-05-23,11884.25,12043.0,3.0,0.0040129258453545,0.0133580158613291,65.5,0
2022-05-24,11810.75,11791.0,1.0,-0.0192850618616623,-0.0016722054060919,17.5,1
2022-05-25,11745.0,11947.5,1.0,-0.0039012806377746,0.0172413793103447,17.5,2
2022-05-26,11912.0,12274.25,1.0,-0.0029713329148357,0.030410510409671,17.5,3
2022-05-27,12429.75,12679.25,1.0,0.0126687985009268,0.0200728091876345,17.5,4
2022-05-31,12670.0,12666.5,4.0,-0.0007295384190705,-0.0002762430939226,89.5,1
2022-06-01,12753.0,12558.5,1.0,0.0068290372241739,-0.015251313416451,17.5,2
2022-06-02,12481.75,12887.5,1.0,-0.0061113986542978,0.0325074608929036,17.5,3
2022-06-03,12653.25,12548.5,1.0,-0.0181765276430649,-0.0082785055222966,17.5,4
2022-06-06,12778.25,12590.0,3.0,0.0183089612304259,-0.0147320642497994,65.5,0
2022-06-07,12457.5,12693.5,1.0,-0.0105242255758538,0.018944410997391,17.5,1
2022-06-08,12661.0,12609.0,1.0,-0.0025603655414188,-0.0041071005449806,17.5,2
2022-06-09,12549.75,12277.5,1.0,-0.0046990245063049,-0.0216936592362397,17.5,3
2022-06-10,12045.5,11843.75,1.0,-0.0188963551211566,-0.0167489934000248,17.5,4
2022-06-13,11500.75,11286.0,3.0,-0.0289604221635884,-0.0186726952590048,65.5,0
2022-06-14,11392.25,11313.75,1.0,0.0094143186248449,-0.0068906493449494,17.5,1
2022-06-15,11441.0,11598.75,1.0,0.0112473759805546,0.013788130408181,17.5,2
2022-06-16,11291.75,11140.5,1.0,-0.0264683694363616,-0.0133947350942059,17.5,3
2022-06-21,11502.0,11577.25,5.0,0.032449171940218,0.0065423404625282,113.5,1
2022-06-22,11464.25,11562.75,1.0,-0.009760521712842,0.0085919270776544,17.5,2
2022-06-23,11671.5,11717.75,1.0,0.0094052020496853,0.003962644047466,17.5,3
2022-06-24,11855.25,12125.75,1.0,0.0117343346632246,0.0228168954682523,17.5,4
2022-06-27,12207.0,12050.5,3.0,0.006700616456714,-0.0128205128205127,65.5,0
2022-06-28,12084.75,11677.5,1.0,0.0028422057176051,-0.0336994973003165,17.5,1
2022-06-29,11660.75,11691.0,1.0,-0.0014343823592378,0.0025941727590421,17.5,2
2022-06-30,11567.5,11530.25,1.0,-0.0105636814643742,-0.0032202290901232,17.5,3
2022-07-01,11519.75,11616.5,1.0,-0.0009106480778821,0.0083986197617136,17.5,4
2022-07-05,11432.0,11800.25,4.0,-0.0158825808117764,0.032212211336599,89.5,1
2022-07-06,11811.0,11887.5,1.0,0.000910997648355,0.0064770129540259,17.5,2
2022-07-07,11953.0,12135.0,1.0,0.0055099894847527,0.0152263030201622,17.5,3
2022-07-08,12013.75,12159.25,1.0,-0.0099917593737124,0.0121111226719383,17.5,4
2022-07-11,12024.75,11896.75,3.0,-0.0110615375125933,-0.0106447119482733,65.5,0
2022-07-12,11947.5,11774.0,1.0,0.0042658709311367,-0.0145218664992676,17.5,1
2022-07-13,11601.75,11753.75,1.0,-0.0146296925428911,0.0131014717607258,17.5,2
2022-07-14,11679.0,11806.25,1.0,-0.0063596724449643,0.0108956246253959,17.5,3
2022-07-15,11948.5,12006.0,1.0,0.0120487030174696,0.0048123195380174,17.5,4
2022-07-18,12110.5,11912.0,3.0,0.0087039813426619,-0.0163907353123322,65.5,0
2022-07-19,12054.5,12282.5,1.0,0.0119627266621893,0.0189140984694511,17.5,1
2022-07-20,12265.5,12469.0,1.0,-0.0013840830449827,0.0165912518853694,17.5,2
2022-07-21,12467.5,12649.25,1.0,-0.0001202983398829,0.0145779025466212,17.5,3
2022-07-22,12609.25,12413.75,1.0,-0.0031622428207206,-0.0155044907508377,17.5,4
2022-07-25,12427.25,12369.25,3.0,0.0010875037760547,-0.0046671628880081,65.5,0
2022-07-26,12283.75,12103.0,1.0,-0.0069123026860965,-0.0147145619212374,17.5,1
2022-07-27,12311.5,12597.0,1.0,0.017227133768487,0.0231897006863501,17.5,2
2022-07-28,12635.0,12738.0,1.0,0.0030165912518853,0.0081519588444796,17.5,3
2022-07-29,12795.0,12975.75,1.0,0.0044747998115872,0.014126611957796,17.5,4
2022-08-01,12903.0,12965.25,3.0,-0.0056066123345471,0.0048244594280399,65.5,0
2022-08-02,12865.25,12922.5,1.0,-0.007712924933958,0.0044499718233224,17.5,1
2022-08-03,13025.0,13263.75,1.0,0.0079319017218031,0.0183301343570057,17.5,2
2022-08-04,13266.25,13338.75,1.0,0.0001884836490433,0.0054649957599171,17.5,3
2022-08-05,13153.5,13225.0,1.0,-0.0138881079561428,0.0054358155623979,17.5,4
2022-08-08,13260.0,13187.75,3.0,0.0026465028355386,-0.0054487179487179,65.5,0
2022-08-09,13096.5,13038.0,1.0,-0.0069193001080548,-0.0044668422861069,17.5,1
2022-08-10,13347.75,13390.75,1.0,0.0237574781408191,0.0032215167350302,17.5,2
2022-08-11,13496.75,13328.75,1.0,0.0079159121035041,-0.0124474410506233,17.5,3
2022-08-12,13404.25,13574.0,1.0,0.005664447153709,0.0126638939142436,17.5,4
2022-08-15,13562.5,13679.75,3.0,-0.0008472078974509,0.0086451612903226,65.5,0
2022-08-16,13637.25,13646.75,1.0,-0.0031067819221842,0.0006966213862764,17.5,1
2022-08-17,13528.5,13490.25,1.0,-0.0086650667741403,-0.0028273644528218,17.5,2
2022-08-18,13496.25,13526.75,1.0,0.0004447656640906,0.0022598870056496,17.5,3
2022-08-19,13398.75,13262.0,1.0,-0.0094627312547359,-0.0102061759492489,17.5,4
2022-08-22,13077.5,12913.0,3.0,-0.0139119288191825,-0.0125788568151404,65.5,0
2022-08-23,12916.0,12901.75,1.0,0.0002323240145589,-0.0011032827500774,17.5,1
2022-08-24,12899.25,12932.0,1.0,-0.0001937721626911,0.0025389073008119,17.5,2
2022-08-25,13007.25,13153.75,1.0,0.005818898855552,0.0112629495089278,17.5,3
2022-08-26,13137.0,12613.75,1.0,-0.0012734011213532,-0.039830250437695,17.5,4
2022-08-29,12510.0,12494.5,3.0,-0.0082251511247646,-0.0012390087929656,65.5,0
2022-08-30,12563.5,12361.0,1.0,0.0055224298691425,-0.0161181199506507,17.5,1
2022-08-31,12443.5,12292.25,1.0,0.0066742172963352,-0.0121549403302929,17.5,2
2022-09-01,12179.75,12281.75,1.0,-0.0091521080355508,0.0083745561279993,17.5,3
2022-09-02,12382.5,12111.0,1.0,0.008203228367293,-0.0219261053906723,17.5,4
2022-09-06,12159.75,12011.0,4.0,0.0040252662868467,-0.0122329817636053,89.5,1
2022-09-07,12043.5,12258.0,1.0,0.0027058529681125,0.0178104371652758,17.5,2
2022-09-08,12141.0,12336.25,1.0,-0.0095447870778266,0.0160818713450292,17.5,3
2022-09-09,12434.0,12587.5,1.0,0.0079238018036276,0.0123451825639375,17.5,4
2022-09-12,12660.75,12750.5,3.0,0.0058192651439921,0.0070888375491182,65.5,0
2022-09-13,12386.5,12051.0,1.0,-0.0285479000823497,-0.0270859403382714,17.5,1
2022-09-14,12079.0,12143.5,1.0,0.0023234586341382,0.0053398460137428,17.5,2
2022-09-15,12052.0,11946.0,1.0,-0.00753489521143,-0.0087952207102555,17.5,3
2022-09-19,11836.0,12035.0,4.0,-0.009208103130755,0.0168131125380195,89.5,0
2022-09-20,11922.25,11930.75,1.0,-0.0093685085168259,0.000712952672524,17.5,1
2022-09-21,11970.0,11692.5,1.0,0.003289818326593,-0.0231829573934837,17.5,2
2022-09-22,11678.5,11557.0,1.0,-0.0011973487278169,-0.0104037333561672,17.5,3
2022-09-23,11448.0,11381.0,1.0,-0.0094315133685212,-0.0058525506638714,17.5,4
2022-09-26,11376.0,11313.75,3.0,-0.0004393287057375,-0.005472046413502,65.5,0
2022-09-27,11465.25,11328.0,1.0,0.0133907855485582,-0.0119709557140054,17.5,1
2022-09-28,11328.0,11557.0,1.0,0.0,0.0202153954802259,17.5,2
2022-09-29,11391.5,11242.5,1.0,-0.0143203253439473,-0.0130799280165034,17.5,3
2022-09-30,11202.5,11048.5,1.0,-0.003557927507227,-0.013746931488507,17.5,4
2022-10-03,11114.5,11303.25,3.0,0.0059736615830203,0.0169823203922803,65.5,0
2022-10-04,11522.0,11640.0,1.0,0.0193528409970584,0.0102412775559799,17.5,1
2022-10-05,11500.0,11644.75,1.0,-0.0120274914089346,0.0125869565217391,17.5,2
2022-10-06,11606.25,11542.0,1.0,-0.0033062109534339,-0.0055358104469575,17.5,3
2022-10-07,11327.25,11099.0,1.0,-0.0186059608386761,-0.0201505219713522,17.5,4
2022-10-10,11115.75,10987.25,3.0,0.0015091449680151,-0.0115601736275104,65.5,0
2022-10-11,10912.0,10847.25,1.0,-0.0068488475278163,-0.0059338343108504,17.5,1
2022-10-12,10848.0,10843.0,1.0,6.914194842000398e-05,-0.0004609144542773,17.5,2
2022-10-13,10535.25,11084.25,1.0,-0.0283823665037351,0.0521107709831281,17.5,3
2022-10-14,11184.75,10750.25,1.0,0.0090669192773529,-0.0388475379422874,17.5,4
2022-10-17,11028.0,11116.75,3.0,0.0258366084509662,0.0080476967718534,65.5,0
2022-10-18,11407.75,11214.5,1.0,0.0261767153169767,-0.0169402379960991,17.5,1
2022-10-19,11154.25,11157.25,1.0,-0.0053725088055642,0.0002689557791872,17.5,2
2022-10-20,11134.0,11096.0,1.0,-0.0020838468260547,-0.0034129692832765,17.5,3
2022-10-21,11019.75,11367.25,1.0,-0.0068718457101658,0.0315342907053244,17.5,4
2022-10-24,11351.0,11481.75,3.0,-0.0014295454045613,0.011518808915514,65.5,0
2022-10-25,11539.75,11696.0,1.0,0.0050514947634288,0.0135401546827271,17.5,1
2022-10-26,11444.5,11455.75,1.0,-0.0215030779753762,0.0009830049368693,17.5,2
2022-10-27,11449.25,11245.0,1.0,-0.0005674006503284,-0.0178395964801187,17.5,3
2022-10-28,11234.25,11591.0,1.0,-0.0009559804357491,0.0317555689075816,17.5,4
2022-10-31,11504.75,11446.25,3.0,-0.0074411181088775,-0.005084856255025,65.5,0
2022-11-01,11602.75,11329.75,1.0,0.013672600196571,-0.0235289047855034,17.5,1
2022-11-02,11326.25,10920.25,1.0,-0.0003089212030273,-0.0358459331199646,17.5,2
2022-11-03,10798.5,10725.5,1.0,-0.0111490121563151,-0.0067601981756725,17.5,3
2022-11-04,10945.5,10898.5,1.0,0.0205118642487529,-0.0042940021013201,17.5,4
2022-11-07,10963.5,11017.5,3.0,0.0059641235032343,0.0049254343959501,65.5,0
2022-11-08,11055.25,11079.25,1.0,0.0034263671431813,0.0021709142715,17.5,1
2022-11-09,11008.75,10833.0,1.0,-0.0063632466096531,-0.0159645736346087,17.5,2
2022-11-10,11384.0,11622.75,1.0,0.050863103480107,0.020972417427969,17.5,3
2022-11-11,11612.75,11837.0,1.0,-0.0008603815792304,0.0193106714602484,17.5,4
2022-11-14,11766.75,11754.0,3.0,-0.0059347807721551,-0.0010835617311492,65.5,0
2022-11-15,12022.75,11921.75,1.0,0.0228645567466394,-0.0084007402632508,17.5,1
2022-11-16,11820.5,11746.5,1.0,-0.0084928806592992,-0.0062603104775601,17.5,2
2022-11-17,11563.75,11715.25,1.0,-0.0155578257353253,0.0131012863474218,17.5,3
2022-11-18,11812.5,11710.75,1.0,0.0083011459422548,-0.0086137566137566,17.5,4
2022-11-21,11672.0,11588.5,3.0,-0.0033089255598488,-0.0071538725154215,65.5,0
2022-11-22,11608.0,11747.0,1.0,0.0016827026793804,0.0119745003445899,17.5,1
2022-11-23,11754.25,11870.25,1.0,0.0006171788541755,0.0098687708701108,17.5,2
2022-11-28,11718.0,11618.0,5.0,-0.0128261831048208,-0.0085338795016214,113.5,0
2022-11-29,11614.5,11521.0,1.0,-0.0003012566706833,-0.0080502819751172,17.5,1
2022-11-30,11535.5,12037.75,1.0,0.0012585713045742,0.0435395084738416,17.5,2
2022-12-01,12037.0,12054.25,1.0,-6.230400199369601e-05,0.001433081332558,17.5,3
2022-12-02,11875.25,12001.5,1.0,-0.014849534396582,0.0106313551293657,17.5,4
2022-12-05,11927.5,11807.75,3.0,-0.0061658959296754,-0.0100398239362816,65.5,0
2022-12-06,11800.25,11558.0,1.0,-0.0006351760496283,-0.0205292260757187,17.5,1
2022-12-07,11526.25,11513.0,1.0,-0.0027470150545076,-0.0011495499403535,17.5,2
2022-12-08,11562.75,11644.0,1.0,0.0043212021193432,0.0070268750945925,17.5,3
2022-12-09,11614.25,11569.25,1.0,-0.0025549639299209,-0.0038745506597498,17.5,4
2022-12-12,11591.75,11695.25,3.0,0.0019448105970567,0.008928763991632,65.5,0
2022-12-13,12157.0,11837.0,1.0,0.0394818409183215,-0.0263222834580899,17.5,1
2022-12-14,11830.25,11740.0,1.0,-0.0005702458393174,-0.0076287483358339,17.5,2
2022-12-15,11583.0,11358.5,1.0,-0.013373083475298,-0.019381852715186,17.5,3
2022-12-19,11330.0,11195.5,4.0,-0.0025091341286261,-0.0118711385701677,89.5,0
2022-12-20,11120.5,11186.25,1.0,-0.006699120182216,0.0059125039341756,17.5,1
2022-12-21,11229.5,11335.25,1.0,0.0038663537825456,0.0094171601585111,17.5,2
2022-12-22,11196.5,11068.25,1.0,-0.0122405769612492,-0.0114544723797614,17.5,3
2022-12-23,11011.75,11071.5,1.0,-0.0051046913468705,0.0054260222035553,17.5,4
2022-12-27,11033.75,10930.0,4.0,-0.0034096554215778,-0.0094029681658547,89.5,1
2022-12-28,10886.75,10772.0,1.0,-0.0039569990850869,-0.010540335729212,17.5,2
2022-12-29,10882.5,11034.0,1.0,0.0102580764946156,0.0139214334941419,17.5,3
2022-12-30,10921.25,11015.25,1.0,-0.0102184158056914,0.008607073366144,17.5,4
2023-01-03,11100.75,10933.25,4.0,0.0077619663648125,-0.0150890705582955,89.5,1
2023-01-04,11006.0,10985.75,1.0,0.0066540141312052,-0.0018399055060875,17.5,2
2023-01-05,10914.5,10828.5,1.0,-0.0064856746239446,-0.0078794264510513,17.5,3
2023-01-06,10874.25,11115.0,1.0,0.0042249619060812,0.0221394578936477,17.5,4
2023-01-09,11220.75,11179.75,3.0,0.0095141700404859,-0.0036539447006661,65.5,0
2023-01-10,11149.25,11282.0,1.0,-0.0027281468726939,0.0119066304908401,17.5,1
2023-01-11,11338.75,11468.5,1.0,0.0050301365006204,0.0114430603020614,17.5,2
2023-01-12,11515.0,11532.0,1.0,0.0040545842961154,0.0014763352149369,17.5,3
2023-01-13,11437.75,11602.25,1.0,-0.0081729101630246,0.0143821992961903,17.5,4
2023-01-17,11606.75,11634.0,4.0,0.000387855803831,0.0023477717707367,89.5,1
2023-01-18,11715.75,11478.75,1.0,0.0070268179473955,-0.0202291786697395,17.5,2
2023-01-19,11424.25,11400.75,1.0,-0.0047479037351627,-0.002057027813642,17.5,3
2023-01-20,11410.75,11664.25,1.0,0.000877135276188,0.0222158929080034,17.5,4
2023-01-23,11694.25,11917.5,3.0,0.0025719613348478,0.0190905787032087,65.5,0
2023-01-24,11845.75,11914.75,1.0,-0.0060205580029368,0.0058248738999218,17.5,1
2023-01-25,11688.0,11881.75,1.0,-0.0190310329633437,0.0165768309377138,17.5,2
2023-01-26,12038.25,12103.0,1.0,0.013171460433017,0.0053786887629014,17.5,3
2023-01-27,12066.0,12227.0,1.0,-0.0030570932826572,0.0133432786341787,17.5,4
2023-01-30,12104.25,11982.75,3.0,-0.0100392573812054,-0.0100377966416754,65.5,0
2023-01-31,11994.25,12144.5,1.0,0.0009597129206568,0.0125268357754757,17.5,1
2023-02-01,12147.75,12404.25,1.0,0.0002676108526493,0.0211150213002406,17.5,2
2023-02-02,12720.5,12847.25,1.0,0.0254952939516697,0.0099642309657639,17.5,3
2023-02-03,12590.0,12623.25,1.0,-0.0200237404892097,0.0026409849086577,17.5,4
2023-02-06,12522.0,12516.25,3.0,-0.0080209137900303,-0.0004591918223926,65.5,0
2023-02-07,12510.25,12758.0,1.0,-0.0004793768101467,0.0198037609160488,17.5,1
2023-02-08,12720.75,12542.0,1.0,-0.0029197366358363,-0.0140518444274119,17.5,2
2023-02-09,12704.25,12429.0,1.0,0.0129365332482858,-0.0216659779207745,17.5,3
2023-02-10,12374.25,12341.0,1.0,-0.0044050205165339,-0.0026870315372649,17.5,4
2023-02-13,12381.0,12545.25,3.0,0.0032412284255733,0.013266295129634,65.5,0
2023-02-14,12428.25,12624.5,1.0,-0.0093262390147665,0.0157906382636332,17.5,1
2023-02-15,12569.5,12726.75,1.0,-0.0043566081825022,0.0125104419427979,17.5,2
2023-02-16,12535.25,12474.75,1.0,-0.0150470465751272,-0.0048263895813804,17.5,3
2023-02-17,12388.5,12386.0,1.0,-0.0069139662117477,-0.000201800056504,17.5,4
2023-02-21,12234.0,12107.0,4.0,-0.0122719199095753,-0.0103809056727154,89.5,1
2023-02-22,12131.75,12107.5,1.0,0.0020442719088131,-0.0019988872174253,17.5,2
2023-02-23,12243.5,12208.5,1.0,0.0112327069997935,-0.002858659696982,17.5,3
2023-02-24,12003.75,11995.25,1.0,-0.0167711021009951,-0.0007081120483182,17.5,4
2023-02-27,12138.0,12092.25,3.0,0.0119005439653196,-0.0037691547207118,65.5,0
2023-02-28,12064.25,12050.25,1.0,-0.0023155326758874,-0.0011604534057235,17.5,1
2023-03-01,12041.5,11959.25,1.0,-0.0007261260139831,-0.006830544367396,17.5,2
2023-03-02,11864.0,12065.25,1.0,-0.0079645462717143,0.0169630815913688,17.5,3
2023-03-03,12122.5,12308.75,1.0,0.0047450322206337,0.0153639925757889,17.5,4
2023-03-06,12373.5,12323.0,3.0,0.0052604854270337,-0.0040813027841758,65.5,0
2023-03-07,12322.5,12174.25,1.0,-4.057453542161138e-05,-0.0120308378981537,17.5,1
2023-03-08,12207.0,12225.0,1.0,0.0026901041131897,0.0014745637748831,17.5,2
2023-03-09,12248.75,12016.25,1.0,0.0019427402862985,-0.0189815287274212,17.5,3
2023-03-10,11994.25,11845.75,1.0,-0.0018308540518048,-0.0123809325301706,17.5,4
2023-03-13,11786.5,11927.5,3.0,-0.0050017938923242,0.0119628388410468,65.5,0
2023-03-14,12091.75,12201.0,1.0,0.0137706979668832,0.0090350859056795,17.5,1
2023-03-15,12103.5,12262.0,1.0,-0.0079911482665355,0.013095385632255,17.5,2
2023-03-16,12215.5,12571.75,1.0,-0.0037922035557005,0.0291637673447668,17.5,3
2023-03-20,12630.5,12687.25,4.0,0.0046731759699325,0.004493092118285,89.5,0
2023-03-21,12791.5,12878.25,1.0,0.0082169106780429,0.0067818473204863,17.5,1
2023-03-22,12869.25,12707.75,1.0,-0.0006988527167899,-0.0125492938593935,17.5,2
2023-03-23,12875.75,12832.25,1.0,0.0132202789636246,-0.0033784439741374,17.5,3
2023-03-24,12824.0,12898.0,1.0,-0.0006429114145999,0.0057704304429195,17.5,4
2023-03-27,12915.25,12801.0,3.0,0.0013374166537447,-0.0088461315111979,65.5,0
2023-03-28,12764.75,12733.5,1.0,-0.0028318100148425,-0.0024481482206858,17.5,1
2023-03-29,12892.5,12961.5,1.0,0.0124867475556602,0.0053519488074462,17.5,2
2023-03-30,13052.25,13087.75,1.0,0.0070015044555027,0.0027198375758967,17.5,3
2023-03-31,13093.25,13294.25,1.0,0.0004202403010449,0.0153514215339964,17.5,4
2023-04-03,13200.75,13262.75,3.0,-0.0070331158207496,0.0046967028388538,65.5,0
2023-04-04,13282.75,13224.75,1.0,0.0015079828843942,-0.0043665656584668,17.5,1
2023-04-05,13176.25,13076.75,1.0,-0.0036673661127809,-0.007551465705341,17.5,2
2023-04-06,13006.25,13166.5,1.0,-0.0053912478253388,0.0123209995194617,17.5,3
2023-04-10,13041.5,13161.25,4.0,-0.0094937910606462,0.0091822259709388,89.5,0
2023-04-11,13136.5,13081.75,1.0,-0.0018805204672808,-0.004167776805085,17.5,1
2023-04-12,13137.75,12957.75,1.0,0.004280772832381,-0.0137009761945539,17.5,2
2023-04-13,13035.0,13202.5,1.0,0.0059616831625861,0.0128500191791331,17.5,3
2023-04-14,13153.75,13183.0,1.0,-0.0036924824843779,0.0022237004656466,17.5,4
2023-04-17,13153.0,13191.5,3.0,-0.0022756580444511,0.0029270888770622,65.5,0
2023-04-18,13266.25,13155.0,1.0,0.0056665276882841,-0.0083859417695278,17.5,1
2023-04-19,13094.75,13176.25,1.0,-0.0045800076016723,0.0062238683441837,17.5,2
2023-04-20,13064.25,13083.75,1.0,-0.0085001423014894,0.0014926229978757,17.5,3
2023-04-21,13047.0,13092.75,1.0,-0.0028088277443393,0.0035065532306277,17.5,4
2023-04-24,13075.25,13062.5,3.0,-0.0013366175937064,-0.0009751247586088,65.5,0
2023-04-25,12989.5,12819.0,1.0,-0.0055885167464114,-0.0131259863736094,17.5,1
2023-04-26,12934.25,12890.75,1.0,0.0089905608861846,-0.0033631636932949,17.5,2
2023-04-27,13029.25,13224.0,1.0,0.0107441382386594,0.0149471381698869,17.5,3
2023-04-28,13238.75,13332.5,1.0,0.0011153962492438,0.0070814842791049,17.5,4
2023-05-01,13304.5,13311.25,3.0,-0.0021001312582036,0.0005073471381862,65.5,0
2023-05-02,13287.75,13183.5,1.0,-0.0017654239834726,-0.007845572049444,17.5,1
2023-05-03,13201.75,13099.75,1.0,0.0013843061402509,-0.007726248414036,17.5,2
2023-05-04,13068.75,13039.25,1.0,-0.0023664573751407,-0.0022572931611668,17.5,3
2023-05-05,13129.0,13318.0,1.0,0.006883064593439,0.0143956127656332,17.5,4
2023-05-08,13301.75,13343.25,3.0,-0.0012201531761525,0.003119890240006,65.5,0
2023-05-09,13287.0,13266.25,1.0,-0.004215614636614,-0.0015616768269737,17.5,1
2023-05-10,13373.25,13415.75,1.0,0.0080655799491189,0.0031779859046978,17.5,2
2023-05-11,13423.75,13444.25,1.0,0.000596314033878,0.0015271440543811,17.5,3
2023-05-12,13467.75,13392.5,1.0,0.0017479591646987,-0.005587421803939,17.5,4
2023-05-15,13403.0,13465.5,3.0,0.0007840209072242,0.0046631351190031,65.5,0
2023-05-16,13453.75,13485.5,1.0,-0.0008726003490401,0.0023599368205891,17.5,1
2023-05-17,13532.75,13638.5,1.0,0.0035037633013237,0.0078143762354288,17.5,2
2023-05-18,13664.5,13898.25,1.0,0.0019063680023463,0.0171063705221559,17.5,3
2023-05-19,13900.25,13856.5,1.0,0.0001439030093717,-0.0031474254060178,17.5,4
2023-05-22,13859.25,13908.5,3.0,0.0001984628152853,0.0035535833468622,65.5,0
2023-05-23,13829.75,13725.75,1.0,-0.0056620052485889,-0.0075200202462083,17.5,1
2023-05-24,13635.25,13649.0,1.0,-0.006593446624046,0.0010084156872811,17.5,2
2023-05-25,13928.5,13980.5,1.0,0.0204776906733092,0.0037333524787306,17.5,3
2023-05-26,14026.25,14342.0,1.0,0.0032724151496728,0.0225113626236521,17.5,4
2023-05-30,14520.5,14400.25,4.0,0.0124459629061497,-0.0082813952687579,89.5,1
2023-05-31,14338.25,14309.75,1.0,-0.0043054808076248,-0.0019876902690356,17.5,2
2023-06-01,14304.0,14474.0,1.0,-0.0004018239312356,0.0118847874720358,17.5,3
2023-06-02,14580.25,14581.75,1.0,0.0073407489291141,0.0001028788943948,17.5,4
2023-06-05,14581.0,14587.0,3.0,-5.143415570829646e-05,0.0004114944105342,65.5,0
2023-06-06,14543.0,14584.25,1.0,-0.0030163844519092,0.0028364161452245,17.5,1
2023-06-07,14625.75,14333.25,1.0,0.0028455354234877,-0.0199989744115686,17.5,2
2023-06-08,14348.75,14496.75,1.0,0.001081401636056,0.0103144873246798,17.5,3
2023-06-09,14557.5,14563.5,1.0,0.0041905944435822,0.0004121586810921,17.5,4
2023-06-12,14621.25,14807.5,3.0,0.0039653929343907,0.0127383089681114,65.5,0
2023-06-13,14909.25,14905.75,1.0,0.0068715178119196,-0.0002347535925684,17.5,1
2023-06-14,14891.25,15023.5,1.0,-0.0009727789611391,0.0088810543104171,17.5,2
2023-06-15,14969.5,15187.5,1.0,-0.0035943688221785,0.0145629446541299,17.5,3
2023-06-20,15224.5,15243.25,5.0,0.0024362139917695,0.0012315675391638,113.5,1
2023-06-21,15179.0,15058.0,1.0,-0.0042149804011611,-0.0079715396271163,17.5,2
2023-06-22,14975.0,15213.0,1.0,-0.005512020188604,0.0158931552587646,17.5,3
2023-06-23,15047.5,15058.75,1.0,-0.0108788536120423,0.0007476324970925,17.5,4
2023-06-26,15041.0,14875.75,3.0,-0.0011787166929525,-0.0109866365268266,65.5,0
2023-06-27,14928.25,15100.0,1.0,0.0035292338201435,0.0115050324050038,17.5,1
2023-06-28,15047.5,15157.5,1.0,-0.0034768211920529,0.0073101844160159,17.5,2
2023-06-29,15121.25,15104.75,1.0,-0.0023915553356423,-0.0010911796313135,17.5,3
2023-06-30,15240.5,15315.0,1.0,0.0089872391135239,0.0048882910665659,17.5,4
2023-07-05,15328.5,15359.0,5.0,0.0008814887365327,0.0019897576409955,113.5,2
2023-07-06,15203.75,15234.25,1.0,-0.0101080799531219,0.0020060840253226,17.5,3
2023-07-07,15216.5,15193.5,1.0,-0.0011651377652329,-0.0015115171031445,17.5,4
2023-07-10,15202.5,15193.0,3.0,0.0005923585743903,-0.0006248972208517,65.5,0
2023-07-11,15197.0,15250.5,1.0,0.00026327914171,0.0035204316641441,17.5,1
2023-07-12,15424.75,15458.75,1.0,0.0114258548900036,0.0022042496636898,17.5,2
2023-07-13,15552.75,15710.5,1.0,0.00608069863346,0.0101429007731752,17.5,3
2023-07-14,15747.5,15700.0,1.0,0.0023551128226344,-0.0030163518018733,17.5,4
2023-07-17,15756.75,15828.0,3.0,0.0036146496815285,0.004521871578847,65.5,0
2023-07-18,15789.75,15966.25,1.0,-0.0024166034874905,0.0111781377159232,17.5,1
2023-07-19,16021.5,15949.5,1.0,0.0034604243325764,-0.0044939612395843,17.5,2
2023-07-20,15844.0,15592.75,1.0,-0.0066146274177874,-0.0158577379449633,17.5,3
2023-07-21,15664.5,15546.25,1.0,0.004601497490821,-0.0075489163394937,17.5,4
2023-07-24,15607.25,15565.0,3.0,0.0039237758301842,-0.0027070752374697,65.5,0
2023-07-25,15595.25,15649.25,1.0,0.0019434628975265,0.0034625927766467,17.5,1
2023-07-26,15637.5,15615.75,1.0,-0.0007508347045385,-0.0013908872901678,17.5,2
2023-07-27,15830.25,15572.0,1.0,0.0137361317900197,-0.0163137031948327,17.5,3
2023-07-28,15730.0,15837.0,1.0,0.0101464166452607,0.0068022886204703,17.5,4
2023-07-31,15866.75,15867.25,3.0,0.0018785123445097,3.151243953558591e-05,65.5,0
2023-08-01,15781.25,15814.25,1.0,-0.0054199688036679,0.0020910891089109,17.5,1
2023-08-02,15654.5,15466.75,1.0,-0.0101016488293785,-0.011993356542847,17.5,2
2023-08-03,15378.25,15434.25,1.0,-0.0057219519291382,0.0036415066733861,17.5,3
2023-08-04,15518.0,15363.25,1.0,0.0054262435816447,-0.0099722902435881,17.5,4
2023-08-07,15462.25,15481.75,3.0,0.0064439490342211,0.0012611359924978,65.5,0
2023-08-08,15371.5,15355.75,1.0,-0.0071212879680914,-0.0010246234915265,17.5,1
2023-08-09,15351.25,15193.25,1.0,-0.0002930498347524,-0.0102923214721928,17.5,2
2023-08-10,15289.25,15200.75,1.0,0.0063185954288911,-0.0057883807250191,17.5,3
2023-08-11,15078.0,15105.5,1.0,-0.0080752594444353,0.0018238493168856,17.5,4
2023-08-14,15051.25,15270.0,3.0,-0.0035914071033729,0.014533676604933,65.5,0
2023-08-15,15224.0,15107.0,1.0,-0.0030124426981008,-0.0076852338413031,17.5,1
2023-08-16,15081.0,14940.75,1.0,-0.0017210564638908,-0.0092997811816192,17.5,2
2023-08-17,14998.0,14768.75,1.0,0.0038318022856951,-0.015285371382851,17.5,3
2023-08-18,14648.5,14766.25,1.0,-0.0081421921286499,0.008038365702973,17.5,4
2023-08-21,14813.75,14975.25,3.0,0.003216795056294,0.0109020335836638,65.5,0
2023-08-22,15072.0,14962.5,1.0,0.006460660089147,-0.007265127388535,17.5,1
2023-08-23,15020.75,15200.25,1.0,0.0038930659983291,0.0119501356456901,17.5,2
2023-08-24,15314.75,14857.25,1.0,0.0075327708425847,-0.0298731614946374,17.5,3
2023-08-25,14920.75,14988.25,1.0,0.0042740076393679,0.004523901278421,17.5,4
2023-08-28,15065.25,15090.0,3.0,0.0051373575967841,0.001642853586897,65.5,0
2023-08-29,15078.25,15418.0,1.0,-0.0007786613651424,0.0225324556894865,17.5,1
2023-08-30,15421.5,15495.5,1.0,0.0002270073939552,0.0047984956067828,17.5,2
2023-08-31,15519.0,15540.25,1.0,0.0015165693265786,0.0013692892583285,17.5,3
2023-09-01,15636.0,15515.75,1.0,0.0061614195395827,-0.0076905858275774,17.5,4
2023-09-05,15478.25,15538.25,4.0,-0.0024168989575109,0.003876407216578,89.5,1
2023-09-06,15480.0,15395.5,1.0,-0.0037488134120637,-0.0054586563307493,17.5,2
2023-09-07,15191.0,15267.0,1.0,-0.0132831022051898,0.0050029622802976,17.5,3
2023-09-08,15292.75,15299.25,1.0,0.0016866443964105,0.0004250380082064,17.5,4
2023-09-11,15433.5,15479.25,3.0,0.0087749399480365,0.0029643308387599,65.5,0
2023-09-12,15392.0,15304.75,1.0,-0.00563657799958,-0.0056685291060291,17.5,1
2023-09-13,15330.25,15371.25,1.0,0.0016661493980627,0.0026744508406582,17.5,2
2023-09-14,15410.5,15482.75,1.0,0.0025534683256078,0.004688361831219,17.5,3
2023-09-18,15367.5,15418.5,4.0,-0.0074437680644587,0.0033186920448999,89.5,0
2023-09-19,15339.5,15385.5,1.0,-0.0051237150176736,0.0029987939632973,17.5,1
2023-09-20,15390.25,15149.25,1.0,0.0003087322478958,-0.015659264794269,17.5,2
2023-09-21,15007.5,14860.0,1.0,-0.009356898856379,-0.0098284191237714,17.5,3
2023-09-22,14916.0,14885.0,1.0,0.0037685060565275,-0.0020783051756503,17.5,4
2023-09-25,14828.25,14944.0,3.0,-0.0038125629828686,0.0078060458921316,65.5,0
2023-09-26,14833.25,14711.75,1.0,-0.0074110010706638,-0.0081910572531306,17.5,1
2023-09-27,14770.75,14752.25,1.0,0.0040103998504597,-0.0012524753313135,17.5,2
2023-09-28,14677.25,14856.0,1.0,-0.0050839702418274,0.0121787119521707,17.5,3
2023-09-29,14992.75,14867.25,1.0,0.0092050350026924,-0.008370712511047,17.5,4
2023-10-02,14854.0,14995.5,3.0,-0.0008912206359615,0.009526053588259,65.5,0
2023-10-03,14894.5,14729.5,1.0,-0.0067353539395151,-0.0110779146664876,17.5,1
2023-10-04,14774.75,14906.0,1.0,0.0030720662615839,0.0088833990422849,17.5,2
2023-10-05,14902.25,14868.25,1.0,-0.0002515765463572,-0.0022815346675837,17.5,3
2023-10-06,14759.25,15117.25,1.0,-0.0073310577909303,0.0242559750664836,17.5,4
2023-10-09,15005.0,15190.5,3.0,-0.0074252922985331,0.0123625458180607,65.5,0
2023-10-10,15194.75,15275.25,1.0,0.0002797801257363,0.0052978824923082,17.5,1
2023-10-11,15346.25,15384.5,1.0,0.0046480417669105,0.0024924655860552,17.5,2
2023-10-12,15384.5,15320.25,1.0,0.0,-0.0041762813221098,17.5,3
2023-10-13,15354.25,15115.25,1.0,0.0022192849333397,-0.0155657228454662,17.5,4
2023-10-16,15175.0,15288.25,3.0,0.0039529614131423,0.0074629324546953,65.5,0
2023-10-17,15130.5,15243.0,1.0,-0.0103183817637728,0.0074353127788242,17.5,1
2023-10-18,15135.25,15058.75,1.0,-0.0070688184740537,-0.0050544259262318,17.5,2
2023-10-19,15103.75,14871.75,1.0,0.0029882958412883,-0.0153604237358272,17.5,3
2023-10-20,14836.5,14654.0,1.0,-0.0023702657723536,-0.0123007447848212,17.5,4
2023-10-23,14620.75,14719.0,3.0,-0.0022690050498157,0.0067199015098404,65.5,0
2023-10-24,14799.0,14883.25,1.0,0.0054351518445545,0.0056929522265016,17.5,1
2023-10-25,14727.0,14489.5,1.0,-0.0104983790502746,-0.016126841855096,17.5,2
2023-10-26,14408.5,14190.25,1.0,-0.0055902550122503,-0.0151473088801749,17.5,3
2023-10-27,14322.75,14281.0,1.0,0.0093373971564982,-0.0029149430102459,17.5,4
2023-10-30,14355.75,14418.5,3.0,0.0052342272950074,0.0043710708252791,65.5,0
2023-10-31,14404.5,14479.25,1.0,-0.0009709747893331,0.0051893505501752,17.5,1
2023-11-01,14528.0,14744.5,1.0,0.0033668870970526,0.014902257709251,17.5,2
2023-11-02,14921.75,14997.75,1.0,0.0120214317203024,0.0050932363831319,17.5,3
2023-11-03,15051.5,15182.5,1.0,0.0035838709139703,0.0087034514832409,17.5,4
2023-11-06,15233.25,15228.5,3.0,0.0033426642516054,-0.0003118178983473,65.5,0
2023-11-07,15278.0,15375.0,1.0,0.0032504842893259,0.0063489985600209,17.5,1
2023-11-08,15387.5,15381.5,1.0,0.0008130081300812,-0.0003899268887083,17.5,2
2023-11-09,15402.75,15258.5,1.0,0.0013815297597763,-0.0093652107578192,17.5,3
2023-11-10,15310.5,15599.5,1.0,0.0034079365599501,0.0188759348159759,17.5,4
2023-11-13,15529.75,15548.75,3.0,-0.0044712971569601,0.0012234582011945,65.5,0
2023-11-14,15816.25,15897.0,1.0,0.0172039553018732,0.0051055085750415,17.5,1
2023-11-15,15951.25,15887.0,1.0,0.003412593571114,-0.0040278975001959,17.5,2
2023-11-16,15849.5,15899.5,1.0,-0.0023604204695663,0.0031546736490111,17.5,3
2023-11-17,15863.75,15893.25,1.0,-0.0022484983804522,0.0018595855330549,17.5,4
2023-11-20,15922.75,16086.0,3.0,0.0018561338933194,0.0102526259597117,65.5,0
2023-11-21,15994.25,15984.5,1.0,-0.0057037175183389,-0.0006095940728699,17.5,1
2023-11-22,16101.0,16049.5,1.0,0.0072883105508461,-0.0031985590957083,17.5,2
2023-11-27,16035.0,16009.0,5.0,-0.0009034549362908,-0.0016214530714062,113.5,0
2023-11-28,15976.0,16047.75,1.0,-0.002061340495971,0.0044911116675012,17.5,1
2023-11-29,16159.5,16031.0,1.0,0.0069635930270599,-0.0079519787122126,17.5,2
2023-11-30,16028.25,15977.5,1.0,-0.0001715426361424,-0.0031662845288786,17.5,3
2023-12-01,15920.75,16018.75,1.0,-0.00355186981693,0.0061554889059873,17.5,4
2023-12-04,15861.0,15860.5,3.0,-0.0098478345688646,-3.152386356475301e-05,65.5,0
2023-12-05,15807.75,15918.75,1.0,-0.0033258724504271,0.0070218721829482,17.5,1
2023-12-06,16009.5,15818.75,1.0,0.005700824499411,-0.0119148005871513,17.5,2
2023-12-07,15923.0,16030.5,1.0,0.0065902805215329,0.0067512403441563,17.5,3
2023-12-08,15986.5,16096.75,1.0,-0.0027447677864071,0.0068964438745191,17.5,4
2023-12-11,16076.0,16237.75,3.0,-0.0012890800938077,0.0100615824832048,65.5,0
2023-12-12,16225.25,16366.5,1.0,-0.0007698110883589,0.008705566940417,17.5,1
2023-12-13,16416.0,16565.75,1.0,0.0030244707176243,0.0091221978557505,17.5,2
2023-12-14,16615.5,16552.25,1.0,0.0030031842808204,-0.0038066865276398,17.5,3
2023-12-18,16848.25,16926.5,4.0,0.0178827651829811,0.0046443992699538,89.5,0
2023-12-19,16974.75,17026.25,1.0,0.0028505597731367,0.0030339180253022,17.5,1
2023-12-20,16984.25,16768.25,1.0,-0.0024667792379413,-0.0127176648954178,17.5,2
2023-12-21,16945.5,16947.0,1.0,0.0105705723614568,8.851907586082675e-05,17.5,3
2023-12-22,17010.75,16984.5,1.0,0.0037617277394228,-0.0015431418367797,17.5,4
2023-12-26,17027.5,17087.75,4.0,0.0025317200977361,0.0035383937747761,89.5,1
2023-12-27,17116.0,17117.75,1.0,0.0016532311158579,0.0001022435148398,17.5,2
2023-12-28,17149.0,17099.0,1.0,0.0018255903959341,-0.0029156219021517,17.5,3
2023-12-29,17094.5,17010.25,1.0,-0.0002631732849873,-0.0049284857702769,17.5,4
2024-01-02,16869.0,16724.75,4.0,-0.0083038168163313,-0.0085511885707511,89.5,1
2024-01-03,16618.25,16537.0,1.0,-0.0063678081884631,-0.0048892031351074,17.5,2
2024-01-04,16467.0,16445.5,1.0,-0.0042329322126141,-0.0013056415862027,17.5,3
2024-01-05,16455.75,16461.5,1.0,0.0006232708035633,0.000349421934582,17.5,4
2024-01-08,16518.0,16801.5,3.0,0.0034322510099322,0.0171630948056664,65.5,0
2024-01-09,16682.75,16837.75,1.0,-0.0070678213254768,0.0092910341520433,17.5,1
2024-01-10,16862.5,16949.0,1.0,0.0014699113598908,0.0051297257227576,17.5,2
2024-01-11,17002.5,16961.0,1.0,0.0031565284087555,-0.0024408175268343,17.5,3
2024-01-12,17003.75,16967.25,1.0,0.002520488178763,-0.0021465853120634,17.5,4
2024-01-16,16932.5,16969.5,4.0,-0.0020480631805389,0.0021851469068359,89.5,1
2024-01-17,16823.5,16867.0,1.0,-0.0086036712926131,0.0025856688560643,17.5,2
2024-01-18,17029.75,17096.0,1.0,0.0096490187940949,0.0038902508844815,17.5,3
2024-01-19,17184.5,17446.5,1.0,0.0051766495086569,0.0152462975355698,17.5,4
2024-01-22,17542.5,17458.75,3.0,0.0055025363253373,-0.0047741199942995,65.5,0
2024-01-23,17478.0,17549.0,1.0,0.0011025989833177,0.0040622496853186,17.5,1
2024-01-24,17677.0,17628.5,1.0,0.0072938628981709,-0.0027436782259433,17.5,2
2024-01-25,17687.5,17644.0,1.0,0.0033468531071843,-0.0024593639575971,17.5,3
2024-01-26,17563.0,17524.5,1.0,-0.0045907957379278,-0.0021921084097249,17.5,4
2024-01-29,17537.5,17703.5,3.0,0.0007418185968215,0.0094654312188167,65.5,0
2024-01-30,17666.75,17596.5,1.0,-0.0020758607055102,-0.0039763963377531,17.5,1
2024-01-31,17395.25,17233.5,1.0,-0.0114369334810899,-0.0092985153993188,17.5,2
2024-02-01,17311.75,17426.25,1.0,0.0045405750427944,0.0066140049388421,17.5,3
2024-02-02,17502.75,17710.0,1.0,0.0043899289864428,0.0118409964148491,17.5,4
2024-02-05,17713.75,17685.0,3.0,0.000211744776962,-0.0016230329546256,65.5,0
2024-02-06,17764.0,17664.25,1.0,0.0044670624823297,-0.0056152893492457,17.5,1
2024-02-07,17762.0,17840.0,1.0,0.005533775846696,0.0043913973651614,17.5,2
2024-02-08,17828.0,17857.75,1.0,-0.0006726457399103,0.0016687233565177,17.5,3
2024-02-09,17894.75,18034.5,1.0,0.0020719295543951,0.007809553081211,17.5,4
2024-02-12,18022.0,17965.75,3.0,-0.0006931159721644,-0.0031211852180668,65.5,0
2024-02-13,17616.75,17676.25,1.0,-0.0194258519683285,0.0033774674670412,17.5,1
2024-02-14,17801.75,17874.25,1.0,0.0070999222120076,0.004072633308523,17.5,2
2024-02-15,17895.0,17919.0,1.0,0.0011608878694211,0.0013411567476948,17.5,3
2024-02-16,17918.0,17743.0,1.0,-5.5806685640980014e-05,-0.0097667150351601,17.5,4
2024-02-20,17677.5,17604.25,4.0,-0.003691596686017,-0.0041436854758873,89.5,1
2024-02-21,17484.25,17531.0,1.0,-0.0068165357797123,0.0026738350229491,17.5,2
2024-02-22,17888.75,18035.25,1.0,0.0204067081170498,0.0081895045768989,17.5,3
2024-02-23,18113.5,17977.25,1.0,0.0043387255513507,-0.0075220139674828,17.5,4
2024-02-26,18033.25,17968.5,3.0,0.0031150481859016,-0.0035905896053124,65.5,0
2024-02-27,18020.25,18014.0,1.0,0.0028800400701227,-0.0003468320361814,17.5,1
2024-02-28,17937.0,17912.0,1.0,-0.0042744532030642,-0.0013937670736466,17.5,2
2024-02-29,18049.75,18064.0,1.0,0.0076903751674854,0.0007894846189004,17.5,3
2024-03-01,18112.25,18324.75,1.0,0.0026710584588132,0.0117323910612983,17.5,4
2024-03-04,18314.25,18255.0,3.0,-0.0005729955388203,-0.0032351857160407,65.5,0
2024-03-05,18127.25,17939.0,1.0,-0.0069980827170638,-0.0103849177343502,17.5,1
2024-03-06,18118.75,18042.0,1.0,0.0100200680082502,-0.0042359434287685,17.5,2
2024-03-07,18178.5,18307.75,1.0,0.0075656800798138,0.007110047583684,17.5,3
2024-03-08,18311.5,18066.0,1.0,0.0002048312872964,-0.013406875460776,17.5,4
2024-03-11,17984.25,17979.5,3.0,-0.0045250747260046,-0.0002641199938835,65.5,0
2024-03-12,18083.5,18225.5,1.0,0.0057843655274061,0.0078524621892885,17.5,1
2024-03-13,18162.5,18083.25,1.0,-0.0034566952895668,-0.0043633860977287,17.5,2
2024-03-14,18107.25,18032.0,1.0,0.0013271950561983,-0.0041557939499371,17.5,3
2024-03-18,18295.0,18218.0,4.0,0.0145851818988465,-0.004208800218639,89.5,0
2024-03-19,18133.75,18276.5,1.0,-0.0046245471511692,0.0078720617632865,17.5,1
2024-03-20,18325.25,18472.25,1.0,0.0026673597242361,0.0080217186668667,17.5,2
2024-03-21,18673.5,18565.75,1.0,0.010894720459067,-0.0057702091198758,17.5,3
2024-03-22,18524.5,18568.75,1.0,-0.0022218332143867,0.0023887284407135,17.5,4
2024-03-25,18460.75,18517.0,3.0,-0.005816223493773,0.0030470051325108,65.5,0
2024-03-26,18564.75,18468.0,1.0,0.0025787114543391,-0.0052114895164222,17.5,1
2024-03-27,18556.75,18506.75,1.0,0.0048056097032704,-0.0026944373341236,17.5,2
2024-03-28,18488.75,18454.5,1.0,-0.0009726180988017,-0.001852477858157,17.5,3
2024-04-01,18488.0,18491.75,4.0,0.0018152754070823,0.0002028342708784,89.5,0
2024-04-02,18287.75,18334.75,1.0,-0.0110319466789243,0.0025700263837815,17.5,1
2024-04-03,18253.25,18387.0,1.0,-0.0044451110595999,0.007327462232753,17.5,2
2024-04-04,18535.25,18090.75,1.0,0.0080627617338335,-0.0239813328657557,17.5,3
2024-04-05,18143.0,18286.75,1.0,0.0028882163536614,0.007923165959323,17.5,4
2024-04-08,18318.75,18302.5,3.0,0.0017499008845203,-0.0008870692596383,65.5,0
2024-04-09,18393.25,18378.5,1.0,0.0049583390247234,-0.0008019246190857,17.5,1
2024-04-10,18128.25,18177.0,1.0,-0.0136164540087602,0.0026891729758802,17.5,2
2024-04-11,18261.25,18482.25,1.0,0.0046349782692414,0.0121021288246971,17.5,3
2024-04-12,18300.0,18188.5,1.0,-0.0098608124010874,-0.0060928961748634,17.5,4
2024-04-15,18309.25,17864.25,3.0,0.0066388102372378,-0.0243046547510138,65.5,0
2024-04-16,17862.75,17875.25,1.0,-8.396658130060963e-05,0.0006997802689956,17.5,1
2024-04-17,17931.0,17641.25,1.0,0.0031188374987762,-0.0161591656907033,17.5,2
2024-04-18,17674.0,17552.75,1.0,0.0018564444129525,-0.006860359850628,17.5,3
2024-04-19,17471.0,17175.75,1.0,-0.0046573898676846,-0.0168994333466887,17.5,4
2024-04-22,17288.75,17344.25,3.0,0.0065790431276655,0.0032101800303665,65.5,0
2024-04-23,17420.75,17604.0,1.0,0.0044106836559667,0.0105190649082271,17.5,1
2024-04-24,17736.25,17665.75,1.0,0.0075124971597364,-0.003974910141659,17.5,2
2024-04-25,17349.25,17619.0,1.0,-0.0179160239446386,0.0155482225456431,17.5,3
2024-04-26,17692.25,17846.0,1.0,0.0041574436687665,0.008690245729062,17.5,4
2024-04-29,17915.75,17925.0,3.0,0.0039084388658523,0.0005163054853969,65.5,0
2024-04-30,17832.25,17581.5,1.0,-0.0051743375174337,-0.0140616018730109,17.5,1
2024-05-01,17513.25,17457.75,1.0,-0.0038819213377697,-0.0031690291636332,17.5,2
2024-05-02,17579.75,17674.75,1.0,0.0069883003250705,0.0054039448797622,17.5,3
2024-05-03,17950.5,18012.5,1.0,0.0156013522114881,0.0034539427871089,17.5,4
2024-05-06,18051.25,18194.5,3.0,0.0021512838306732,0.0079357385222629,65.5,0
2024-05-07,18205.25,18199.25,1.0,0.0005908378905712,-0.0003295752598838,17.5,1
2024-05-08,18097.5,18178.25,1.0,-0.005590889734467,0.0044619422572178,17.5,2
2024-05-09,18200.25,18214.25,1.0,0.0012102375091112,0.0007692202030191,17.5,3
2024-05-10,18259.25,18247.75,1.0,0.0024705930795942,-0.0006298177635992,17.5,4
2024-05-13,18324.0,18296.0,3.0,0.0041785973613184,-0.0015280506439642,65.5,0
2024-05-14,18290.5,18412.25,1.0,-0.0003006121556624,0.0066564610043464,17.5,1
2024-05-15,18500.75,18681.25,1.0,0.0048065825741014,0.0097563612285989,17.5,2
2024-05-16,18681.25,18645.5,1.0,0.0,-0.0019136835061893,17.5,3
2024-05-17,18658.5,18623.25,1.0,0.000697219168164,-0.0018892193906262,17.5,4
2024-05-20,18641.75,18770.25,3.0,0.0009933819285032,0.0068931296686201,65.5,0
2024-05-21,18679.25,18794.25,1.0,-0.0048480973881541,0.0061565641018777,17.5,1
2024-05-22,18814.25,18813.0,1.0,0.0010641552602523,-6.643900235192568e-05,17.5,2
2024-05-23,18969.0,18691.25,1.0,0.0082921384149259,-0.0146423111392272,17.5,3
2024-05-24,18745.0,18874.25,1.0,0.0028756771216478,0.0068951720458789,17.5,4
2024-05-28,18921.25,18959.25,4.0,0.002490165172126,0.0020083239743673,89.5,1
2024-05-29,18797.5,18802.25,1.0,-0.0085314556219259,0.0002526931772841,17.5,2
2024-05-30,18745.5,18599.0,1.0,-0.0030182557938545,-0.0078152089834894,17.5,3
2024-05-31,18603.75,18596.5,1.0,0.0002553900747352,-0.0003897063764025,17.5,4
2024-06-03,18705.25,18650.25,3.0,0.0058478746000592,-0.0029403509709841,65.5,0
2024-06-04,18632.75,18693.0,1.0,-0.0009383252235224,0.0032335538232413,17.5,1
2024-06-05,18825.5,19067.5,1.0,0.0070882148397795,0.012854904252211,17.5,2
2024-06-06,19092.25,19057.5,1.0,0.0012980201914252,-0.0018201102541607,17.5,3
2024-06-07,19012.0,19039.5,1.0,-0.0023875114784205,0.0014464548706081,17.5,4
2024-06-10,18989.0,19100.5,3.0,-0.002652380577221,0.0058718205276739,65.5,0
2024-06-11,19061.0,19229.75,1.0,-0.0020680086908719,0.0088531556581501,17.5,1
2024-06-12,19380.5,19488.25,1.0,0.0078394154890208,0.0055597120817316,17.5,2
2024-06-13,19635.0,19600.75,1.0,0.0075301784408554,-0.0017443340972752,17.5,3
2024-06-14,19577.75,19682.5,1.0,-0.0011734244863079,0.0053504616209727,17.5,4
2024-06-17,19696.25,19917.5,3.0,0.0006985901181253,0.011233102747985,65.5,0
2024-06-18,19913.75,19925.5,1.0,-0.0001882766411447,0.000590044567196,17.5,1
2024-06-20,19976.25,19766.25,2.0,0.0025469875285437,-0.0105124835742443,41.5,3
2024-06-24,19917.75,19745.25,4.0,0.0076645797761336,-0.0086606167865346,89.5,0
2024-06-25,19832.5,19968.5,1.0,0.0044187842645699,0.006857430984495,17.5,1
2024-06-26,19924.75,19982.5,1.0,-0.0021909507474271,0.0028984052497522,17.5,2
2024-06-27,20016.0,20060.75,1.0,0.0016764669085449,0.0022357114308553,17.5,3
2024-06-28,20049.0,19945.25,1.0,-0.0005857208728486,-0.0051748216868672,17.5,4
2024-07-01,19967.25,20051.25,3.0,0.0011030195159249,0.0042068887803778,65.5,0
2024-07-02,19985.75,20245.75,1.0,-0.0032666292625147,0.0130092691042367,17.5,1
2024-07-05,20455.5,20613.0,3.0,0.0103601990541224,0.0076996406834348,65.5,4
2024-07-08,20628.75,20664.5,3.0,0.0007640809198079,0.0017330182391079,65.5,0
2024-07-09,20729.25,20682.25,1.0,0.0031333930170098,-0.0022673275685324,17.5,1
2024-07-10,20758.0,20891.0,1.0,0.0036625608915856,0.0064071683206474,17.5,2
2024-07-11,20883.25,20415.5,1.0,-0.0003709731463309,-0.0223983335927118,17.5,3
2024-07-12,20459.5,20546.5,1.0,0.0021552251965417,0.0042523033309709,17.5,4
2024-07-15,20619.75,20599.25,3.0,0.00356508407758,-0.0009941924611113,65.5,0
2024-07-16,20637.75,20596.5,1.0,0.0018690000849546,-0.0019987644001889,17.5,1
2024-07-17,20253.25,19969.5,1.0,-0.0166654528682057,-0.0140100971449026,17.5,2
2024-07-18,20125.25,19883.5,1.0,0.0077993940759657,-0.012012273139464,17.5,3
2024-07-19,19854.25,19726.0,1.0,-0.0014710689767898,-0.0064595741465932,17.5,4
2024-07-22,19909.75,19998.5,3.0,0.0093151171043293,0.0044576149876316,65.5,0
2024-07-23,19958.5,19941.75,1.0,-0.0020001500112508,-0.0008392414259588,17.5,1
2024-07-24,19632.0,19208.0,1.0,-0.0155327391026364,-0.0215973920130398,17.5,2
2024-07-25,19198.25,18988.5,1.0,-0.0005076009995834,-0.010925474978188,17.5,3
2024-07-26,19134.0,19173.75,1.0,0.0076625325855121,0.002077453747256,17.5,4
2024-07-29,19254.75,19213.75,3.0,0.004224525718756,-0.0021293447071502,65.5,0
2024-07-30,19258.0,18863.75,1.0,0.0023030381887971,-0.0204720116315297,17.5,1
2024-07-31,19361.5,19551.0,1.0,0.0263865880326021,0.0097874648141931,17.5,2
2024-08-01,19530.75,19026.75,1.0,-0.0010357526469234,-0.0258054606197918,17.5,3
2024-08-02,18635.5,18551.25,1.0,-0.0205631545061557,-0.0045209412143489,17.5,4
2024-08-05,17556.25,18051.5,3.0,-0.0536351997843811,0.0282093271626913,65.5,0
2024-08-06,18118.75,18161.75,1.0,0.0037254521784892,0.0023732321490168,17.5,1
2024-08-07,18487.0,17969.25,1.0,0.0179085165251144,-0.0280061664953751,17.5,2
2024-08-08,18233.75,18571.0,1.0,0.0147195904113972,0.0184959210255706,17.5,3
2024-08-09,18460.75,18606.5,1.0,-0.0059366754617413,0.0078951288544615,17.5,4
2024-08-12,18662.5,18654.0,3.0,0.0030097009109719,-0.0004554588077695,65.5,0
2024-08-13,18843.75,19087.5,1.0,0.0101720810550016,0.0129353233830846,17.5,1
2024-08-14,19163.0,19117.0,1.0,0.003955468238376,-0.0024004592182852,17.5,2
2024-08-15,19356.75,19587.5,1.0,0.0125411937019406,0.0119209061438516,17.5,3
2024-08-16,19465.5,19604.0,1.0,-0.0062284620293554,0.007115152449205,17.5,4
2024-08-19,19594.25,19844.5,3.0,-0.0004973474801061,0.0127716039144136,65.5,0
2024-08-20,19832.75,19821.75,1.0,-0.0005921036055329,-0.0005546381616265,17.5,1
2024-08-21,19843.5,19911.5,1.0,0.0010972795035755,0.0034268148260134,17.5,2
2024-08-22,20023.25,19586.0,1.0,0.0056123345805187,-0.0218371143545628,17.5,3
2024-08-23,19740.5,19784.5,1.0,0.0078882875523333,0.0022289202401155,17.5,4
2024-08-26,19768.25,19584.0,3.0,-0.0008213500467537,-0.009320501308917,65.5,0
2024-08-27,19514.0,19654.25,1.0,-0.0035743464052288,0.0071871476888387,17.5,1
2024-08-28,19653.75,19394.5,1.0,-2.543979037616939e-05,-0.0131908668829103,17.5,2
2024-08-29,19484.25,19401.5,1.0,0.0046276006084198,-0.0042470200289977,17.5,3
2024-08-30,19557.25,19599.75,1.0,0.0080277298147051,0.0021731071597488,17.5,4
2024-09-03,19453.0,19019.25,4.0,-0.0074873403997499,-0.0222973320310492,89.5,1
2024-09-04,18879.25,18961.0,1.0,-0.0073609632346175,0.0043301508269661,17.5,2
2024-09-05,18896.75,18982.5,1.0,-0.003388534360002,0.0045378173495442,17.5,3
2024-09-06,18957.75,18431.25,1.0,-0.0013038324772817,-0.0277722831032163,17.5,4
2024-09-09,18606.75,18694.75,3.0,0.0095218718209562,0.0047294664570654,65.5,0
2024-09-10,18771.5,18849.25,1.0,0.004105430669038,0.0041419172681991,17.5,1
2024-09-11,18860.5,19240.25,1.0,0.0005968407231056,0.0201346729938229,17.5,2
2024-09-12,19236.25,19450.25,1.0,-0.0002078975065292,0.0111248294236143,17.5,3
2024-09-13,19419.75,19519.75,1.0,-0.0015681032377475,0.0051493968768907,17.5,4
2024-09-16,19406.5,19430.0,3.0,-0.0058018161093251,0.0012109344807151,65.5,0
2024-09-17,19574.0,19442.5,1.0,0.0074112197632527,-0.0067180954327168,17.5,1
2024-09-18,19490.5,19352.25,1.0,0.0024688183104024,-0.0070931992509171,17.5,2
2024-09-19,19798.25,19845.0,1.0,0.0230464157914453,0.0023613198136198,17.5,3
2024-09-23,20077.75,20084.0,4.0,0.0117283950617284,0.0003112898606667,89.5,0
2024-09-24,20142.0,20166.0,1.0,0.0028878709420434,0.0011915400655346,17.5,1
2024-09-25,20160.75,20195.0,1.0,-0.0002603391847664,0.00169884552906,17.5,2
2024-09-26,20480.5,20349.25,1.0,0.0141371626640256,-0.0064085349478772,17.5,3
2024-09-27,20355.0,20217.0,1.0,0.0002825656965244,-0.0067796610169491,17.5,4
2024-09-30,20174.25,20246.0,3.0,-0.0021145570559429,0.0035565138728825,65.5,0
2024-10-01,20255.0,20006.5,1.0,0.0004445322532846,-0.0122685756603307,17.5,1
2024-10-02,19921.75,20013.75,1.0,-0.0042361232599404,0.0046180681918004,17.5,2
2024-10-03,19922.0,19992.25,1.0,-0.0045843482605708,0.0035262523842987,17.5,3
2024-10-04,20221.75,20223.25,1.0,0.0114794482862108,7.417755634397949e-05,17.5,4
2024-10-07,20139.75,20007.5,3.0,-0.0041289110306207,-0.0065666157722911,65.5,0
2024-10-08,20084.25,20286.75,1.0,0.0038360614769461,0.0100825273535232,17.5,1
2024-10-09,20284.0,20446.0,1.0,-0.0001355564592653,0.0079865904160914,17.5,2
2024-10-10,20347.75,20428.75,1.0,-0.0048053408979751,0.0039807841161798,17.5,3
2024-10-11,20325.75,20449.25,1.0,-0.0050419139692834,0.0060760365546166,17.5,4
2024-10-14,20554.75,20614.25,3.0,0.0051591134149173,0.0028947080358554,65.5,0
2024-10-15,20619.5,20351.0,1.0,0.000254678195908,-0.0130216542593176,17.5,1
2024-10-16,20343.25,20341.25,1.0,-0.0003808166674855,-9.831270814641968e-05,17.5,2
2024-10-17,20548.25,20386.0,1.0,0.010176365759233,-0.0078960495419317,17.5,3
2024-10-18,20452.25,20483.75,1.0,0.0032497792602765,0.0015401728416188,17.5,4
2024-10-21,20455.0,20518.5,3.0,-0.001403551595777,0.003104375458323,65.5,0
2024-10-22,20385.75,20524.0,1.0,-0.0064697711821039,0.0067816979998283,17.5,1
2024-10-23,20446.75,20209.25,1.0,-0.0037638861820308,-0.0116155379216745,17.5,2
2024-10-24,20340.25,20391.25,1.0,0.0064821801897645,0.0025073438133749,17.5,3
2024-10-25,20519.0,20497.25,1.0,0.006264942070741,-0.0010599931770554,17.5,4
2024-10-28,20585.0,20494.25,3.0,0.0042810620936954,-0.0044085499149866,65.5,0
2024-10-29,20494.0,20703.75,1.0,-1.2198543493879832e-05,0.0102347028398555,17.5,1
2024-10-30,20635.25,20497.5,1.0,-0.0033085793636418,-0.0066754703722998,17.5,2
2024-10-31,20333.75,20032.0,1.0,-0.0079887791194047,-0.0148398598389377,17.5,3
2024-11-01,20080.25,20164.5,1.0,0.0024086461661341,0.0041956648946104,17.5,4
2024-11-04,20125.0,20087.5,3.0,-0.0019588881450073,-0.0018633540372671,65.5,0
2024-11-05,20179.0,20346.25,1.0,0.0045550715619167,0.0082883195401159,17.5,1
2024-11-06,20679.0,20913.0,1.0,0.0163543650549855,0.0113158276512403,17.5,2
2024-11-07,21030.0,21221.75,1.0,0.0055946062257925,0.009117926771279,17.5,3
2024-11-08,21216.75,21239.75,1.0,-0.0002356073368124,0.0010840491592727,17.5,4
2024-11-11,21275.0,21211.75,3.0,0.0016596240539554,-0.0029729729729729,65.5,0
2024-11-12,21204.0,21190.0,1.0,-0.000365363536719,-0.0006602527824938,17.5,1
2024-11-13,21176.75,21164.5,1.0,-0.0006252949504482,-0.0005784645897033,17.5,2
2024-11-14,21161.75,21007.75,1.0,-0.0001299345602305,-0.0072772809432112,17.5,3
2024-11-15,20759.5,20513.75,1.0,-0.0118170675107995,-0.0118379537079409,17.5,4
2024-11-18,20536.5,20635.5,3.0,0.0011090122478825,0.0048206851216128,65.5,0
2024-11-19,20533.0,20783.25,1.0,-0.0049671682295073,0.0121876978522379,17.5,1
2024-11-20,20736.75,20772.5,1.0,-0.0022373786582945,0.0017239924289003,17.5,2
2024-11-21,20860.5,20827.5,1.0,0.0042363702009868,-0.0015819371539512,17.5,3
2024-11-22,20790.75,20857.25,1.0,-0.0017644940583363,0.0031985378112862,17.5,4
2024-11-25,20977.75,20878.75,3.0,0.0057773675820158,-0.0047192859100714,65.5,0
2024-11-26,20945.5,21001.75,1.0,0.0031970304735675,0.002685541047003,17.5,1
2024-11-27,20892.25,20822.75,1.0,-0.0052138512266834,-0.003326592396702,17.5,2
2024-12-02,21061.5,21222.75,5.0,0.0114658246389165,0.007656149846877,113.5,0
2024-12-03,21143.5,21278.5,1.0,-0.0037342003274787,0.0063849409984155,17.5,1
2024-12-04,21425.75,21530.0,1.0,0.0069201306483068,0.0048656406426845,17.5,2
2024-12-05,21523.75,21464.0,1.0,-0.0002902926149558,-0.0027760032522213,17.5,3
2024-12-06,21493.75,21651.0,1.0,0.0013860417443161,0.0073160802558882,17.5,4
2024-12-09,21592.25,21475.25,3.0,-0.0027135005311532,-0.0054186108441686,65.5,0
2024-12-10,21516.5,21413.25,1.0,0.0019208158228658,-0.0047986429019589,17.5,1
2024-12-11,21576.0,21780.0,1.0,0.007600434310532,0.0094549499443825,17.5,2
2024-12-12,21676.25,21636.25,1.0,-0.0047635445362718,-0.0018453376391212,17.5,3
2024-12-13,21806.0,21791.0,1.0,0.0078456294413311,-0.0006878840686049,17.5,4
2024-12-16,21920.0,22116.5,3.0,0.0059198751778257,0.0089644160583941,65.5,0
2024-12-17,22012.25,22004.5,1.0,-0.0047136753102886,-0.0003520766845733,17.5,1
2024-12-18,21984.75,21195.5,1.0,-0.0008975436842464,-0.0358998851476591,17.5,2
2024-12-19,21398.5,21118.5,1.0,0.0095775046590078,-0.0130850293244854,17.5,3
2024-12-23,21654.25,21764.75,4.0,0.025368752515567,0.0051029243681957,89.5,0
2024-12-26,21979.0,22005.25,3.0,0.0098438989650697,0.0011943218526775,65.5,3
2024-12-27,21851.5,21721.0,1.0,-0.0069869690187568,-0.0059721300597213,17.5,4
2024-12-30,21396.5,21388.0,3.0,-0.0149394595092307,-0.000397261234314,65.5,0
2024-12-31,21475.0,21229.25,1.0,0.0040677015148682,-0.0114435389988358,17.5,1
2025-01-02,21341.75,21184.75,2.0,0.0052992922500794,-0.007356472641653,41.5,3
2025-01-03,21311.25,21506.5,1.0,0.0059712765078652,0.0091618276731773,17.5,4
2025-01-06,21755.75,21767.75,3.0,0.0115895194476087,0.0005515783183756,65.5,0
2025-01-07,21794.0,21372.75,1.0,0.0012059124163039,-0.0193287143250435,17.5,1
2025-01-08,21334.75,21385.75,1.0,-0.0017779649319811,0.0023904662581,17.5,2
2025-01-10,21157.75,21029.75,2.0,-0.0106613048408402,-0.0060497926291784,41.5,4
2025-01-13,20772.0,20956.75,3.0,-0.0122564462249907,0.0088941844791063,65.5,0
2025-01-14,21046.0,20947.75,1.0,0.0042587710403569,-0.0046683455288415,17.5,1
2025-01-15,21237.0,21398.5,1.0,0.0138081655547732,0.0076046522578518,17.5,2
2025-01-16,21464.75,21238.25,1.0,0.0030960114026683,-0.0105521843953458,17.5,3
2025-01-17,21598.5,21586.75,1.0,0.016962320341836,-0.0005440192605967,17.5,4
2025-01-21,21707.25,21752.5,4.0,0.0055821279256951,0.0020845570028447,89.5,1
2025-01-22,21913.75,21999.5,1.0,0.0074129410412595,0.0039130682790484,17.5,2
2025-01-23,21868.25,22042.5,1.0,-0.0059660446828336,0.007968173036251,17.5,3
2025-01-24,22037.5,21908.75,1.0,-0.0002268345242145,-0.0058423142370959,17.5,4
2025-01-27,21172.0,21258.25,3.0,-0.0336281166200719,0.0040737766861893,65.5,0
2025-01-28,21305.25,21572.5,1.0,0.0022109063540036,0.0125438565611761,17.5,1
2025-01-29,21583.5,21476.25,1.0,0.0005099084482558,-0.0049690735978872,17.5,2
2025-01-30,21636.0,21647.5,1.0,0.0074384494499737,0.0005315215381771,17.5,3
2025-01-31,21790.5,21586.0,1.0,0.0066058436309042,-0.0093848236616874,17.5,4
2025-02-03,21206.25,21394.0,3.0,-0.0175924210136199,0.0088535219569703,65.5,0
2025-02-04,21421.75,21675.5,1.0,0.001297092642797,0.0118454374642593,17.5,1
2025-02-05,21544.75,21760.25,1.0,-0.006032156120966,0.0100024367885447,17.5,2
2025-02-06,21757.25,21851.75,1.0,-0.0001378660631197,0.0043433797929426,17.5,3
2025-02-07,21898.75,21599.75,1.0,0.0021508574828104,-0.0136537473600091,17.5,4
2025-02-10,21756.5,21833.25,3.0,0.007257028437829,0.0035276813825753,65.5,0
2025-02-11,21731.25,21784.5,1.0,-0.0046717735563875,0.0024503882657462,17.5,1
2025-02-12,21547.5,21811.5,1.0,-0.0108792949115196,0.0122520013922728,17.5,2
2025-02-13,21879.75,22094.75,1.0,0.0031290832817549,0.0098264376878163,17.5,3
2025-02-14,22122.75,22185.75,1.0,0.0012672693739463,0.0028477472285317,17.5,4
2025-02-18,22252.5,22238.75,4.0,0.003008688009195,-0.0006179081002134,89.5,1
2025-02-19,22194.75,22225.25,1.0,-0.0019785284694507,0.0013741988533324,17.5,2
2025-02-20,22211.5,22134.5,1.0,-0.0006186657067974,-0.003466672669563,17.5,3
2025-02-21,22160.0,21693.25,1.0,0.0011520477083286,-0.0210627256317689,17.5,4
2025-02-24,21747.75,21421.0,3.0,0.0025123022138222,-0.0150245427687921,65.5,0
2025-02-25,21372.25,21164.0,1.0,-0.0022758041174548,-0.0097439436652668,17.5,1
2025-02-26,21193.25,21215.0,1.0,0.0013820638820638,0.0010262701567715,17.5,2
2025-02-27,21353.0,20589.5,1.0,0.0065048314871554,-0.035756099845455,17.5,3
2025-02-28,20552.25,20918.25,1.0,-0.0018091745792758,0.0178082691676093,17.5,4
2025-03-03,21027.75,20492.75,3.0,0.005234663511527,-0.0254425699373447,65.5,0
2025-03-04,20333.75,20429.0,1.0,-0.0077588415415207,0.0046843302391343,17.5,1
2025-03-05,20434.75,20660.0,1.0,0.0002814626266582,0.0110228899301434,17.5,2
2025-03-06,20280.75,20097.75,1.0,-0.0183567279767666,-0.0090233349358381,17.5,3
2025-03-07,20065.25,20209.75,1.0,-0.0016170964411439,0.007201505089645,17.5,4
2025-03-10,19879.75,19445.75,3.0,-0.0163287522111852,-0.0218312604534764,65.5,0
2025-03-11,19435.0,19415.25,1.0,-0.0005528200249411,-0.0010162078723952,17.5,1
2025-03-12,19694.5,19597.25,1.0,0.0143830236540862,-0.0049379268323643,17.5,2
2025-03-13,19542.5,19267.0,1.0,-0.0027937593284772,-0.0140974798516054,17.5,3
2025-03-14,19486.0,19678.75,1.0,0.0113665853531945,0.0098917171302472,17.5,4
2025-03-17,19689.5,19819.75,3.0,0.0005462745347137,0.0066152009954545,65.5,0
2025-03-18,19654.0,19526.5,1.0,-0.0083628703692024,-0.0064872290627862,17.5,1
2025-03-19,19595.5,19766.75,1.0,0.0035336593859627,0.0087392513587303,17.5,2
2025-03-20,19571.5,19698.75,1.0,-0.0098776986606295,0.0065018010883171,17.5,3
2025-03-24,20241.5,20369.0,4.0,0.0275525096770099,0.0062989402959265,89.5,0
2025-03-25,20404.5,20501.0,1.0,0.0017428445186311,0.0047293489181308,17.5,1
2025-03-26,20445.0,20114.25,1.0,-0.0027315740695575,-0.0161775495231107,17.5,2
2025-03-27,20044.5,20010.75,1.0,-0.0034676908162123,-0.0016837536481328,17.5,3
2025-03-28,19888.0,19450.0,1.0,-0.0061342028659595,-0.0220233306516491,17.5,4
2025-03-31,19169.75,19407.25,3.0,-0.0144087403598971,0.0123893112847064,65.5,0
2025-04-01,19353.25,19603.5,1.0,-0.0027824653157969,0.0129306447237544,17.5,1
2025-04-02,19330.5,19743.75,1.0,-0.013926084627745,0.0213781330022502,17.5,2
2025-04-03,18994.0,18687.25,1.0,-0.0379740424184869,-0.0161498367905654,17.5,3
2025-04-04,18190.75,17545.75,1.0,-0.0265689173099306,-0.0354575814631062,17.5,4
2025-04-07,16908.0,17588.5,3.0,-0.036347833520938,0.0402472202507688,65.5,0
2025-04-08,18166.0,17233.75,1.0,0.0328339540040367,-0.0513183970053946,17.5,1
2025-04-09,17246.75,19324.75,1.0,0.0007543337927031,0.120486468465073,17.5,2
2025-04-10,18838.25,18455.0,1.0,-0.0251749699219911,-0.0203442464135469,17.5,3
2025-04-11,18451.25,18827.75,1.0,-0.000203196965592,0.0204051216042273,17.5,4
2025-04-14,19238.0,18960.0,3.0,0.0217896456028998,-0.0144505665869633,65.5,0
2025-04-15,18984.0,18959.5,1.0,0.0012658227848101,-0.0012905604719763,17.5,1
2025-04-16,18612.75,18388.0,1.0,-0.0182889844141459,-0.0120750560771514,17.5,2
2025-04-17,18481.75,18378.0,1.0,0.0050984337611486,-0.0056136458939224,17.5,3
2025-04-21,18147.0,17923.0,4.0,-0.0125693764283382,-0.012343638066898,89.5,0
2025-04-22,18113.75,18428.75,1.0,0.0106427495396976,0.0173901042026085,17.5,1
2025-04-23,18955.0,18780.5,1.0,0.0285559248456894,-0.0092060142442627,17.5,2
2025-04-24,18866.5,19318.0,1.0,0.0045792178057026,0.0239313068136644,17.5,3
2025-04-25,19314.25,19546.0,1.0,-0.0001941194740656,0.0119989127198829,17.5,4
2025-04-28,19566.25,19509.5,3.0,0.0010360175995087,-0.0029004024787581,65.5,0
2025-04-29,19432.0,19648.5,1.0,-0.0039724236910223,0.0111414162206668,17.5,1
2025-04-30,19238.0,19654.75,1.0,-0.020892180064636,0.0216628547666077,17.5,2
2025-05-01,19961.5,19904.75,1.0,0.0156069143591244,-0.0028429727224907,17.5,3
2025-05-02,20090.0,20188.0,1.0,0.0093068237481004,0.0048780487804878,17.5,4
2025-05-05,20025.0,20057.0,3.0,-0.0080741034277789,0.0015980024968789,65.5,0
2025-05-06,19793.75,19861.75,1.0,-0.0131250934835718,0.0034354278496999,17.5,1
2025-05-07,19867.0,19988.0,1.0,0.0002643271615039,0.0060905018372174,17.5,2
2025-05-08,20168.5,20169.5,1.0,0.0090304182509506,4.9582269380454846e-05,17.5,3
2025-05-09,20252.25,20140.0,1.0,0.0041027293686011,-0.0055425940327618,17.5,4
2025-05-12,20865.25,20971.75,3.0,0.0360104270109236,0.0051041803956339,65.5,0
2025-05-13,20981.5,21250.5,1.0,0.0004649111304493,0.012820818339966,17.5,1
2025-05-14,21334.25,21381.75,1.0,0.0039410837392062,0.0022264668315032,17.5,2
2025-05-15,21287.25,21433.5,1.0,-0.0044196569504366,0.0068703096924214,17.5,3
2025-05-16,21435.0,21492.75,1.0,6.998390370216434e-05,0.0026941917424772,17.5,4
2025-05-19,21251.5,21502.25,3.0,-0.0112247153109769,0.0117991671176151,65.5,0
2025-05-20,21432.5,21430.0,1.0,-0.0032438465741957,-0.0001166452816983,17.5,1
2025-05-21,21304.0,21148.5,1.0,-0.0058796080261316,-0.007299098760796,17.5,2
2025-05-22,21179.5,21192.25,1.0,0.0014658249994088,0.0006019972142874,17.5,3
2025-05-23,20848.25,20969.5,1.0,-0.0162323490898795,0.0058158358615232,17.5,4
2025-05-27,21279.25,21454.75,4.0,0.0147714537781062,0.0082474711279767,89.5,1
2025-05-28,21510.25,21334.0,1.0,0.0025868397441126,-0.0081937680873072,17.5,2
2025-05-29,21649.5,21402.75,1.0,0.0147886003562389,-0.0113974918589343,17.5,3
2025-05-30,21355.5,21403.75,1.0,-0.0022076602305778,0.0022593711221934,17.5,4
2025-06-02,21328.0,21537.75,3.0,-0.0035390994568709,0.009834489872468,65.5,0
2025-06-03,21586.25,21684.75,1.0,0.0022518601060927,0.0045630899299322,17.5,1
2025-06-04,21740.0,21752.0,1.0,0.0025478735055741,0.0005519779208831,17.5,2
2025-06-05,21832.0,21616.75,1.0,0.0036778227289444,-0.0098593807255404,17.5,3
2025-06-06,21790.75,21782.0,1.0,0.0080493136109729,-0.0004015465277698,17.5,4
2025-06-09,21808.25,21807.5,3.0,0.0012051234964649,-3.439065491273041e-05,65.5,0
2025-06-10,21855.25,21946.25,1.0,0.0021896136650234,0.0041637592798069,17.5,1
2025-06-11,22015.25,21872.25,1.0,0.0031440451102124,-0.006495497439275,17.5,2
2025-06-12,21861.5,21931.5,1.0,-0.0004914903587879,0.0032019760766643,17.5,3
2025-06-13,21721.0,21664.75,1.0,-0.0095980667077035,-0.0025896597762533,17.5,4
2025-06-16,21840.0,21946.0,3.0,0.0080891771195144,0.0048534798534798,65.5,0
2025-06-17,21871.75,21748.75,1.0,-0.0033833044746195,-0.0056236926629099,17.5,1
2025-06-18,21758.5,21743.25,1.0,0.0004483016265302,-0.0007008755199117,17.5,2
2025-06-23,21849.0,22056.5,5.0,0.0048635783519022,0.0094970021511282,113.5,0
2025-06-24,22277.75,22398.75,1.0,0.0100310566046291,0.0054314282187384,17.5,1
2025-06-25,22517.25,22454.25,1.0,0.0052904737987611,-0.0027978549778503,17.5,2
2025-06-26,22556.25,22652.0,1.0,0.0045425698921139,0.0042449431975617,17.5,3
2025-06-27,22714.5,22735.25,1.0,0.0027591382659368,0.0009135133945277,17.5,4
2025-06-30,22870.0,22882.5,3.0,0.0059269196512024,0.0005465675557498,65.5,0
2025-07-01,22805.0,22681.0,1.0,-0.0033868676936523,-0.005437404078053,17.5,1
2025-07-02,22664.0,22840.0,1.0,-0.0007495260350072,0.0077656194846451,17.5,2
2025-07-07,22970.5,22861.75,5.0,0.0057136602451839,-0.0047343331664526,113.5,0
2025-07-08,22933.25,22893.25,1.0,0.0031274946143668,-0.00174419238442,17.5,1
2025-07-09,23003.75,23050.75,1.0,0.0048267502429755,0.0020431451393794,17.5,2
2025-07-10,23079.75,23014.25,1.0,0.0012580935544397,-0.0028379856800875,17.5,3
2025-07-11,22941.25,22951.5,1.0,-0.0031719478149407,0.0004467934397647,17.5,4
2025-07-14,22950.5,23024.25,3.0,-4.357013702804835e-05,0.0032134376157382,65.5,0
2025-07-15,23207.0,23052.0,1.0,0.0079372835162925,-0.0066790192614297,17.5,1
2025-07-16,23066.5,23067.0,1.0,0.0006290126670136,2.167645719985956e-05,17.5,2
2025-07-17,23105.25,23250.5,1.0,0.0016582130316036,0.0062864500492312,17.5,3
2025-07-18,23276.0,23226.0,1.0,0.0010967506075139,-0.0021481354184568,17.5,4
2025-07-21,23281.0,23345.0,3.0,0.0023680358219237,0.0027490228082986,65.5,0
2025-07-22,23318.5,23218.5,1.0,-0.0011351467123581,-0.0042884405086089,17.5,1
2025-07-23,23223.5,23305.75,1.0,0.0002153455218898,0.0035416711520657,17.5,2
2025-07-24,23390.5,23369.75,1.0,0.0036364416506655,-0.0008871122891772,17.5,3
2025-07-25,23355.75,23420.25,1.0,-0.0005990650306485,0.0027616325744195,17.5,4
2025-07-28,23487.75,23499.0,3.0,0.0028821212412335,0.0004789730817127,65.5,0
2025-07-29,23620.75,23457.75,1.0,0.0051810715349589,-0.0069007122974503,17.5,1
2025-07-30,23468.75,23492.75,1.0,0.0004689281793863,0.001022636484687,17.5,2
2025-07-31,23699.0,23369.25,1.0,0.0087793042534398,-0.013914089202076,17.5,3
2025-08-01,23040.75,22884.25,1.0,-0.0140569337911999,-0.0067923136182632,17.5,4
2025-08-04,23098.75,23296.0,3.0,0.0093732589007724,0.0085394231289572,65.5,0
2025-08-05,23305.75,23132.25,1.0,0.0004185267857141,-0.0074445147656694,17.5,1
2025-08-06,23167.0,23410.25,1.0,0.0015022317327539,0.010499848923037,17.5,2
2025-08-07,23590.0,23525.0,1.0,0.0076782605909804,-0.0027554048325562,17.5,3
2025-08-08,23562.25,23723.25,1.0,0.0015834218916046,0.0068329637449733,17.5,4
2025-08-11,23719.75,23637.25,3.0,-0.0001475345915926,-0.0034781142297031,65.5,0
2025-08-12,23738.25,23934.0,1.0,0.004272916688701,0.0082461849546617,17.5,1
2025-08-13,24031.25,23946.5,1.0,0.0040632572908831,-0.0035266579973992,17.5,2
2025-08-14,23847.25,23917.0,1.0,-0.0041446557952101,0.0029248655505351,17.5,3
2025-08-15,23861.5,23796.75,1.0,-0.0023205251494752,-0.0027135762630178,17.5,4
2025-08-18,23801.5,23789.5,3.0,0.0001996070892034,-0.000504169905258,65.5,0
2025-08-19,23755.0,23482.0,1.0,-0.0014502196347128,-0.0114923174068617,17.5,1
2025-08-20,23385.5,23326.75,1.0,-0.0041095307043692,-0.0025122404909024,17.5,2
2025-08-21,23200.5,23214.5,1.0,-0.0054122413109413,0.0006034352707915,17.5,3
2025-08-22,23210.5,23565.75,1.0,-0.0001723061017898,0.0153055729088127,17.5,4
2025-08-25,23497.5,23499.0,3.0,-0.0028961522548613,6.383657835939971e-05,65.5,0
2025-08-26,23469.25,23589.0,1.0,-0.0012660113196306,0.0051024212533421,17.5,1
2025-08-27,23533.75,23626.25,1.0,-0.0023421933952265,0.0039305253093959,17.5,2
2025-08-28,23704.75,23754.75,1.0,0.0033225755251045,0.0021092818949788,17.5,3
2025-08-29,23650.5,23465.75,1.0,-0.0043885959650175,-0.0078116741717934,17.5,4
2025-09-02,23055.5,23275.25,4.0,-0.0174829272450273,0.009531348268309,89.5,1
2025-09-03,23412.25,23466.5,1.0,0.0058860807080483,0.0023171630236307,17.5,2
2025-09-04,23470.0,23665.0,1.0,0.0001491487865681,0.0083084789092457,17.5,3
2025-09-05,23853.0,23682.5,1.0,0.0079442214240439,-0.0071479478472309,17.5,4
2025-09-08,23787.75,23801.75,3.0,0.0044442098596009,0.0005885382182004,65.5,0
2025-09-09,23826.25,23860.25,1.0,0.0010293360782296,0.0014269975342322,17.5,1
2025-09-10,23942.25,23875.25,1.0,0.0034366781571861,-0.0027984003174305,17.5,2
2025-09-11,23980.0,24006.25,1.0,0.0043873886137317,0.0010946622185155,17.5,3
2025-09-12,24047.0,24099.5,1.0,0.0016974746159854,0.002183224518651,17.5,4
2025-09-15,24189.5,24296.0,3.0,0.0037345173136371,0.004402736724612,65.5,0
2025-09-16,24341.75,24290.75,1.0,0.0018830260125124,-0.0020951657132293,17.5,1
2025-09-17,24292.0,24248.0,1.0,5.145991787003368e-05,-0.0018112958998847,17.5,2
2025-09-18,24413.0,24457.5,1.0,0.0068046849224678,0.0018227993282267,17.5,3
2025-09-22,24828.5,24989.25,4.0,0.0151691710109373,0.0064744144833557,89.5,0
2025-09-23,24995.0,24834.0,1.0,0.0002300989425452,-0.0064412882576515,17.5,1
2025-09-24,24869.25,24747.25,1.0,0.0014194249818797,-0.0049056565839339,17.5,2
2025-09-25,24542.0,24638.0,1.0,-0.0082938508319105,0.0039116616412679,17.5,3
2025-09-26,24607.25,24731.0,1.0,-0.001248072083773,0.0050290056792205,17.5,4
2025-09-29,24855.0,24840.25,3.0,0.0050139501031094,-0.0005934419633876,65.5,0
2025-09-30,24807.5,24881.75,1.0,-0.0013184247340506,0.0029930464577245,17.5,1
2025-10-01,24747.0,24998.5,1.0,-0.0054156158630321,0.0101628480219824,17.5,2
2025-10-02,25142.0,25121.5,1.0,0.0057403444206651,-0.0008153687057513,17.5,3
2025-10-03,25127.75,25004.0,1.0,0.0002487908763408,-0.0049248340977604,17.5,4
2025-10-06,25198.0,25180.5,3.0,0.0077587585986242,-0.0006944995634574,65.5,0
2025-10-07,25229.75,25058.0,1.0,0.0019558785568196,-0.0068074396298021,17.5,1
2025-10-08,25092.0,25322.25,1.0,0.0013568521031208,0.0091762314681971,17.5,2
2025-10-09,25320.75,25289.5,1.0,-5.923644225924729e-05,-0.0012341656546508,17.5,3
2025-10-10,25315.25,24404.5,1.0,0.0010182091381798,-0.0359763383731149,17.5,4
2025-10-13,24820.75,24913.75,3.0,0.0170562806039868,0.0037468650222092,65.5,0
2025-10-14,24606.5,24777.5,1.0,-0.0123325472881441,0.0069493832930322,17.5,1
2025-10-15,24975.75,24939.5,1.0,0.0080012107759055,-0.0014514078656296,17.5,2
2025-10-16,25071.75,24842.0,1.0,0.0053028328555102,-0.009163700180482,17.5,3
2025-10-17,24705.75,24984.25,1.0,-0.0054846630706062,0.011272679436973,17.5,4
2025-10-20,25173.0,25301.25,3.0,0.0075547594984839,0.0050947443689668,65.5,0
2025-10-21,25286.75,25289.5,1.0,-0.0005730942147127,0.0001087526075909,17.5,1
2025-10-22,25216.5,25045.25,1.0,-0.0028865734791119,-0.0067911883092419,17.5,2
2025-10-23,25025.0,25251.5,1.0,-0.0008085365488466,0.0090509490509489,17.5,3
2025-10-24,25436.75,25508.0,1.0,0.0073361978496326,0.0028010653876773,17.5,4
2025-10-27,25847.25,25963.0,3.0,0.0132997490983219,0.0044782326940002,65.5,0
2025-10-28,26069.75,26154.25,1.0,0.0041116203828526,0.0032413045771439,17.5,1
2025-10-29,26269.25,26314.75,1.0,0.0043969909288166,0.0017320631536872,17.5,2
2025-10-30,26087.25,25905.0,1.0,-0.0086453414909889,-0.0069861714055716,17.5,3
2025-10-31,26179.0,25984.75,1.0,0.0105771086662806,-0.007420069521372,17.5,4
2025-11-03,26247.75,26103.5,3.0,0.0101213211595263,-0.0054957091560229,65.5,0
2025-11-04,25730.5,25589.75,1.0,-0.014289271553623,-0.0054701618701541,17.5,1
2025-11-05,25569.5,25724.5,1.0,-0.000791332467101,0.0060619096970999,17.5,2
2025-11-06,25651.75,25258.25,1.0,-0.0028280433050205,-0.0153400840098628,17.5,3
2025-11-07,25046.5,25181.0,1.0,-0.0083833994833371,0.0053700117780928,17.5,4
2025-11-10,25563.75,25714.0,3.0,0.0151999523450221,0.0058774632047333,65.5,0
2025-11-11,25619.75,25657.25,1.0,-0.0036653185035389,0.0014637145171205,17.5,1
2025-11-12,25735.25,25638.25,1.0,0.0030400763916631,-0.0037691493185416,17.5,2
2025-11-13,25457.5,25126.75,1.0,-0.0070500131639249,-0.0129922419719139,17.5,3
2025-11-14,24697.25,25092.25,1.0,-0.0170933367825126,0.0159936835072731,17.5,4
2025-11-17,24968.5,24909.5,3.0,-0.0049318016519044,-0.0023629773514628,65.5,0
2025-11-18,24736.0,24565.0,1.0,-0.0069652140749513,-0.006913001293661,17.5,1
2025-11-19,24603.75,24728.25,1.0,0.0015774475880316,0.005060204237159,17.5,2
2025-11-20,25180.0,24135.0,1.0,0.0182685794587162,-0.0415011914217633,17.5,3
2025-11-21,24248.25,24328.25,1.0,0.0046923555003106,0.0032992071592794,17.5,4
2025-11-24,24546.0,24934.75,3.0,0.0089504999332052,0.0158376110160514,65.5,0
2025-11-25,24829.25,25084.0,1.0,-0.0042310430222881,0.0102600763212743,17.5,1
2025-11-26,25243.0,25304.25,1.0,0.0063387019614096,0.00242641524383,17.5,2
2025-12-01,25280.75,25408.0,5.0,-0.0009286977484019,0.005033474086014,113.5,0
2025-12-02,25477.5,25602.25,1.0,0.0027353589420655,0.0048964772838779,17.5,1
2025-12-03,25479.5,25658.0,1.0,-0.0047945004833559,0.0070056319786495,17.5,2
2025-12-04,25669.0,25629.5,1.0,0.0004287161898823,-0.0015388211461295,17.5,3
2025-12-05,25732.25,25736.0,1.0,0.0040090520689048,0.0001457315236716,17.5,4
2025-12-08,25823.75,25665.0,3.0,0.0034096207646876,-0.0061474417929231,65.5,0
2025-12-09,25602.25,25694.25,1.0,-0.0024449639586986,0.0035934341708248,17.5,1
2025-12-10,25644.5,25803.25,1.0,-0.0019362308687741,0.0061904111992825,17.5,2
2025-12-11,25592.5,25715.25,1.0,-0.0081675757898714,0.0047963270489401,17.5,3
2025-12-12,25549.75,25219.75,1.0,-0.0064358697659948,-0.0129159776514446,17.5,4
2025-12-15,25380.0,25098.25,3.0,0.0063541470474528,-0.0111012608353033,65.5,0
2025-12-16,25048.5,25113.25,1.0,-0.0019822099150339,0.0025849851288499,17.5,1
2025-12-17,25176.5,24697.25,1.0,0.0025185907837497,-0.0190356086032609,17.5,2
2025-12-18,25071.75,25011.25,1.0,0.0151636315784144,-0.0024130744762531,17.5,3
2025-12-22,25762.25,25703.75,4.0,0.0300264880803637,-0.0022707643936379,89.5,0
2025-12-23,25719.25,25809.0,1.0,0.0006030248504595,0.0034896040903213,17.5,1
2025-12-26,25876.0,25871.5,3.0,0.0025959936456274,-0.0001739063224609,65.5,4
2025-12-29,25691.5,25743.25,3.0,-0.0069574628452158,0.0020142848802133,65.5,0
2025-12-30,25717.75,25685.5,1.0,-0.0009905509211152,-0.0012539977253064,17.5,1
2025-12-31,25680.0,25467.0,1.0,-0.0002141285939537,-0.0082943925233645,17.5,2
2026-01-02,25721.5,25409.25,2.0,0.009993324694703,-0.012139649709387,41.5,4
2026-01-05,25656.75,25576.0,3.0,0.009740547241654,-0.0031473199060676,65.5,0
2026-01-06,25669.5,25821.75,1.0,0.0036557710353455,0.0059311634429966,17.5,1
2026-01-07,25777.75,25833.75,1.0,-0.0017039898535149,0.002172416134069,17.5,2
2026-01-08,25758.0,25698.5,1.0,-0.0029322107707939,-0.0023099619535678,17.5,3
2026-01-09,25682.25,25929.25,1.0,-0.0006323326264179,0.0096175374042384,17.5,4
2026-01-12,25792.5,25955.25,3.0,-0.0052739666592747,0.0063099738296015,65.5,0
2026-01-13,25972.75,25921.25,1.0,0.0006742373893529,-0.0019828474073788,17.5,1
2026-01-14,25732.25,25654.25,1.0,-0.0072913150407484,-0.0030312156923704,17.5,2
2026-01-15,25904.5,25716.75,1.0,0.0097547190036737,-0.0072477754830241,17.5,3
2026-01-16,25883.5,25693.75,1.0,0.006484100829226,-0.0073309251067281,17.5,4
2026-01-20,25291.75,25149.75,4.0,-0.0156458282656287,-0.0056144790297231,89.5,1
2026-01-21,25214.25,25495.25,1.0,0.0025646378194614,0.011144491706079,17.5,2
2026-01-22,25681.75,25657.75,1.0,0.0073150881046468,-0.0009345157553515,17.5,3
2026-01-23,25618.75,25733.75,1.0,-0.0015200085744073,0.0044888997316419,17.5,4
2026-01-26,25717.0,25843.25,3.0,-0.0006508961966289,0.0049092040284637,65.5,0
2026-01-27,25981.5,26071.75,1.0,0.0053495593626962,0.0034736254642726,17.5,1
2026-01-28,26251.75,26078.75,1.0,0.006904024470931,-0.0065900368546858,17.5,2
2026-01-29,26139.25,26008.0,1.0,0.0023198964674304,-0.0050211846170031,17.5,3
2026-01-30,25896.5,25663.75,1.0,-0.0042871424177176,-0.0089877010406811,17.5,4
2026-02-02,25623.5,25837.75,3.0,-0.0015683600409137,0.0083614650613694,65.5,0
2026-02-03,25943.0,25462.75,1.0,0.0040734971117841,-0.0185117372701691,17.5,1
2026-02-04,25310.5,25023.75,1.0,-0.0059793227361537,-0.0113292902155232,17.5,2
2026-02-05,24712.5,24665.25,1.0,-0.0124381837254607,-0.0019119878603944,17.5,3
2026-02-06,24738.75,25133.0,1.0,0.0029799008726851,0.0159365368096608,17.5,4
2026-02-09,24989.75,25352.25,3.0,-0.0056996777145585,0.0145059474384496,65.5,0
2026-02-10,25377.25,25229.5,1.0,0.0009861057697049,-0.0058221438493138,17.5,1
2026-02-11,25459.25,25280.25,1.0,0.0091064032184546,-0.0070308434066204,17.5,2
2026-02-12,25345.25,24754.0,1.0,0.0025711771046568,-0.023327842495142,17.5,3
2026-02-13,24743.5,24817.0,1.0,-0.0004241738708895,0.0029704770949945,17.5,4
2026-02-17,24625.0,24784.0,4.0,-0.0077366321473183,0.0064568527918782,89.5,1
2026-02-18,24775.75,24950.0,1.0,-0.0003328760490639,0.0070330867884926,17.5,2
2026-02-19,24856.25,24859.0,1.0,-0.0037575150300601,0.0001106361579079,17.5,3
2026-02-20,24726.0,25070.0,1.0,-0.0053501749869262,0.0139124807894523,17.5,4
2026-02-23,25013.25,24769.5,3.0,-0.0022636617471081,-0.0097448352373241,65.5,0
2026-02-24,24812.5,25031.5,1.0,0.0017360059750903,0.0088261964735516,17.5,1
2026-02-25,25211.75,25381.5,1.0,0.0072009268321915,0.0067329717294515,17.5,2
2026-02-26,25294.0,25072.0,1.0,-0.0034473927860843,-0.0087767850083023,17.5,3
2026-02-27,24828.25,24984.25,1.0,-0.009722000638162,0.0062831653459265,17.5,4
2026-03-02,24683.0,25020.75,3.0,-0.0120575962856599,0.0136835068670744,65.5,0
2026-03-03,24610.5,24751.5,1.0,-0.0163963909954737,0.0057292619004083,17.5,1
2026-03-04,24935.0,25103.0,1.0,0.0074136920994687,0.0067375175456185,17.5,2
2026-03-05,25036.5,25039.25,1.0,-0.0026490857666414,0.0001098396341341,17.5,3
2026-03-06,24682.0,24652.25,1.0,-0.0142675998682069,-0.0012053318207601,17.5,4
2026-03-09,24510.75,25018.25,3.0,-0.0057398411909663,0.0207052007792498,65.5,0
2026-03-10,25046.5,24996.0,1.0,0.0011291757017377,-0.0020162497754177,17.5,1
2026-03-11,25084.5,24973.0,1.0,0.0035405664906384,-0.0044449759811836,17.5,2
2026-03-12,24782.5,24562.25,1.0,-0.0076282384975774,-0.0088873196812266,17.5,3
2026-03-13,24666.5,24386.0,1.0,0.0042443180083258,-0.011371698457422,17.5,4
2026-03-16,24648.5,24670.25,3.0,0.0107643730009021,0.0008824066373207,65.5,0
2026-03-17,24782.75,24801.5,1.0,0.0045601483568264,0.0007565746335655,17.5,1
2026-03-18,24707.25,24442.5,1.0,-0.0038001733766103,-0.0107154782503111,17.5,2
2026-03-19,24162.0,24375.0,1.0,-0.0114759128567044,0.0088154954060093,17.5,3
2026-03-23,24471.0,24381.5,4.0,0.0039384615384614,-0.0036573903804503,89.5,0
2026-03-24,24263.75,24223.75,1.0,-0.0048294813690707,-0.0016485497913554,17.5,1
2026-03-25,24454.0,24387.5,1.0,0.0095051344238608,-0.0027193915105913,17.5,2
2026-03-26,24107.5,23792.25,1.0,-0.01148129164531,-0.013076843306025,17.5,3
2026-03-27,23647.0,23291.75,1.0,-0.0061049291260809,-0.0150230473210132,17.5,4
2026-03-30,23484.75,23125.75,3.0,0.008286195756008,-0.0152865157176466,65.5,0
2026-03-31,23416.75,23918.5,1.0,0.0125833756743025,0.0214269700107829,17.5,1
2026-04-01,24083.5,24202.5,1.0,0.0068984259046345,0.004941142275832,17.5,2
2026-04-02,23794.25,24218.25,1.0,-0.0168680921392417,0.0178194311650923,17.5,3
2026-04-06,24329.5,24366.25,4.0,0.004593643223602,0.0015105119299616,89.5,0
2026-04-07,24251.5,24362.5,1.0,-0.004709382855384,0.0045770364719708,17.5,1
2026-04-08,25185.0,25081.0,1.0,0.0337609030271934,-0.0041294421282509,17.5,2
2026-04-09,25075.25,25241.75,1.0,-0.0002292572066504,0.0066400135591868,17.5,3
2026-04-10,25326.75,25278.75,1.0,0.0033674368853189,-0.0018952293523646,17.5,4
2026-04-13,25228.5,25539.25,3.0,-0.0019878356326954,0.012317418792239,65.5,0
2026-04-14,25689.25,25988.5,1.0,0.0058733126462209,0.011648841441459,17.5,1
2026-04-15,26020.25,26344.5,1.0,0.0012216942109009,0.0124614482950777,17.5,2
2026-04-16,26395.5,26469.5,1.0,0.0019358879462505,0.0028035081737416,17.5,3
2026-04-17,26688.25,26830.5,1.0,0.0082642286405107,0.0053300609818927,17.5,4
2026-04-20,26799.25,26741.75,3.0,-0.0011647192560705,-0.0021455824323441,65.5,0
2026-04-21,26772.75,26620.5,1.0,0.0011592360260641,-0.0056867523881558,17.5,1
2026-04-22,26868.5,27071.0,1.0,0.009316128547548,0.0075367065522824,17.5,2
2026-04-23,26993.5,26914.25,1.0,-0.0028628421558124,-0.0029358919739936,17.5,3
2026-04-24,27186.75,27433.5,1.0,0.0101247480423938,0.0090761124444811,17.5,4
2026-04-27,27379.0,27430.0,3.0,-0.0019866221954909,0.0018627415172212,65.5,0
2026-04-28,27090.75,27157.25,1.0,-0.0123678454247174,0.0024547124018345,17.5,1
2026-04-29,27154.0,27352.5,1.0,-0.0001196733837188,0.0073101568829638,17.5,2
2026-04-30,27435.5,27592.25,1.0,0.003034457545014,0.0057134005212224,17.5,3
2026-05-01,27665.5,27830.25,1.0,0.0026547309480016,0.0059550703945348,17.5,4
2026-05-04,27841.25,27761.75,3.0,0.0003952533663909,-0.0028554752390786,65.5,0
2026-05-05,28003.5,28132.75,1.0,0.0087080245301538,0.00461549449176,17.5,1
2026-05-06,28345.75,28704.5,1.0,0.0075712470341506,0.0126562183043312,17.5,2
2026-05-07,28733.25,28662.5,1.0,0.0010015851173161,-0.0024623041250119,17.5,3
2026-05-08,28890.5,29334.75,1.0,0.0079546445704317,0.0153770270504145,17.5,4
2026-05-11,29342.75,29422.5,3.0,0.0002727141018756,0.0027178774995526,65.5,0
2026-05-12,29166.25,29151.25,1.0,-0.0087093210977993,-0.0005142930613294,17.5,1
2026-05-13,29260.75,29474.75,1.0,0.0037562711719052,0.0073135514298163,17.5,2
2026-05-14,29472.5,29691.25,1.0,-7.63365253310111e-05,0.0074221732123165,17.5,3
2026-05-15,29259.0,29175.75,1.0,-0.0145581610743905,-0.0028452783758843,17.5,4
2026-05-18,29332.75,29092.5,3.0,0.0053811812892556,-0.0081905037884275,65.5,0
2026-05-19,28911.25,28908.0,1.0,-0.0062301280398727,-0.0001124129880236,17.5,1
2026-05-20,29104.0,29371.25,1.0,0.0067801300678012,0.0091825865860362,17.5,2
2026-05-21,29202.25,29460.75,1.0,-0.0057539260331106,0.0088520576325454,17.5,3
2026-05-22,29618.25,29555.5,1.0,0.0053460960769837,-0.0021186261848691,17.5,4
2026-05-26,29884.5,30069.25,4.0,0.0111315998714283,0.0061821345513559,89.5,1
2026-05-27,30140.75,30041.5,1.0,0.0023778444756685,-0.0032928842182096,17.5,2
2026-05-28,30093.75,30297.5,1.0,0.0017392606893797,0.0067705088265836,17.5,3
2026-05-29,30384.75,30400.25,1.0,0.0028797755590395,0.000510124322234,17.5,4
2026-06-01,30318.75,30558.75,3.0,-0.0026808990057647,0.0079158936301793,65.5,0
2026-06-02,30503.75,30706.25,1.0,-0.0017998118378532,0.00663852804983,17.5,1
2026-06-03,30766.75,30635.25,1.0,0.0019702829228576,-0.004274094598877,17.5,2
2026-06-04,30242.75,30484.75,1.0,-0.0128120384197941,0.0080019178150134,17.5,3
2026-06-05,30020.25,29030.0,1.0,-0.0152371267601013,-0.0329860677376104,17.5,4
2026-06-08,29567.0,29440.75,3.0,0.0184981054081985,-0.0042699631345757,65.5,0
2026-06-09,29727.75,29120.5,1.0,0.0097483929587391,-0.0204270420734835,17.5,1
2026-06-10,28922.25,28503.25,1.0,-0.0068079188200752,-0.0144871163204799,17.5,2
2026-06-11,28774.5,29425.5,1.0,0.0095164586494522,0.0226241985090966,17.5,3
2026-06-12,29430.5,29654.75,1.0,0.0001699206470577,0.0076196462853161,17.5,4
2026-06-15,30363.5,30578.75,3.0,0.0239000497390806,0.0070891036935794,65.5,0
2026-06-16,30500.0,29999.25,1.0,-0.0025753178269223,-0.0164180327868852,17.5,1
2026-06-17,30162.25,29751.75,1.0,0.0054334691700625,-0.0136097273910268,17.5,2
2026-06-22,30892.0,30656.75,5.0,0.0383254766526339,-0.0076152401916353,113.5,0
2026-06-23,29658.5,29642.75,1.0,-0.0325621600463192,-0.0005310450629667,17.5,1
2026-06-24,29653.5,29544.25,1.0,0.0003626519131996,-0.0036842194007452,17.5,2
