day,overnight,intraday
2015-06-29,-0.011298152826018315,-0.01243525384484867
2015-06-30,0.007225652582539155,-0.0038407512942970623
2015-07-01,0.009898756310104506,-0.002074440499461483
2015-07-02,0.0030381770937437658,-0.0027300625722370686
2015-07-06,-0.006172444799680266,0.003939794233966731
2015-07-07,0.0010704547480027138,0.0013804003160915457
2015-07-08,-0.00704631951173218,-0.010358779762503434
2015-07-09,0.013256565003522125,-0.01356768795521579
2015-07-10,0.013259008844085374,0.0019652853126541636
2015-07-13,0.008624083522080106,0.00907772679419172
2015-07-14,0.0012598425196850283,0.005209971689210446
2015-07-15,0.0019069412662091612,-0.0007613247049866878
2015-07-16,0.008214896214896239,0.005696791195163531
2015-07-17,0.007947670609995683,0.006652075428418502
2015-07-20,0.0022406835983859175,0.0011746762535405075
2015-07-21,0.0002838624213463703,-0.0008324268079270558
2015-07-22,-0.01529911859657096,0.00395150512926512
2015-07-23,0.0008427342897090462,-0.004497177303607325
2015-07-24,0.005276816608996482,-0.014896404019543064
2015-07-27,-0.005609962050256767,-0.002586551882326482
2015-07-28,0.0041981445962344655,0.004326768469162134
2015-07-29,0.0020667371750711094,0.0017429362666303572
2015-07-30,-0.0023005393701548416,0.007053170051154911
2015-07-31,0.003107442469021615,-0.004344615266575258
2015-08-03,0.00019265224343545384,-0.003197411252576332
2015-08-04,-0.00046375915441254634,-0.0015465810891797105
2015-08-05,0.005615040563827556,0.0020698153532163754
2015-08-06,0.0009511091469800448,-0.0168349522017891
2015-08-07,-0.0024015463615595367,0.0011645202959251755
2015-08-10,0.00633387744729097,0.005031324365013745
2015-08-11,-0.0052960675731833495,-0.007452028175856218
2015-08-12,-0.007008751150179182,0.01034088444628467
2015-08-13,0.0008488550214165169,-0.0023591803310651915
2015-08-14,-0.0023256722951844333,0.0037512977727280905
2015-08-17,-0.0023711712414983266,0.010720084508695438
2015-08-18,-0.0012387016857955402,-0.003885433017460138
2015-08-19,-0.003054326151451847,-0.0033466353143203342
2015-08-20,-0.009310020754199733,-0.018793047224720194
2015-08-21,-0.01430985586413025,-0.02972894825301431
2015-08-24,-0.07983711825248563,0.04487262381999213
2015-08-25,0.036636949093139526,-0.03894278973598275
2015-08-26,0.02908538837683805,0.02080891881007041
2015-08-27,0.014444811881519692,0.010375800390149736
2015-08-28,-0.00522549362945135,0.005051775049239815
2015-08-31,-0.005396059977553769,-0.006772428535785857
2015-09-01,-0.025084948307391386,-0.0065253788886922015
2015-09-02,0.0185178662721881,0.009574727832309726
2015-09-03,0.004082331693342489,-0.008929522108268584
2015-09-04,-0.013734008542684695,0.0018983700457302355
2015-09-08,0.019163069764594143,0.008855542792986393
2015-09-09,0.011868010475880375,-0.022908725282998144
2015-09-10,-0.0010685047579094276,0.012014565503706276
2015-09-11,-0.004401385845923755,0.009771251000751047
2015-09-14,0.003908073927476385,-0.0067852810187182255
2015-09-15,0.002208215792380397,0.00982254594828924
2015-09-16,0.000198448256135908,0.005255810798909577
2015-09-17,-0.0010976274128920993,0.0014980427657942386
2015-09-18,-0.015591168929998345,0.001201483090276012
2015-09-21,0.005707089843769886,-0.002383416216369949
2015-09-22,-0.015290510538756075,0.0004041957796172557
2015-09-23,0.0026949275841545717,-0.001918891288934299
2015-09-24,-0.00979049861124015,0.006163660782808833
2015-09-25,0.010546999281805025,-0.018669956599145165
2015-09-28,-0.004230366886092463,-0.024476225359266968
2015-09-29,0.0024141466411193857,-0.0076156541617253826
2015-09-30,0.014195349903587173,0.008667139406799862
2015-10-01,0.0017993007887535661,0.0028787758870860714
2015-10-02,-0.014121068697631411,0.03195319195716251
2015-10-05,0.007320521558718873,0.00683197990859874
2015-10-06,-0.0024974428999299247,-0.002204151902461149
2015-10-07,0.006328906411693369,-0.0003023901035966725
2015-10-08,-0.003992349355011471,0.008122025690264989
2015-10-09,0.0004970073060073243,0.004074449178875339
2015-10-12,0.001666986399571968,0.0005967374990045737
2015-10-13,-0.0055245891565330885,-0.0007881122685172715
2015-10-14,0.0,-0.001693040589380912
2015-10-15,0.0038884110321604215,0.012290728845278265
2015-10-16,0.0022484261017288176,0.0019542350067300873
2015-10-19,-0.001164283368659924,0.007133321378046231
2015-10-20,-0.0020278959343159597,-0.0033107003023244985
2015-10-21,0.005270957026782375,-0.011268190856837723
2015-10-22,0.008935182405795272,0.01165269995537277
2015-10-23,0.02653661405744523,0.0011268466438114633
2015-10-26,-0.0007440263270853675,0.0014127934171463963
2015-10-27,-0.0028216004956865826,0.004770144060262549
2015-10-28,0.0014937017163298982,0.006630883959530598
2015-10-29,-0.004237328123967821,0.0028432245957881186
2015-10-30,0.0004630767195268337,-0.004893116575196199
2015-11-02,0.00267691869571407,0.008548950552415668
2015-11-03,-0.0020275978597579236,0.005530786161747292
2015-11-04,0.0033956333838469632,-0.003290915023539731
2015-11-05,0.000832460341215091,-0.0034859487294511826
2015-11-06,-0.0019319503319953357,0.0025934487230083736
2015-11-09,-0.0037863877485988517,-0.006717218281370507
2015-11-10,-0.005408221254025403,0.002723576074431744
2015-11-11,0.0028966237713090592,-0.004100378787878722
2015-11-12,-0.004373995645021833,-0.00533870705874484
2015-11-13,-0.004234358797096438,-0.015225587472398106
2015-11-16,-0.0009595801347328514,0.015279819660884097
2015-11-17,0.0015156049387483606,-0.0009542536579723038
2015-11-18,0.003888197439385621,0.015156174915905707
2015-11-19,0.000454429265244638,0.00018925952211956698
2015-11-20,0.004579213775486091,0.0021944075570499155
2015-11-23,0.0004604743825884494,-0.0034942373263449067
2015-11-24,-0.006174061401276298,0.0053018950243755025
2015-11-25,0.0012831036011813346,-0.00037689981060795574
2015-11-27,0.00221512126610679,-0.0007336067115608635
2015-11-30,0.0026730418086329255,-0.005322444381864355
2015-12-01,0.0041429555599596934,0.0059961278923328365
2015-12-02,0.0006259342301941917,-0.006768932002576777
2015-12-03,0.0026884247335074996,-0.019668504143698362
2015-12-04,0.003107965955819081,0.020267886934553614
2015-12-07,0.0007194849608955778,-0.005219518571775383
2015-12-08,-0.010184064051661945,0.01038367439831589
2015-12-09,-0.0046739059024486496,-0.010447803415337908
2015-12-10,0.0022297818815928405,0.0022533443623604654
2015-12-11,-0.011535469671960175,-0.011468550260081756
2015-12-14,0.0016795627311825267,0.005698999767387747
2015-12-15,0.008615704868740748,-0.0025416117258116877
2015-12-16,0.006762970342554908,0.007849816361871875
2015-12-17,0.004427744682457879,-0.018704413865704095
2015-12-18,-0.003563150131223547,-0.01469768336056898
2015-12-21,0.008614550101950114,0.0017023910856612812
2015-12-22,0.005204712244109677,0.0012295987473462944
2015-12-23,0.0048931658783231136,0.0025205992151771106
2015-12-24,-0.0003619013152256212,0.00018101616760191064
2015-12-28,-0.002524242251052522,0.0019767564005845895
2015-12-29,0.006252144409286675,0.009357832922902043
2015-12-30,-0.0011917273477967116,-0.007731982976484697
2015-12-31,-0.003626275824196612,-0.0089228868722383
2016-01-04,-0.021534862314949832,0.0006663400293973609
2016-01-05,0.004690651990834072,-0.006403696014503302
2016-01-06,-0.017471061408671718,0.007837538314080517
2016-01-07,-0.02108693929307348,-0.01061575422454386
2016-01-08,0.007821705616653407,-0.015681343251014
2016-01-11,0.007237127008021815,-0.004192945083270283
2016-01-12,0.009349464371807503,0.0021947736887881764
2016-01-13,0.004590293211711449,-0.03877901977644027
2016-01-14,0.004076972053693062,0.017146199149135954
2016-01-15,-0.0337473002159826,0.002715159891564234
2016-01-19,0.013690063430343624,-0.011424632468660656
2016-01-20,-0.01554296363827401,0.012794556168618909
2016-01-21,0.00428229283091186,-0.0033164701056628276
2016-01-22,0.019640684685604315,0.009211389499307998
2016-01-25,-0.003069307442295388,-0.011676471350454909
2016-01-26,0.004042328020129826,0.004748946216564853
2016-01-27,-0.0056965453711800285,-0.01938343587791691
2016-01-28,0.01623489142083301,-0.0019044720992213993
2016-01-29,0.0,0.02088929305459919
2016-02-01,-0.005037715933372766,0.00753273448197711
2016-02-02,-0.004099804717395017,-0.01735381187659235
2016-02-03,0.006155486927987841,-0.011045268176649192
2016-02-04,-0.0031036276153232345,0.0030085260973500283
2016-02-05,-0.0035998244399804147,-0.031244838057966184
2016-02-08,-0.018246723153467426,0.0031317843266052137
2016-02-09,-0.013152827397302946,0.010054297706180604
2016-02-10,0.012257936649326506,-0.008313524822328278
2016-02-11,-0.0127877918681224,0.011522031742607464
2016-02-12,0.011681804398365525,0.003468356598441469
2016-02-16,0.014477578463070184,0.007857014205179702
2016-02-17,0.00776151921599344,0.014999973453253768
2016-02-18,0.002883264407691044,-0.014429120284743524
2016-02-19,-0.004234825912773799,0.007271594755012822
2016-02-22,0.009085872576177323,0.007002462783729735
2016-02-23,-0.005702381582896376,-0.010740098596256686
2016-02-24,-0.01131280241818411,0.021239970014160114
2016-02-25,0.0018769632303425876,0.007794373814744793
2016-02-26,0.007046432510524614,-0.00823530258669547
2016-02-29,-0.001209053174490382,-0.0076451504061876285
2016-03-01,0.009119526793121668,0.022705265929764185
2016-03-02,-0.0015813818641856603,0.0019849348017451085
2016-03-03,-0.0011835350814795031,-0.0007984125083949634
2016-03-04,0.0012985839444663583,-0.0008994137079978426
2016-03-07,-0.005373937771931847,-0.0009979428907281873
2016-03-08,-0.006591163979334902,-0.0014528293156896854
2016-03-09,0.003837631233190475,0.0023346008150586517
2016-03-10,0.004812853378361126,-0.006189159956735857
2016-03-11,0.011043235249810213,0.006461735880726849
2016-03-14,-0.0036446877593276916,0.005346026059981801
2016-03-15,-0.0036405790340450217,0.0032643761207102884
2016-03-16,-0.0024752674415330356,0.011368505961533826
2016-03-17,-0.003030756193609485,0.002479975200248008
2016-03-18,0.0023142375485041278,-0.0006866969874900208
2016-03-21,-0.0020216707166474945,0.0058577572872695605
2016-03-22,-0.005625223223143849,0.008859711261211878
2016-03-23,-0.0019976858490659,-0.006322152306396545
2016-03-24,-0.005192616452426857,0.005500404485731858
2016-03-28,0.002751607596829686,-0.004195623427883932
2016-03-29,-0.0016783314529897897,0.01795263368966582
2016-03-30,0.0060715619043876234,-0.0011327682512402015
2016-03-31,-0.0005865790708587948,-0.0008803850217160569
2016-04-01,-0.005649219683173778,0.016394088281919128
2016-04-04,-0.0004843740917985784,-0.003401953942777425
2016-04-05,-0.007828835399951495,-0.0018133699274652804
2016-04-06,0.0011292777532283527,0.015321235899950825
2016-04-07,-0.005670840095834295,-0.008792810298761222
2016-04-08,0.006243873750245044,-0.006887012088800493
2016-04-11,0.004453163315350617,-0.008036795437678101
2016-04-12,0.00048237367224168715,0.00781265374397333
2016-04-13,0.007439662579083128,0.005146046944352944
2016-04-14,-0.008021828629829142,0.00817417504981277
2016-04-15,-0.0006652141218209673,-0.0016786131182650044
2016-04-18,-0.002773402394596225,0.007897592929958508
2016-04-19,0.0019805597484880977,-0.007896984177245492
2016-04-20,-9.671741106842546e-05,0.0009575949856843735
2016-04-21,-0.0005701419556835008,0.000667156559405857
2016-04-22,-0.01299604804189658,-0.0021243685632611475
2016-04-25,-0.00324729473859775,0.0032578740157480635
2016-04-26,0.0020307855313890233,-0.00691221680471521
2016-04-27,-0.010332045113968014,0.002151737328657921
2016-04-28,0.0010536779324057388,-0.013031001132008058
2016-04-29,-0.0005935989906804551,-0.00454121268801333
2016-05-02,0.002289560655154066,0.007023509232166214
2016-05-03,-0.007073715935198344,-0.00208476076209807
2016-05-04,-0.005940734224190725,-0.000697821089251982
2016-05-05,0.0036900406566136024,-0.003979720060568126
2016-05-06,-0.004989435633734662,0.010529332002967573
2016-05-09,0.00030077045846743644,0.002482381871728112
2016-05-10,0.003566909341727431,0.010057912241067779
2016-05-11,-0.0016438519935441098,-0.007352632997036257
2016-05-12,0.002956604960984155,-0.0073682195290394326
2016-05-13,-0.00028980765657693475,-0.0033837529355318363
2016-05-16,0.0017016748169356166,0.010701631196919248
2016-05-17,-0.000680727697909056,-0.011792625301652593
2016-05-18,-0.001881438935851687,0.005586909913743554
2016-05-19,-0.003965159919363637,-0.00139627133699316
2016-05-20,0.004277934771902636,0.006745976376949514
2016-05-23,0.0006899626998331243,-0.0019751242732537477
2016-05-24,0.005415189682479893,0.014612776427521235
2016-05-25,0.0036868358273693946,0.0034572169403630504
2016-05-26,0.0010766580534022907,0.0018967910987699454
2016-05-27,0.0006440783823873364,0.0046226764711618795
2016-05-31,0.001300819322020752,0.0005816997266010482
2016-06-01,-0.0031102842857972934,0.003217184234825199
2016-06-02,-0.001976437761587291,0.003999534034869745
2016-06-03,-0.0018177599009900902,-0.002818784145065756
2016-06-06,0.0016805090096654318,0.0018037588005974659
2016-06-07,0.0006776117091302769,-0.0031245767794608748
2016-06-08,0.0017952276057486838,0.0
2016-06-09,-0.0040780347940641,0.0023926469873074563
2016-06-10,-0.00895586109197466,-0.002300808709784774
2016-06-13,-0.005583741401136377,-0.002990111907158477
2016-06-14,-0.0023260187467213367,0.0023314417238780027
2016-06-15,0.002811018400292964,-0.005714849726101701
2016-06-16,-0.00513222681067349,0.00820203753779225
2016-06-17,-0.0021377460634791623,-0.009629556161666275
2016-06-20,0.0116960645581905,-0.00545425748846784
2016-06-21,0.0016621711737716538,0.0015699835052365163
2016-06-22,0.0007837612603673882,-0.0032118959107806377
2016-06-23,0.008174955992481525,0.00628372446312131
2016-06-24,-0.036598372708558036,-0.005092768777104628
2016-06-27,-0.006334881428079031,-0.013531748196470295
2016-06-28,0.011018134012228398,0.01068030299902989
2016-06-29,0.007905412787735155,0.009836171866056231
2016-06-30,0.001967334818114397,0.009621112981243352
2016-07-01,-0.0003867704666037364,0.00563514425175593
2016-07-05,-0.004824197940097141,-0.0014770755885997744
2016-07-06,-0.004735619403133273,0.01318716396173536
2016-07-07,0.0007679357296865863,0.002115121644089113
2016-07-08,0.005114662687504934,0.010245641451384513
2016-07-11,0.0032871202892665874,0.0021874457956714277
2016-07-12,0.0059422505552830795,-0.0009462908267141579
2016-07-13,0.0028224263298890495,-0.004951581357630075
2016-07-14,0.006577433458617721,0.00018098340667926927
2016-07-15,0.002038075827849317,-0.003706695813334604
2016-07-18,0.0005723825423324946,0.006168660914334767
2016-07-19,-0.0034586665655914617,-0.00037083876120835857
2016-07-20,0.005583669431550087,0.0061296883129167146
2016-07-21,0.0007333377208240677,-0.0031190988434908196
2016-07-22,0.0009330028555543102,0.0033048357939138295
2016-07-25,-0.000731988851246701,0.0008170471727351192
2016-07-26,-0.00027212671721343895,0.0013985488882006791
2016-07-27,0.008623275344931125,-0.0015240502564864977
2016-07-28,0.0015263765310300492,0.0020072857036650404
2016-07-29,0.0022907701439383032,-9.253176152701492e-05
2016-08-01,0.0006940524333476361,0.004818006954205867
2016-08-02,-0.0014265072659838118,-0.006423844721756167
2016-08-03,-0.0007328046008998612,0.004084436440599193
2016-08-04,-0.00018490098552226275,0.0032086253768053297
2016-08-05,0.0050417999317928786,0.00422780630961106
2016-08-08,0.00036529346763947146,-0.001460640308195038
2016-08-09,0.0006399648933543833,0.0016080255091319717
2016-08-10,0.00036487361690107356,-0.002772028048547037
2016-08-11,0.003136344101752897,0.0009935646181611357
2016-08-12,-0.0017119701315849722,0.0024446532332362825
2016-08-15,0.001055553027890177,0.003108780031087832
2016-08-16,-0.0019664168622510747,-0.003550156170552654
2016-08-17,0.0002733609731651043,0.001630608061944816
2016-08-18,-0.0009913236444331064,0.0012563157176022077
2016-08-19,-0.0017093550821490888,0.0014481533767474186
2016-08-22,-0.00153700638448806,0.002231634558455209
2016-08-23,0.0036626374625103875,-0.0018834949698007808
2016-08-24,-0.0006350646405079985,-0.005755526303844571
2016-08-25,-0.0025839793281653423,0.0010527472125083648
2016-08-26,0.00034749846826342967,0.0010055671856001869
2016-08-29,0.0002739701007297146,0.00105906090513197
2016-08-30,-0.0017875546070572623,-0.0013339302518934337
2016-08-31,-0.0015278349572297456,0.0004581355714783353
2016-09-01,0.0004579257793897451,0.002041414159907662
2016-09-02,0.004933263902211715,-0.001690893719148101
2016-09-06,0.0015298456495014268,0.004637080276042482
2016-09-07,0.0008778836668386081,-0.00026222985803414645
2016-09-08,-0.0029485985112291946,-0.0028121739919263478
2016-09-09,-0.008396634068683184,-0.017018036366305167
2016-09-12,-0.005581117530122137,0.023838797173131532
2016-09-13,-0.004940919799429788,-0.003998157531091673
2016-09-14,0.0012856561471012995,0.0037134543439101275
2016-09-15,0.0004601636341883264,0.01488404610558658
2016-09-16,-0.0013596193065942286,0.0006353528477422987
2016-09-19,0.0023402421878542246,-0.006678551713528158
2016-09-20,0.00346194142030698,-0.0014707885060600834
2016-09-21,0.003909695134702629,0.005941329372447068
2016-09-22,0.0058342111660318885,0.002005066373067743
2016-09-23,-0.0013935912668281425,-0.005000670930804696
2016-09-26,-0.0057180874975275575,-0.002757934713807808
2016-09-27,-0.0002720224871922694,0.010221758650401425
2016-09-28,0.0009786141387297942,0.0006996080401109328
2016-09-29,-0.001676092821482622,-0.005548472823256989
2016-09-30,0.002753602253439791,0.004681774392494731
2016-10-03,-0.0016757924168152583,0.00017952999048498341
2016-10-04,0.002737340920105691,-0.004135079255685792
2016-10-05,0.002732215881004807,0.0007977126262670442
2016-10-06,-0.0014060792777946807,0.0008789158841624456
2016-10-07,0.0011469636824703588,-0.0033474451117456727
2016-10-10,0.0051098758003826905,0.0014027626382659975
2016-10-11,-0.0010528288082513049,-0.013468975804074579
2016-10-12,0.0005432174771169418,-0.0013573063802448937
2016-10-13,-0.0066689017152488095,0.003247375190418511
2016-10-14,0.004818926561377612,-0.0037552143186775355
2016-10-17,-0.0003633126850622892,-0.0022987879118283594
2016-10-18,0.01169345658212273,-0.00274554636372637
2016-10-19,-0.0008033651068747316,0.0007136727042775792
2016-10-20,-0.0014804918121581467,0.00024410089503668075
2016-10-21,0.0007863553783995503,0.0031158556410533222
2016-10-24,0.00652747391261288,0.005626420022541545
2016-10-25,0.00042695889631128026,-0.003752078313520757
2016-10-26,-0.006657801497559235,-0.00025156554630145767
2016-10-27,0.0044035048303752156,-0.008956292220283713
2016-10-28,-0.003168899642483125,-0.003215201108564991
2016-10-31,0.003679877882570848,-0.00443587445570004
2016-11-01,0.001564020259518184,-0.008960915157292582
2016-11-02,-0.0005496619578959638,-0.0073603549102641
2016-11-03,-0.0014682118288009693,-0.008600281127469023
2016-11-04,-0.003022218905658236,-0.000608147302632922
2016-11-07,0.01629890373255205,0.007581200832734503
2016-11-08,-0.0011336520967991648,0.007422865354164809
2016-11-09,-0.011483810008358408,0.016322929304069644
2016-11-10,0.004331705552541143,-0.020034396131785703
2016-11-11,-0.004676847308745402,0.004975767366720563
2016-11-14,0.00035824514991178447,-0.010440483733230477
2016-11-15,0.007534844013881825,0.006336458582770099
2016-11-16,-0.004319733494408173,0.01012004338474548
2016-11-17,-0.00045497975340091923,0.007647139150621429
2016-11-18,0.0006233907033472708,-0.00432490022933707
2016-11-21,0.002339605531625377,0.007771434775134978
2016-11-22,0.003958991669060552,-0.0006080495023830235
2016-11-23,-0.0034268330872813113,-0.000619489684150043
2016-11-25,0.0010600738458221848,0.002126876721917581
2016-11-28,-0.0014059533617509778,-0.0009774820421303287
2016-11-29,0.0008886734529003348,0.0027174644173595386
2016-11-30,0.0010554184107902653,-0.01330390807884052
2016-12-01,-0.0002716579283366105,-0.01653034790721264
2016-12-02,0.0009117869181602956,0.0010765847419416108
2016-12-05,0.005138151000974256,0.0023318976159776295
2016-12-06,0.002344719363549963,0.0
2016-12-07,-0.002075274200154631,0.01475779162144164
2016-12-08,0.0003505460428745444,0.001500530127410249
2016-12-09,0.0038668233731977697,0.004128981517892205
2016-12-12,-0.004806237428129023,8.049081510375089e-05
2016-12-13,0.0034250556683330657,0.009250842200951848
2016-12-14,0.000706439193246533,-0.00266492534679319
2016-12-15,0.0013625665799579245,0.00016788011592550056
2016-12-16,0.001828702681213823,-0.00544082114953881
2016-12-19,0.0010462384182294837,0.0029317201491545486
2016-12-20,0.002702368546549705,0.0010480887792847504
2016-12-21,0.0,-0.000959008965414121
2016-12-22,0.0001761338617349839,-0.0026943735141322644
2016-12-23,-0.001289023873428441,0.0018211071624321118
2016-12-27,0.0019942818820373187,0.0030911492734477797
2016-12-28,0.002080754339294666,-0.00961993376439052
2016-12-29,-0.00015923566878983664,-0.0012298490559361497
2016-12-30,0.001816039616239884,-0.012300155631012943
2017-01-03,0.007278619837596478,0.001910941249666509
2017-01-04,0.0010645375914837274,0.004244760512206902
2017-01-05,-0.0002647276834563117,0.005790244849683157
2017-01-06,0.0010355419043439618,0.007758529999649433
2017-01-09,0.0007481318451889596,0.0025556550387260124
2017-01-10,0.00034682181162382086,0.001950196319762787
2017-01-11,0.00017301337393371696,0.002378522375408698
2017-01-12,-0.003468716833631036,0.002034790589742874
2017-01-13,0.0004925427302422403,0.0027206066520990557
2017-01-17,-0.0028854932901514196,0.0
2017-01-18,0.0013734958492781502,0.0006038543158330967
2017-01-19,0.0011638733705772175,-0.0015930834345156963
2017-01-20,0.004131376032844081,-0.0020185361747451225
2017-01-23,-0.0007574062279449567,0.0015159606539303372
2017-01-24,0.0019436847446547834,0.0049613733905580215
2017-01-25,0.0061924528946513124,0.003930290400074865
2017-01-26,0.0013867045473763273,-0.0002448703875708169
2017-01-27,0.001925659411660341,0.0
2017-01-30,-0.003481442143152269,-0.004398727752588427
2017-01-31,-0.0034155791190865203,0.0014322983272803125
2017-02-01,0.006844766818205006,8.455515532768132e-05
2017-02-02,-0.0018346917379687966,0.0009063264977680063
2017-02-03,0.0014048034121489916,0.0014957915018760648
2017-02-06,-0.002050477178948351,0.0033061065733177575
2017-02-07,0.0018035177022848181,0.001732971035828701
2017-02-08,-0.0012260973991619073,0.002892433427786001
2017-02-09,0.0009893104171032618,0.0026215942308176476
2017-02-10,0.0018879588324729468,0.001375779608444816
2017-02-13,0.0027810852893910276,0.002781675814366835
2017-02-14,0.0004057433383568565,0.002988039564623568
2017-02-15,-0.0006519442793953001,0.006639305680570029
2017-02-16,0.0005660330924275314,-0.0008772649012052103
2017-02-17,-0.0012965379155280843,0.0055626309518919115
2017-02-21,0.0017567942998153452,0.003107743256360207
2017-02-22,-0.0008456797150709905,0.001253316405423588
2017-02-23,0.0016012615014466824,-0.0051775207952931
2017-02-24,-0.0042255704112181824,0.006103105620591576
2017-02-27,-0.0018483234810362514,0.00304273699495039
2017-02-28,-0.0001463890696161707,-0.0028875404662360715
2017-03-01,0.0059223245531745405,0.0049224331578989755
2017-03-02,-8.069722401549129e-05,-0.004971350173513023
2017-03-03,-0.0009651726766914948,0.0027197077329004227
2017-03-06,-0.0034167273904948114,0.0012673859352658745
2017-03-07,-0.002158320080490772,0.00048789214331024233
2017-03-08,0.00048765422064733777,0.0011048108011502134
2017-03-09,-7.303179317397213e-05,0.0008764455264760329
2017-03-10,0.004605417852480587,-0.00024212879637774964
2017-03-13,0.0010333330642362526,0.0006371019121123034
2017-03-14,-0.0023050016924838213,-0.00014540519581229816
2017-03-15,0.0022217913293582914,0.004087094615837117
2017-03-16,0.0017582452872604293,-0.0024604287717892026
2017-03-17,0.0009480348362631563,-0.0013243863676496437
2017-03-20,-0.0003054146808015856,0.0012381113174630975
2017-03-21,0.003709740880220247,-0.018816150529204156
2017-03-22,0.0005625901978849601,0.005989439029955301
2017-03-23,-0.0012717596455273927,-0.001127386571933675
2017-03-24,0.003126141853761588,-0.0011898980087421407
2017-03-27,-0.006694058820192472,0.008411725831586114
2017-03-28,-0.0002346316283434735,0.006506486254643118
2017-03-29,0.0006834280752252564,0.003961175657651639
2017-03-30,-0.00014405647013615575,0.0017769524465112152
2017-03-31,-0.0015500779033997825,0.000848264658573461
2017-04-03,0.0007835800011195548,-0.0013981544361443277
2017-04-04,-0.002912232978638185,0.004565660456084419
2017-04-05,0.0013419066256639134,-0.0054003174780437035
2017-04-06,0.0011869816980254466,-0.0006328404120672371
2017-04-07,-0.000400785539657722,-0.00015235956858172806
2017-04-10,0.0011148003785508287,-0.0007210094131784306
2017-04-11,-0.0011945324087064835,-0.0032026070344982616
2017-04-12,0.0,-0.004106710042113826
2017-04-13,-0.0013502914850780368,-0.002550400777265094
2017-04-17,0.0029546653679126678,0.005317297809143806
2017-04-18,-0.003630772203258803,0.0021330747788146365
2017-04-19,0.0044102588910657214,-0.0028095299255073147
2017-04-20,0.004258367813501085,0.004160153901647368
2017-04-21,0.000862110254322479,-0.0011006364549935865
2017-04-24,0.010874772444188885,0.0010820972149818697
2017-04-25,0.0031007629612680443,0.004090108230556444
2017-04-26,0.0003133421069123621,-0.0016993484525748004
2017-04-27,0.002549439515528107,0.0035210165566021967
2017-04-28,0.004054454441966726,-0.0022054141363939683
2017-05-01,0.0035800451396994504,0.005164792555254261
2017-05-02,0.001357857054684608,0.00037752712031569047
2017-05-03,-0.002117975061806443,-0.0010419400151273628
2017-05-04,0.00015452248688485604,0.000224022989393724
2017-05-05,0.0024868705591596374,0.001132494106408366
2017-05-08,0.0005386728639695804,0.0017382074927509983
2017-05-09,0.001412722177434711,0.0020394237477860955
2017-05-10,0.0005279467462413479,0.0
2017-05-11,-0.002707167110213904,0.0019630396441989717
2017-05-12,0.0005969418211317912,0.0014991127699932605
2017-05-15,0.00022911257064306412,0.0028403451172025473
2017-05-16,0.002306954363417546,0.0018686619317100917
2017-05-17,-0.007491034263141572,-0.01784527474542208
2017-05-18,-7.778045688255908e-05,0.008704310150361216
2017-05-19,0.0034007834911626844,0.000983730027590557
2017-05-22,0.0020883719144688673,0.006014542166920656
2017-05-23,0.0030616441486039925,-0.0020044949280204616
2017-05-24,0.003058429701765286,0.001479043097040389
2017-05-25,0.003862553678135594,0.004737942013021801
2017-05-26,0.0002102496714848634,0.0016290924378579152
2017-05-30,-0.0006670664068355592,0.0015600273004776621
2017-05-31,0.003220033098944919,-0.0035754540229454568
2017-06-01,0.0019102554498464652,0.0019739055665630723
2017-06-02,0.003581848980292568,0.0079486054621567
2017-06-05,-0.00014753832307923265,-6.640204223185009e-05
2017-06-06,-0.0010329892495332116,-0.0028805885263943898
2017-06-07,0.002607426721679351,0.001241217279517759
2017-06-08,0.002243227886864485,-0.001222178865140644
2017-06-09,0.0011499590879937571,-0.026411315558893422
2017-06-12,-0.008107331387170458,0.0028668588072038315
2017-06-13,0.005519653311031769,0.002563210742801747
2017-06-14,0.004004675892756104,-0.008405570662380013
2017-06-15,-0.00971918155855378,0.005400691533306912
2017-06-16,-0.00021304116259623918,-0.0039421013378792
2017-06-19,0.00911494147489389,0.007359343413311903
2017-06-20,-0.0010372118542792963,-0.006876782207642651
2017-06-21,0.002181867769721846,0.00783157576444804
2017-06-22,0.0014851373752071684,-0.0017750282731295863
2017-06-23,-0.0012454795096111804,0.005160912287027752
2017-06-26,0.005485676703810949,-0.010197938113678862
2017-06-27,-0.0036120602260353296,-0.014395104157245764
2017-06-28,0.0034334041934942494,0.01075268817204278
2017-06-29,-0.00450110831310202,-0.012761574407173737
2017-06-30,0.003083957284889971,-0.002699726203404751
2017-07-03,0.0043634634703719755,-0.014591127739176923
2017-07-05,0.00258796364453473,0.00697101079656548
2017-07-06,-0.0076902413753404675,-0.0012142962109318312
2017-07-07,0.003105253376285644,0.007565406022989496
2017-07-10,0.0006052851352698063,0.005712272963950049
2017-07-11,-0.001568424418693315,0.004407637872132719
2017-07-12,0.00834383588684573,0.003531280823413585
2017-07-13,0.0011104275145930043,0.0011916360638537515
2017-07-14,0.004019792048746584,0.003944052607249837
2017-07-17,0.0009505774015075019,-0.00043774066462387573
2017-07-18,-0.0009500905555059891,0.007585663764153372
2017-07-19,0.0027282715293805992,0.002963518571628132
2017-07-20,0.002294889654666843,-0.0009875423363056024
2017-07-21,-0.0036026009021148386,0.0032481848378846934
2017-07-24,-0.00027835157268651933,0.004813892145369314
2017-07-25,-0.0033105580550836233,0.0008047818675329665
2017-07-26,0.002295439094105678,0.0009262838512986704
2017-07-27,0.0067767462873631334,-0.012977331287455374
2017-07-28,-0.005529034765456187,0.004770788322997932
2017-07-31,0.002583220806669395,-0.0066756456052000646
2017-08-01,0.003330778753758201,-0.0010208878051647385
2017-08-02,0.005991898071564528,-0.0033690949485499777
2017-08-03,0.0014445886588791979,-0.005169585847343616
2017-08-04,0.0017959399979390334,0.0
2017-08-07,0.0015282206515510044,0.004511642237774671
2017-08-08,-0.001928006485112821,0.000278052171368115
2017-08-09,-0.007944229460948304,0.006717446927745119
2017-08-10,-0.005310266026016586,-0.016163118635081686
2017-08-11,0.0014594934435063767,0.006225570428166849
2017-08-14,0.007932499480079791,0.004767729764782125
2017-08-15,0.0019435134322447478,-0.001288282485214176
2017-08-16,0.002294048666080295,-0.0005776838533705364
2017-08-17,-0.003658340284179884,-0.0167726585104353
2017-08-18,0.0007394129509299407,-0.0014628066483068913
2017-08-21,0.0,-0.0012556710739725085
2017-08-22,0.005448082319925218,0.00983975050799013
2017-08-23,-0.0047613782937167,0.0013034237089810663
2017-08-24,0.0023223993195518045,-0.005283391996694253
2017-08-25,0.003768462126213956,-0.005941867253955735
2017-08-28,0.0032117287576109987,0.0
2017-08-29,-0.00884844262963258,0.0128902015028598
2017-08-30,0.0008710479888387468,0.010554109169758297
2017-08-31,0.0026419886438278084,0.00807977871597032
2017-09-01,0.0011264351216693225,-0.0025532651500943526
2017-09-05,-0.0029792034246377552,-0.0059617058311575155
2017-09-06,0.0025609595937485796,0.0004948729704750132
2017-09-07,0.001942143049382672,0.000508189104425627
2017-09-08,-0.0013641574876281926,-0.0074113902896255635
2017-09-11,0.007613135587016595,0.003835926943027923
2017-09-12,0.0026343595756075366,-0.00020211061225094973
2017-09-13,-0.0018626813948450227,0.003139195093018632
2017-09-14,-0.0038360036341087422,-0.0019109110123486373
2017-09-15,0.0,0.0033504967727899793
2017-09-18,0.0009974557650052063,-0.002281753195176539
2017-09-19,0.0017876011405908443,-7.224337347655485e-05
2017-09-20,-0.00036124296479334017,-0.002688618902725426
2017-09-21,-0.0006449789475972967,-0.005460478607686836
2017-09-22,-0.0031644877394328974,0.0021578050368291635
2017-09-25,-0.0038537895597339222,-0.006543083235638902
2017-09-26,0.0049193506752123195,-0.0022311271595696347
2017-09-27,0.005112173593232905,0.0036737531559880576
2017-09-28,-0.0022238911532879158,0.001790385992604504
2017-09-29,0.00206438247244467,0.005146684137730118
2017-10-02,0.0014846788386191356,-0.0005712963364719048
2017-10-03,0.0010781242085917686,0.0010697351682664724
2017-10-04,-0.0020072202166064868,0.002995181664279034
2017-10-05,0.00360656683689653,0.006202564397424171
2017-10-06,-0.003300023571596866,0.004357267248113361
2017-10-09,0.0015983445716936107,-0.0024221872350732587
2017-10-10,0.003285033814424132,-0.0025838321861497704
2017-10-11,-0.0004781411015800652,0.0034913857731384557
2017-10-12,-0.0014158863875687322,-0.00048450648027409393
2017-10-13,0.004334157868848942,-0.0003406937376232433
2017-10-16,0.002449570792596001,0.0010270140098875835
2017-10-17,-0.00041038413370031446,0.0017342308862982048
2017-10-18,0.0011800619002528823,-0.0024349790027172746
2017-10-19,-0.005737936889769424,0.0020138192116929687
2017-10-20,0.004104763798539635,-0.001372091378456619
2017-10-23,0.002068047253463323,-0.008728655433676402
2017-10-24,0.0018252728996883683,-7.116981830335156e-05
2017-10-25,-0.001964426793073182,-0.001804268914514795
2017-10-26,-0.0004286632849896943,-0.0027374740904868577
2017-10-27,0.016247751331283755,0.01263805238585558
2017-10-30,-0.0010934213641998758,0.003332659364563728
2017-10-31,0.003085325939669259,0.0006858282935344739
2017-11-01,0.003939079266182199,-0.004268406208841613
2017-11-02,-0.0010803324099722955,-0.0007556640137544868
2017-11-03,0.003732611787560458,0.005909879521403427
2017-11-06,-0.0009620141828375894,0.004188791372052858
2017-11-07,-0.0005411070090481918,0.0013500733288560607
2017-11-08,-0.00040379153406566726,0.004511968012269163
2017-11-09,-0.008158674982108205,0.002886240877417068
2017-11-10,-0.0022064164234124606,0.0021426216899240735
2017-11-13,-0.003768981963708229,0.005069542846923403
2017-11-14,-0.003757314444102322,0.0
2017-11-15,-0.004719508676476747,-0.00013804623168289787
2017-11-16,0.00536383655830841,0.007608009008761574
2017-11-17,0.000258954369514397,-0.004005940782929929
2017-11-20,0.0006771823741058558,-0.0014833245609838785
2017-11-21,0.00470987705030268,0.005996020822544912
2017-11-22,0.000866950231638075,0.0003924965487374088
2017-11-24,0.0009943854427383325,0.002459841732161072
2017-11-27,-0.0003842498028192587,-6.743815920795537e-05
2017-11-28,0.0021649109081833817,0.0004643494061038478
2017-11-29,-0.0009282677716190291,-0.016300176400091737
2017-11-30,0.0038328599295027743,0.004465959840452838
2017-12-01,-0.006258484930762975,0.002028716239292905
2017-12-04,0.0062646988649921465,-0.017850610375709564
2017-12-05,-0.00048282854758285865,0.0011041412196619582
2017-12-06,-0.003529354996587797,0.008273552992936972
2017-12-07,-6.860922245166545e-05,0.0034993104300033995
2017-12-08,0.006967378446937955,-0.0025259383996957263
2017-12-11,0.0003948264125255285,0.00720614052994728
2017-12-12,-0.0005337224778235727,-0.0007300355554352711
2017-12-13,0.0035851992153148604,-0.0017794553788084144
2017-12-14,0.001782627484874677,-0.00237934753302782
2017-12-15,0.0037768483923057428,0.0068656354751424065
2017-12-18,0.006745283649539413,0.0019522560509976916
2017-12-19,-0.0016237101445433222,-0.003962985581901779
2017-12-20,0.0033922704219344624,-0.004689285050081149
2017-12-21,0.0013146479813146428,-0.0011796303824801457
2017-12-22,-0.0015013011276439059,0.00038090146680458403
2017-12-26,-0.005350629918103866,-6.715871619411562e-05
2017-12-27,0.0,0.00013432645358024686
2017-12-28,0.0033509948895649178,-0.002114985610066289
2017-12-29,0.0011268059076825487,-0.0072757969208506745
2018-01-02,0.004690368210776619,0.012897071961631035
2018-01-03,0.0007759083764946606,0.0089657274630901
2018-01-04,0.0035399741233803628,-0.0017146596858639285
2018-01-05,0.004438238340610079,0.005351956401135505
2018-01-08,-0.00012334858960627582,0.0038242779970911744
2018-01-09,0.002160344102713374,-0.0018458877364639914
2018-01-10,-0.004681448145202438,0.002358230093094882
2018-01-11,0.001898996707541567,0.00507164343241584
2018-01-12,-0.001634817756437812,0.008973987041872133
2018-01-16,0.0063894905659172,-0.00915514866005962
2018-01-17,0.004517348540672206,0.0060088027045990255
2018-01-18,-0.0012998376788068144,0.0014285079393296929
2018-01-19,0.0031128750031699237,0.0001200836793637805
2018-01-22,-0.0004297215657030895,0.011215496857890583
2018-01-23,0.003119763923274954,0.0051356522714665065
2018-01-24,0.0019470332545841185,-0.008379490670544998
2018-01-25,0.006858847538865787,-0.007171635777598828
2018-01-26,0.005512789296573173,0.009804043314126654
2018-01-29,-0.0024840901404986626,-0.002280698510149115
2018-01-30,-0.009217785630880715,0.000854279817171566
2018-01-31,0.00585647888552443,-0.001616639619439253
2018-02-01,-0.0076744113906380695,-0.0009253007227348897
2018-02-02,-0.0037359198998748733,-0.016268537653184922
2018-02-05,-0.008945617541328055,-0.030815916295131696
2018-02-06,-0.013700815667191835,0.04078372694920751
2018-02-07,-0.003237943517313324,-0.0096804163228712
2018-02-08,0.003083402764565868,-0.04501010470964495
2018-02-09,0.014238068170144613,0.0027684745030249758
2018-02-12,0.00997939477192844,0.007907299250606847
2018-02-13,-0.005840951486366763,0.011098468970197839
2018-02-14,-0.0057449706828814895,0.024383463722648102
2018-02-15,0.009065064288944935,0.008861967177425045
2018-02-16,-0.00249433538338506,-0.0008653381181440434
2018-02-20,0.001477443513258736,0.0
2018-02-21,0.004495739539616128,-0.007261010210993568
2018-02-22,0.004317051396505622,-0.004425481120275299
2018-02-23,0.00744260204081626,0.012844454854494813
2018-02-26,0.004593864846621054,0.008722648400121935
2018-02-27,0.00011718774092850381,-0.012562287236666747
2018-02-28,0.005758361177903293,-0.012177325707756648
2018-03-01,0.0004903316653674938,-0.016688239064051258
2018-03-02,-0.011603982159516413,0.020784577391034453
2018-03-05,-0.004217939542866533,0.015537648428109119
2018-03-06,0.004653230958077126,-0.0003553239369891159
2018-03-07,-0.007695185831878337,0.010086346668677582
2018-03-08,0.003664507780079651,0.0019464418546986106
2018-03-09,0.0072076419565192396,0.011996388184202678
2018-03-12,0.002731378071282764,0.0024999697340226668
2018-03-13,0.0042025178878724034,-0.017761903902928866
2018-03-14,0.00517271987120238,-0.005310532149425673
2018-03-15,0.0008938957937916214,-0.0017800778095866665
2018-03-16,0.001476851426295278,-0.0043199980419271755
2018-03-19,-0.009212143559488628,-0.012337102486648766
2018-03-20,0.0,0.0033221965434082623
2018-03-21,-0.00252251801127934,-0.0018951041052222006
2018-03-22,-0.013184035811286687,-0.011506189514459253
2018-03-23,-0.0012503786584854293,-0.025122774411295845
2018-03-26,0.01984563038671827,0.01692153910063343
2018-03-27,0.0070849104173715816,-0.039079483588011166
2018-03-28,-0.005302905385351053,-0.0064981997334413455
2018-03-29,0.005759822733613307,0.012687963688003512
2018-04-02,-0.0070180726839049745,-0.02210050483386672
2018-04-03,0.009116920626779823,0.002032941679985578
2018-04-04,-0.018786580441935152,0.035605947247425496
2018-04-05,0.00960850119203216,-0.004026697197574869
2018-04-06,-0.010567910910812772,-0.014747140018615545
2018-04-09,0.008864143434302862,-0.0018263202635214748
2018-04-10,0.015335892642098337,0.0065462694782643105
2018-04-11,-0.00606100061846937,0.0005043425861639417
2018-04-12,0.006173445673023359,0.005797233463895823
2018-04-13,0.005006954102920735,-0.010272980644829066
2018-04-16,0.006809180361985634,0.0009624701246688794
2018-04-17,0.009802592943940036,0.011458479786295772
2018-04-18,0.00012004726071102034,0.001990018320803477
2018-04-19,-0.004880047917783181,-0.004226039244508373
2018-04-20,-0.0025705632333103967,-0.013377137024751073
2018-04-23,0.004939772279084043,-0.007431141307494893
2018-04-24,0.004582814768720356,-0.02556475393440416
2018-04-25,0.002205049762609601,-0.0009646514701022735
2018-04-26,0.01296923361815816,0.00786733261515371
2018-04-27,0.014594804690030383,-0.013759154147219732
2018-04-30,0.0024082657896782322,-0.009564711960733607
2018-05-01,-0.002490887394936081,0.014093621917020238
2018-05-02,0.0020240696692515048,-0.008002727617773209
2018-05-03,-0.004643230027950196,0.004541101200753239
2018-05-04,-0.004390857676542237,0.023562443406489608
2018-05-07,0.0044359868638781386,0.003719403628160922
2018-05-08,-0.0025377506186555765,0.001493614166550472
2018-05-09,0.0020474968718797726,0.00896156805368098
2018-05-10,0.0033065186546406,0.007214234095043626
2018-05-11,-0.0016514714796441732,0.0006691159615133113
2018-05-14,0.0022598520261276622,-0.00048801581418334017
2018-05-15,-0.008127267445813047,-0.003171616215744577
2018-05-16,0.0014064521775005723,0.0052683487097537895
2018-05-17,-0.0034772673646039642,-0.0004299440449633263
2018-05-18,-0.003721550708466137,-0.0014704042047302135
2018-05-21,0.007663627533915918,-0.0020023879408984646
2018-05-22,0.004523759081789036,-0.005775004342108425
2018-05-23,-0.00770521771139443,0.016397771713843712
2018-05-24,-0.000247442067625836,-6.187582758909738e-05
2018-05-25,-5.5691690799775095e-05,0.0010891426096104606
2018-05-29,-0.004908172663827148,0.00037272405374677575
2018-05-30,0.004011500462626438,0.0030244367063947397
2018-05-31,-0.00018498877734751673,-0.00036387857556952063
2018-06-01,0.0047136343725129315,0.010918223854292641
2018-06-04,0.002369020501138852,0.006666060661152162
2018-06-05,0.0021069740842187823,0.0008350103625387462
2018-06-06,0.0011164197738349202,0.00476047724683748
2018-06-07,0.00029835783845699737,-0.008363458486941755
2018-06-08,-0.005017084556523388,0.005102842839695754
2018-06-11,-0.0007639465357730524,0.0033651386087951707
2018-06-12,0.0013499406026133975,0.003930520853929753
2018-06-13,0.0015218883351735268,-0.0015791669149634036
2018-06-14,0.00461965442120027,0.005655927138350281
2018-06-15,-0.0035918733864629404,0.0
2018-06-18,-0.006100923142598136,0.005559731319422223
2018-06-19,-0.012760580425471346,0.010089234744464104
2018-06-20,0.004485585446238449,0.0026828863830188343
2018-06-21,0.0023626558614537885,-0.011143128207847908
2018-06-22,0.0034443716107501743,-0.005647670855405296
2018-06-25,-0.008898869425515321,-0.0137634304928681
2018-06-26,0.003647739562393282,0.0004139778400098493
2018-06-27,0.004058955260211272,-0.01746719597563562
2018-06-28,-0.001196696131710473,0.009677678345345386
2018-06-29,0.004734350341925264,-0.0019603068306344174
2018-07-02,-0.009387695348241354,0.01617005030819163
2018-07-03,0.003514618997121577,-0.01509012409045618
2018-07-05,0.006603067943545815,0.005792317109566625
2018-07-06,0.0022587716642243905,0.013316657301503998
2018-07-09,0.0050384292026164346,0.00406393127506588
2018-07-10,0.0012053816746531165,-0.00044262149960161423
2018-07-11,-0.007764066835921346,0.00257058701020485
2018-07-12,0.004593826229916775,0.012566391549146072
2018-07-13,-0.00022755385441231013,0.0010796678124762593
2018-07-16,0.0001748924411486552,-0.0025646406005921385
2018-07-17,-0.0103667515953344,0.016598759964570498
2018-07-18,5.80851644680358e-05,-0.0019166990956663854
2018-07-19,-0.0032530071403215066,-0.0017339825550846122
2018-07-20,0.002976869316021702,-0.003201278178828426
2018-07-23,-0.0030302143964433537,0.0062079365358775895
2018-07-24,0.010175817126862219,-0.005997806384575366
2018-07-25,0.00034845026743557383,0.013654492571886445
2018-07-26,-0.013527831709649885,-0.0016546582985469405
2018-07-27,0.006740096303705645,-0.02005603211737872
2018-07-30,0.00017094722446553412,-0.014386581168371881
2018-07-31,0.0036954870807446305,0.003979767529148193
2018-08-01,0.0024270548371974066,0.0014562589536246673
2018-08-02,-0.007122928144137286,0.02076598379443584
2018-08-03,0.0014931031465983402,0.0016015281490409095
2018-08-06,-0.0006163292361005546,0.006487084012101629
2018-08-07,0.002728402554987186,0.0009511895634328749
2018-08-08,-0.0013995116107630157,0.002479972777973183
2018-08-09,-0.0003912115476443212,-0.000172660876771924
2018-08-10,-0.006660104420306179,-0.0009040124243758774
2018-08-13,0.001873462948354998,-0.003010461353202265
2018-08-14,0.0038150873056888024,0.0024411689844274775
2018-08-15,-0.007467251428241561,-0.004784994999883718
2018-08-16,0.007495340970830711,-0.00420397086793145
2018-08-17,-0.002509739068659589,0.0027495621716284724
2018-08-20,0.0023286817914549562,-0.0031828821346220337
2018-08-21,0.0030765107240873224,0.0005808853855044926
2018-08-22,-0.002211888465088685,0.006097631931110792
2018-08-23,-0.0015325183034734513,0.0001679669626359903
2018-08-24,0.0032313732757323077,0.005945509120295567
2018-08-27,0.005221782291845889,0.0049377782851922625
2018-08-28,0.002436876934874599,-0.000985980937701747
2018-08-29,0.0015484968803176624,0.010058162912789603
2018-08-30,-0.0017549860105746662,0.0
2018-08-31,-0.0012300882967489768,0.0024969491106023867
2018-09-04,-0.0029282905402752135,-0.0013671732146574023
2018-09-05,-0.0016676432144950848,-0.011292325056433294
2018-09-06,0.000513701562223412,-0.009401616758610065
2018-09-07,-0.0070490264396081415,0.0031783408828596205
2018-09-10,0.005509785216662344,-0.002098690187329666
2018-09-11,-0.00417739825874508,0.011925151017196267
2018-09-12,-0.0013608631760716472,-0.0016203743465540432
2018-09-13,0.006021747109561382,0.004583338083891109
2018-09-14,0.0007150072068187185,-0.003572481683943196
2018-09-17,-0.0017641903504478362,-0.01270181519657021
2018-09-18,0.0010336066520384435,0.007291228029695507
2018-09-19,0.00010307920491570144,-0.0008875350003721971
2018-09-20,0.006842955881847246,0.004132513661202264
2018-09-21,0.002953414282960809,-0.008308511419964137
2018-09-24,-0.007323731740540351,0.01013366097880275
2018-09-25,-0.0006252238017018241,0.0019052818964095941
2018-09-26,0.0006130720586732252,0.00011346230214992481
2018-09-27,0.004174939020931578,0.004355292442917991
2018-09-28,-0.0031890301861111636,0.0029791795971336743
2018-10-01,0.005636877102577653,-0.003574625195793102
2018-10-02,-0.0011509030378227258,-0.0011016434722003199
2018-10-03,0.004191987395903762,-0.003076233435127418
2018-10-04,-0.004024371051507547,-0.015259593679458172
2018-10-05,5.157711351544414e-05,-0.012297641901378054
2018-10-08,-0.004328175494172082,-0.0017656005081200243
2018-10-09,0.000788045064502807,0.002426434133395494
2018-10-10,-0.006127044530172654,-0.0381129689475902
2018-10-11,-0.003980571887667539,-0.008396274840507423
2018-10-12,0.02579034941763725,0.0019044186116365935
2018-10-15,-0.0035917300266231633,-0.008491150788635937
2018-10-16,0.01045750840606452,0.01848815208577337
2018-10-17,0.0051544263783964706,-0.0047172855659275426
2018-10-18,-0.00387306715084923,-0.01948797462361518
2018-10-19,0.0069771793123012404,-0.00787585636451904
2018-10-22,0.006041383476816264,-0.0008226992944002642
2018-10-23,-0.01798206601437613,0.014529119439888438
2018-10-24,-0.0008807383724438456,-0.0449814036613051
2018-10-25,0.016165741525155708,0.018241658423079565
2018-10-26,-0.034137220996804496,0.008679369417242455
2018-10-29,0.015133460438512714,-0.03514126318260724
2018-10-30,-0.0025036337907320405,0.018994492303346933
2018-10-31,0.015937911440648378,0.007546304047225005
2018-11-01,0.0015508837575699541,0.011582892958092561
2018-11-02,-0.003104024297646113,-0.012497410336717252
2018-11-05,0.0013389854562733117,-0.0037342864185357927
2018-11-06,-0.00018555859321844892,0.007689737942639274
2018-11-07,0.011682945845893133,0.019461132350264032
2018-11-08,-0.004797704720917673,-0.001746505493716799
2018-11-09,-0.009346970323369286,-0.007469502053356947
2018-11-12,-0.00687368985521386,-0.023623110151187898
2018-11-13,0.004983472216985252,-0.004114583007647665
2018-11-14,0.009839194780894234,-0.01736016116596617
2018-11-15,-0.002113442506770591,0.019822196294276617
2018-11-16,-0.00961897182082716,0.006152648464035293
2018-11-19,-0.004586268649265812,-0.028014242192495376
2018-11-20,-0.022714227671114418,0.005048338667634544
2018-11-21,0.013210768220617286,-0.005735134014205112
2018-11-23,-0.007730060549968276,0.0007159700737644492
2018-11-26,0.013836560551361954,0.00912869517927195
2018-11-27,-0.005575230323093927,0.00885167001077436
2018-11-28,0.007200823682140589,0.024889362971993068
2018-11-29,-0.00418791081484593,0.0008523027727833643
2018-11-30,0.0014172229888487209,0.005878117512693626
2018-12-03,0.02191875497522422,-0.0044563871863771976
2018-12-04,-0.005392225248230242,-0.03312029662515714
2018-12-06,-0.019552561700946658,0.02719254794238557
2018-12-07,-0.004615654395831448,-0.028552193636472434
2018-12-10,-0.0017163323596656177,0.012333424163390339
2018-12-11,0.01572083186464579,-0.012310080258442269
2018-12-12,0.014897436388841001,-0.006174898816005636
2018-12-13,0.006213265099310972,-0.005866468599915575
2018-12-14,-0.011352627946586313,-0.013064863203196997
2018-12-17,-0.004133572133104946,-0.01859031583337145
2018-12-18,0.008073618654308445,-0.0016136468418626038
2018-12-19,-0.0011610647491507864,-0.023439821939250538
2018-12-20,-0.0023806303259840123,-0.01215527293434937
2018-12-21,0.005030367498198629,-0.03586255872391575
2018-12-24,-0.006961953596419157,-0.018022579931960547
2018-12-26,0.011315602167250027,0.050623366177357854
2018-12-27,-0.012474964625785345,0.016626519367610948
2018-12-28,0.006209573091849885,-0.0066990567186803185
2018-12-31,0.009564553926644459,-0.0012753380658047098
2019-01-02,-0.021269264291553736,0.02579059637302472
2019-01-03,-0.014583263232275656,-0.01832299833365203
2019-01-04,0.015875334794253515,0.026385531442815413
2019-01-07,0.002028289298105168,0.010120918340169371
2019-01-08,0.009235089384590944,-0.0002547271480355384
2019-01-09,0.0037761488508225582,0.004282627372367287
2019-01-10,-0.0075630905626628,0.01048747836875985
2019-01-11,-0.006010042587291098,0.00236003926897288
2019-01-14,-0.008464462230985847,-0.0003205358836650962
2019-01-15,0.004364611961785059,0.015199984363496677
2019-01-16,0.0015081504299834236,-0.0016853032584666083
2019-01-17,-0.0032158262298449536,0.011056661364792664
2019-01-18,0.007241669214307578,0.0025419709760030607
2019-01-22,-0.007183989605605956,-0.012826539947143556
2019-01-23,0.005045402184195691,-0.0037010238645605043
2019-01-24,0.0030849320350909704,0.003267659778952492
2019-01-25,0.007701887153941822,0.004163735574272298
2019-01-28,-0.012742350802787072,0.0004986287708801385
2019-01-29,0.000498380264141618,-0.009943481176358016
2019-01-30,0.011236679825580076,0.013950373158129636
2019-01-31,0.005926130966236176,0.009130763794645391
2019-02-01,-0.004728586567839477,0.0004856908017634165
2019-02-04,0.0003547555920684342,0.012076077421281584
2019-02-05,0.0012602045834564368,0.007533291993344626
2019-02-06,0.00017671720372436361,-0.003162069784869659
2019-02-07,-0.008752307259770054,-0.004661429751760315
2019-02-08,-0.008976249179190376,0.011089094057270765
2019-02-11,0.0033322823351942255,-0.004282457329471856
2019-02-12,0.007023732169930907,0.0076691452098569535
2019-02-13,0.004189586407932655,-0.0035283757932771387
2019-02-14,-0.0037054191755442334,0.004905918911644491
2019-02-15,0.007481220857327386,-0.003268743920196715
2019-02-19,-0.003140040978140912,0.005071511967308817
2019-02-20,0.000877288512965535,-0.0010578684253476078
2019-02-21,-0.002741267881780529,-0.0008131117300469448
2019-02-22,0.002064798226702802,0.00528468834277751
2019-02-25,0.007565846983005553,-0.00387119163296068
2019-02-26,-0.0027509985884616173,0.0037764941846809563
2019-02-27,-0.004482340657889883,0.003899775175248754
2019-02-28,-0.0031641389579356582,0.0008191438741893542
2019-03-01,0.007089424240053432,-0.0001195164364979906
2019-03-04,0.005671732777117189,-0.005467403577583685
2019-03-05,0.0005796235434718522,0.00017318912850039503
2019-03-06,0.0007642886144880734,-0.0064377938474022844
2019-03-07,-0.002696291848070964,-0.00957393000794815
2019-03-08,-0.011143805551840247,0.009756967286186136
2019-03-11,0.003939357038480251,0.016775124782426598
2019-03-12,0.002570786087931598,0.0029271078746340162
2019-03-13,0.005214265375854232,0.002271989613761738
2019-03-14,0.0006300047103156015,-0.0023183698447163392
2019-03-15,0.004045932540267749,0.005198573769817694
2019-03-18,-0.0004616535377854891,0.002800432634686878
2019-03-19,0.00394696952030027,-0.0006329812254283196
2019-03-20,5.810845361775563e-05,0.00398600829740503
2019-03-21,-0.00294001898279983,0.01861504527513347
2019-03-22,-0.004364995697687002,-0.017679614928943876
2019-03-25,-0.0035366365246574105,0.0016664230375675881
2019-03-26,0.007611931586013698,-0.003024088428516758
2019-03-27,0.0012609534435068515,-0.007567799708662948
2019-03-28,0.0025145463582936234,-0.00027415638580219337
2019-03-29,0.007439260625014654,0.0001679572346131586
2019-04-01,0.00981516225418666,0.0034406234409674052
2019-04-02,0.0009943595809975836,0.002740336033706159
2019-04-03,0.005420146776663692,0.00022084680593237316
2019-04-04,0.0001698446487612415,-0.0005603921613024365
2019-04-05,0.0032679553473831113,0.002009709834029705
2019-04-08,-0.0016113039167079402,0.004209694712487888
2019-04-09,-0.0034727685495290483,-0.00010714003766820746
2019-04-10,0.0015001212504019978,0.0039136188304191855
2019-04-11,0.0016434821628898977,-0.0040095647158305825
2019-04-12,0.004520485558622944,-0.0001679157734479908
2019-04-15,-0.00011196264926027766,0.0002799379657467682
2019-04-16,0.0035150368575120883,-5.577587024296893e-05
2019-04-17,0.006632120884208392,-0.0031085843473633856
2019-04-18,0.0016730866503247288,-0.0004827754594689537
2019-04-22,-0.004458114267631208,0.007271997233964322
2019-04-23,0.0024526358915302193,0.010217325269930688
2019-04-24,0.0007052456058826984,-0.003807827626144511
2019-04-25,0.007578956604715303,-0.003837173227960844
2019-04-26,-0.0011856368563686326,0.0024233207699924098
2019-04-29,-0.00016371077762622477,0.002084925226503609
2019-04-30,-0.008006448731495253,0.0003074693079743174
2019-05-01,0.006421937778558595,-0.009631431407410629
2019-05-02,-0.0002698356755804765,-0.004048627597869503
2019-05-03,0.008401176939073496,0.007475579590515924
2019-05-06,-0.020855789645598533,0.015100717784486628
2019-05-07,-0.011003697110776312,-0.008478894143969518
2019-05-08,-0.003077610523081975,0.0004986441361689575
2019-05-09,-0.010975903412050014,0.005616800575269032
2019-05-10,-0.0039300695363304605,0.005200472564680814
2019-05-13,-0.025406715515641665,-0.00956672763676436
2019-05-14,0.005202416531217446,0.005795623145400608
2019-05-15,-0.0064364080578990235,0.02064641848434401
2019-05-16,0.00011364475785158312,0.009948467958660778
2019-05-17,-0.009906727123392467,-0.00034091490195853336
2019-05-20,-0.013771975195666641,-0.00316400982053322
2019-05-21,0.00867805625415552,0.0018513635894672476
2019-05-22,-0.005715462643530178,0.0011795845560735874
2019-05-23,-0.011155492973936032,-0.004213793343950112
2019-05-24,0.00589509073186667,-0.006307336122409857
2019-05-28,0.002797047625721083,-0.00655094304464543
2019-05-29,-0.005820428355391871,-0.002305247828880974
2019-05-30,0.0027715072508303074,0.001337725630705222
2019-05-31,-0.011658564719452924,-0.004442141993723947
2019-06-03,-0.002452285111040675,-0.019516611604439293
2019-06-04,0.010799505888971828,0.01719381458267777
2019-06-05,0.009617329035174427,-0.002085407449735288
2019-06-06,0.001623405373176734,0.006182516856051645
2019-06-07,0.004990598696118287,0.014233008690178295
2019-06-10,0.006585639169037316,0.0049896951947066
2019-06-11,0.010571761297469173,-0.009140171785762319
2019-06-12,-0.002734441481817673,-0.002952419960406849
2019-06-13,0.004262020094825569,0.0015566766657577613
2019-06-14,-0.0052243462476601055,0.001066323010338266
2019-06-17,0.001999362026931628,0.0038997879561357696
2019-06-18,0.011823798225297777,0.002848652067091617
2019-06-19,0.0017634912662536362,0.0020222165275811665
2019-06-20,0.013832289054812152,-0.0046282840801284975
2019-06-21,-0.001393839559701071,0.0
2019-06-24,0.0018867924528302993,-0.0018281736985275021
2019-06-25,-0.0005461466320958452,-0.016669334496138943
2019-06-26,0.006606754943839777,-0.0018569325481798682
2019-06-27,0.003720774323305198,0.00016698114782842666
2019-06-28,0.002292824904975843,-0.0010327423751964604
2019-07-01,0.018914277138902813,-0.005471307004145665
2019-07-02,-0.0003290971220456518,0.004263210740876877
2019-07-03,0.0023547537615962177,0.0051835499959120845
2019-07-05,-0.006745618601422865,0.004760552922935979
2019-07-08,-0.006291973658473005,-0.0007491005325721556
2019-07-09,-0.004826291799134408,0.009919336658107403
2019-07-10,0.005923635195539845,0.0040918169074306565
2019-07-11,0.0016386815082338746,-0.0023786588023828603
2019-07-12,0.001100460143383275,0.004661037498450815
2019-07-15,0.0022526629694390454,0.0009043913820598881
2019-07-16,-0.0014756596358971308,-0.0036249926375703234
2019-07-17,0.0002686987457143353,-0.005216727913523789
2019-07-18,-0.004714815754937596,0.0059092290328182084
2019-07-19,0.007239301531473563,-0.014540566305517921
2019-07-22,0.0025597269624573205,0.005480417400731685
2019-07-23,0.005439763647930418,0.0010456044397972875
2019-07-24,-0.0036745406824146842,0.01080084299262385
2019-07-25,-0.003489120433161519,-0.0060152543006133374
2019-07-26,0.006261075014766693,0.0039275117932080494
2019-07-29,-0.00047838751514894806,-0.00290892460195058
2019-07-30,-0.007482866209765571,0.003159727446639282
2019-07-31,0.0027319477180201,-0.016544687216197507
2019-08-01,0.0021293585307426977,-0.007117109792124099
2019-08-02,-0.006960670844888939,-0.007751639664205556
2019-08-05,-0.020588740463302058,-0.015092973394957188
2019-08-06,0.00916698735805821,0.00475244594448454
2019-08-07,-0.010496561568876128,0.01611508979224996
2019-08-08,0.004918420696804482,0.016813459737959002
2019-08-09,-0.005017423139693888,-0.0043057110241717655
2019-08-12,-0.0062777923097044885,-0.005365353704502307
2019-08-13,-0.0004448323432529877,0.02229094842155077
2019-08-14,-0.016255861753539214,-0.013824549217747784
2019-08-15,0.001880094288716494,-0.002999104237297767
2019-08-16,0.008535344057956307,0.0075158718524115375
2019-08-19,0.013722011740938234,0.0020425851399170636
2019-08-20,-0.00219818966134655,-0.005482734631226727
2019-08-21,0.008988402240716065,-0.00016507098052165325
2019-08-22,0.001904132959110738,-0.0050643757964583536
2019-08-23,-0.006608367286097483,-0.025169920583315353
2019-08-26,0.011567317340144267,0.0034322041062460062
2019-08-27,0.006925176639744901,-0.008969260203370188
2019-08-28,-0.003264460716717932,0.006877819877915803
2019-08-29,0.012326915635217484,0.0029250943176717392
2019-08-30,0.005418841660452367,-0.007817994022503494
2019-09-03,-0.006295925091227228,-0.003326720756062662
2019-09-04,0.009487920652581083,0.004763065198608585
2019-09-05,0.010974776204965453,0.007317059872305798
2019-09-06,0.0013261235514130387,-0.0023243997102608827
2019-09-09,0.003131704991222506,-0.005190610450356958
2019-09-10,-0.005266558439795621,0.002401602523866009
2019-09-11,0.0017642158224022708,0.007674955836390884
2019-09-12,0.0062895456531470995,-0.002106639936103938
2019-09-13,-0.0014611087236785503,-0.002114176278188995
2019-09-16,-0.006506913932990077,0.001969743010939329
2019-09-17,0.00010289681615582857,0.004776087074240598
2019-09-18,-0.0021072260067258597,0.0017066228849487164
2019-09-19,0.0017360643098605077,-5.3821602915116173e-05
2019-09-20,0.0013725247458138412,-0.012013287179376997
2019-09-23,-0.0003264258006953069,0.0007020446369776501
2019-09-24,0.004573684725742044,-0.01777294160319176
2019-09-25,-0.0009149231685001702,0.01215865835494001
2019-09-26,-0.001111874162006532,-0.0026245430239538736
2019-09-27,0.001712356870490206,-0.014063199746589428
2019-09-30,0.003894154337024336,0.00566683220217401
2019-10-01,0.003774889304663187,-0.011948946404657157
2019-10-02,-0.006561222401097466,-0.010641911645960178
2019-10-03,0.0001069446477017788,0.01097472436557645
2019-10-04,0.004820994149116853,0.009750854584840596
2019-10-07,-0.003105504864010733,5.503849943022665e-05
2019-10-08,-0.006571235161061284,-0.008376406455151364
2019-10-09,0.008229280147490137,0.001390828290888102
2019-10-10,0.00011066904974033065,0.007707246360774356
2019-10-11,0.011195177124283306,0.0015963425294971412
2019-10-14,-0.0014853766297129312,0.001379003317208749
2019-10-15,0.00297649705874381,0.009800317848146278
2019-10-16,-0.0033028740893006336,0.0008432246629788143
2019-10-17,0.005892233306680428,-0.0032489530262209687
2019-10-18,-0.001461174505984042,-0.008195622926303714
2019-10-21,0.005026103310742824,0.0038502075670561187
2019-10-22,0.0034658238697236055,-0.011402520725789622
2019-10-23,-0.0022247301434735745,0.004183375816515955
2019-10-24,0.007297145813572659,0.002412977646517378
2019-10-25,-0.005123907833707864,0.013090339436793608
2019-10-28,0.004781901851861781,0.005170232950353126
2019-10-29,-0.001698816595970043,-0.0061292982557498155
2019-10-30,0.0019130159065687824,0.002948436642896235
2019-10-31,0.0029450278988802925,-0.0024749490066121593
2019-11-01,0.004326137122251605,0.004673875495912361
2019-11-04,0.006694277304576612,-0.0004605671703581393
2019-11-05,0.0012218419785556822,-0.0007084240409127585
2019-11-06,-0.0011332470892625457,-0.0011034497049696723
2019-11-07,0.005025464427594883,-0.0016616181684013798
2019-11-08,-0.002036544077740232,0.006091023509486204
2019-11-11,-0.005029678708036722,0.0036994877632328116
2019-11-12,0.0008608913060286216,0.0020602414602992614
2019-11-13,-0.0035209095768740095,0.0037912589558821708
2019-11-14,-0.003828326533129145,0.0030280051790751994
2019-11-15,0.005893727757092071,0.001513369804182263
2019-11-18,-0.0015110829768334444,0.002264941970448353
2019-11-19,0.0036524462718012796,-0.002246517136046511
2019-11-20,-0.002445149689007442,-0.003457133081750663
2019-11-21,-0.001060722521137536,-0.0011900914626327141
2019-11-22,0.0023573398523963895,-0.0017010811087769806
2019-11-25,0.0041675648487462524,0.0075134168157424686
2019-11-26,0.0005022321428571619,0.0014400235271450068
2019-11-27,0.002526543900599032,0.00441914728134063
2019-11-29,-0.0021721968855121787,-0.0023734536017536723
2019-12-02,4.546051501730375e-05,-0.01019784526954337
2019-12-03,-0.01330346390153292,0.00551829000243087
2019-12-04,0.005405711229066412,-0.00029671313467194427
2019-12-05,0.003454151890572632,-0.0014482997776554818
2019-12-06,0.006853652557607504,0.0036875475526250145
2019-12-09,-0.0017889901302324818,-0.002774360454225633
2019-12-10,0.00048737149384447953,-0.0013345444027786924
2019-12-11,0.0023373033616520544,0.002985785834499266
2019-12-12,-0.0010007227442041522,0.008539960234545507
2019-12-13,-0.00074744039288277,0.003991003925742254
2019-12-16,0.00637022295780354,0.0037015506764646045
2019-12-17,0.0010791438132387032,-0.0004944864757948642
2019-12-18,0.0009746202938702986,-0.00024218220998684092
2019-12-19,0.00043504483928069604,0.005865609835644214
2019-12-20,0.004377238360525171,-0.0004744575531685502
2019-12-23,0.0036946957870680475,-0.0010580101607980952
2019-12-24,0.0007711643116872224,-0.00024385128972947978
2019-12-26,0.0016244457127805312,0.00731519632194666
2019-12-27,0.003500493163401508,-0.004350716928769649
2019-12-30,-0.0004742340877527118,-0.0061728096208683025
2019-12-31,-0.0027670063719090754,0.004694491666178191
2020-01-02,0.008435884844094188,0.008268885845981844
2020-01-03,-0.013312994036888015,0.004230983594639692
2020-01-06,-0.007991969422030065,0.014492683116680949
2020-01-07,0.0003740451060034733,-0.0005177149595655406
2020-01-08,-0.0002781761238555003,0.007767111392563031
2020-01-09,0.008164256267197079,0.00036359000269170494
2020-01-10,0.0034788108791903305,-0.006044470367983612
2020-01-13,0.0040415321855507,0.007437782805429949
2020-01-14,-0.0009263677960867911,-0.0030298773063593964
2020-01-15,0.0004603251398589414,-4.2255306562322126e-05
2020-01-16,0.004878346526936417,0.00472383551146871
2020-01-17,0.0043202872130658765,0.0005926996077993962
2020-01-21,-0.002906209941274107,0.0025062540320521798
2020-01-22,0.004907384688033867,-0.002262036938925016
2020-01-23,-0.0007249388188576011,0.003941537707993437
2020-01-24,0.004561229092449048,-0.012948038321794919
2020-01-27,-0.022331976363661687,0.00176146614756445
2020-01-28,0.006829675199415908,0.008454470136326053
2020-01-29,0.005433463412812367,-0.0037652280493241097
2020-01-30,-0.006580265727161194,0.01016095210842094
2020-01-31,0.004049504260802861,-0.01976809261494772
2020-02-03,0.004808123321993207,0.01023235283068491
2020-02-04,0.013573125212080095,0.009218026975340798
2020-02-05,0.012019394622400092,-0.008657153377098048
2020-02-06,0.0023870131987788756,0.0062086261042453295
2020-02-07,-0.0044952599930842,0.00017593085466316438
2020-02-10,-0.0033556290225827956,0.015517732935697914
2020-02-11,0.005378739939929433,-0.005172665984069846
2020-02-12,0.005765409326240034,0.003951518588085179
2020-02-13,-0.00700707767795683,0.005798969072164928
2020-02-14,0.001294484084030989,0.0015663745709015853
2020-02-18,-0.004978127078808625,0.005379367138486524
2020-02-19,0.0057028862329242536,0.003862102787982824
2020-02-20,-0.002180977514121829,-0.00715612773491292
2020-02-21,-0.004790461346084407,-0.014484802902269611
2020-02-24,-0.03656467165867594,-0.0020641998779186155
2020-02-25,0.008147809196518585,-0.03504652336820857
2020-02-26,0.005975636681289753,-0.0008922138832297977
2020-02-27,-0.02509980707149817,-0.025530497482218695
2020-02-28,-0.032729118912615096,0.034636871508379796
2020-03-02,0.014978150585162497,0.035997070351162064
2020-03-03,0.0032291039714156256,-0.03505823199474345
2020-03-04,0.018286875983795525,0.022988394349817032
2020-03-05,-0.02539446447096061,-0.005200536578727322
2020-03-06,-0.032661057856731124,0.01638441763092624
2020-03-09,-0.06990265209678148,0.0004755035529198093
2020-03-10,0.03899946064007609,0.014817898664692963
2020-03-11,-0.023333080098255188,-0.02070131405635811
2020-03-12,-0.06732469843152622,-0.02610542093429935
2020-03-13,0.054980353749111144,0.028226452628961507
2020-03-16,-0.09456503630295643,-0.027819821103177378
2020-03-17,0.03633310946944279,0.03794604721310679
2020-03-18,-0.05780953786425391,0.02916317764778875
2020-03-19,-0.005156932298434724,0.011255788228787367
2020-03-20,0.022906848199220287,-0.06082237908615684
2020-03-23,0.003561175914822412,-0.002715718579135995
2020-03-24,0.05557572676881373,0.02086151941113057
2020-03-25,0.004178014881370151,-0.011615096829755256
2020-03-26,0.008701949734641445,0.04365604666816236
2020-03-27,-0.025921327722330467,-0.008601853895387368
2020-03-30,0.009544693094984957,0.026483494674634622
2020-03-31,-0.002626208378087913,-0.005971644113703545
2020-04-01,-0.029262954897563476,-0.013660714285714137
2020-04-02,-0.003943378292749156,0.024441225753315754
2020-04-03,-0.002711274243449191,-0.011575090760497897
2020-04-06,0.03822551705130284,0.03207229268134104
2020-04-07,0.0288709364156996,-0.028458748080386398
2020-04-08,0.008502034921885171,0.01265335027389547
2020-04-09,0.008422719746598473,-0.006888920616790362
2020-04-13,-0.004744276318154106,0.015482080304585866
2020-04-14,0.020468608703603897,0.022592063405138862
2020-04-15,-0.015895426109393762,0.004561195211239877
2020-04-16,0.0111493041534112,0.007022978093373489
2020-04-17,0.012608333978178399,-0.0029946268656716457
2020-04-20,-0.009389311514361731,-0.0025146526877769526
2020-04-21,-0.009987007194523612,-0.027212450050928427
2020-04-22,0.020770094285958773,0.008704142974794937
2020-04-23,0.003930733052380342,-0.006062937675922586
2020-04-24,0.0020137088990255236,0.01380848067595064
2020-04-27,0.010876065902689414,-0.0027625231999466315
2020-04-28,0.007884714753219946,-0.026621095604291267
2020-04-29,0.022282152819772527,0.012942405579593697
2020-04-30,0.004587112756317735,-0.0049740281658445795
2020-05-01,-0.01995316777151157,-0.008384131684710527
2020-05-04,-0.0053716524133651244,0.01715246636771295
2020-05-05,0.01010163935997399,0.0012002637733825594
2020-05-06,0.007861068991660503,-0.001716040037799904
2020-05-07,0.012569819247035152,0.00031627465663275345
2020-05-08,0.007792775409050989,0.00592395742501628
2020-05-11,-0.006113809504153078,0.015108584297040206
2020-05-12,0.0026185150837378934,-0.023550428931570444
2020-05-13,0.002428559488098614,-0.014860313975087691
2020-05-14,-0.0055814434637865284,0.01701799680351046
2020-05-15,-0.01380875112167046,0.020564704329337102
2020-05-18,0.013498219177449311,0.005032019872831972
2020-05-19,0.0010385534628276627,-0.0034703345293756183
2020-05-20,0.01154290286504045,0.008278614478137047
2020-05-21,0.00044128856260283733,-0.01131249944306334
2020-05-22,-0.0018025894197014614,0.005264037055931592
2020-05-26,0.016508809039426087,-0.01888267909607011
2020-05-27,-0.002337090390010399,0.007781468910233347
2020-05-28,-0.005352120245794567,0.004052575411674253
2020-05-29,0.0019373847996018156,0.01277007157148402
2020-06-01,-0.004119045724943149,0.007140511418605389
2020-06-02,0.0015069863357759505,0.005169720835074942
2020-06-03,0.0025431147684495947,0.0019254194663838042
2020-06-04,-0.001546962288981213,-0.005429303399424823
2020-06-05,0.004388216760355057,0.015339715050921132
2020-06-08,-0.0006368494883688403,0.008482385057223762
2020-06-09,-0.0037358677460122003,0.01101820940169107
2020-06-10,0.006900878293600865,0.00494653532036704
2020-06-11,-0.015893429403263326,-0.03413062263484323
2020-06-12,0.021599538128627804,-0.01336042518679581
2020-06-15,-0.014573231252213548,0.027097180686325828
2020-06-16,0.02103844375996311,-0.003727506970565009
2020-06-17,0.006323523166433143,-0.003211526044589963
2020-06-18,-0.0012531858864174295,0.003993183610143225
2020-06-19,0.010048808498420936,-0.010111861686118329
2020-06-22,-0.000211144190367607,0.012215159130746889
2020-06-23,0.006709869099133403,0.00182379639800212
2020-06-24,-0.0034464924801920205,-0.01729621110843549
2020-06-25,0.0008365160374488312,0.00868320852364346
2020-06-26,-0.0011466786077480862,-0.022440369201892074
2020-06-29,-0.0009857663905091796,0.011930962585428029
2020-06-30,-0.0002882919549587193,0.019834269138776284
2020-07-01,0.00024118329514588588,0.011453444140035574
2020-07-02,0.009864608251744622,-0.0030647879069085615
2020-07-06,0.012962305208193081,0.01146641087233391
2020-07-07,-0.0011475886691557635,-0.005744535709868992
2020-07-08,0.005392544325992121,0.007750112739796533
2020-07-09,0.007294500611835009,0.001120454786700753
2020-07-10,-0.0006990096054915185,0.0074822767499254095
2020-07-13,0.011054249293994678,-0.0312454187017277
2020-07-14,-0.009529802036582047,0.016794390343929155
2020-07-15,0.005041697806564827,-0.0029665651582037045
2020-07-16,-0.011297807522927084,0.0044901396533212345
2020-07-17,0.002264834667069282,-0.001086249821601326
2020-07-20,0.002682859070524124,0.0256168710369451
2020-07-21,0.006120763513148608,-0.016505308702589927
2020-07-22,0.001751163216992202,0.0017909285575237188
2020-07-23,-0.0014379542186467864,-0.024729508834747338
2020-07-24,-0.015096613537867287,0.005721162222501297
2020-07-27,0.007030195596559485,0.010745719315090385
2020-07-28,-0.0030279521543977728,-0.00973078556937601
2020-07-29,0.005901455318125137,0.005575882216961148
2020-07-30,-0.007645629624931982,0.013036601536912995
2020-07-31,0.01793120850352481,-0.00015492826821195127
2020-08-03,0.008553365563406246,0.004970194198623545
2020-08-04,-0.002361969989986501,0.006041497463873613
2020-08-05,0.0016450562632088772,0.0008249789953507225
2020-08-06,-0.0010142296033488485,0.014278272310038087
2020-08-07,-0.0021668878541812875,-0.009430276070392707
2020-08-10,0.0010088980254425728,-0.005240224310397279
2020-08-11,-0.004445087740013731,-0.014588514366606686
2020-08-12,0.008301075101821986,0.016719613392633503
2020-08-13,0.002893533860784725,-0.0005891216422898582
2020-08-14,0.0019233312550777093,-0.0031076280199431316
2020-08-17,0.006457836794915517,0.005160936260745874
2020-08-18,0.003967690063946705,0.005620718811342851
2020-08-19,-0.00014815912289811717,-0.006582944358005438
2020-08-20,-0.0028825751501886376,0.016791951830659402
2020-08-21,0.00047079593938503805,0.006444663392253247
2020-08-24,0.011352968465194069,-0.004995142106917094
2020-08-25,-0.0030237471232656965,0.010893745926678244
2020-08-26,0.004376091771867152,0.016865093595352487
2020-08-27,0.003843942968582148,-0.006917193916803899
2020-08-28,0.0041954974459113,0.0008947757776447407
2020-08-31,0.002139910743196749,0.005882724807889428
2020-09-01,0.009207177198881311,0.007801580382225559
2020-09-02,0.011146622542473672,-0.0016669722216563487
2020-09-03,-0.015109418306099132,-0.0361138350620831
2020-09-04,-0.005760281995894734,-0.0075915617287287684
2020-09-08,-0.03993639221893852,-0.008489702690233636
2020-09-09,0.020713749032201578,0.008504468956446187
2020-09-10,0.011041126343090069,-0.030680152447962517
2020-09-11,0.007338152343218551,-0.014171567542006214
2020-09-14,0.014192551194831537,0.003198186192994612
2020-09-15,0.013601344044781527,0.0005832668852072675
2020-09-16,0.002490352191141021,-0.018434349939828065
2020-09-17,-0.025754371756801286,0.010406283794445192
2020-09-18,0.004776287674206792,-0.01741843283384059
2020-09-21,-0.01490706233651995,0.019041129152274294
2020-09-22,0.009488708859202832,0.008957905837295943
2020-09-23,-0.0011734697727771026,-0.02937121054719216
2020-09-24,-0.009772709582003603,0.014562019266671777
2020-09-25,0.0016464316982653937,0.02156567746626492
2020-09-28,0.018668483919207945,0.0021110062215219383
2020-09-29,-0.001743103614529451,-0.002797550935489057
2020-09-30,0.0005066856425408606,0.0063452579995306735
2020-10-01,0.01418681151966128,0.0016454749439043237
2020-10-02,-0.022091820380569338,-0.006183163172186257
2020-10-05,0.007420983392738778,0.013783943658827846
2020-10-06,-0.003097293171275939,-0.014754170777317999
2020-10-07,0.009703187816651804,0.007474809521871295
2020-10-08,0.008609385846669149,-0.0032555852952422804
2020-10-09,0.0060209491032510165,0.009220690080949057
2020-10-12,0.01715017740321967,0.013524891744261858
2020-10-13,0.006122441856000416,-0.00611987885137788
2020-10-14,0.0027401850759398716,-0.011059590199887337
2020-10-15,-0.016463382438354546,0.009895922808223157
2020-10-16,0.005875827949520351,-0.011334209441534071
2020-10-19,0.0069169749192843355,-0.02300437083045781
2020-10-20,0.002662512905037051,-0.0005274757036020095
2020-10-21,0.0009181475108803738,-0.001693764490895755
2020-10-22,0.003049607675026822,-0.0030764015118728283
2020-10-23,0.0021633824013544967,-0.00018049433789268932
2020-10-26,-0.008528091794329118,-0.006602210447734236
2020-10-27,0.003405525088712391,0.004449786461396821
2020-10-28,-0.016010824219190645,-0.023375730491577706
2020-10-29,0.005154931816375274,0.01229031347077103
2020-10-30,-0.007283169480618579,-0.018184134501893934
2020-11-02,0.008678461843772522,-0.0064206854280330905
2020-11-03,0.00694198511071753,0.010275008698019894
2020-11-04,0.03247674483894536,0.011797506353758314
2020-11-05,0.022660575114216597,0.003332177057382868
2020-11-06,-0.002748384843722862,0.0035088579402793307
2020-11-09,0.00913579816097565,-0.02936203027148898
2020-11-10,-0.01149302438259725,-0.006429616601673738
2020-11-11,0.00878548472515428,0.013430227540776052
2020-11-12,0.0033104006187929524,-0.007978159082228653
2020-11-13,0.0055932638423474845,0.0031550773702964108
2020-11-16,-0.0008163265306122547,0.008661545426251083
2020-11-17,0.0006872538947311213,-0.0038824201353240273
2020-11-18,-0.001931187803616785,-0.005459377158727352
2020-11-19,-0.0021900681472660777,0.01002610409674487
2020-11-20,-0.0002777894988534868,-0.006552729600540208
2020-11-23,0.00354404027672528,-0.0034962444478155996
2020-11-24,0.003781119891239637,0.0102389921135424
2020-11-25,0.0033202177169051605,0.00279422920334893
2020-11-27,0.006773520808103228,0.002436813461412557
2020-11-30,0.0009696052812544487,0.0010820205961761253
2020-12-01,0.00746645072519958,0.005309710401106393
2020-12-02,-0.004119631943409252,0.0054327858591081135
2020-12-03,0.0007003819957842605,0.0006965106843386248
2020-12-04,0.0001689383239966702,0.0038984379222744003
2020-12-07,0.0006359995961906506,0.0050410446631850014
2020-12-08,-0.001616152152527306,0.005000418935902973
2020-12-09,-0.0007169845298082844,-0.021922096298372606
2020-12-10,-0.006991193620919822,0.011050255296632061
2020-12-11,-0.005631265930331253,0.003417716760141243
2020-12-14,0.004117945591345817,0.0031478755232325906
2020-12-15,0.0076962093801777876,0.0029898726871271375
2020-12-16,0.0013114885729865744,0.004156517613410626
2020-12-17,0.005353821377352741,0.0011981121459447852
2020-12-18,0.002142120434770911,-0.005175621470417391
2020-12-21,-0.009811560996475288,0.008036862408915546
2020-12-22,0.002996438822153724,-0.0002947742161986122
2020-12-23,0.0001656523222799411,-0.005197308926850219
2020-12-24,0.0008823979914625024,0.0035231533386783642
2020-12-28,0.008712314598099624,0.001383639530679881
2020-12-29,0.004378206117017003,-0.0034670370067804157
2020-12-30,0.003833239333167038,-0.003785936178066329
2020-12-31,-0.0003180599001881834,0.0027650495117703677
2021-01-04,0.004389637576867722,-0.018455556206889878
2021-01-05,-0.003284726023988438,0.011587689951898517
2021-01-06,-0.015578210249896474,0.0017683318179386731
2021-01-07,0.00889946309575862,0.015167952161085907
2021-01-08,0.007447855239237189,0.0053586443308970555
2021-01-11,-0.009560051081295984,-0.004936587583832641
2021-01-12,0.00013055469425737876,-0.0017296238883903747
2021-01-13,0.0008728485264550834,0.005885772891475849
2021-01-14,0.0014287384239717316,-0.00676709770301287
2021-01-15,-0.0006953580767636858,-0.007245903353108596
2021-01-19,0.007680511770861376,0.00685128339102592
2021-01-20,0.011789775491537924,0.011386330633140318
2021-01-21,0.00421546409724094,0.003724336010857421
2021-01-22,-0.0033048755561844168,0.00040067641751106997
2021-01-25,0.01076347168478442,-0.0024555075755685607
2021-01-26,0.002277013734021116,-0.0007988890449218689
2021-01-27,-0.0070989321931734795,-0.02094263893607118
2021-01-28,0.0039067268953729695,0.0020417698752537294
2021-01-29,-0.005451723345001325,-0.01567733337614985
2021-02-01,0.011255272850650755,0.013572149832404845
2021-02-02,0.009456362594690848,0.006766492932388735
2021-02-03,0.006567553093201672,-0.010451346322582156
2021-02-04,0.004398886914962263,0.007394328718921539
2021-02-05,0.0029832564730449818,0.00043376420577789787
2021-02-08,0.005252465190030087,0.001411002119584115
2021-02-09,-0.0028241808952469416,0.0026223884096603367
2021-02-10,0.00443101464081086,-0.006660090312540334
2021-02-11,0.004709358268979225,0.0007612616069374578
2021-02-12,-0.00262251436248373,0.008232667421148587
2021-02-16,0.0024523784105292545,-0.0051574780388803365
2021-02-17,-0.009086905191555972,0.004330474129815576
2021-02-18,-0.011063782707307679,0.006827518910083041
2021-02-19,0.004117499992283502,-0.008468662873443389
2021-02-22,-0.013681090767046378,-0.012412423109926518
2021-02-23,-0.01687778485041369,0.014153585175641137
2021-02-24,-0.008545371549690595,0.016948279414795042
2021-02-25,-0.008472215186667298,-0.02663963216041898
2021-02-26,0.00964449853528282,-0.0054032627519275955
2021-03-01,0.016297849820655186,0.013580711211399255
2021-03-02,0.0020550030444490552,-0.01809314631490999
2021-03-03,-0.0035744329737413816,-0.0255571728934173
2021-03-04,-0.0012083027661503598,-0.015148644831081581
2021-03-05,0.008838209140577868,0.006164993008770603
2021-03-08,-0.001825199724723947,-0.02654543032240886
2021-03-09,0.025124029151127436,0.013968018744179966
2021-03-10,0.014104766983324524,-0.01670653687480339
2021-03-11,0.015726093960440446,0.007166070848228845
2021-03-12,-0.013133056904535256,0.005104059378423065
2021-03-15,0.001054015016460852,0.009612634862862235
2021-03-16,0.007103818101056314,-0.0015948351630790114
2021-03-17,-0.009792372257399595,0.014040158149789761
2021-03-18,-0.015624701119010487,-0.015244406012261624
2021-03-19,-0.0005459412882898862,0.0040671808776686635
2021-03-22,0.007875280206599111,0.010802022534020628
2021-03-23,0.0034967846952134174,-0.00785397379016739
2021-03-24,0.0044685842051863656,-0.021220611367196773
2021-03-25,-0.006096358617063147,0.004384558154914231
2021-03-26,-0.0007111087700121255,0.01569505987777342
2021-03-29,-0.0017255975530248158,0.0014426497967618968
2021-03-30,-0.0063657689050682364,0.0013812289999315386
2021-03-31,0.005810768508373698,0.009404968001711866
2021-04-01,0.012378153554624127,0.004609639953173872
2021-04-05,0.007888537304760357,0.01201591678155145
2021-04-06,-0.0009814393411663458,0.00027271769379999533
2021-04-07,-0.0014840472664408022,0.00392817581844751
2021-04-08,0.008836264846872055,0.0015379336543999145
2021-04-09,-0.00416317441284253,0.010290183165260425
2021-04-12,-0.0031893901849482376,0.0018880355280095351
2021-04-13,0.004682272211110172,0.006960374048137652
2021-04-14,0.0007252308099714444,-0.012728951222225948
2021-04-15,0.008808586849255118,0.006298157049346553
2021-04-16,0.001596188350225347,-0.00041039343849791354
2021-04-19,-0.004731951008274171,-0.004459365872752974
2021-04-20,-0.001984096978788985,-0.005321647528737317
2021-04-21,-0.003939466877096565,0.012565611579449687
2021-04-22,-0.0011871964039729122,-0.010906154446390204
2021-04-23,0.0019447578684719247,0.010647940452102711
2021-04-26,0.0007398281182999789,0.00576639318292238
2021-04-27,0.0008880515069873418,-0.005203680944815825
2021-04-28,-0.001000379662161044,-0.0023978862406571766
2021-04-29,0.009929039416835206,-0.006250916831072595
2021-04-30,-0.007413923474813289,0.0008680292094862541
2021-05-03,0.0036540840833556576,-0.008973541648412464
2021-05-04,-0.007829196684176587,-0.010241676525266308
2021-05-05,0.006395489627509354,-0.009680345012678782
2021-05-06,-0.0008317135167463796,0.008377058022116524
2021-05-07,0.008610454978295934,-0.0005119103451869389
2021-05-10,-0.0042415246180175226,-0.021107001068747744
2021-05-11,-0.018598226702661202,0.017540034945417782
2021-05-12,-0.015599301796550669,-0.010450173636116222
2021-05-13,0.00957725523174946,-0.0018229525423618664
2021-05-14,0.010225894043561112,0.011742727515345663
2021-05-17,-0.005416964992274953,-0.0006788351819750904
2021-05-18,0.003033137021964949,-0.009730237129249253
2021-05-19,-0.017269184890655986,0.01875084966304774
2021-05-20,0.004699131661471956,0.014575387865333411
2021-05-21,0.004859316703394789,-0.01037265886235772
2021-05-24,0.007246694792535147,0.009515985486410639
2021-05-25,0.004691565046915702,-0.003273668902293081
2021-05-26,0.0020531479036034472,0.0014099909686853263
2021-05-27,-0.0013803977386017685,-0.0023499199798490134
2021-05-28,0.003710226677915429,-0.000576717190773679
2021-06-01,0.004091529949814987,-0.007364089897532455
2021-06-02,0.00126263015099215,0.0006674273903588546
2021-06-03,-0.00874146293484468,-0.0016713074647598525
2021-06-04,0.005631081832384366,0.011270137378928569
2021-06-07,-0.0016522867832328147,0.004649967572594393
2021-06-08,0.0053409824484476065,-0.004834049152224074
2021-06-09,0.004206207656393568,-0.003955216642824277
2021-06-10,0.0010467412571240065,0.009383463583224616
2021-06-11,3.0114132562486517e-05,0.0025716694772344173
2021-06-14,0.0012915472736336753,0.008261239965923206
2021-06-15,-0.0010472512629492448,-0.005465115586450242
2021-06-16,0.0013595623047875094,-0.005018167680966523
2021-06-17,-0.0030296927927575545,0.015779366232638647
2021-06-18,-0.004971314771779589,-0.0029261046716260175
2021-06-21,0.0005863400712582401,0.005656659879870629
2021-06-22,-0.0006154029105287506,0.009977451079551836
2021-06-23,-0.00017377883550517836,0.0006598851681971496
2021-06-24,0.0057142520688771015,0.00046250490313748394
2021-06-25,0.0016355741772386967,-0.0028626929761781383
2021-06-28,0.003758550482635181,0.008358675920359104
2021-06-29,-0.0005151923867300345,0.0041410385608877665
2021-06-30,-0.0004470027743012084,-0.0011338751698648508
2021-07-01,-0.0010167357007100364,0.0014167828043047948
2021-07-02,0.005488762617513299,0.00594409108529903
2021-07-06,0.0017355808343919588,0.002567514810941418
2021-07-07,0.006292919186866142,-0.004152096667589422
2021-07-08,-0.014400058995711507,0.008492306275558192
2021-07-09,-0.0016835881543879605,0.007934783851457183
2021-07-12,0.003998548044965355,-8.191211112928976e-05
2021-07-13,-0.0010734190373691277,0.0010745725039518206
2021-07-14,0.006652373244747878,-0.004818107328461885
2021-07-15,-0.0002537734705213568,-0.006791573710292043
2021-07-16,0.0024478274821169155,-0.010498256428269959
2021-07-19,-0.009936874651092942,0.0017638520214902087
2021-07-20,0.0027046218147808165,0.008869224281120802
2021-07-21,-0.0012326586049272725,0.008962088963803128
2021-07-22,0.0005832934560703329,0.006047434297470344
2021-07-23,0.003724227166605809,0.00790563679469991
2021-07-26,-0.0019351878883929752,0.0027356884769569323
2021-07-27,-0.0007390100044173398,-0.01027872384791828
2021-07-28,0.0032080634196494096,0.0005964381720431344
2021-07-29,-0.001564367130939548,0.0033522622164172677
2021-07-30,-0.011009302455513126,0.0058978219298420065
2021-08-02,0.00465577324306321,-0.004550345887778584
2021-08-03,0.0018447438838455898,0.004175962152890733
2021-08-04,-0.00011164016143161426,0.0015575541375671964
2021-08-05,0.0022964672307503875,0.004034635019853239
2021-08-06,-0.0034950025894037173,-0.0008809838115750868
2021-08-09,0.0012878712017536653,0.0005667123184922573
2021-08-10,0.0014437426251128205,-0.006573420757149284
2021-08-11,0.003552650673691815,-0.005258664560605197
2021-08-12,-0.0014285474663551234,0.005047663041195971
2021-08-13,0.000991648978545756,0.0025295391174162685
2021-08-16,-0.0031227186805194984,0.0035752273499325415
2021-08-17,-0.007699308033360941,-0.0011547699267714373
2021-08-18,-0.0014808220942015282,-0.008132770776972609
2021-08-19,-0.005514352579394144,0.010421965991479265
2021-08-20,0.0029984248424843596,0.0073250211730129244
2021-08-23,0.002912042940105497,0.012005751657210073
2021-08-24,0.0016101204435923222,0.0014267874552247317
2021-08-25,0.0006918674130447222,0.00045637143715993034
2021-08-26,-0.002354567232181526,-0.003970046682273076
2021-08-27,0.0017235455007764688,0.007960769678276192
2021-08-30,0.002164366630094783,0.00904897475740829
2021-08-31,0.000662289097267621,-0.001474366735273125
2021-09-01,0.0028480049146273334,-0.0011821791861234
2021-09-02,0.0036126040338502197,-0.004076687831850556
2021-09-03,-0.0031137640751826012,0.0061713896965327475
2021-09-07,0.0002897734132893959,0.0011292524670545312
2021-09-08,-0.00047423332279472596,-0.0029646944032680755
2021-09-09,0.0005753446018426089,-0.00402509639541615
2021-09-10,0.004624096561064217,-0.012159589237904056
2021-09-13,0.00636939212130927,-0.007020605300975813
2021-09-14,0.004083275978857381,-0.006908734265696381
2021-09-15,0.0012576797581762555,0.00619875806860315
2021-09-16,-0.0036394753089762366,0.0043403815839537785
2021-09-17,-0.0012962166170098488,-0.01059995989790219
2021-09-20,-0.015944307208623387,-0.00480624728657153
2021-09-21,0.005151049924915663,-0.003897740645839809
2021-09-22,0.002572352655304755,0.006777932855841495
2021-09-23,0.0032291805020587816,0.005968683717684442
2021-09-24,-0.00622938504015369,0.007198214379322998
2021-09-27,-0.008357530268996882,0.000403304890209899
2021-09-28,-0.012665847496237781,-0.015848733667442216
2021-09-29,0.003623178109752434,-0.005246675878315621
2021-09-30,0.004722150271972092,-0.008363032675887339
2021-10-01,0.0017912750335686844,0.004420273942912889
2021-10-04,-0.004625121022580503,-0.016438567166222606
2021-10-05,0.003097313051926287,0.010373449981641247
2021-10-06,-0.009231094997868228,0.015772068910742343
2021-10-07,0.008726038225108423,0.00046790219152992307
2021-10-08,0.0030624808066694875,-0.008035884818048178
2021-10-11,-0.004386027007053261,-0.003316098720770877
2021-10-12,0.004163194959652117,-0.007601353751374718
2021-10-13,0.006628755340228443,0.0013596889213798313
2021-10-14,0.010277562359919168,0.008050117110505628
2021-10-15,0.003416920030124837,0.0028910169986238188
2021-10-18,-0.003622756565726415,0.013728621184639467
2021-10-19,0.0029225884528942814,0.004615999211969202
2021-10-20,0.0012583241410304424,-0.002562449505871589
2021-10-21,-0.0021926774391491932,0.008330805119837414
2021-10-22,-0.003423515731095339,-0.005012838087777749
2021-10-25,0.003911834735233599,0.0063254947664221906
2021-10-26,0.00610444114328379,-0.002926123451211904
2021-10-27,0.0012165023534329578,0.0011018734542791453
2021-10-28,0.0050969469449264615,0.005957337431624632
2021-10-29,-0.008242972047887487,0.013284418048559177
2021-11-01,0.0011680046190476467,0.002259211445260423
2021-11-02,-0.001633840290132138,0.005781997287457985
2021-11-03,0.0012880161922035338,0.009340543946235513
2021-11-04,0.003313583612066129,0.009451668429457216
2021-11-05,0.004589135023805868,-0.003612101691015779
2021-11-08,-7.696807364299119e-05,-0.0012803341697841253
2021-11-09,0.002766909103053772,-0.009592129534740645
2021-11-10,-0.0072275568064237294,-0.007561584441167057
2021-11-11,0.007879122033186192,-0.005061464360049062
2021-11-12,0.0030345239279674363,0.007496795850659321
2021-11-15,0.003072785638224884,-0.0032932546396146067
2021-11-16,-0.001907328703223743,0.009014810045073984
2021-11-17,0.0008260081931779073,-0.000303391037623002
2021-11-18,0.00529809500050149,0.005062947868777812
2021-11-19,0.004197445387391863,0.0013890754790155668
2021-11-22,0.0038728784599610933,-0.015444356190980502
2021-11-23,-0.0029913435435128255,-0.001582359771071573
2021-11-24,-0.006385781473515095,0.009671305095366511
2021-11-26,-0.0066140246044791295,-0.0124254550148446
2021-11-29,0.012019752337682377,0.009567721854133682
2021-11-30,-0.002277152484782663,-0.012422137253846
2021-12-01,0.011298217369288821,-0.027987757281952352
2021-12-02,-0.0034129692832763903,0.010626510878323892
2021-12-03,0.0035984714364771797,-0.020904493721334294
2021-12-06,0.0013079013255179461,0.006714898063635344
2021-12-07,0.017677509896598886,0.012192615219693392
2021-12-08,0.0008585743039506433,0.003621411014739895
2021-12-09,-0.0031630587494658746,-0.011578204223092192
2021-12-10,0.007363349479890591,0.003465257187056814
2021-12-13,-2.312471415288897e-05,-0.01441473849197683
2021-12-14,-0.012620739099263534,0.002328811250112306
2021-12-15,-0.0006717314338700042,0.02343677921557563
2021-12-16,0.0025035286360404196,-0.028112346617885864
2021-12-17,-0.00909638840864746,0.004129751014430028
2021-12-20,-0.012630549776959543,0.0029598934438361812
2021-12-21,0.00883201201926287,0.013432546067170703
2021-12-22,-0.0007793680034008377,0.012975962561157184
2021-12-23,0.0009177594225895369,0.006604917166568081
2021-12-27,0.003352837947023568,0.013145982986646265
2021-12-28,0.0022832263861993773,-0.0069098412201324955
2021-12-29,0.0003534907850801794,-0.0004931869025829316
2021-12-30,-0.0005544731741808917,-0.002443071347862813
2021-12-31,-0.0017270936865414477,-0.004538589510644897
2022-01-03,0.0030241185002630733,0.006595634135541983
2022-01-04,0.0013959164992753959,-0.014361198357704552
2022-01-05,-0.004343312303732971,-0.02647627277831399
2022-01-06,-0.004874237237684209,0.0041876986352589185
2022-01-07,2.393629753361104e-05,-0.010840223719239317
2022-01-10,-0.013287410836956393,0.014103964968977367
2022-01-11,-0.00197761745462377,0.017053057246472436
2022-01-12,0.006827031763301461,-0.002836920455800307
2022-01-13,0.0035700819747774837,-0.028490582396477282
2022-01-14,-0.0068663747758761495,0.01318777673091276
2022-01-18,-0.015727927283868626,-0.00931667690627358
2022-01-19,0.004299735676505545,-0.01523713337706134
2022-01-20,0.009046293277149342,-0.021819166065949247
2022-01-21,-0.006231523546801343,-0.02163314012956008
2022-01-24,-0.016463092354782605,0.02139206382482417
2022-01-25,-0.01875856406935672,-0.004504570857871815
2022-01-26,0.022598134381362822,-0.023629681078891074
2022-01-27,0.014005187106335804,-0.023762057877813603
2022-01-28,0.00566815681601085,0.025569873520234543
2022-01-31,0.003986041596506951,0.027892720306513352
2022-02-01,0.0037780859760712104,0.0029987612593675994
2022-02-02,0.011607112919269857,-0.0034333412514708783
2022-02-03,-0.027040286035006078,-0.013875951105147832
2022-02-04,0.0014963832589955928,0.011084958723455829
2022-02-07,0.0017059929420961684,-0.009714433808849843
2022-02-08,-0.003295793118522017,0.01456560002308338
2022-02-09,0.012908895449038393,0.008173361747768615
2022-02-10,-0.01965922889257732,-0.0030311724984304345
2022-02-11,0.0,-0.03170609388445955
2022-02-14,-0.0016450127275136062,0.0028621454005235414
2022-02-15,0.015616044581999722,0.009110377959136384
2022-02-16,-0.006464231634010775,0.006246500054844395
2022-02-17,-0.009254212588712507,-0.02066177918302592
2022-02-18,0.002779124634870289,-0.014154893034884486
2022-02-22,-0.008828411214953258,-0.0012099341325134683
2022-02-23,0.009564318987861808,-0.0348486480663579
2022-02-24,-0.03212294832920981,0.06788689894644473
2022-02-25,0.0024117057718957557,0.013082848063008301
2022-02-28,-0.009440259932063322,0.012541970574378114
2022-03-01,-0.003027447284721485,-0.012335613767679221
2022-03-02,0.004659704028042055,0.012083449930637036
2022-03-03,0.0077800295905849914,-0.021916536784407192
2022-03-04,-0.007078293928244106,-0.007450328637933379
2022-03-07,-3.0279357350893044e-05,-0.03686623386061383
2022-03-08,-0.002499426232342783,-0.002162141717988786
2022-03-09,0.025982968615757773,0.009774704603809026
2022-03-10,-0.012439289862893332,0.0013275169567137368
2022-03-11,0.009227885294271765,-0.0296789842852605
2022-03-14,-0.003922914416867873,-0.015336230738838275
2022-03-15,0.00852906526965902,0.02264943662868424
2022-03-16,0.012237936357751167,0.024533557996236466
2022-03-17,-0.0057051622564952,0.017932062805986027
2022-03-18,-0.004939999466266554,0.025525878997916918
2022-03-21,-0.002446628911482507,-0.0003495434089221261
2022-03-22,0.0014598540145984717,0.018173565405632086
2022-03-23,-0.008264462809917328,-0.0061577916090364004
2022-03-24,0.005598675569652878,0.01653240455088012
2022-03-25,-0.00016450727235595153,-0.0006638109557175476
2022-03-28,-2.8386833051285976e-05,0.015499650832041745
2022-03-29,0.01093294868139294,0.006207882489900118
2022-03-30,-0.00516101373522182,-0.005911536889095292
2022-03-31,0.00040570882333335057,-0.012799644454320691
2022-04-01,0.0007456345209087001,-0.0026485448467244987
2022-04-04,0.00237648882937469,0.01816811411600594
2022-04-05,-0.004030075021821511,-0.018248934323250254
2022-04-06,-0.015088039458853064,-0.006723113283311655
2022-04-07,-0.0028876362964331825,0.005288093969372021
2022-04-08,-0.005035577449370554,-0.008995836494084863
2022-04-11,-0.012431524359068025,-0.011366191349624244
2022-04-12,0.01429178461777858,-0.01825321430046556
2022-04-13,0.001030751246367645,0.01927591486295821
2022-04-14,0.0002591810467968969,-0.02312297015184661
2022-04-18,-0.0031920088254975276,0.003973305675416761
2022-04-19,-0.0019486719213543946,0.024350130064519027
2022-04-20,0.0023951002082822637,-0.01693724724913004
2022-04-21,0.011662426418490135,-0.03198342760214423
2022-04-22,0.00047928540682784515,-0.026656251525655428
2022-04-25,-0.005128655264081905,0.018068037157009664
2022-04-26,-0.006301649695131362,-0.03163642253328092
2022-04-27,0.0003120004374439489,-0.0015112831758813394
2022-04-28,0.016072831729592618,0.019140135968178873
2022-04-29,-0.013145536986011619,-0.03228530821518494
2022-05-02,-0.0013351482665866499,0.01805838159336348
2022-05-03,6.405944716703083e-05,0.0010024661307368454
2022-05-04,0.0015357886754783223,0.03222446912846655
2022-05-05,-0.013438147999133565,-0.037422200471816436
2022-05-06,-0.006557184712503994,-0.005462114576464727
2022-05-09,-0.01865669180174301,-0.020863444770861772
2022-05-10,0.024771798049426863,-0.012317638979615686
2022-05-11,-0.007716101723658553,-0.022114894911523186
2022-05-12,-0.015037068365881145,0.01286769272262056
2022-05-13,0.015696332033480864,0.021038506779994304
2022-05-16,-0.0059325126015215,-0.005699429037520409
2022-05-17,0.020139252058531065,0.005652443416930497
2022-05-18,-0.015129505367459384,-0.0344789090699964
2022-05-19,-0.006362798650357826,0.001012013695683489
2022-05-20,0.012255178244328535,-0.015186578461088618
2022-05-23,0.003710312903054902,0.012878241123765344
2022-05-24,-0.018254936514391362,-0.0030695589677501856
2022-05-25,-0.0053270072163190685,0.0194263149626539
2022-05-26,-0.0028123631906137314,0.030605292179740173
2022-05-27,0.010728063359642492,0.02168694197933818
2022-05-31,-9.900467302070837e-05,-0.00255457347864263
2022-06-01,0.007097666538721237,-0.014397566016224328
2022-06-02,-0.00375697974831235,0.03126338473069912
2022-06-03,-0.017018666995466947,-0.009156747407128685
2022-06-06,0.014858147995149285,-0.01135796633314945
2022-06-07,-0.011103289814458406,0.019951112722779607
2022-06-08,-0.0026467393093457803,-0.004564868665130728
2022-06-09,-0.005623659158507044,-0.02128468389760141
2022-06-10,-0.019195649803750547,-0.016385868621252575
2022-06-13,-0.031470618358272695,-0.015508200786167103
2022-06-14,0.008166999396271857,-0.006304327060846382
2022-06-15,0.012707133297347628,0.012109596042567894
2022-06-16,-0.025498499451722778,-0.01523524686948241
2022-06-17,0.0029092603938400963,0.009219664119390902
2022-06-21,0.01672973585213966,0.008356891879058859
2022-06-22,-0.009102631903040614,0.007720398741048795
2022-06-23,0.009046950553735611,0.0057950799339965275
2022-06-24,0.010147294829133013,0.023873214020338374
2022-06-27,0.0047206814922329254,-0.011993905018728546
2022-06-28,0.0018764534681314782,-0.03228821716362684
2022-06-29,-0.0004847553421833961,0.0014046760263835
2022-06-30,-0.01074809773737484,-0.0016754245678165525
2022-07-01,-0.0047368401933967075,0.011394784386006496
2022-07-05,-0.013536287426878513,0.031073032967997793
2022-07-06,0.0013624268227778735,0.005041915573602118
2022-07-07,0.002876713777555384,0.01847275488359168
2022-07-08,-0.009833360945438407,0.011196358046423605
2022-07-11,-0.008359445829067447,-0.013108952743807079
2022-07-12,0.004424170908258418,-0.014052203920028372
2022-07-13,-0.019701647554278168,0.017993142359536307
2022-07-14,-0.009309818793573066,0.013002244991940914
2022-07-15,0.010676004915366244,0.007386531352346681
2022-07-18,0.009760215436349418,-0.018050105018792673
2022-07-19,0.012826872403226552,0.017701020865390937
2022-07-20,0.001436914013836832,0.014396237347056973
2022-07-21,0.0015589616777653692,0.012781031741239568
2022-07-22,-0.0030936576705486996,-0.014486301142291436
2022-07-25,0.00010114155097196154,-0.005804937905367957
2022-07-26,-0.005787971056754215,-0.0139317565608853
2022-07-27,0.015861377235153684,0.025984284138419467
2022-07-28,-0.0007167792718053567,0.010497057768686258
2022-07-29,0.0050806295248329025,0.013088585824567733
2022-08-01,-0.0057319537054369984,0.005164477741782525
2022-08-02,-0.00745017874616094,0.004503009598177732
2022-08-03,0.005473967881736375,0.021641367935469003
2022-08-04,0.00024909977234166547,0.004425936492224558
2022-08-05,-0.0160627697136132,0.008025339147132327
2022-08-08,0.0029143448419892692,-0.006133575647432998
2022-08-09,-0.006047619047618968,-0.0053050990913301455
2022-08-10,0.02369041273592476,0.004124687903843016
2022-08-11,0.00728460892083449,-0.012866752052198893
2022-08-12,0.006462253777763882,0.012922679302175277
2022-08-15,-0.002930599339921902,0.01103982000024728
2022-08-16,-0.0030049399623388595,0.0006653482346810069
2022-08-17,-0.009657987143111169,-0.001760465332136918
2022-08-18,-0.00015187158482654617,0.0025574099791687566
2022-08-19,-0.009442917348191249,-0.010147863517322442
2022-08-22,-0.01350311561845674,-0.013000671291116594
2022-08-23,-0.0007643402868866556,-6.48241482916756e-05
2022-08-24,-0.0015558804176243335,0.00446389439886774
2022-08-25,0.0057788895999379974,0.011831999742922372
2022-08-26,-0.0009337127467670125,-0.040091805529947955
2022-08-29,-0.009169906545770101,-0.0006951941363049219
2022-08-30,0.005558732929974219,-0.016603969386431494
2022-08-31,0.009872860288372642,-0.015526930986207832
2022-09-01,-0.008522089391784782,0.009034542628423958
2022-09-02,0.009813989866358508,-0.023717318390603315
2022-09-06,0.0016660170464932733,-0.008825879144340742
2022-09-07,0.0016711078993720818,0.01849719403150729
2022-09-08,-0.00709355110047083,0.012367782030703323
2022-09-09,0.007690483450215169,0.014059978483055513
2022-09-12,0.004598470933817822,0.007257210181875751
2022-09-13,-0.028777096275326985,-0.02683646790925187
2022-09-14,0.0039657503379899595,0.00395699102943925
2022-09-15,-0.006627459072774622,-0.01009233709444568
2022-09-16,-0.011611720843038853,0.005559133468743482
2022-09-19,-0.009350069852798848,0.01730299241240152
2022-09-20,-0.008792421337858625,0.0008278583129304184
2022-09-21,0.002974304822245477,-0.02081454315745135
2022-09-22,-0.005508684152049859,-0.0068402065756800745
2022-09-23,-0.009002863062860356,-0.007349010245406462
2022-09-26,-0.0017337351664202805,-0.0023981878715990668
2022-09-27,0.012534633221223057,-0.011991688494124908
2022-09-28,-7.405268107729679e-05,0.01996978426856466
2022-09-29,-0.014572464794101347,-0.014467445484587671
2022-09-30,-0.0030914732159544878,-0.013911647911565295
2022-10-03,0.006780163743045797,0.016577527988034246
2022-10-04,0.019955785914655744,0.011256174503489591
2022-10-05,-0.01364884044292991,0.013297202145958975
2022-10-06,-0.003611357394632697,-0.004275544752148641
2022-10-07,-0.01693948574874493,-0.021529058316180683
2022-10-10,0.0007439998489340294,-0.010732804492380787
2022-10-11,-0.006416467662070935,-0.007360168320177052
2022-10-12,0.0024715806899540116,-0.002808880383365908
2022-10-13,-0.028562584639195143,0.053539280195006755
2022-10-14,0.008850327019772397,-0.0385683396352271
2022-10-17,0.023390331268830833,0.009407373552711595
2022-10-18,0.026661132701958357,-0.018261936963424596
2022-10-19,-0.005712638557689775,0.0020745403820014996
2022-10-20,-0.0033589828368751906,-0.0017454704476395078
2022-10-21,-0.0042032515719707675,0.027768296660371172
2022-10-24,0.0009815353278916916,0.010012165001658913
2022-10-25,0.0034454315183987116,0.017182555559597024
2022-10-26,-0.020235719853819334,-0.0018978448511833834
2022-10-27,-0.004113721546759264,-0.01414723701119891
2022-10-28,-0.002353843804586253,0.0330203647359677
2022-10-31,-0.008178237143579792,-0.003472437301191067
2022-11-01,0.012749822665213628,-0.022680256046443525
2022-11-02,-0.00010343591960082499,-0.034178024243454175
2022-11-03,-0.010060439140081034,-0.009571467212798113
2022-11-04,0.01934743848341669,-0.003199730549006463
2022-11-07,0.004039380116420244,0.006929572293948416
2022-11-08,0.005788074439802449,0.0014877805636952512
2022-11-09,-0.006602115995143709,-0.01657892639305869
2022-11-10,0.04817849547856223,0.024427244810039106
2022-11-11,-0.000672139632515778,0.019116710846710294
2022-11-14,-0.007295019481619591,-0.0014683034873097522
2022-11-15,0.023708983707417364,-0.009644445835637616
2022-11-16,-0.006911325724319628,-0.006782609925667149
2022-11-17,-0.01597926398541638,0.013991808261209382
2022-11-18,0.010815613592489504,-0.010664586230998974
2022-11-21,-0.00498478160804694,-0.005332501362710351
2022-11-22,0.002660715508942868,0.011714915482170518
2022-11-23,7.1082046452009e-05,0.0099614407306714
2022-11-25,-0.005640632257519651,-0.0009413096944280719
2022-11-28,-0.0070416798019261595,-0.007687341036132445
2022-11-29,0.000819624985620715,-0.008387092139480634
2022-11-30,0.0009743940826387743,0.04457584552251226
2022-12-01,0.0011224433235408338,0.00010035296560317875
2022-12-02,-0.017632668878823865,0.013902146079961097
2022-12-05,-0.007420273744181305,-0.009439179067911696
2022-12-06,-0.0005582506262652442,-0.020171881683747617
2022-12-07,-0.004289894394273519,0.00020654119590979292
2022-12-08,0.004919737275885794,0.00688203209211613
2022-12-09,-0.003659174072138005,-0.0027275079417556913
2022-12-12,0.0006450055311928438,0.011897902742567412
2022-12-13,0.03876156583629897,-0.026962027051101067
2022-12-14,-0.002080824724845276,-0.005345216296029687
2022-12-15,-0.014592999333134626,-0.019269119732759354
2022-12-16,-0.0024922095511454856,-0.007053758693012391
2022-12-19,0.000996839019762552,-0.015037649654600527
2022-12-20,-0.004412538525144671,0.0036506270622078674
2022-12-21,0.003934505158865953,0.01053207393058786
2022-12-22,-0.011230580994401329,-0.013390530258998501
2022-12-23,-0.00483447987533725,0.007118905582841117
2022-12-27,-0.0023208015107963886,-0.01184385571477431
2022-12-28,-0.0015540015540015384,-0.01166544670031211
2022-12-29,0.0109884541322669,0.013244088355612416
2022-12-30,-0.010589963317554352,0.01009180310215263
2023-01-03,0.0089058281963319,-0.015525934424249654
2023-01-04,0.008165236791866981,-0.003372726166575357
2023-01-05,-0.006394383930104497,-0.009326918277150265
2023-01-06,0.006779069767441914,0.02068535393783999
2023-01-09,0.007558784257813311,-0.0010743993471244995
2023-01-10,-0.0038824909402298546,0.012400161021508316
2023-01-11,0.003987380109179206,0.013254519343232962
2023-01-12,0.0020529455384963313,0.0033465176895175475
2023-01-13,-0.00913771241093908,0.016163216216017906
2023-01-17,-0.0007072595137228577,0.002744375835048496
2023-01-18,0.00556735928553409,-0.018468249079631516
2023-01-19,-0.005976379073187044,-0.003868727541008754
2023-01-20,0.005950911429066341,0.021285558347557743
2023-01-23,0.0030486383346544077,0.019108712986701804
2023-01-24,-0.005701614346314332,0.0036805442829819235
2023-01-25,-0.015951481058275596,0.013959155090607744
2023-01-26,0.012131996687750002,0.007276196046483996
2023-01-27,-0.004569208649007339,0.014586501670104113
2023-01-30,-0.011242030478393672,-0.009075113698506887
2023-01-31,0.00013622074746755253,0.01484254677148411
2023-02-01,-0.0007123463035421107,0.02211913961609202
2023-02-02,0.022088576674921256,0.013502065196251412
2023-02-03,-0.021752635327866976,0.004066243529087243
2023-02-06,-0.008722085353254472,0.0002672385571789171
2023-02-07,-0.0004274674557003255,0.021151982893989674
2023-02-08,-0.004325335933333507,-0.013515422960774681
2023-02-09,0.014686581880442029,-0.023183362605255886
2023-02-10,-0.007289457676447508,0.0007278660997209752
2023-02-13,0.004773358502565994,0.011194909262314257
2023-02-14,-0.005284099422311672,0.012739834241568104
2023-02-15,-0.0060286758727365886,0.013773151996807842
2023-02-16,-0.01527198299614263,-0.0035474458389959107
2023-02-17,-0.007357488358721964,0.0003030813268227739
2023-02-21,-0.012947751144626984,-0.010866525235850744
2023-02-22,0.0020033930098479757,-0.0012491869960665758
2023-02-23,0.012641872196150539,-0.003861923476071394
2023-02-24,-0.01704809400191276,0.0003127508522460243
2023-02-27,0.011029705515547494,-0.003834603517114843
2023-02-28,-0.0021730282355700847,0.0008883880423660173
2023-03-01,-0.0010257472931669565,-0.007018198915809126
2023-03-02,-0.008725079904462918,0.01714363988872969
2023-03-03,0.006067135600653417,0.01451518791831119
2023-03-06,0.0042154550898405585,-0.003062410511244007
2023-03-07,0.00016896686897638347,-0.012430481879675437
2023-03-08,0.0014472077102301029,0.003539339277783382
2023-03-09,0.0017123637428255734,-0.019004312673959967
2023-03-10,0.0005785413137393558,-0.014614436473423309
2023-03-13,-0.006310544864249423,0.013811539318333788
2023-03-14,0.012458451482841637,0.010396679125686648
2023-03-15,-0.008946379682444494,0.014318199801155451
2023-03-16,-0.0031101508948891965,0.029565465902750443
2023-03-17,-0.0002941040401303052,-0.004435997025039162
2023-03-20,-0.002061869361816515,0.005626127055316177
2023-03-21,0.006438314921605404,0.0077909526329804635
2023-03-22,-0.00022833358884943866,-0.013373616227133067
2023-03-23,0.012420634920635054,-0.0005520061667907417
2023-03-24,-0.0013922160091770497,0.005075909556520708
2023-03-27,0.002282554898538569,-0.009112675553014316
2023-03-28,-0.0019081466715626938,-0.003412980494438722
2023-03-29,0.01224508630890564,0.0059198572461267585
2023-03-30,0.008053865078337497,0.0014033037044649532
2023-03-31,0.0007247190110470925,0.01588741023677298
2023-04-03,-0.0067249368354315164,0.0043220481617798345
2023-04-04,0.0014165649564596983,-0.004777301345727736
2023-04-05,-0.0030394076010570314,-0.006857924801502158
2023-04-06,-0.005309536016406047,0.012122168782596532
2023-04-10,-0.009370245650665354,0.008886975408203046
2023-04-11,-0.00012420065730800456,-0.006299985030369215
2023-04-12,0.006307874265603974,-0.015040180405721748
2023-04-13,0.005717297736040461,0.013784344303146234
2023-04-14,-0.004954137751671306,0.0030918305549356706
2023-04-17,-0.0013187162376865347,0.0021636412810026595
2023-04-18,0.006743606432460858,-0.006635361050052135
2023-04-19,-0.007682905535184248,0.007268888071281232
2023-04-20,-0.009474744073917574,0.0018694645571326607
2023-04-21,-0.0011714361615301483,0.0022142397082713927
2023-04-24,-0.000722594177042013,-0.001363042977448936
2023-04-25,-0.005248149690814219,-0.013685614161663473
2023-04-26,0.01113241004104859,-0.0050091721785862076
2023-04-27,0.012279238252277613,0.014727573557704599
2023-04-28,-0.0007489169144622165,0.007659224590474967
2023-05-01,-0.001462456298918613,0.00030800563210298115
2023-05-02,-0.00021679433444143914,-0.008500809226756334
2023-05-03,0.0011537242472265952,-0.0076931844084794365
2023-05-04,-0.0007210449408806552,-0.0028096344920949257
2023-05-05,0.007277605594119052,0.013874717499308575
2023-05-08,-0.001454700500993833,0.003937180928220041
2023-05-09,-0.005213350179511744,-0.0011286149473889173
2023-05-10,0.007720391527397341,0.003141953195516356
2023-05-11,0.0017248411371497685,0.0015353869392653596
2023-05-12,0.001650958766373778,-0.005229746351105513
2023-05-15,0.0014793774779571223,0.0039277761882845486
2023-05-16,-0.0022334497040137347,0.0033716446547324974
2023-05-17,0.0033046190405465747,0.008770955923170787
2023-05-18,0.0012075965465796479,0.017340934560033716
2023-05-19,0.0006573220878229868,-0.0029035151129761516
2023-05-22,-0.0007731160185427965,0.0041395214412158765
2023-05-23,-0.0051897978946989776,-0.0075314639791685956
2023-05-24,-0.005967040074823404,0.0008462046043304916
2023-05-25,0.02258097008433535,0.0017103507562257203
2023-05-26,0.0030632434622994698,0.022419939397540167
2023-05-30,0.01237190085045925,-0.007740546746071608
2023-05-31,-0.004601883561643816,-0.0010896823067557682
2023-06-01,-0.0007476102652416161,0.012308408902344858
2023-06-02,0.0050814849324050115,0.002403433476394712
2023-06-05,-0.0006165439287547647,0.0013223886394533313
2023-06-06,-0.0017427913756071778,0.0015743936727088403
2023-06-07,0.0008244728651429778,-0.01777570008209428
2023-06-08,0.0008648209414359176,0.011543212382349788
2023-06-09,0.004190804881055277,-0.0003682337056585272
2023-06-12,0.00476881253712258,0.012070072926317676
2023-06-13,0.007767284735853419,-8.35945663530957e-05
2023-06-14,2.786718499625529e-05,0.007242479553022818
2023-06-15,-0.003527419809989718,0.015500626077589175
2023-06-16,0.006640930441106363,-0.012854741153368598
2023-06-20,-0.004016970323943991,0.0025994618754801024
2023-06-21,-0.003160310685817902,-0.01050603661772509
2023-06-22,-0.003505674723666252,0.015364303013993608
2023-06-23,-0.01081395958776088,0.0009098520792631959
2023-06-26,0.0019881436371038674,-0.015364321712922901
2023-06-27,0.004389262276085493,0.012755683496965098
2023-06-28,-0.005093024806614999,0.007076808789318267
2023-06-29,-0.0008263889851777284,-0.001173998839878232
2023-06-30,0.01027553322737318,0.005082759872601095
2023-07-03,0.0017650439208602986,0.0005955063853035902
2023-07-05,-0.004310756689317019,0.004302001019977242
2023-07-06,-0.010180652664742995,0.002587200803190859
2023-07-07,-0.0006244979256765371,-0.0026950022710693355
2023-07-10,-0.0007673495525635232,0.0010966608472740003
2023-07-11,0.001172721126916132,0.003762092439985709
2023-07-12,0.01132634989497383,0.0012923544743701498
2023-07-13,0.008660614540287881,0.008244845291540015
2023-07-14,0.0011464923998218968,-0.0013529096879519864
2023-07-17,0.0019254411580382769,0.007394177816934189
2023-07-18,-0.0016989053553829736,0.009895827819477176
2023-07-19,0.0028015462228920818,-0.0030289250582786753
2023-07-20,-0.007879733148092427,-0.015290148198446873
2023-07-21,0.006426217895742381,-0.00936849317624977
2023-07-24,0.0026428185040356933,-0.0010414569660855966
2023-07-25,0.0019158066136977236,0.00485410856039481
2023-07-26,-0.002796978835837627,-0.000529919013387059
2023-07-27,0.014698321568963335,-0.016831471526628672
2023-07-28,0.01093798231133647,0.007195390701749682
2023-07-31,0.0008093003637896778,-0.00028974284005933715
2023-08-01,-0.0035675046174681313,0.0012560056903669903
2023-08-02,-0.009224682959293018,-0.012839683872429508
2023-08-03,-0.006545195329798026,0.00497657124841
2023-08-04,0.005241308433963088,-0.009873739887487631
2023-08-07,0.004950777532925832,0.0035014668306991847
2023-08-08,-0.006797973810421909,-0.001719942379217465
2023-08-09,0.0007826448504415495,-0.011768507430669262
2023-08-10,0.008317373611366863,-0.0064147981818379884
2023-08-11,-0.007054112613477437,0.0006850109656997283
2023-08-14,-0.002213720651639939,0.0134667094532539
2023-08-15,-0.0026722933135344684,-0.007961726783314527
2023-08-16,-0.001500838703981544,-0.009101458885941716
2023-08-17,0.003917730448991463,-0.014784837972285692
2023-08-18,-0.009255500298837371,0.008078537383509943
2023-08-21,0.004160738883996151,0.011899206719552025
2023-08-22,0.007281142092001813,-0.008651597387697496
2023-08-23,0.0033077853973377813,0.012424995286210105
2023-08-24,0.009563847997261288,-0.030649698738799303
2023-08-25,0.0023564378048746004,0.0053858460301372535
2023-08-28,0.008159071343275315,-0.0006280507288694004
2023-08-29,-0.0005457552370452534,0.022399214565832493
2023-08-30,0.00029132184590152654,0.005285412262156397
2023-08-31,0.00021191441876444728,0.002781122693907623
2023-09-01,0.006383923318035389,-0.00739047821523009
2023-09-05,-0.0021739479644672377,0.003450477861669743
2023-09-06,-0.002085628415884888,-0.006733510535679943
2023-09-07,-0.01209080241168603,0.004997091856378644
2023-09-08,-0.00013585369100899136,0.0015353552920842617
2023-09-11,0.008261928922991713,0.0034902839858665935
2023-09-12,-0.00450522928399022,-0.006610635202844661
2023-09-13,0.0006399722317134149,0.003162584484636799
2023-09-14,0.004762689474267168,0.0034038480152285278
2023-09-15,-0.0036039850159967912,-0.013569878419698034
2023-09-18,-0.002579012941410719,0.0036297938288039067
2023-09-19,-0.003616666076598274,0.001489636774621994
2023-09-20,0.002920257856039443,-0.01728004005703776
2023-09-21,-0.010259576989748664,-0.008150052738926994
2023-09-22,0.004950522978324878,-0.004788597188032373
2023-09-25,-0.0027358083467539096,0.0075115883785319415
2023-09-26,-0.007287160730175768,-0.0077874264450144
2023-09-27,0.003300151328182732,-0.0009544071739606697
2023-09-28,-0.002618597443953208,0.011009310307473985
2023-09-29,0.009863078588829621,-0.009043595771651258
2023-10-02,0.000752292802501886,0.007590474742526387
2023-10-03,-0.006868262368740052,-0.010761915480276829
2023-10-04,0.0024004891992206456,0.011187751639290644
2023-10-05,-2.8059778552247394e-05,-0.0029239109694365606
2023-10-06,-0.008473813075169478,0.02544852818042731
2023-10-09,-0.006582061253581073,0.011760706812628419
2023-10-10,0.0009225397105154798,0.004608447077143918
2023-10-11,0.0036616293017983637,0.003459990449553141
2023-10-12,0.0013759609292360864,-0.004844548118257075
2023-10-13,0.0017300424324286912,-0.014271354593719865
2023-10-16,0.003667164096611941,0.007604897752397477
2023-10-17,-0.009739062000442722,0.006528967810477848
2023-10-18,-0.006870440382617082,-0.006288561608855936
2023-10-19,0.003964252278681135,-0.01327360166466518
2023-10-20,-0.0014133601796985085,-0.013518940276837865
2023-10-23,-0.0037776240538147654,0.006820935442575005
2023-10-24,0.005171156187648851,0.00453466078986664
2023-10-25,-0.006765664044163677,-0.017831673081276866
2023-10-26,-0.0034806761962664634,-0.015639682984869174
2023-10-27,0.008054235376363739,-0.0032285887453961104
2023-10-30,0.007293700815023563,0.003941132596765096
2023-10-31,8.672299807188644e-05,0.004694197867377348
2023-11-01,0.0024281970061825753,0.014895516133939024
2023-11-02,0.012830265513253059,0.00525751492374793
2023-11-03,0.0036024075303371372,0.008117143695306916
2023-11-06,0.0021220698004487115,0.0019532106070567767
2023-11-07,0.0028707898499806817,0.00656210554439296
2023-11-08,0.0010156821321198883,-0.0003733917772635875
2023-11-09,0.0018730697501943006,-0.009550466176220351
2023-11-10,0.004729899291879169,0.017668554425554817
2023-11-13,-0.004228403130885683,0.0011145016489801929
2023-11-14,0.01723145925491787,0.004225026044681002
2023-11-15,0.004980064025652098,-0.004209862286672084
2023-11-16,-0.0020182823396367455,0.0028800982066272685
2023-11-17,-0.0019171668824460308,0.0021566972919428995
2023-11-20,2.6148918088386708e-05,0.01214585485115105
2023-11-21,-0.004425441769143279,-0.0013882870095260902
2023-11-22,0.005404955928820954,-0.001307790918865237
2023-11-24,-0.0010481203708018194,-0.0003626933608980032
2023-11-27,-0.0012802537701399608,0.00041259370937307693
2023-11-28,-0.0019557695200842495,0.004581934236379093
2023-11-29,0.00640821659099422,-0.007331393376039719
2023-11-30,0.0006888336440853404,-0.003203718176313153
2023-12-01,-0.002775268180732371,0.005646687615035839
2023-12-04,-0.009870873545126946,0.000593502843323046
2023-12-05,-0.0049986673704344176,0.007547486928456415
2023-12-06,0.007694252508060551,-0.013380236152244485
2023-12-07,0.00784654023416409,0.0060816522949262986
2023-12-08,-0.004509104823759769,0.009007113749873508
2023-12-11,-0.0010939595415151437,0.009647694242305382
2023-12-12,9.953651714078582e-05,0.007860050273698072
2023-12-13,0.0023852026282806804,0.010308757518117995
2023-12-14,0.0030728226463778707,-0.003925850040006229
2023-12-15,0.0019594006185998936,0.0028671686709376143
2023-12-18,0.0009886861432024663,0.005309250136836363
2023-12-19,0.001128506164712384,0.0039749833139692825
2023-12-20,-0.001979622689824545,-0.012905406405581576
2023-12-21,0.009874957198521273,0.001744816286932016
2023-12-22,0.0030141392779405862,-0.0015148566797790197
2023-12-26,0.0021264838515506757,0.003985466218312084
2023-12-27,0.00017163383148011135,0.00133606266011288
2023-12-28,0.002844831807276238,-0.003320134172481004
2023-12-29,-4.898814976650456e-05,-0.004279324518300487
2024-01-02,-0.00898658040074296,-0.008008102432219055
2024-01-03,-0.006606342088404826,-0.003997722784248925
2024-01-04,-0.004749752775115135,-0.00040151355362372243
2024-01-05,0.00042709728920331536,0.0007598069734524593
2024-01-08,0.0031232542786043815,0.017491456777622982
2024-01-09,-0.0075106975818489685,0.00955529765052976
2024-01-10,0.0007870829019274161,0.005986553204158085
2024-01-11,0.003156729135376679,-0.001074335669664972
2024-01-12,0.002566904406806403,-0.0020472839121288278
2024-01-16,-0.0030526276950325615,0.002963280976278959
2024-01-17,-0.008179682406917688,0.002559714264454227
2024-01-18,0.008129598567053087,0.006014901052300958
2024-01-19,0.005400803534184373,0.014353892850470507
2024-01-22,0.0052933845848410765,-0.0039663844751856026
2024-01-23,0.00166023673303628,0.0024826500679688834
2024-01-24,0.009354087417420276,-0.003766354060850907
2024-01-25,0.0059429598873865785,-0.004691942793575654
2024-01-26,-0.004482492993889475,-0.0014834858356772562
2024-01-29,0.001081582200247233,0.009146710674724279
2024-01-30,-0.0024471336770302,-0.004217508320615626
2024-01-31,-0.010465251244199503,-0.009216236854893256
2024-02-01,0.00436346767627227,0.007377970011811508
2024-02-02,0.0045514896218394885,0.01229467278389218
2024-02-05,0.00013620075051301583,-0.0014440009391875064
2024-02-06,0.002708771764816431,-0.004701749613659212
2024-02-07,0.0065923398801222,0.003674835568663326
2024-02-08,0.0002798507462686839,0.0015737200410332886
2024-02-09,0.0026559899440170565,0.007164481259982924
2024-02-12,-0.0002512551230688942,-0.003661407428414698
2024-02-13,-0.01851778999132203,0.0029731940969954795
2024-02-14,0.0063260489346095294,0.004543596332418298
2024-02-15,0.0016185293707269288,0.001358203549438608
2024-02-16,0.0008740995267806362,-0.009933329935739144
2024-02-20,-0.004693605372142473,-0.0028703477328719806
2024-02-21,-0.006478641465662904,0.002496351577423672
2024-02-22,0.020863168010755828,0.008238248380985969
2024-02-23,0.003608273502072157,-0.006528369420008673
2024-02-26,0.0018775054549144965,-0.0023988875791954856
2024-02-27,0.0025661972741075623,-0.00016112770982279478
2024-02-28,-0.004958928834536636,-0.000365559653319969
2024-02-29,0.006800044438683983,0.0017563460645433349
2024-03-01,0.002049302594559377,0.012980618388598764
2024-03-04,0.0,-0.0035675609684413523
2024-03-05,-0.00693831524636912,-0.011090218262989393
2024-03-06,0.009791395678200754,-0.003473151713581757
2024-03-07,0.008270022431460244,0.006851857333810107
2024-03-08,0.0008074000361859568,-0.015228793470081325
2024-03-11,-0.0034398248649541996,-0.0002763200615272243
2024-03-12,0.0053505743287598495,0.00893736740575779
2024-03-13,-0.002275292188844702,-0.005421263095126916
2024-03-14,0.002839823432090105,-0.005346385542168708
2024-03-15,-0.006992477580712864,-0.004927815473756425
2024-03-18,0.01241885604435411,-0.002848199236352378
2024-03-19,-0.004640968853993455,0.007164889499890359
2024-03-20,0.002759769308061877,0.009073251751851474
2024-03-21,0.011515048461146149,-0.0067062045840674545
2024-03-22,-0.0011666162712506978,0.0023156253882909983
2024-03-25,-0.006340297969211317,0.0027265076884341877
2024-03-26,0.0034633386041229564,-0.006677337180729936
2024-03-27,0.007039952068411459,-0.003608049940278968
2024-03-28,-0.00011308916628405274,-0.0017304599404178722
2024-04-01,0.0021617261179114333,-4.5221449437859995e-05
2024-04-02,-0.010944085671387938,0.0023364913307484247
2024-04-03,-0.0048696485185776295,0.007153416839523752
2024-04-04,0.009567243796311464,-0.024622424597628645
2024-04-05,0.0033048530495936035,0.008446836985490425
2024-04-08,0.0021379918409114573,-0.0018371207804345202
2024-04-09,0.005359377426220169,-0.001648984375532292
2024-04-10,-0.011825865383521705,0.0031334393929278725
2024-04-11,0.004312521229814292,0.011604549495300542
2024-04-12,-0.009589644539324316,-0.006411660052004997
2024-04-15,0.00864766338620182,-0.02488756782345869
2024-04-16,-0.00036644485471737376,0.0004599751566718435
2024-04-17,0.004639645631894895,-0.016760788814060845
2024-04-18,0.0015286329249102337,-0.007221025664011282
2024-04-19,-0.0028134207774925812,-0.01792897039479957
2024-04-22,0.006412993895159813,0.003618829485865893
2024-04-23,0.0046603695625018204,0.010217208332536254
2024-04-24,0.007363505322032227,-0.003945018796992605
2024-04-25,-0.01704798771469207,0.012426384829155257
2024-04-26,0.007469090150566959,0.007900748900647514
2024-04-29,0.004944196871476736,-0.0008734050485600386
2024-04-30,-0.0037012668469251775,-0.015212435039705374
2024-05-01,-0.0033932684378643607,-0.0038494460031384126
2024-05-02,0.008967421788662833,0.0037590071868243147
2024-05-03,0.01766174020225919,0.0023946215965224837
2024-05-06,0.004179421719592957,0.006748051278747669
2024-05-07,0.0010215344956430172,-0.0008606834328712676
2024-05-08,-0.0060185491960416115,0.005459606954274943
2024-05-09,0.0006150145865913004,0.0015651526195170629
2024-05-10,0.0034447988100614335,-0.0010821821885543814
2024-05-13,0.004365281672189747,-0.002050787003675447
2024-05-14,-0.0009695973332667362,0.007409730840390649
2024-05-15,0.005608927354689097,0.009966166189523173
2024-05-16,-0.000419860046651066,-0.0016134731676745728
2024-05-17,0.0002893808363106931,-0.0007744261346567249
2024-05-20,0.00048550500315136524,0.006484356739790975
2024-05-21,-0.0041114856197529415,0.006093864162793228
2024-05-22,0.0005672875927360543,-0.0007655143506365425
2024-05-23,0.010621645549219405,-0.01496000034953271
2024-05-24,0.0035905488061813706,0.005842771117617884
2024-05-28,0.002686914091249548,0.0010867850444353788
2024-05-29,-0.009135718162875728,0.002109499595771336
2024-05-30,-0.002060973970008928,-0.008671758692742282
2024-05-31,0.0005102404591719178,-0.0023695152069873604
2024-06-03,0.008563016074629504,-0.003167267584311184
2024-06-04,-0.0005728521375377715,0.003312450013329693
2024-06-05,0.00794267632985024,0.012120000527243047
2024-06-06,0.001488989939550489,-0.0018313787789797642
2024-06-07,-0.0007990342108233905,-8.474797256774469e-05
2024-06-10,-0.0024622459246895767,0.006516112728096601
2024-06-11,-0.0027748497317139353,0.00966520158445916
2024-06-12,0.008482774335845766,0.004574483505427107
2024-06-13,0.00753071487682222,-0.0020934292856857883
2024-06-14,-0.00041998628185513365,0.00560357750630236
2024-06-17,0.000564793818762066,0.011679806273856563
2024-06-18,-0.0001037096958195205,0.00041280740149152173
2024-06-20,0.0024944843488212687,-0.01017649601730819
2024-06-21,-0.0005830148344886377,-0.002099241429491361
2024-06-24,-0.0025834758121291435,-0.008825055511090696
2024-06-25,0.004452874976156762,0.006952488864412798
2024-06-26,-0.0017308361237653447,0.003801427371956434
2024-06-27,-0.00052069065747129,0.003102757122951161
2024-06-28,0.0016623387458416516,-0.006840301348070454
2024-07-01,0.0019435714330642284,0.0039151760678324266
2024-07-02,-0.003134933455617994,0.013674827653261667
2024-07-03,-0.001559434890499145,0.009912506327021786
2024-07-05,0.0017326980788938684,0.008681179545825701
2024-07-08,0.0007430187617298856,0.0016326183800057237
2024-07-09,0.0030761151674896237,-0.002204869640857865
2024-07-10,0.003896814137504423,0.006504993326150288
2024-07-11,0.0002176952266828014,-0.02214417073175612
2024-07-12,0.0011802686846946742,0.00469103420987671
2024-07-15,0.003615531560281493,-0.0009243938848411126
2024-07-16,0.002962012143642445,-0.0025737609611937717
2024-07-17,-0.016239331807354263,-0.013331001779524065
2024-07-18,0.007804338987291715,-0.012442381058781704
2024-07-19,-0.0007060046005522569,-0.008161476906563436
2024-07-22,0.012458148736852692,0.0024091958630307886
2024-07-23,-0.0018848198070610112,-0.001640072864305897
2024-07-24,-0.014149533608800002,-0.022035612297033325
2024-07-25,0.0007348844670569399,-0.011751683144295533
2024-07-26,0.00955698130908722,0.0006904472925997052
2024-07-29,0.005921165399911832,-0.0038868206152479212
2024-07-30,0.004200807247908278,-0.01785852905407148
2024-07-31,0.022600631430114593,0.006838168358496155
2024-08-01,0.00146496557224296,-0.025649433608721517
2024-08-02,-0.019080232695358745,-0.004745323183242944
2024-08-05,-0.05357114876223612,0.025099278383920565
2024-08-06,0.004273060568095399,0.005261162739940151
2024-08-07,0.015833438082069717,-0.026248472944972123
2024-08-08,0.014465731396251513,0.01589470639546131
2024-08-09,-0.002968237172014221,0.008216184128868598
2024-08-12,0.0021766959717743894,-2.2253773127367538e-05
2024-08-13,0.009834161192116664,0.014833473271760322
2024-08-14,0.002008677486742716,-0.0016839066634593003
2024-08-15,0.013031585802670165,0.01207535363535639
2024-08-16,-0.0037942950064367986,0.005100999795960126
2024-08-19,0.0002918189200162846,0.012840514635311662
2024-08-20,-0.0019139734673602193,-0.0001882093138515506
2024-08-21,0.0016460956994441833,0.003015318821937507
2024-08-22,0.004850811522030485,-0.02060655282578694
2024-08-23,0.009246566648897003,0.0015867126960071865
2024-08-26,-0.0011468177899063292,-0.00857329623545977
2024-08-27,-0.003472075468508362,0.006480603781907401
2024-08-28,-0.0009839512701821373,-0.010370136032900934
2024-08-29,0.004091783825945772,-0.005533234427033351
2024-08-30,0.009305383036030568,0.002588252210798725
2024-09-03,-0.006445489633644774,-0.024070528197268404
2024-09-04,-0.006801744483234895,0.00423120050459036
2024-09-05,-0.0035613032668906364,0.004510764772700071
2024-09-06,-0.00154041240347913,-0.025286899823463105
2024-09-09,0.00974090665878613,0.003090744616694563
2024-09-10,0.00391673187185293,0.005303947687091304
2024-09-11,0.0027266813987765204,0.018938765168922123
2024-09-12,6.216306013739903e-05,0.009752563530985414
2024-09-13,-0.0015644436142255858,0.006052849218784795
2024-09-16,-0.00452236244833093,0.00010614268974062924
2024-09-17,0.006444300105706846,-0.00587999578192544
2024-09-18,0.002556421603777892,-0.00686886727173075
2024-09-19,0.023693804453668088,0.0015548215077398897
2024-09-20,-0.0017997123785298275,-0.00010409683503986855
2024-09-23,0.002463187527067978,0.00018693335825781254
2024-09-24,0.0029384585033589428,0.0018800728838828107
2024-09-25,-0.0012978746269644015,0.0022266368678087733
2024-09-26,0.015541505958919455,-0.007904961542606115
2024-09-27,0.002104702277874182,-0.007644453170055354
2024-09-30,-0.001994872682609228,0.004716318793415386
2024-10-01,-0.0007604406445248513,-0.013182089306649658
2024-10-02,-0.0018925301335400713,0.0033098545961038894
2024-10-03,-0.004585208280432518,0.0038556836833907315
2024-10-04,0.012170406520321864,-0.0002675216383848378
2024-10-07,-0.003960379735371,-0.0067784280659987095
2024-10-08,0.005309940741727193,0.009574468085106425
2024-10-09,-0.0006150238014210885,0.00848639755808378
2024-10-10,-0.004662108973746082,0.0035436136275854846
2024-10-11,-0.0037551037031757772,0.005339100324802226
2024-10-14,0.004883771524074154,0.003490242495978624
2024-10-15,0.0006633599483829578,-0.014020056862029895
2024-10-16,0.000672346530262713,-0.0005514030143365378
2024-10-17,0.011265044238746302,-0.010454573926607869
2024-10-18,0.005721531704269145,0.0008283742546155715
2024-10-21,-0.002466836667417316,0.00440085169902571
2024-10-22,-0.005430391972252813,0.006555307865351523
2024-10-23,-0.004779289073165827,-0.010596225678877857
2024-10-24,0.007680015117654815,0.00042602025736515614
2024-10-25,0.005727430541406342,0.0003646625756927868
2024-10-28,0.006338765500104371,-0.006137845958178012
2024-10-29,0.0006438980535246053,0.008958183676153642
2024-10-30,-0.0015402758056365373,-0.006027992704541907
2024-10-31,-0.008057100939085737,-0.017324836611959604
2024-11-01,0.0034124456828208416,0.003975223038111819
2024-11-04,-0.0012512296212149332,-0.0016649014864603684
2024-11-05,0.0032899489376809754,0.009436329973256496
2024-11-06,0.016961932963375892,0.010029859121059692
2024-11-07,0.005577214963840449,0.010111951636261773
2024-11-08,-0.0009844692167805258,0.002154670962973615
2024-11-11,0.0023919664266245366,-0.002970171767797125
2024-11-12,-0.000134700116545039,-0.0016732398766058365
2024-11-13,-0.0009954568834180666,-0.00029169130055162196
2024-11-14,-0.000665798517619276,-0.00629010924410911
2024-11-15,-0.011301184149551835,-0.012666937915848941
2024-11-18,0.0031412047277656896,0.003793889501961356
2024-11-19,-0.005197884735752445,0.0121420260102727
2024-11-20,-0.0005977262493475077,1.993612465667205e-05
2024-11-21,0.006102326100651423,-0.0024887402337752107
2024-11-22,-0.001110411448163151,0.0027164726423760666
2024-11-25,0.008125356984197474,-0.006489993527711846
2024-11-26,0.0029404659598988303,0.0024204996179717497
2024-11-27,-0.0022373964268621593,-0.0056474870557859935
2024-11-29,0.001246684771388118,0.007530275753225846
2024-12-02,0.0024932993809061443,0.008374081569757719
2024-12-03,-0.0026007650454062947,0.005681563122732269
2024-12-04,0.006676111553166386,0.005648628327967309
2024-12-05,9.585154512703475e-05,-0.0028656865188139147
2024-12-06,0.0012841338344273812,0.007656523884399524
2024-12-09,-0.0017681208571574958,-0.006031420647690577
2024-12-10,0.002373440509406466,-0.0057682102839277105
2024-12-11,0.008452989279135403,0.009371865297348903
2024-12-12,-0.00422692511546896,-0.002235541691141707
2024-12-13,0.007519942995517059,0.00013237068329763346
2024-12-16,0.004806310598841179,0.009547823796172805
2024-12-17,-0.0033625098787706253,-0.0010435758369178316
2024-12-18,-0.0012131605453231664,-0.03490760908276391
2024-12-19,0.009138211318951761,-0.013466749811384848
2024-12-20,-0.007255466962165724,0.016102660849742545
2024-12-23,0.0033323405292291497,0.006390028856329222
2024-12-24,0.0037483815113044106,0.009773895189190362
2024-12-26,-0.003093517974341098,0.002422592667012946
2024-12-27,-0.006779346913458939,-0.0065590687455137076
2024-12-30,-0.01349030821300845,0.00019427170452024356
2024-12-31,0.002501733538185391,-0.010970083176557899
2025-01-02,0.006004282336439681,-0.007911842253872203
2025-01-03,0.0061141851057273655,0.010187558770625715
2025-01-06,0.010490374810740777,0.0009918966439874666
2025-01-07,0.002002829545649787,-0.019807243792015372
2025-01-08,-0.00019439633135243106,0.0003694248444041648
2025-01-10,-0.007354670429521426,-0.008388174318950337
2025-01-13,-0.01181000523265574,0.008698102123272156
2025-01-14,0.0062915133902659015,-0.007195122671428078
2025-01-15,0.015739756666296456,0.007154486145869665
2025-01-16,0.004413380859068283,-0.01136995183401246
2025-01-17,0.019042934438900927,-0.002124228075821022
2025-01-21,0.005251812508757725,0.0006110380199313425
2025-01-22,0.009089365080273915,0.0036631352807017237
2025-01-23,-0.004646526693033448,0.006803558143541055
2025-01-24,0.0007144911976564305,-0.006360068166402666
2025-01-27,-0.03517685811641291,0.006283329968897133
2025-01-28,0.0019632093018724373,0.012790284049271738
2025-01-29,0.0012456024858309434,-0.0031187581706865197
2025-01-30,0.005528261433886739,-0.001260206911058881
2025-01-31,0.007400372603495242,-0.008786701537245034
2025-02-03,-0.01688740261508348,0.009036367820934421
2025-02-04,0.001003210660707854,0.011259843431983274
2025-02-05,-0.005052617106717894,0.00964027920920163
2025-02-06,0.000967559203598034,0.004248207757679312
2025-02-07,0.0010192658260401721,-0.013618563108410031
2025-02-10,0.008221901321862513,0.0038504278780857604
2025-02-11,-0.006216151776286649,0.003859651127143593
2025-02-12,-0.010775714903528688,0.011487508700479099
2025-02-13,0.0031790625462073674,0.011169880062207982
2025-02-14,0.00019622427126053665,0.004002189806934675
2025-02-18,0.002936638944149861,-0.0006679939954762348
2025-02-19,-0.0014835665757463312,0.0017647015069695016
2025-02-20,-0.0014645908705313015,-0.002784759298642303
2025-02-21,0.0021419383703371597,-0.022846874598896005
2025-02-24,0.0034209218784801987,-0.01502198848782188
2025-02-25,-0.0013656255296856656,-0.011400918476971444
2025-02-26,0.004305870968245307,-0.0018824196766279444
2025-02-27,0.006938578496440417,-0.03447122790944013
2025-02-28,-0.0002782643511334282,0.01607574100996012
2025-03-03,0.006592250115290632,-0.02828927145679272
2025-03-04,-0.0057746166710321845,0.0027723510671930907
2025-03-05,0.0013116092576574978,0.011710306159314232
2025-03-06,-0.0165741337381774,-0.011120690529561439
2025-03-07,-0.0021293487023896773,0.0095038391563107
2025-03-10,-0.016959300123406962,-0.022173886023242773
2025-03-11,-0.0008029218729477261,-0.00158805208132351
2025-03-12,0.016031072546496272,-0.004675543999648868
2025-03-13,-0.001404842401461548,-0.016608452268048413
2025-03-14,0.011508779132800129,0.012517308810316763
2025-03-17,-0.0001043959026696406,0.006588069225886173
2025-03-18,-0.006959844497781309,-0.010156759195815379
2025-03-19,0.004782265519148066,0.008557025834908583
2025-03-20,-0.008338643908249899,0.004991914652330065
2025-03-21,-0.010809805515445747,0.014259338282203826
2025-03-24,0.015862568836383817,0.005986796243900416
2025-03-25,0.0014877919536948614,0.004212539937727744
2025-03-26,-0.0023507477809751043,-0.016087751371115178
2025-03-27,-0.004067054791692448,-0.0016376111606309918
2025-03-28,-0.0037581495785058427,-0.02265480085867322
2025-03-31,-0.014969932187486656,0.01515413924489084
2025-04-01,-0.0034547470783928835,0.011555745773592863
2025-04-02,-0.013920033848106583,0.021518064017849392
2025-04-03,-0.041394518534075386,-0.012663219700289163
2025-04-04,-0.02778147605733816,-0.0353083489295658
2025-04-07,-0.03314642629001341,0.036778740273087474
2025-04-08,0.034152328353277195,-0.050438196092751575
2025-04-09,-0.0011777147526799148,0.12135139687657914
2025-04-10,-0.026695278969957048,-0.016271276126642586
2025-04-11,-0.0034291093280739426,0.02192735859664907
2025-04-14,0.02213908450704216,-0.015028204796968425
2025-04-15,0.0023170411821282766,-0.001199459152963822
2025-04-16,-0.019563745933317445,-0.010801060062802015
2025-04-17,0.006731505245621161,-0.006865397947089513
2025-04-21,-0.013217743751407385,-0.01168336261780345
2025-04-22,0.01318371776223115,0.012898227063488532
2025-04-23,0.030800035997120334,-0.007879171486566139
2025-04-24,0.004223864836325308,0.02381265334735372
2025-04-25,-0.0008130951107306883,0.011970790414801646
2025-04-28,0.0009945826984931738,-0.00131069910999293
2025-04-29,-0.004741643911009508,0.011400131867196794
2025-04-30,-0.01766450066241876,0.017853702395478788
2025-05-01,0.016699265989442047,-0.0035787426821952684
2025-05-02,0.010089686098654793,0.004706704484728874
2025-05-05,-0.00865331505840472,0.0027445315724308195
2025-05-06,-0.013108883995637255,0.003857702894319859
2025-05-07,0.0013917450821543387,0.0025307002987056126
2025-05-08,0.010821435961100745,-0.0004912697275498701
2025-05-09,0.003932089536955452,-0.004569470227045458
2025-05-12,0.03897780601266465,0.0016962859227993565
2025-05-13,0.0025795018214038734,0.012628643255558236
2025-05-14,0.0022886401986073057,0.0036960349865509112
2025-05-15,-0.004164417367162776,0.005285371331216648
2025-05-16,0.002715454983148735,0.0016325433104138476
2025-05-19,-0.013940288776821075,0.015109676415681284
2025-05-20,-0.00486580716844498,0.0015400311856315074
2025-05-21,-0.007688315682241931,-0.0062564162163210035
2025-05-22,0.0012084827693747968,0.0006619164427832391
2025-05-23,-0.015214007782101135,0.006045280335058578
2025-05-27,0.013569240436729135,0.00982272595175826
2025-05-28,0.00184183262346016,-0.006262208433873373
2025-05-29,0.014299204100904017,-0.01215967168886456
2025-05-30,-0.0009424345584980731,-0.0006352995533652761
2025-06-02,-0.0036023193542794596,0.011542030778748824
2025-06-03,0.0006689474589551825,0.0071434028573611474
2025-06-04,0.0013464820785131781,0.0014393666786614023
2025-06-05,0.002666565803657539,-0.010166358595194103
2025-06-06,0.009927780636064032,-0.00015094339622645503
2025-06-09,0.0004151570048309683,0.001056324744407311
2025-06-10,0.0008856227623892376,0.005723214789992159
2025-06-11,0.002639411467400432,-0.005993054777640894
2025-06-12,-0.002479292274750522,0.004839104483232548
2025-06-13,-0.011205636547614639,-0.001364463311097519
2025-06-16,0.006717777440412798,0.007144203581526787
2025-06-17,-0.004828838271350611,-0.004946305316808064
2025-06-18,0.0019278748015423286,-0.0020939445387663236
2025-06-20,0.006181591334429637,-0.01020178108443237
2025-06-23,-3.796291023683285e-05,0.00918737305669981
2025-06-24,0.009856108341954384,0.00538285309839992
2025-06-25,0.004223943087924731,-0.0016603328044865195
2025-06-26,0.004046862295809195,0.005282046562988807
2025-06-27,0.0019039947273991054,0.0015166465665314988
2025-06-30,0.005783721651553497,0.0006893298987773466
2025-07-01,-0.0034624030164599473,-0.004984265002819566
2025-07-02,-0.0015173951991810375,0.008495678921927707
2025-07-03,0.004320987654320874,0.005495498752666528
2025-07-07,-0.004854194383517418,-0.0026918629859806753
2025-07-08,0.0024455192652572677,-0.0018793595720841827
2025-07-09,0.0038744251729008194,0.003192180060597183
2025-07-10,0.0011505617977527471,-0.0025857889349780727
2025-07-11,-0.003870735439733708,0.0016266040122900893
2025-07-14,-0.0003789245759654447,0.004007292550407104
2025-07-15,0.0072634436633645105,-0.00630075858991519
2025-07-16,0.0010058916510991,1.7944300890082587e-05
2025-07-17,0.001309910459545316,0.006773950754453306
2025-07-18,0.002349590601637752,-0.003303025998011133
2025-07-21,0.0014788155222178467,0.0037004750128981634
2025-07-22,0.00023042699895414742,-0.005404926457557968
2025-07-23,0.0019420935412026719,0.002614076892982764
2025-07-24,0.002341214238839484,-0.00021234052341945198
2025-07-25,-0.0001415904143290403,0.0025489883702407568
2025-07-28,0.0024189134311491944,0.0007045478564131624
2025-07-29,0.00461153940930048,-0.00613217464433391
2025-07-30,0.0016218312590345896,-0.000281600901122836
2025-07-31,0.011478469067990549,-0.016587182789709942
2025-08-01,-0.010937859506911285,-0.00885779217293281
2025-08-04,0.009334151801834167,0.009033181289687997
2025-08-05,0.002286828576493427,-0.00905569606820067
2025-08-06,0.0014992771342388078,0.011067348648215125
2025-08-07,0.007667630261580571,-0.004250704077527145
2025-08-08,0.002125641205818374,0.0071873082654043685
2025-08-11,0.0002436689583154017,-0.0032017261480102865
2025-08-12,0.004032469232783331,0.008501982057166568
2025-08-13,0.004672011033531653,-0.004152652893129161
2025-08-14,-0.00354964331254104,0.0027841184201424785
2025-08-15,-0.0001552018486264961,-0.0042428423594341735
2025-08-18,-0.0015588734541170934,0.001162306571369065
2025-08-19,-0.001247595778967714,-0.01233539790766669
2025-08-20,-0.0016687745924675035,-0.004275684901377863
2025-08-21,-0.002738999823290289,-0.0018959865331799053
2025-08-22,0.0024676892486863444,0.012927904793950562
2025-08-25,-0.002744899208000473,-0.00014025245441784406
2025-08-26,-0.000859166783560128,0.004878648017829779
2025-08-27,-0.001781317126840265,0.0033240609527807052
2025-08-28,0.001081099931995233,0.005173224643361118
2025-08-29,-0.00420219033756164,-0.0074044426655993645
2025-09-02,-0.01593618513323991,0.007678466444567267
2025-09-03,0.006382376860790018,0.0014756776698348073
2025-09-04,0.001175294262108162,0.00786697971055128
2025-09-05,0.00914416841958876,-0.007631483746490142
2025-09-08,0.004009998958441896,0.0008644985044174991
2025-09-09,0.0013820028676558849,0.001449100350199295
2025-09-10,0.005564072970319245,-0.005207797992256791
2025-09-11,0.004374031341484397,0.001440230436869916
2025-09-12,0.0016436104643198224,0.0027690414330643343
2025-09-15,0.0030341253877885777,0.00550608388280871
2025-09-16,0.0015717955651703974,-0.0024130541165354735
2025-09-17,-0.0001353225751884457,-0.0018609372356623854
2025-09-18,0.008322033898304992,0.000689179875947854
2025-09-19,0.003376335416246601,0.0033817152997506206
2025-09-22,-0.0026862434303829286,0.00746143808344768
2025-09-23,0.0002822982397874263,-0.006922655510732567
2025-09-24,0.0023069207622867793,-0.00580406284399082
2025-09-25,-0.006542526421741246,0.002245862884160621
2025-09-26,0.0013815645375971908,0.0027256666947084174
2025-09-29,0.005268721579945179,-0.0006342741733571522
2025-09-30,-0.0005010605782239663,0.00324181608542351
2025-10-01,-0.00533004647134272,0.010181355392936853
2025-10-02,0.0063157894736840525,-0.00219088722696259
2025-10-03,0.0012877024416819705,-0.005490428847010009
2025-10-06,0.008737027089757765,-0.0012162051113485672
2025-10-07,0.0021556334435832714,-0.007405339726117344
2025-10-08,0.0014888091181286534,0.009960192266398105
2025-10-09,6.541933795634058e-05,-0.001275593641656303
2025-10-10,0.0011462256427050566,-0.03581943081452399
2025-10-13,0.01726887192536042,0.003885405549626464
2025-10-14,-0.011129383232836743,0.0045186541465791485
2025-10-15,0.010050167224080253,-0.0029635270939222247
2025-10-16,0.004798910697087377,-0.008461271504354606
2025-10-17,-0.0034000566676111177,0.010000836190316775
2025-10-20,0.005315185534747524,0.007247092927496146
2025-10-21,0.0001635216012034757,-0.00042508665227913855
2025-10-22,-0.0009159606136934784,-0.008725974918961432
2025-10-23,-0.0009579018646056481,0.009373295200939102
2025-10-24,0.008860427789970204,0.001801977304826341
2025-10-27,0.012023983146977724,0.005716390187664233
2025-10-28,0.0036141317327134104,0.004061171394123875
2025-10-29,0.0042185426278202875,0.000283201434887248
2025-10-30,-0.005662425090834811,-0.009680940253412817
2025-10-31,0.012970210047120956,-0.008042007663560113
2025-11-03,0.0096014751935396,-0.00477082710081711
2025-11-04,-0.013922288317934517,-0.006465793864715685
2025-11-05,-0.0012272910779168589,0.0077446684667497045
2025-11-06,-0.002390578873058713,-0.016275591437623693
2025-11-07,-0.005493158075432825,0.0023507750982230124
2025-11-10,0.015055597467773074,0.006963743294771563
2025-11-11,-0.0042680872230155265,0.0016114217574165757
2025-11-12,0.005260871663690381,-0.006017540490365514
2025-11-13,-0.0056997488246282035,-0.014800660685947431
2025-11-14,-0.014546351084812614,0.015528312901342822
2025-11-17,-0.004204579049371104,-0.004354280059376547
2025-11-18,-0.006692509028260907,-0.005520162769754311
2025-11-19,0.001274504871627391,0.004689567387408333
2025-11-20,0.01958757730841687,-0.04242830515679674
2025-11-21,0.0030734031109671545,0.004425757911042272
2025-11-24,0.00882946091141723,0.01659723155489856
2025-11-25,-0.002726551655760412,0.008914516743715906
2025-11-26,0.005945244625465973,0.002873422474735099
2025-11-28,0.002995425464372481,0.005096492509454542
2025-12-01,-0.009075494549858676,0.005768948715023647
2025-12-02,0.0037104849555229524,0.0041003454621766355
2025-12-03,-0.003826366559485539,0.006294180304057262
2025-12-04,0.002261354888375644,-0.003184356647944364
2025-12-05,0.0023116190965422057,0.0017617476536724297
2025-12-08,0.0027658758073798584,-0.004671481640917796
2025-12-09,-0.0020343435637854013,0.0032744257716568193
2025-12-10,-0.0019198464122869296,0.006027089845315414
2025-12-11,-0.00603878204617514,0.0028213266647429958
2025-12-12,-0.0055948080181591475,-0.01359953703703709
2025-12-15,0.007740947165998602,-0.012662321910830165
2025-12-16,-0.0037343990565728014,0.005737677966658916
2025-12-17,0.00214139762975063,-0.02063419567415914
2025-12-18,0.015639313136023736,-0.0011315185306657316
2025-12-19,0.004662540427837314,0.00833401421684754
2025-12-22,0.006968641114982743,-0.003444113623561562
2025-12-23,-0.0016311106086788207,0.00632481397605944
2025-12-24,-0.0001928919322949918,0.003119021206128725
2025-12-26,0.0011700030452135302,-0.0012326705727915277
2025-12-29,-0.006074788824953048,0.0012417352039992835
2025-12-30,-0.0016589624236957867,-0.0006614610221994388
2025-12-31,0.00035516523255263444,-0.008617768094892342
2026-01-02,0.0093600950660091,-0.01119246524529871
2026-01-05,0.010112212943632626,-0.0021475166311438754
2026-01-06,0.0020065049596271756,0.006766468032879391
2026-01-07,-0.000609540919444318,0.0015729327170006524
2026-01-08,-0.0015864876125765148,-0.004108951414859563
2026-01-09,0.0015149805792382676,0.008432435911877922
2026-01-12,-0.006925716109471014,0.007809612572512226
2026-01-13,0.00015944640209197836,-0.0016420361247947435
2026-01-14,-0.006387327542156318,-0.004323090768835303
2026-01-15,0.011379226858203584,-0.007692307692307776
2026-01-16,0.005982823506706536,-0.006778577138289332
2026-01-20,-0.017271351768985643,-0.004045665241675267
2026-01-21,0.0023188501134758788,0.011173642673142137
2026-01-22,0.009849419095216527,-0.002554832489756631
2026-01-23,-0.0016592563953862216,0.004824681716231183
2026-01-26,0.000786870503597159,0.0036103400137994512
2026-01-27,0.00551594026796276,0.0035299168402473935
2026-01-28,0.006860710154801719,-0.0035250055078210885
2026-01-29,-0.0009001610814567407,-0.005089702046945477
2026-01-30,-0.005910109146370357,-0.006137028335810535
2026-02-02,-0.005097528422339015,0.012025214158719821
2026-02-03,0.003449707733094831,-0.01874900525226797
2026-02-04,-0.002433011094530646,-0.015072680563233631
2026-02-05,-0.00914568716467179,-0.005298145649022978
2026-02-06,0.005292866355124604,0.015761675469434522
2026-02-09,-0.003461002214385278,0.011159759028212202
2026-02-10,0.0016033988800623344,-0.006232681353149916
2026-02-11,0.008029829754525819,-0.005305168889321532
2026-02-12,0.0026096459036715203,-0.02288884189292517
2026-02-13,-0.00034962706446461933,0.0024815548856653713
2026-02-17,-0.005889486975013236,0.004888238980572224
2026-02-18,0.0013470813237985713,0.006111840029230375
2026-02-19,-0.004919196421202088,0.001094872347837672
2026-02-20,-0.005551228727194379,0.014480437245883993
2026-02-23,-0.0036218196153150473,-0.008564057335498476
2026-02-24,0.001646131590761657,0.009080345285524594
2026-02-25,0.0052642834816656325,0.009180617605184294
2026-02-26,-0.0017675293507165568,-0.010315307266199891
2026-02-27,-0.010275096841967035,0.007147832432253143
2026-03-02,-0.013881341698364746,0.015412617306215237
2026-03-03,-0.019339242546333568,0.008954773363741397
2026-03-04,0.004138481227250912,0.010858050847457834
2026-03-05,-0.005436206444852099,0.002518933157721337
2026-03-06,-0.01415597851969852,-0.0007995868801118355
2026-03-09,-0.009344314222363037,0.022693424208002133
2026-03-10,0.00011518651988606798,-8.226660962840082e-05
2026-03-11,0.0020074704227206475,-0.0020691353969948256
2026-03-12,-0.008112689035528087,-0.009124693078505497
2026-03-13,0.004135552355758021,-0.010021176195954884
2026-03-16,0.010644748366233081,0.0005666288914072393
2026-03-17,0.004597088510609915,0.0002818582750272469
2026-03-18,-0.003016691253252768,-0.010956125621373602
2026-03-19,-0.009060346276685172,0.005954097470780795
2026-03-20,-0.003305116184951662,-0.01522688051974419
2026-03-23,0.014534584063498723,-0.004267425320056861
2026-03-24,-0.005425170068027341,-0.0014192643764640023
2026-03-25,0.008835919038323148,-0.0022405540279050173
2026-03-26,-0.008880269470246005,-0.01512186749055966
2026-03-27,-0.005193537705432294,-0.014418107601478436
2026-03-30,0.008532119876284217,-0.01603863371990555
2026-03-31,0.010765207422798628,0.02284286448457351
2026-04-01,0.007450015593055914,0.004866891380614913
2026-04-02,-0.017696085981756093,0.019182187222328784
2026-04-06,0.002136825190604874,0.003872200330928166
2026-04-07,-0.004859813084112208,0.005037224233317428
2026-04-08,0.034183387417387356,-0.004304184258513866
2026-04-09,-0.00026398719662112935,0.007030515075999055
2026-04-10,0.0027040757796752413,-0.0012584989539748959
2026-04-13,-0.0026019932249988775,0.012978276563627933
2026-04-14,0.004583812501012474,0.01351133468769139
2026-04-15,0.0007636016544703139,0.013225662872766497
2026-04-16,0.002839661123313464,0.001971183179236835
2026-04-17,0.007994129311287068,0.005049644511222251
2026-04-20,-0.0012483624874779498,-0.0019288932781926782
2026-04-21,0.002504676943057227,-0.006292315047577768
2026-04-22,0.00903263855477765,0.0076290086903023635
2026-04-23,-0.0023812794797820613,-0.003259123249942597
2026-04-24,0.010883915139234368,0.008154773655677294
2026-04-27,-0.0007230222329337455,0.0012511305396443184
2026-04-28,-0.010267527814160848,0.00021295690664890898
2026-04-29,0.0016424606493803395,0.004463811244553195
2026-04-30,0.005713681091947809,0.0035920943864131694
2026-05-01,0.00212657621229817,0.007457110407077527
2026-05-04,0.0007565081955054342,-0.0026383659917588176
2026-05-05,0.0075496373796219984,0.005383798454186017
2026-05-06,0.009052097240357382,0.011617086859170067
2026-05-07,0.001164177817382317,-0.0023543598725199733
2026-05-08,0.00716608628082982,0.016158989598811457
2026-05-11,-0.0012232329907343464,0.004124669181823304
2026-05-12,-0.007107908424343501,-0.0013837508118946795
2026-05-13,0.0038459363158191984,0.0066905177756493295
2026-05-14,-0.00012592520043097633,0.007234614200554157
2026-05-15,-0.01340668806179579,-0.0017038893739262928
2026-05-18,0.0036816046718293194,-0.007954577395508311
2026-05-19,-0.008599195330651122,0.002457809976993852
2026-05-20,0.0053597137684775475,0.011144351968693789
2026-05-21,-0.005833274907102282,0.007785723352938589
2026-05-22,0.004982435515248351,-0.0007380896012925131
2026-05-26,0.011734537447389837,0.005950741087663136
2026-05-27,0.0036698252724982616,-0.004788801571709245
2026-05-28,0.0003838508465281443,0.00804407109478844
2026-05-29,0.0030451332245786666,0.0006369944703457087
2026-06-01,-0.0017201446546842858,0.007733637251709613
2026-06-02,-0.00045776449363177374,0.0050646551724138344
2026-06-03,0.0015412244022730004,-0.004148211585553452
2026-06-04,-0.011730559922602524,0.006975036710719529
2026-06-05,-0.014245014245014342,-0.034243760786784705
2026-06-08,0.01808356735596961,-0.0024240397876873487
2026-06-09,0.009649894563380723,-0.020954936512766587
2026-06-10,-0.008716782278230806,-0.011358777755608007
2026-06-11,0.008072770257607775,0.02549729010853863
2026-06-12,0.0006832887103971341,0.0051978093950753035
2026-06-15,0.023234535725178196,0.00799349681614947
2026-06-16,-0.0023521505376343788,-0.01669248905355336
2026-06-17,0.0073027703943222555,-0.017247242209496916
2026-06-18,0.02033189852043571,0.004639175257731942
2026-06-22,0.001890308120223505,-0.005485027357753025
2026-06-23,-0.030096890033200152,-0.0029200547684914424
2026-06-24,0.002410145029075883,-0.006639920600528426
