day,overnight,intraday
2015-06-29,-0.00829955062895038,-0.012621740094492462
2015-06-30,0.008867545359797724,-0.006552249624729556
2015-07-01,0.009014184845368423,-0.0011387705832782702
2015-07-02,0.0027190642314796065,-0.0037463403541684315
2015-07-06,-0.007149949214247497,0.004218560516802361
2015-07-07,0.0012190445666668825,0.005241797187607089
2015-07-08,-0.006260768692744723,-0.010677744970129854
2015-07-09,0.012291052114060896,-0.010279118932662756
2015-07-10,0.011604008867541094,0.001044365562188121
2015-07-13,0.007308632966381401,0.0035881850235721657
2015-07-14,-0.00021993514732832065,0.004687341358031505
2015-07-15,0.00020772862781215373,-0.0005781514869158677
2015-07-16,0.005964583181223393,0.0020713181064468955
2015-07-17,-5.014374540357469e-05,0.000924919905279209
2015-07-20,0.001269198011589756,-0.0007561058325781245
2015-07-21,-0.0007900608124272734,-0.003246265124644321
2015-07-22,-0.0037484358240973403,0.0020915457813017735
2015-07-23,0.0006435006435006052,-0.006481196700685032
2015-07-24,0.0006529105174879479,-0.010934740299917922
2015-07-27,-0.00521502746846525,-0.0008289456383165916
2015-07-28,0.005149448436856163,0.007303217286368069
2015-07-29,0.0007515865256924048,0.006222754274614273
2015-07-30,-0.003069688092752876,0.0033493388573970773
2015-07-31,0.002838837086657442,-0.0044420077427438365
2015-08-03,-0.00021353833013026957,-0.0032206209671979957
2015-08-04,-0.0004341868582351527,-0.001449798607742081
2015-08-05,0.005067538938698046,-0.0018211864692591062
2015-08-06,0.0010755594598552687,-0.009056493393259868
2015-08-07,-0.0009650153550974094,-0.0011023165694089565
2015-08-10,0.006314029090040307,0.006234843902797493
2015-08-11,-0.007527582410174594,-0.0014716536859263885
2015-08-12,-0.007533501122372721,0.008847232455464038
2015-08-13,-0.0009228225916029231,-0.0003740033660303288
2015-08-14,-0.001026059647511568,0.0046759201461792355
2015-08-17,-0.0033663567660382476,0.008960045338622935
2015-08-18,-0.0016176957945527315,-0.001395272950270865
2015-08-19,-0.004101523986591249,-0.003575327974112863
2015-08-20,-0.008913617395747586,-0.012115830779365955
2015-08-21,-0.011046680197158598,-0.020358263214987127
2015-08-24,-0.05122311803822299,0.010989496262183485
2015-08-25,0.030813006608135574,-0.041599322013378015
2015-08-26,0.025700624672347017,0.01244519434454916
2015-08-27,0.013034249116554042,0.011419582602848255
2015-08-28,-0.0037991665578362976,0.0038672847966250146
2015-08-31,-0.0059002653338635636,-0.00216751356935152
2015-09-01,-0.023080605589133052,-0.00679926249441043
2015-09-02,0.014690735955298795,0.003962923567846666
2015-09-03,0.00452242140249548,-0.0036884356693425158
2015-09-04,-0.013786053039101964,-0.0014659608790856815
2015-09-08,0.017635785102644963,0.007394440587933371
2015-09-09,0.009689016717598475,-0.022711222679176468
2015-09-10,-0.0011841146465872976,0.006705778642429383
2015-09-11,-0.002542454767253566,0.007017140227769447
2015-09-14,0.0009679785481524483,-0.004522875659961345
2015-09-15,0.00299878117948027,0.009318358188304288
2015-09-16,0.0018893789486231771,0.006650921789205011
2015-09-17,-0.0007800726885914822,-0.0013602786797016764
2015-09-18,-0.015078204118375238,-0.0006975052162565554
2015-09-21,0.004320330222454816,0.00010784319599310699
2015-09-22,-0.013065591546005062,0.00016995860294022336
2015-09-23,0.0009346134705718878,-0.00244349049282111
2015-09-24,-0.007561160917793686,0.004054360274618585
2015-09-25,0.008875035835625766,-0.009093217572159196
2015-09-28,-0.005662196297607003,-0.019501000208632435
2015-09-29,0.0014394072145591519,-0.0008374057918485445
2015-09-30,0.011802306672337393,0.00655247232198608
2015-10-01,0.002352131965043469,0.0003002193439287648
2015-10-02,-0.012244047947177261,0.02771852366306171
2015-10-05,0.007198281583742583,0.010447680722711183
2015-10-06,-0.0009130200212247308,-0.002492330150667188
2015-10-07,0.005401643098924991,0.0026567261323631186
2015-10-08,-0.0024254369917500185,0.01149411688150348
2015-10-09,0.0007252055723860895,-0.0002162351703582921
2015-10-12,0.00038580021394385433,0.0005083587025749292
2015-10-13,-0.004187448167918495,-0.0018474098141446627
2015-10-14,-0.00034666321961995816,-0.0046727598671642
2015-10-15,0.004180937758355929,0.011261526157320345
2015-10-16,0.0025063531108435733,0.0018388110955138703
2015-10-19,-0.003607181939772275,0.004102552182604358
2015-10-20,-0.0022570228132922088,0.0010498596320271947
2015-10-21,0.0024973201610798412,-0.008583021223470544
2015-10-22,0.00563746494802686,0.011101577989310218
2015-10-23,0.009924718914301023,0.0012092378962667016
2015-10-26,-0.0009923053805633852,-0.0015211542609346873
2015-10-27,-0.004019009288629638,0.0021232028400692826
2015-10-28,0.0019079730491686764,0.009317052650727131
2015-10-29,-0.0028554854043582045,0.0022592998429786793
2015-10-30,0.0010763838012690652,-0.005269172525994015
2015-11-02,0.0018449244769411788,0.00999847480892746
2015-11-03,-0.001979898991593787,0.004830674220899667
2015-11-04,0.0017065893310279634,-0.004643368167873918
2015-11-05,0.00021255530633146336,-0.0012303218410089078
2015-11-06,-0.0019317450096587585,0.0013969144460028726
2015-11-09,-0.0035854542602479222,-0.005864195795545979
2015-11-10,-0.0025959189213645706,0.004933175320514627
2015-11-11,0.0014557601268430087,-0.005273685100149361
2015-11-12,-0.005970013990450274,-0.007863471893786111
2015-11-13,-0.002630445395284675,-0.008821988172086459
2015-11-16,-0.0011096586782861628,0.0160817523003014
2015-11-17,0.0019233080899145882,-0.002570914388550838
2015-11-18,0.002852478735286379,0.012999548785433301
2015-11-19,-0.0006371258295322368,-0.0001636144116087257
2015-11-20,0.004384455215921568,-0.0007584525321078228
2015-11-23,0.0003710804626135822,-0.0015624560910496577
2015-11-24,-0.005544703822749519,0.006985090172193065
2015-11-25,0.0007588703512164674,-0.0009211878830092113
2015-11-27,0.0006015730855077894,0.0006349242024115131
2015-11-30,0.000971435309708113,-0.00520026926960615
2015-12-01,0.0036710595320668116,0.005916262135922334
2015-12-02,-0.0003295408211709816,-0.00995094369140348
2015-12-03,0.0014052156639221547,-0.015480765979509203
2015-12-04,0.002421307506053294,0.0172108587156381
2015-12-07,-0.0018805856199758386,-0.0042463203244076375
2015-12-08,-0.008816917637224142,0.0021768242299911034
2015-12-09,-0.003752835949893951,-0.004149377593360981
2015-12-10,0.0003839981659790048,0.002142689361604555
2015-12-11,-0.012268395447087466,-0.007026479525394258
2015-12-14,0.0008976399065054874,0.004227935823894136
2015-12-15,0.008942188922588024,0.0015403803819913353
2015-12-16,0.006421770893710876,0.008023037007469869
2015-12-17,0.0017819060171857526,-0.01675400356876655
2015-12-18,-0.00444508255563536,-0.013642840248974664
2015-12-21,0.007053209034658003,0.0013299107972495339
2015-12-22,0.005115386176857806,0.003981465987316968
2015-12-23,0.0055519474921406076,0.006773015392177673
2015-12-24,-0.001629348714688006,-0.0001649067139778415
2015-12-28,-0.00401528766749315,0.0017473532737175557
2015-12-29,0.00639008596119206,0.0041744784733983575
2015-12-30,-0.001353744796543488,-0.005569174112942332
2015-12-31,-0.004032716119504731,-0.006005132591958895
2016-01-04,-0.016798912201586913,0.0027893026159924172
2016-01-05,0.0019494084854549953,-0.00021488889663245914
2016-01-06,-0.015115164541520287,0.0025244333295977306
2016-01-07,-0.017732436709791743,-0.006426804506549644
2016-01-08,0.005726893491837748,-0.016519414507834118
2016-01-11,0.005473006740696507,-0.00446731645815146
2016-01-12,0.008919927666388716,-0.0008690194563800713
2016-01-13,0.004167673351050949,-0.029088721804511386
2016-01-14,0.003927788172029878,0.012342022116903717
2016-01-15,-0.02666292792353453,0.005147989027643796
2016-01-19,0.011813378526567497,-0.010129809350214236
2016-01-20,-0.015906984267202606,0.003141791516530823
2016-01-21,0.0030185207357880106,0.0027015819961551113
2016-01-22,0.01661069199729326,0.0037227190641428987
2016-01-25,-0.0029966042578799534,-0.012077874885287998
2016-01-26,0.004102193239485796,0.009567862908232971
2016-01-27,-0.003234912454412986,-0.007860558383464444
2016-01-28,0.009894217075764544,-0.004489137395930709
2016-01-29,0.004806294575753212,0.019502585570056574
2016-02-01,-0.006183276170233287,0.005869343314052422
2016-02-02,-0.008668076109936584,-0.0094567833531366
2016-02-03,0.006477488727447467,-0.0005317328378643404
2016-02-04,-0.0030881372722880718,0.004698694670723258
2016-02-05,-0.003217534648024878,-0.015765972694364416
2016-02-08,-0.011861421752577983,-0.001561880050131248
2016-02-09,-0.011177342542656121,0.011239897169612822
2016-02-10,0.005134836776533591,-0.005943303271640943
2016-02-11,-0.016023536542249528,0.0029578964928713702
2016-02-12,0.011559991043725848,0.008961434841451288
2016-02-16,0.011395332802637714,0.005515719801434171
2016-02-17,0.007211227326237024,0.008836289982070422
2016-02-18,0.0017347947665002916,-0.0056192361956317605
2016-02-19,-0.004828917482142758,0.004381187815892362
2016-02-22,0.009808580375528564,0.004494666731019947
2016-02-23,-0.0039760476164736325,-0.008520517381734871
2016-02-24,-0.00897690090133918,0.013507542376001824
2016-02-25,0.002845949366322209,0.009250258125675481
2016-02-26,0.005378434809660826,-0.007640674093116195
2016-02-29,5.996498045135468e-05,-0.007860937556213865
2016-03-01,0.007518297141959174,0.016196080548507297
2016-03-02,-0.0023139539688443733,0.006626630772416764
2016-03-03,-0.001122637905192958,0.004901614649531538
2016-03-04,0.0012238181956587546,0.001959224731849396
2016-03-07,-0.0052941554158568715,0.00616733366976896
2016-03-08,-0.00618785174817027,-0.004724067510152419
2016-03-09,0.004858519212967094,0.00011735505184162776
2016-03-10,0.00290419671092379,-0.0020767763750598744
2016-03-11,0.008594056852089693,0.007509488575929035
2016-03-14,-0.003207550435269324,0.001828862459125613
2016-03-15,-0.0055227872744813,0.0037700775509017515
2016-03-16,-0.0024769378566384948,0.008597983360987715
2016-03-17,-0.0005464543739359673,0.006618590758145304
2016-03-18,0.003053120872712478,0.0010317093885552353
2016-03-21,-0.001577287066245936,0.002999868827028296
2016-03-22,-0.004514775370023871,0.004004044027348552
2016-03-23,-0.002241514672249645,-0.004475994982324094
2016-03-24,-0.005928004811134313,0.005513943304908953
2016-03-28,0.0023665316272913905,-0.001743554564683003
2016-03-29,-0.0021989978525410736,0.011644790835681595
2016-03-30,0.005536960344925346,-0.00128634778782033
2016-03-31,-0.000615756589725347,-0.0016731766049211672
2016-04-01,-0.0057470288144133574,0.012545700976092977
2016-04-04,-0.0004780625530789173,-0.002864120281798055
2016-04-05,-0.0075617780335991425,-0.002331307180994724
2016-04-06,0.0005414432026080718,0.010253372220196955
2016-04-07,-0.005988091479092517,-0.0060355096715638545
2016-04-08,0.006985264743816444,-0.0041031453669594375
2016-04-11,0.0037444658160998845,-0.006185368287372928
2016-04-12,0.0010953089969365504,0.008171638601589759
2016-04-13,0.0053131659120839725,0.004885892757746202
2016-04-14,0.00033011055906184694,-0.00027406914372973823
2016-04-15,0.0,-0.0011189562376214823
2016-04-18,-0.0030469703928576175,0.010196972931671766
2016-04-19,0.0022523900360937876,0.0007935010598509873
2016-04-20,0.00016079220656806115,0.0006818710986440379
2016-04-21,4.9859009800146126e-05,-0.0051906181101054605
2016-04-22,-0.002143879363629697,0.0020926806401928566
2016-04-25,-0.003469379799633465,0.0017211703958690538
2016-04-26,0.002091980184763642,-0.0005399958804438443
2016-04-27,-0.002250270143816735,0.004287389047060719
2016-04-28,-0.004313555459204532,-0.0046002166121414945
2016-04-29,-0.003752145284860231,-0.001987288111738428
2016-05-02,0.002961483787991437,0.0052136939612263955
2016-05-03,-0.007223266639810211,-0.0017865495922496644
2016-05-04,-0.0054031165311653195,0.00010785465733431643
2016-05-05,0.002610936418022236,-0.002768311047202876
2016-05-06,-0.004666397960863544,0.008190223063805124
2016-05-09,-0.0006505739193402027,0.0014038901342754428
2016-05-10,0.004120972300734715,0.008354491665212294
2016-05-11,-0.002506797384891124,-0.006979581784802624
2016-05-12,0.003996234859117154,-0.0035985762886944217
2016-05-13,-0.0017860664281489358,-0.006852253228573968
2016-05-16,0.001079827682235024,0.008640657643745886
2016-05-17,-0.0016153906768880955,-0.00753753262787582
2016-05-18,-0.0020790493177764713,0.0024021494114165876
2016-05-19,-0.004355529307544792,0.000775675721920388
2016-05-20,0.0036474094844043403,0.0027256156768327156
2016-05-23,9.626982733745848e-05,-0.0014552331770515403
2016-05-24,0.0044344389187227495,0.008445821971557521
2016-05-25,0.003806857942617148,0.002922394802152839
2016-05-26,0.0008118823993905622,-0.00048340047228778715
2016-05-27,0.0007893800587031041,0.003199466755540614
2016-05-31,0.0016942958705692401,-0.003333112231361124
2016-06-01,-0.003344259022012297,0.0053309294069201485
2016-06-02,-0.002180843997697246,0.005419648305319713
2016-06-03,-0.0033214342858088886,0.00015500013839298
2016-06-06,0.0020589684125462693,0.0031318180562844855
2016-06-07,0.0008314428561990717,0.0007427254171641362
2016-06-08,0.0007311790124135964,0.002466612829682857
2016-06-09,-0.003978518193774705,0.002679445844383288
2016-06-10,-0.007775418264825196,-0.0019521744901119797
2016-06-13,-0.0031251558422128456,-0.004413391363315533
2016-06-14,-0.002149481053859814,0.00022380376885533515
2016-06-15,0.0023438199230287893,-0.0037335297761557085
2016-06-16,-0.004935076574911212,0.007937535535952556
2016-06-17,-0.0006031935748713746,-0.0030960271377397097
2016-06-20,0.01105474114976035,-0.004563171931225352
2016-06-21,0.002189000412178288,0.0005224340982732389
2016-06-22,0.0010720971442221838,-0.0025580698502891686
2016-06-23,0.00826133638937887,0.004739624140632781
2016-06-24,-0.034102703504176435,-0.002444751459744099
2016-06-27,-0.007420621576796571,-0.00995664781372918
2016-06-28,0.009500002899878845,0.008410941117666937
2016-06-29,0.007896401041458834,0.009044197864438663
2016-06-30,0.002571298926104637,0.010968441285593045
2016-07-01,-0.0006411283859593109,0.0024997926057019892
2016-07-05,-0.004446479502612122,-0.0025379444866204803
2016-07-06,-0.0026610667599983318,0.008734208239566943
2016-07-07,0.0011264992379562688,-0.0018478069014207232
2016-07-08,0.00733859781941959,0.0076691407600020245
2016-07-11,0.0024552635733612327,0.0010915726248790225
2016-07-12,0.005131849472981731,0.0020185120220201913
2016-07-13,0.0022137359352361052,-0.002370075777933023
2016-07-14,0.006857764681165168,-0.0012680442156851601
2016-07-15,0.0031232421718050407,-0.004395240536614442
2016-07-18,0.0005632291806356715,0.0020479279472471745
2016-07-19,-0.0022470467385722337,0.0012279347103361093
2016-07-20,0.002661725247829594,0.0014848999562009357
2016-07-21,-0.0005653453940351882,-0.003201878435348693
2016-07-22,0.0006531398897158258,0.0038948810135248646
2016-07-25,-0.0011777872521848698,-0.0015793489454112297
2016-07-26,-0.0004969992999256378,0.0010051863337432465
2016-07-27,0.0019976711640976585,-0.0030491705403216107
2016-07-28,-0.0011282215805796802,0.002296463232499546
2016-07-29,-0.0014847413452396818,0.003080872913992172
2016-08-01,0.0002986093336747597,-0.001172757900123611
2016-08-02,-0.0013289072006491542,-0.005060842333652227
2016-08-03,-0.00037061705053276217,0.0032508180777723883
2016-08-04,0.0005623634260252253,0.0005085190319937816
2016-08-05,0.0037397277863377987,0.004488009764885836
2016-08-08,0.0010188216690634189,-0.0015743857510137627
2016-08-09,0.0003026312995093594,0.0002547703086435149
2016-08-10,0.0006155380917256537,-0.0029909476106888544
2016-08-11,0.0027446078561739196,0.0017716859129752738
2016-08-12,-0.001609700563924732,0.0007478082852916401
2016-08-15,0.0018283764017552606,0.0009151647561058684
2016-08-16,-0.00207177210506837,-0.0028810812528466956
2016-08-17,0.0001912106823034332,0.0016302904784661898
2016-08-18,-0.00010603498094008401,0.0022375753590990755
2016-08-19,-0.002380713050010974,0.0010128918326979264
2016-08-22,-0.0012661580843399411,0.0012677632730571098
2016-08-23,0.0031415554142828483,-0.0013150042513189186
2016-08-24,-0.0007561976478551724,-0.004101375416091235
2016-08-25,-0.0021414983048686498,0.0014804322009980275
2016-08-26,0.0009199142831315399,-0.002948457770647228
2016-08-29,0.0007512827753770601,0.004243424555425479
2016-08-30,-0.0005089679085130694,-0.0011192387055022346
2016-08-31,-0.001763050289416368,-0.0011277915500751412
2016-09-01,-5.325777829845446e-05,0.00010119516819706575
2016-09-02,0.0045799494075355884,-9.54223765472495e-05
2016-09-06,0.001468584486022051,0.001418785138755041
2016-09-07,-0.0008564087924636254,0.000751322751322725
2016-09-08,-0.001612545071956517,-0.0005083749477060584
2016-09-09,-0.007104974541832454,-0.016958377801494118
2016-09-12,-0.00425573492851028,0.0185730328503364
2016-09-13,-0.006813133881024336,-0.0075226866122044544
2016-09-14,0.0003040569889671829,-0.0007164879065526542
2016-09-15,-0.0009994568169473528,0.010928902324974343
2016-09-16,-0.0032916321547281635,-0.00040471847782674875
2016-09-19,0.0034010116660099232,-0.003341062791536009
2016-09-20,0.00469100880981177,-0.004620749313603678
2016-09-21,0.0038271158444755926,0.007463729929126917
2016-09-22,0.005561664015713452,0.00076965540669649
2016-09-23,-0.0020950350321681244,-0.0034547638536028824
2016-09-26,-0.004485429022485832,-0.0036913021349548325
2016-09-27,-0.0008334856909327781,0.007114756392248012
2016-09-28,0.0011809782347314002,0.003869679857382291
2016-09-29,-0.0011165520871548873,-0.008048161218721539
2016-09-30,0.004566504075510958,0.0030287167215077293
2016-10-03,-0.0022420450006656045,-0.00020282459942144726
2016-10-04,0.0005498729419803894,-0.005666447905495198
2016-10-05,0.0034503667691581086,0.0010053475935827283
2016-10-06,-0.0012180267965894442,0.0019041506204535708
2016-10-07,0.0014734459416174683,-0.004888268156424624
2016-10-10,0.005222981116914438,0.0
2016-10-11,-0.002302158273381427,-0.010426347893899068
2016-10-12,0.0008312372480649977,0.0005554956315392268
2016-10-13,-0.0072605552950308905,0.004104769351055415
2016-10-14,0.005169467696234387,-0.004626441728352582
2016-10-17,-0.00015132844758625197,-0.00335675675675684
2016-10-18,0.0086072708931062,-0.0023821558779562046
2016-10-19,0.0014014434867912762,0.0011949424866646297
2016-10-20,-0.001860165049326623,5.386218820535582e-05
2016-10-21,-0.004233339975978745,0.004667816943688674
2016-10-24,0.00478610575732441,-0.0005143729739867098
2016-10-25,-0.0009756672867335947,-0.0024093540891945153
2016-10-26,-0.004270929707166915,0.002371511609062571
2016-10-27,0.003923407328364492,-0.006479458452552822
2016-10-28,-0.00015669407912521915,-0.0029506336296576396
2016-10-31,0.0019295497536571116,-0.0018717373076194699
2016-11-01,0.0018752472779106633,-0.009066565686619121
2016-11-02,-0.0017633025619749887,-0.004200026250164024
2016-11-03,0.0011038618689864776,-0.00566133996017304
2016-11-04,0.0006785944818681333,-0.001896570735472447
2016-11-07,0.013914359574891177,0.008166489608019356
2016-11-08,-0.00221016568136867,0.006520620650437126
2016-11-09,-0.007963454202067233,0.018880614419994668
2016-11-10,0.004232100079851087,-0.0016804049935064125
2016-11-11,-0.004014272970562005,0.0016846864137505246
2016-11-14,0.002751639274461315,-0.0019320081738807282
2016-11-15,0.0019889279465648,0.005594034445240537
2016-11-16,-0.003240635671270753,0.0013184718434779974
2016-11-17,0.0008566714612063819,0.004501600921454463
2016-11-18,0.00041553140681060974,-0.002765553610204252
2016-11-21,0.0032160952385973385,0.004335693001403129
2016-11-22,0.0016430671983087564,0.00030299864173044533
2016-11-23,-0.0027522744127262966,0.003262617111196242
2016-11-25,0.001894829152181421,0.001953766079494823
2016-11-28,-0.0016899621448480673,-0.0031095855448546317
2016-11-29,0.00020899733528412234,0.001807449198140354
2016-11-30,0.0033372267645586096,-0.005763553966406154
2016-12-01,0.0015420240764845161,-0.005036481873884391
2016-12-02,0.0003881722855478831,0.0
2016-12-05,0.004331160761571029,0.0016393699389674055
2016-12-06,0.0010007766443751454,0.0022286675379992182
2016-12-07,-0.0008260984771731872,0.013774491451391535
2016-12-08,-0.00013848923630888077,0.002647049770691634
2016-12-09,0.0012279355333846276,0.004788185395268041
2016-12-12,-0.0005238344683080598,-0.0006462315035313804
2016-12-13,0.0034572829523873416,0.003404777852199281
2016-12-14,-0.0016384572205899728,-0.006807717439204164
2016-12-15,0.001178096583519972,0.002974886658855924
2016-12-16,0.002381992341056627,-0.004352386212208015
2016-12-19,0.0009160118877986623,0.0013168330926767169
2016-12-20,0.002777453374834371,0.001159552382399065
2016-12-21,-0.0006827871878777314,-0.0022218398250870575
2016-12-22,-0.0007811509295189145,-0.0009695874430811768
2016-12-23,0.00024898373983739397,0.0012039685240972098
2016-12-27,0.0014054778117167377,0.0012109665945492232
2016-12-28,0.0012651693808767295,-0.00956775771789009
2016-12-29,0.0003776300144417988,-0.0005764335596557535
2016-12-30,0.001607799101674301,-0.005416974545825237
2017-01-03,0.006824749451765699,0.0009160118877986623
2017-01-04,0.001657481035569619,0.0042738947261560245
2017-01-05,-0.0012635707498533932,0.0005920992702501682
2017-01-06,0.0005310567016827417,0.0028560740860563705
2017-01-09,-0.0013055159308228426,-0.0018371776106597126
2017-01-10,9.101665604815956e-05,-9.100837277031815e-05
2017-01-11,-0.0003792360668668504,0.003040097930608887
2017-01-12,-0.0024610170859137304,0.00010111018988490095
2017-01-13,0.0007784697508896876,0.0013940942933052813
2017-01-17,-0.0030869490653403497,-0.00029345989212814505
2017-01-18,0.0012146732528950377,0.0008745147201552061
2017-01-19,0.0003333383839148052,-0.0040138743733053595
2017-01-20,0.0034470872113063766,0.00020207327176824386
2017-01-23,-0.0015455482150433797,-0.0009712568670894317
2017-01-24,0.001159552382399065,0.0051790672621245815
2017-01-25,0.004910864785174773,0.003680170639748903
2017-01-26,-0.0007532900316282731,-0.0002945537510671281
2017-01-27,0.000389524779768724,-0.0018570102135562205
2017-01-30,-0.0035508877219303514,-0.0027404135715720646
2017-01-31,-0.0025516623551792295,0.002462320939314866
2017-02-01,0.003286774883603849,-0.002884692567025282
2017-02-02,-0.001881732602778352,0.002505305501086408
2017-02-03,0.004756732838552713,0.0021619241124599675
2017-02-06,-0.001912571034785704,0.0002501613540732972
2017-02-07,0.0018107152325168574,-0.0017575131189365711
2017-02-08,-0.0014404969714552074,0.0026347029447564285
2017-02-09,0.0014237968916266386,0.004534706216887674
2017-02-10,0.00171828985464062,0.0022309366463568736
2017-02-13,0.0024139415014914345,0.0030298992829895788
2017-02-14,-0.000988876370774494,0.005082241701960033
2017-02-15,-0.0011220430002156778,0.006151189769600052
2017-02-16,0.00018526011983399648,-0.00101874192683582
2017-02-17,-0.003274033159954337,0.004875780198261959
2017-02-21,0.001997359588056913,0.004098579839654448
2017-02-22,-0.001994925529236302,0.0010722325725818216
2017-02-23,0.0024087276393016666,-0.0017115505487599325
2017-02-24,-0.004126387570468237,0.005257168423919545
2017-02-27,-0.00036767373793578084,0.0018971199589601362
2017-02-28,-0.001796919153129295,-0.0007016728849401632
2017-03-01,0.008208073451361875,0.005701276182882742
2017-03-02,-0.0010124841202372448,-0.0051679463030779305
2017-03-03,-0.00045172110546720656,0.001052889677354285
2017-03-06,-0.0040918652566059865,0.0009644782654822937
2017-03-07,-0.0015175895859630417,-0.0015681468364447948
2017-03-08,0.0014739568734716268,-0.0032234559501232996
2017-03-09,0.0004986372196376099,0.0006967764412144639
2017-03-10,0.004816014699482674,-0.0012367304120188827
2017-03-13,-0.0003324516138358824,0.0008820127241180309
2017-03-14,-0.002768909242378381,-0.0011540987406319925
2017-03-15,0.0027749711141944466,0.005997406266421645
2017-03-16,0.000503194084354508,-0.002380587435096615
2017-03-17,0.0011475213059657374,-0.0029830131310129016
2017-03-20,0.0,-0.0011448251976987622
2017-03-21,0.0029905515906267777,-0.015863641819709562
2017-03-22,0.0001902708187986324,0.0022535486073851363
2017-03-23,-0.0013091808129575,0.00014132346992967726
2017-03-24,0.0016274265221798423,-0.0023204226379849313
2017-03-27,-0.008220821204452777,0.007212283004675468
2017-03-28,-0.0014545809537755972,0.00888195843028372
2017-03-29,-0.0013857327667656794,0.00223189376185684
2017-03-30,-0.00018880438413459988,0.003336174003989889
2017-03-31,-0.00161186798125601,-0.00070089279240515
2017-04-03,0.00023701955169430633,-0.0018570191940342484
2017-04-04,-0.0013905106129390443,0.0019989132122342212
2017-04-05,0.00320059654083793,-0.006144267200810849
2017-04-06,0.0006944714246863715,0.0021353522117881774
2017-04-07,-0.0011622557446911985,0.00018908632518011004
2017-04-10,0.0006059313407078548,-4.8445152820320025e-05
2017-04-11,-0.0019039867447639969,0.0007426607642124772
2017-04-12,-0.0013823610727122793,-0.0031668318082026525
2017-04-13,-0.0016761518671551956,-0.004675725274296161
2017-04-17,0.0024420144167116575,0.006466824505449331
2017-04-18,-0.0038250303766707017,0.0006586554646448306
2017-04-19,0.002940057923529249,-0.004754473726428121
2017-04-20,0.0030382516864249087,0.00518152377705805
2017-04-21,-0.0004118037488674009,-0.0027432581764603725
2017-04-24,0.01106153831199741,-4.326215907013431e-05
2017-04-25,0.0030861675279414413,0.0025686859925144745
2017-04-26,-0.00017686170848418836,-0.0005067745235841636
2017-04-27,0.0016932937912559343,-0.0007735872482258488
2017-04-28,0.0012807523942424126,-0.0035223367697594377
2017-05-01,0.002615167974250543,0.0
2017-05-02,0.0006401436979286412,-0.00022915851085159034
2017-05-03,-0.0021918305366401825,0.000871000933215127
2017-05-04,0.0015540052692732953,-0.0002721257316362635
2017-05-05,0.001733482963635069,0.0022358033637159824
2017-05-08,0.00017599185680916563,-0.000351921778251274
2017-05-09,0.001232159847764036,-0.0021571897614262037
2017-05-10,-0.00021428061236627993,0.002000381024957143
2017-05-11,-0.0021770130240517105,0.00013338287554431894
2017-05-12,-0.0012764944034293624,-0.00045306702530500953
2017-05-15,0.0020898242734521677,0.003342459231043815
2017-05-16,0.001447370294267003,-0.002411956480533828
2017-05-17,-0.008222379502477173,-0.009531016514042756
2017-05-18,-0.0003723368245954761,0.004493892852823755
2017-05-19,0.0024897184740000355,0.0038526019474376394
2017-05-22,0.002617563034458925,0.002648911798396325
2017-05-23,0.0017803165536118826,0.00031361517517303206
2017-05-24,0.0010545566824218255,0.0012717273188855849
2017-05-25,0.0025733987346272524,0.0023540756707696175
2017-05-26,-0.0009526234873564743,0.000731670474500179
2017-05-30,-0.0015377431025618282,0.0006283276563379125
2017-05-31,0.0013975052642511976,-0.0015699993399401757
2017-06-01,0.0021674560488078587,0.00567785589083436
2017-06-02,0.00027643335379257117,0.0030914507335169095
2017-06-05,-0.0008031678434009537,8.879334517253312e-05
2017-06-06,-0.0027336576339141994,-0.0005294872876193679
2017-06-07,0.00156586232600886,0.00027149109462420995
2017-06-08,0.0004866794887992132,4.677334106650832e-05
2017-06-09,0.0013423321032519642,-0.002858557456070665
2017-06-12,-0.0012085328037024778,0.000980189847296753
2017-06-13,0.0026097182722446544,0.0023178653208093536
2017-06-14,0.0012028757121678169,-0.002491338524009956
2017-06-15,-0.006526336428441359,0.004633219147506473
2017-06-16,0.0007670827934911362,-0.0005374811297386151
2017-06-19,0.0038906502810434063,0.004327411285739657
2017-06-20,-0.0017299994898124504,-0.004938810782683101
2017-06-21,0.001746268168893117,-0.0019250040783983513
2017-06-22,4.670016625252238e-05,-0.000532357034117581
2017-06-23,0.00030837086736323904,0.0008547647295114036
2017-06-26,0.0030894589713315046,-0.002419291054671202
2017-06-27,-0.0010260284769539885,-0.00718957604844106
2017-06-28,0.004951589163872727,0.004164483042599532
2017-06-29,0.0006197519128432472,-0.009579248841595556
2017-06-30,0.00392142111548921,-0.001976469706620687
2017-07-03,0.004580224318363024,-0.0028168882494183922
2017-07-05,0.0017473754233756633,0.0005845601301932568
2017-07-06,-0.003720304167582067,-0.005427720310557493
2017-07-07,0.002617825742424751,0.0037824080390285175
2017-07-10,-0.0006702067330000006,0.0017446441301167681
2017-07-11,-0.0008520758815708795,0.00013588611806181206
2017-07-12,0.0046195002881330716,0.0028074560810338323
2017-07-13,4.185443029136593e-05,0.0015625000000001332
2017-07-14,4.6430428645605204e-05,0.004851754524435314
2017-07-17,-0.0004065960976016303,0.0002680927970861724
2017-07-18,-0.0020286412724526137,0.0025652661116306597
2017-07-19,0.0013717231059136026,0.003961939551595295
2017-07-20,0.0011071704215517286,-0.0007434159504022819
2017-07-21,-0.0026406308122580713,0.0018556378237006843
2017-07-24,-0.0003952587336094604,0.00013793547378537774
2017-07-25,0.003466300115390064,-0.0010537069869935856
2017-07-26,0.0013620916591376986,-0.00131443959989741
2017-07-27,0.0021966733468772315,-0.0031894058644800216
2017-07-28,-0.0021208323578422172,0.0010120665939818974
2017-07-31,0.001842856289378858,-0.002362406994559474
2017-08-01,0.002731247959610661,-0.0005777775739761459
2017-08-02,0.0006239934664213909,-9.170652079204533e-05
2017-08-03,-0.0005778040693915631,-0.001367342537659244
2017-08-04,0.0023019348198656253,-0.0004905016869590773
2017-08-07,0.00031646005035845803,0.0015726298221965251
2017-08-08,-0.001483183717938763,-0.0010544412607449427
2017-08-09,-0.0031666628421945786,0.0031306829953268167
2017-08-10,-0.0038690134704086887,-0.010279116484367079
2017-08-11,0.0010660534143966949,0.0004510788690477163
2017-08-14,0.006135625206263873,0.0037651819991961766
2017-08-15,0.001794985087816281,-0.0019204087070779918
2017-08-16,0.002375209441917825,-0.0006153563556208219
2017-08-17,-0.002908659810868186,-0.012650177655500472
2017-08-18,-0.0007654680557110938,-0.0008034229554754191
2017-08-21,-0.0003085380904297441,0.001112950440971483
2017-08-22,0.002695203751798436,0.007700513833439615
2017-08-23,-0.004683007110034554,0.0009753786559283384
2017-08-24,0.001916375498234535,-0.004223708341823951
2017-08-25,0.0037904861124029576,-0.0014641356271458683
2017-08-28,0.0025752745799518806,-0.002522377421713795
2017-08-29,-0.006045814560994067,0.007328982625176339
2017-08-30,-8.804938180073663e-05,0.0047921619880519906
2017-08-31,0.0029104763310470183,0.0030905930075333377
2017-09-01,0.0017972912253674256,-0.0003569826726103065
2017-09-05,-0.002403626041571183,-0.004782119828357745
2017-09-06,0.0031818789687023674,0.00020685565612299506
2017-09-07,0.0013649649796863006,-0.0014503063542694594
2017-09-08,-0.0013650841801911007,0.00017949850878173912
2017-09-11,0.005986811528178482,0.004647503339249459
2017-09-12,0.00168921995373994,0.001745462479374904
2017-09-13,-0.0013521914122233136,0.0017902174159984963
2017-09-14,-0.0014287074959521417,0.001126433022655915
2017-09-15,-0.0006533219606917884,0.00195670728385422
2017-09-18,0.0015994635227163378,0.00043428695510550064
2017-09-19,0.0011666395355147685,-0.00013549768298959375
2017-09-20,0.00040654813529927836,-4.5153657897922805e-05
2017-09-21,-0.0007405534282204362,-0.0019431339587513419
2017-09-22,-0.0012587045304307543,0.0014325608385015176
2017-09-25,-0.001086464463558201,-0.0008202664733072407
2017-09-26,0.0018641231137657144,-0.0012992892389875887
2017-09-27,0.003123257616623576,0.0006959130922039591
2017-09-28,-0.001300542795986459,0.002514039736297269
2017-09-29,-4.510315090611172e-05,0.0036625410457185037
2017-10-02,0.001002175124485527,0.003259420218282294
2017-10-03,0.00055042176627218,0.0015474891317959205
2017-10-04,-0.0006921682281386676,0.0018455708533866577
2017-10-05,0.0016191478732514586,0.004430985727327474
2017-10-06,-0.0020305918864996775,0.0008485419295221064
2017-10-09,-0.0006347571720902723,-0.0010171448876253875
2017-10-10,0.0025921364450827156,8.869415594214836e-05
2017-10-11,-0.00047447165142744385,0.0019919523351092927
2017-10-12,-0.001354845565315843,-7.537131456447632e-05
2017-10-13,0.0019065946003467005,-0.000716931533038645
2017-10-16,0.0010097386636906958,0.0002964221405217238
2017-10-17,-0.00020787630033258786,0.0008891877424805905
2017-10-18,0.0016928176795580896,-0.0006795126923263561
2017-10-19,-0.00337779661690496,0.00364177676174271
2017-10-20,0.003549104778048484,0.0016407143485528408
2017-10-23,0.0015150650160509205,-0.005538064878232718
2017-10-24,0.001944487312330434,-0.00012762062349269687
2017-10-25,-0.0015184391325971935,-0.003376502014440508
2017-10-26,0.002711237704337899,-0.0013894463828079129
2017-10-27,0.0032421353922806873,0.004948751364869164
2017-10-30,-0.0025191455058445333,-0.0012693420942826439
2017-10-31,0.0017239256249230728,-0.00012731583106506683
2017-11-01,0.0034599189465687186,-0.002060917392655015
2017-11-02,-0.000333233947770073,0.00071055124741215
2017-11-03,0.0006705996826703586,0.0025579592390947425
2017-11-06,-0.0005854314935929139,0.0020939249946450023
2017-11-07,0.0004973040883631263,-0.001159799433180675
2017-11-08,-0.0007595467164882574,0.002472587479795507
2017-11-09,-0.0052467360421133424,0.001612111866545085
2017-11-10,-0.001609517144856576,0.0013799327118524385
2017-11-13,-0.0030229190636388292,0.003909678098781955
2017-11-14,-0.00347484778418361,0.0012281132671321249
2017-11-15,-0.0044114039391602855,-0.0007260246848392882
2017-11-16,0.00439013650374287,0.004112285562721141
2017-11-17,-0.001515052284585372,-0.001338067585531344
2017-11-20,0.0010508709092660329,0.0005904943531243045
2017-11-21,0.0034403318805544814,0.003158435855435071
2017-11-22,3.47419756892009e-05,-0.0009510285438840693
2017-11-24,0.0021646715176173448,0.00016915630042158014
2017-11-27,0.00016912769140686734,-0.0006677246199605635
2017-11-28,0.0019524470669907146,0.008041397826181074
2017-11-29,0.0005756335190538753,-0.0011548980126309116
2017-11-30,0.004070457163488861,0.0047174859481418085
2017-12-01,-0.0008649302729856201,-0.0011769823196785545
2017-12-04,0.006993365268847418,-0.008123463071313619
2017-12-05,0.0010686318093218183,-0.004820789601783115
2017-12-06,-0.0011928002917640512,0.0013961260723320823
2017-12-07,-0.0005791207659836539,0.003910257235692827
2017-12-08,0.003476022711725202,0.0019130723771949576
2017-12-11,0.0002466510737826333,0.0027720145573280064
2017-12-12,0.0009285169168149476,0.0007709283756707208
2017-12-13,0.0011385713257796581,-0.0012514268803111017
2017-12-14,0.0013757545484560652,-0.005427821389167198
2017-12-15,0.0043141005206672745,0.004088196707435765
2017-12-18,0.0058544357150083215,0.0003561775859539651
2017-12-19,0.0010807188036694448,-0.004891458985388453
2017-12-20,0.004116576051535148,-0.004610591378487294
2017-12-21,0.002654640151116716,-0.000595817528783793
2017-12-22,8.396799140153455e-05,-0.0003358437654802371
2017-12-26,-0.0017175780889109316,0.0005090086110794978
2017-12-27,0.000777840378745287,-0.00023947265600376966
2017-12-28,0.0020843313750702475,-4.1935402705584046e-05
2017-12-29,0.0024533239394091133,-0.006208243912030342
2018-01-02,0.0036707597883420817,0.00345181923036586
2018-01-03,0.0007147395171538395,0.005555114673438499
2018-01-04,0.002824518481904459,0.0014662695865035325
2018-01-05,0.003246712961622711,0.0034629464727415904
2018-01-08,-0.00038618286991387585,0.002174145343054601
2018-01-09,0.0016773087601449355,0.00051176653620022
2018-01-10,-0.0030199241336131832,0.0016130422469309291
2018-01-11,0.002171846315237369,0.005074377867370972
2018-01-12,0.0010943723225509405,0.005364283624305077
2018-01-16,0.0051052580519985735,-0.008429349902475347
2018-01-17,0.003735414241621715,0.00570955228705361
2018-01-18,-0.000494188265640183,-0.0011496563090405143
2018-01-19,0.0023824471595756957,0.002236265236313484
2018-01-22,-0.0009253584261696979,0.008977474118090578
2018-01-23,0.00015100877837870286,0.0019866576075080467
2018-01-24,0.0026132231470503697,-0.0029940119760478723
2018-01-25,0.0033758990165859704,-0.0029375484319895673
2018-01-26,0.0032951476868539054,0.00820883724606758
2018-01-29,-0.0021403622935589617,-0.004509901748569023
2018-01-30,-0.007257214792247946,-0.003072776708909042
2018-01-31,0.003500923079376994,-0.0029681844009393776
2018-02-01,-0.0028893440989630204,0.0017945858663372949
2018-02-02,-0.005306288550385729,-0.01654526785284538
2018-02-05,-0.007149528326896193,-0.03490827233217486
2018-02-06,-0.01511449731846426,0.03536901062712583
2018-02-07,-0.002358362586768914,-0.003083578792341779
2018-02-08,0.0012464798485758433,-0.03871852050568403
2018-02-09,0.012362044381265536,0.002588665006934665
2018-02-12,0.008927382317940324,0.005705891119674789
2018-02-13,-0.005110400745178545,0.007660291601766955
2018-02-14,-0.006347718115703227,0.020006375518010877
2018-02-15,0.007350551291346985,0.0053816815996954315
2018-02-16,-0.0027155241578789013,0.0030364664771624916
2018-02-20,-0.006338355482615743,0.0
2018-02-21,0.001862721560381253,-0.00675943676869184
2018-02-22,0.0038977354032514455,-0.0026519373645542688
2018-02-23,0.005201646911210389,0.010692512761164785
2018-02-26,0.004490209870282813,0.0070960387574807715
2018-02-27,0.0007357310619995339,-0.01322534386297991
2018-02-28,0.004552134631838012,-0.014552167339736632
2018-03-01,-0.0009511128019782378,-0.013630418225769048
2018-03-02,-0.0070709486821178835,0.01230273779235369
2018-03-05,-0.005039139964513106,0.016540924311214233
2018-03-06,0.004317675224964956,-0.0016563504393645179
2018-03-07,-0.009057113333305833,0.008749371632260416
2018-03-08,0.0029529383177724355,0.0019956801327167817
2018-03-09,0.005741520908807862,0.011535656220330592
2018-03-12,0.0011601488857737596,-0.002426246921925612
2018-03-13,0.004702959314965227,-0.011100182661233582
2018-03-14,0.003885032273779121,-0.00901786183665143
2018-03-15,0.0021382780332739326,-0.003298300764309925
2018-03-16,0.002259254568556024,-0.0010883566222629204
2018-03-19,-0.003089077235092108,-0.010413426115431945
2018-03-20,0.0016214695808998147,4.129705799749139e-05
2018-03-21,-0.0001610518752218626,-0.0017429445851007141
2018-03-22,-0.00930503895373136,-0.015861481407236644
2018-03-23,0.0018586887332907587,-0.023101555352241565
2018-03-26,0.0157999254229646,0.01135830082210032
2018-03-27,0.004005250296489793,-0.021001479687920432
2018-03-28,0.0005796678288647605,-0.0034588266595715345
2018-03-29,0.004909116746547371,0.007876208963794484
2018-04-02,-0.0022789212539169323,-0.019372461785624573
2018-04-03,0.0054059456711150755,0.0072397681545290915
2018-04-04,-0.015319521447329953,0.02652244777003987
2018-04-05,0.007637379432142488,0.0003707589182264659
2018-04-06,-0.008511659836842211,-0.0139326644521659
2018-04-09,0.006293670144482899,-0.0014683282034597678
2018-04-10,0.012514147546043963,0.003400021170742118
2018-04-11,-0.006380339103207899,0.0010999464890897315
2018-04-12,0.005760950259836584,0.0024674902882113603
2018-04-13,0.005553966036656144,-0.008410464123721706
2018-04-16,0.006912034028475178,0.0012404868072550812
2018-04-17,0.007454627645325562,0.0033445093957862326
2018-04-18,0.0018095387953522835,-0.0011449356232046126
2018-04-19,-0.002731132426818106,-0.0027759566469430785
2018-04-20,-0.0003203941263850707,-0.00820388591978427
2018-04-23,0.0023711500287475484,-0.0025246393073361517
2018-04-24,0.0043778830857570394,-0.017761172822480242
2018-04-25,-0.00024677070746603746,0.0026938692132880693
2018-04-26,0.0043758568148346555,0.0058358195079486475
2018-04-27,0.002491355877373369,-0.0016008985147685229
2018-04-30,0.0025689028434228156,-0.01022834797317107
2018-05-01,-0.002423827108792964,0.004185218165627669
2018-05-02,-0.0008572019745204384,-0.0058153786335550794
2018-05-03,-0.0035368435371836426,0.0012585002090390596
2018-05-04,-0.004073267689528315,0.017159725341718612
2018-05-07,0.0032554383485590144,0.00011738565379615373
2018-05-08,-0.0016012877371540668,0.0016038559720543688
2018-05-09,0.002854651698958044,0.006754751524626013
2018-05-10,0.0031429698366236547,0.006253828452229104
2018-05-11,0.0005552744906900386,0.0025199582336450366
2018-05-14,0.001722221994415074,-0.0012198566463766936
2018-05-15,-0.005254249097310093,-0.0018581770088706984
2018-05-16,0.0001651118632874926,0.004267437061493906
2018-05-17,-0.0011794488234279088,0.00027155241578791234
2018-05-18,-0.001534265958628267,-0.0010669852517096734
2018-05-21,0.006355137103525532,0.001221201367089808
2018-05-22,0.0020792403405369697,-0.004815625663731282
2018-05-23,-0.0054176294587705565,0.008174836688964238
2018-05-24,-0.001567680406041494,-0.00042225747867186136
2018-05-25,-0.002362359734890851,0.0
2018-05-29,-0.006848977175557436,-0.004752009669594548
2018-05-30,0.005531663575035095,0.007796859747522422
2018-05-31,-0.00164581016133869,-0.004522133789383598
2018-06-01,0.005492508713679234,0.00428786173699458
2018-06-04,0.0033575710978970275,0.0014510297827938778
2018-06-05,0.0005372427238206079,0.0001952560905662537
2018-06-06,0.0024890291566177503,0.005793314968903562
2018-06-07,0.002040989194051379,-0.00215356747509321
2018-06-08,-0.0018556617854692536,0.004793274865618535
2018-06-11,0.000933166007014874,0.0004621294927023012
2018-06-12,0.001686997666319856,-0.00042504902098383646
2018-06-13,0.00103499320033551,-0.004175766926483249
2018-06-14,0.003501104658883758,-0.0010346362531731268
2018-06-15,-0.0031111378735872997,0.001852373857367029
2018-06-18,-0.005928694883234886,0.0039908618563371245
2018-06-19,-0.009254859002343907,0.005365766410302397
2018-06-20,0.0028302954828482996,-0.0010845724607296825
2018-06-21,-3.6326209360004746e-05,-0.006183752714473689
2018-06-22,0.0050606383065139315,-0.0032085993695951665
2018-06-25,-0.004812175168040889,-0.008819491687680037
2018-06-26,0.0023262122196010537,-0.00015171395768409646
2018-06-27,0.0023785796598632114,-0.010641388085409265
2018-06-28,-0.00023984583702063578,0.005976903095580743
2018-06-29,0.004485853730741951,-0.0030085959885387537
2018-07-02,-0.006569088333709616,0.008790527555638361
2018-07-03,0.0035560362486275476,-0.007107282821685268
2018-07-05,0.004646018608743585,0.00341724336911553
2018-07-06,9.788566953794486e-05,0.008360249257773011
2018-07-09,0.0041818667141204635,0.004853156767032463
2018-07-10,0.0018076369655746216,0.0017643669883335988
2018-07-11,-0.0063141751434767635,-0.0009967525159961799
2018-07-12,0.0051979401351787136,0.003758224869122584
2018-07-13,-0.0006499435785176644,0.0014443717381937837
2018-07-16,0.00019522690147000255,-0.0011073976553443998
2018-07-17,-0.0030586893496197254,0.007204172900149519
2018-07-18,0.000345519172342712,0.0018143416361628972
2018-07-19,-0.0027661201795996515,-0.00102924404210758
2018-07-20,-0.000875162103889715,-0.0003344454973284172
2018-07-23,-0.0008403762974056317,0.002742489047981689
2018-07-24,0.005632962970324673,-0.0005297028920197011
2018-07-25,-0.0009571346079306764,0.009366735815294014
2018-07-26,-0.002776884398459356,0.0005348981726933655
2018-07-27,0.0012382562207635672,-0.007973930625625791
2018-07-30,0.0003166135019827543,-0.005618110890430961
2018-07-31,0.003051716043193542,0.0019634987564507433
2018-08-01,0.0007759426119178237,-0.0025396373302952746
2018-08-02,-0.005314297045409533,0.010757146844224685
2018-08-03,0.0004851917888193391,0.003895422878118282
2018-08-06,0.00011389566371722282,0.003526436492727214
2018-08-07,0.0026218371643462746,0.0006400849283416665
2018-08-08,-0.0006396754817067363,0.0002224685421676753
2018-08-09,0.00026534203759265296,-0.0015682235771882214
2018-08-10,-0.005645876556523155,-0.0011002224020998375
2018-08-13,0.001176174404242225,-0.00497027656740523
2018-08-14,0.0029536264847107585,0.0034331249311012613
2018-08-15,-0.005375331544171913,-0.0021144151038666736
2018-08-16,0.005858587455823461,0.0022283881718569987
2018-08-17,-0.0007882012932775018,0.004395431890428236
2018-08-20,0.0017231274176532363,0.0003705567322358494
2018-08-21,0.0020158617516552457,0.000330761178754857
2018-08-22,-0.0016688191451288414,0.0010403718842419973
2018-08-23,-0.0007434625894296998,-0.0005648287010886488
2018-08-24,0.0022839770822777883,0.0037914728802748154
2018-08-27,0.004598440326810893,0.003289397573635444
2018-08-28,0.0017565370467884645,-0.0012853569071625826
2018-08-29,0.0008490431936318821,0.004479605702572442
2018-08-30,-0.001895437574756964,-0.002132588012328518
2018-08-31,-0.0015385914023052782,0.0015755475027572352
2018-09-04,-0.0015730690577316908,-0.00011528396361626392
2018-09-05,-0.0014681183872220505,-0.0013278679060099163
2018-09-06,0.00036998496936035963,-0.003390274535185589
2018-09-07,-0.003993258235853392,0.0021462975397141815
2018-09-10,0.003927096969086774,-0.002245197129851273
2018-09-11,-0.00248223385581392,0.005790787454069246
2018-09-12,3.85371305251514e-05,0.00018111753371874428
2018-09-13,0.004238153398035571,0.0016612506570188312
2018-09-14,0.0008388233491649633,-0.000662076777944054
2018-09-17,-0.00021445585655965882,-0.005063775998774278
2018-09-18,0.0008854736128864893,0.004531152635992353
2018-09-19,0.00021443122118580682,0.0008498843850972548
2018-09-20,0.004861647681632775,0.0032812470261320836
2018-09-21,0.002792458843481782,-0.0037002985210157213
2018-09-24,-0.002278553118769455,-0.0010581406413551209
2018-09-25,0.0017527348378909569,-0.0025864659366240383
2018-09-26,0.00047668622986951625,-0.00360965420503756
2018-09-27,0.0019012643216465008,0.001023283518262641
2018-09-28,-0.002525079147118414,0.0026385426067270235
2018-10-01,0.0047101808556893054,-0.0013172229751017284
2018-10-02,-0.0005663547281117287,0.0
2018-10-03,0.0040313839436822985,-0.003481100164017148
2018-10-04,-0.0018511620127869,-0.0060131535353458165
2018-10-05,0.0008773542978866011,-0.0064844339135126106
2018-10-08,-0.0026160965066058806,0.002622958418962762
2018-10-09,-0.0013677676875479827,0.0
2018-10-10,-0.002064106916880193,-0.029749823124833208
2018-10-11,-0.004303440361488886,-0.01777238856740382
2018-10-12,0.017002049372354167,-0.003028676276170428
2018-10-15,-0.0014666998850750845,-0.004197301332431902
2018-10-16,0.008082440897150933,0.01369412707957518
2018-10-17,0.00014632255819280182,0.0
2018-10-18,-0.0037049777978117593,-0.010747481803100367
2018-10-19,0.0026598945670750496,-0.003185006462042006
2018-10-22,0.0028018063221275646,-0.00728115505778093
2018-10-23,-0.01473766552152389,0.009830201883371803
2018-10-24,-0.0010131671198900793,-0.029310225922004385
2018-10-25,0.007756732810645373,0.010168704278154639
2018-10-26,-0.01548541776142931,-0.002193384818107602
2018-10-29,0.012959387511179088,-0.018280683369982786
2018-10-30,-0.0007270251643161085,0.015623488643006445
2018-10-31,0.010741289782938201,-4.096815954646171e-05
2018-11-01,0.0034414663924418054,0.007157380717126349
2018-11-02,0.00445120097294005,-0.01042082874243766
2018-11-05,0.00207185418714384,0.003500217746103873
2018-11-06,-0.0002757960569275131,0.006564134187455162
2018-11-07,0.008871101008024684,0.012396628181055469
2018-11-08,-0.0030700871699558263,0.0012547746749262956
2018-11-09,-0.005218381352983914,-0.004566191899281535
2018-11-12,-0.0020240894591648795,-0.01665359874547956
2018-11-13,0.0019038862875437879,-0.003849261615796573
2018-11-14,0.0077690322948809065,-0.014407112146546552
2018-11-15,-0.005371865215018201,0.015909691048323182
2018-11-16,-0.004544642276951061,0.007188755839334204
2018-11-19,-0.002491219968646985,-0.014537952991244829
2018-11-20,-0.013837607964660159,-0.0047134726760657
2018-11-21,0.006583090525891455,-0.0031532320628644417
2018-11-23,-0.00685361383777261,0.00029069767441858296
2018-11-26,0.009510211473745978,0.006475111290975333
2018-11-27,-0.00432351319645663,0.007677063731286182
2018-11-28,0.004557098000330662,0.01838013021143925
2018-11-29,-0.00308951100915944,0.0009317512467237332
2018-11-30,-0.0006232874771832098,0.006742992754826371
2018-12-03,0.016871289040500725,-0.0035603800903545313
2018-12-04,-0.003386506379971621,-0.029092256273179573
2018-12-06,-0.016059017092964978,0.01480326255566844
2018-12-07,-0.0014505140490298496,-0.021900423441106986
2018-12-10,-0.0006773614038630971,0.0025681399088941514
2018-12-11,0.013664460644337684,-0.013231699739011504
2018-12-12,0.012649246838737804,-0.00749557437740711
2018-12-13,0.003989122852452454,-0.004301952104378448
2018-12-14,-0.009025497029107266,-0.009529351245140538
2018-12-17,-0.004120867425564612,-0.015594141937469552
2018-12-18,0.007195400501984528,-0.008247716033680685
2018-12-19,0.0003782115376254058,-0.015305257760182878
2018-12-20,-0.005578234294666751,-0.010744194096684367
2018-12-21,0.004033017809878414,-0.024418142255226538
2018-12-24,-0.00692027259736927,-0.019692574469753255
2018-12-26,0.0070238000028228775,0.04318963261950137
2018-12-27,-0.014617041571690192,0.022668914773424476
2018-12-28,0.0061237640262192805,-0.007407145665030868
2018-12-31,0.007377873499283538,0.0013914410912432285
2019-01-02,-0.01575216476473218,0.017035065074755273
2019-01-03,-0.007716069783941237,-0.01632042206609885
2019-01-04,0.014004324997855644,0.019291645332917717
2019-01-07,0.0011749906088112105,0.006762446173109948
2019-01-08,0.009494836559670983,-0.00019746896303041162
2019-01-09,0.0031558337841668394,0.0016050539940164477
2019-01-10,-0.006585132386373371,0.01016901032816997
2019-01-11,-0.004598973747524937,0.005030908429766168
2019-01-14,-0.008274770038862567,0.0021374583131248404
2019-01-15,0.00168319163971975,0.009735845184241532
2019-01-16,0.0019012936418878468,0.0005325353755640805
2019-01-17,-0.003717315084695638,0.011363154547381793
2019-01-18,0.007697145013205953,0.005574831714967976
2019-01-22,-0.006131415852316469,-0.007413913680564765
2019-01-23,0.004420343646070579,-0.0023632863877209864
2019-01-24,-0.0007617261887323812,0.0013235657531549538
2019-01-25,0.007847238198816164,0.0006723637737040544
2019-01-28,-0.009087402479438289,0.0014817171175998123
2019-01-29,0.0006060200780722003,-0.002004920408836597
2019-01-30,0.006411892973285038,0.009348631598208534
2019-01-31,-0.0002307270787068605,0.008996311635861565
2019-02-01,0.0008536256626829886,-0.0003550339322659912
2019-02-04,0.00019595035924235837,0.006918141448442494
2019-02-05,0.001742986506041655,0.0024157032852754057
2019-02-06,-0.0011706293141726665,-0.00015357258325254808
2019-02-07,-0.006572299334685949,-0.0030027341969923738
2019-02-08,-0.005076763604012435,0.006312706629367337
2019-02-11,0.0027758189888844598,-0.002174672986090198
2019-02-12,0.0066563738649740856,0.006163172313880638
2019-02-13,0.003426696053668854,-0.0001523119348425528
2019-02-14,-0.004409701342954486,0.0021864304409100477
2019-02-15,0.007195863282615456,0.003665969906336386
2019-02-19,-0.0032670516647257397,0.004992403730745165
2019-02-20,-0.00015077390659157253,0.002281791305382974
2019-02-21,-0.0026131369521320558,-0.0010678416894922549
2019-02-22,0.002551253571556389,0.0036427345481067075
2019-02-25,0.005781944850356657,-0.004433257678684965
2019-02-26,-0.0013607481353806739,0.0007148725078200968
2019-02-27,-0.002758778559672881,0.0023112785644743283
2019-02-28,-0.0009002677111877855,-0.0008655100185748221
2019-03-01,0.006281372250416251,-7.468582816760883e-05
2019-03-04,0.0041748565138768345,-0.007864799054188465
2019-03-05,0.000485335374635687,-0.0018496900093076807
2019-03-06,0.0004939013066653786,-0.006468887730439188
2019-03-07,-0.0018602876290872983,-0.006519159239524397
2019-03-08,-0.007604151217185273,0.005658959817750109
2019-03-11,0.0029481108393278888,0.01156955952376193
2019-03-12,0.0020942532740026998,0.00155259259259255
2019-03-13,0.00361315567336451,0.0030184645133906063
2019-03-14,0.00011363547307619015,-0.0007483416983047331
2019-03-15,0.00216828732747798,0.002773941383371392
2019-03-18,0.0008232475751259738,0.002795179971385675
2019-03-19,0.004210239863157383,-0.003933212807717634
2019-03-20,-0.0008900220367903389,-0.0021589618311108616
2019-03-21,-0.003243500329417892,0.014561113262228975
2019-03-22,-0.00523893232178374,-0.013993683272297552
2019-03-25,-0.0014188355329869395,0.0006336761481935405
2019-03-26,0.007001423885082181,0.0004999726577452623
2019-03-27,-3.904084453154599e-05,-0.005235581653210142
2019-03-28,0.0024765395951975577,0.001280234278957959
2019-03-29,0.006017618837219407,0.00026040856938536194
2019-04-01,0.007852965747702445,0.004055887977299388
2019-04-02,0.0007334080820804445,-0.0002225470898132853
2019-04-03,0.004628474714174491,-0.0031019952858840627
2019-04-04,0.0012415933781686483,0.0014008014421365012
2019-04-05,0.0025912973685719987,0.002264383984629692
2019-04-08,-0.0016012657987121148,0.0023619407533830294
2019-04-09,-0.0036713844844099564,-0.0014915124928475132
2019-04-10,0.001677115209028024,0.0017162602308180563
2019-04-11,0.0019303402272241588,-0.002143223575459152
2019-04-12,0.006157865273372032,0.0005450251317142829
2019-04-15,0.00029127829560593455,-0.0009378699008051328
2019-04-16,0.003433252202088788,-0.002776436504104529
2019-04-17,0.0043843057741195235,-0.006779380138676072
2019-04-18,0.0022069614085116207,-0.0002497228454784173
2019-04-22,-0.00289145318230144,0.003772825785783862
2019-04-23,0.0014520318993258563,0.00751771817807656
2019-04-24,-0.00032604785033274464,-0.001874449380494525
2019-04-25,-0.00034930233431618163,-0.0002479785986954086
2019-04-26,0.0001766346218889936,0.004452660887601212
2019-04-29,0.00036286370539961865,0.0012564740197817947
2019-04-30,-0.0013258587269513455,0.001858666546993737
2019-05-01,0.0023591508550055984,-0.009909691835024659
2019-05-02,-0.0004664038756656552,-0.0016595168209528888
2019-05-03,0.005559764642912413,0.004194561688920073
2019-05-06,-0.01628262029989569,0.012305952620374816
2019-05-07,-0.00911633067690265,-0.007603786004494184
2019-05-08,-0.0013799307747432987,0.0
2019-05-09,-0.008042905676222567,0.0050103323674397515
2019-05-10,-0.0035609672046407193,0.008688300958748618
2019-05-13,-0.01977172985493114,-0.005499288784559964
2019-05-14,0.004001703850467608,0.005063931650545861
2019-05-15,-0.006451962697896274,0.012286104073280013
2019-05-16,0.0028340174507703875,0.0065005874718742085
2019-05-17,-0.008984057589525696,0.0025483493471296637
2019-05-20,-0.006281725401054983,-0.0004095795241149114
2019-05-21,0.0066951170485820555,0.002315419232955085
2019-05-22,-0.0036700621765232144,0.0006613527740289005
2019-05-23,-0.00868028204192206,-0.0035970944159759988
2019-05-24,0.005664091372375113,-0.0033692565973217903
2019-05-28,0.0010790124319310923,-0.010390778571733095
2019-05-29,-0.004431106287782871,-0.0023296997363346783
2019-05-30,0.003096427078156161,-0.0003106530398776508
2019-05-31,-0.01016033104663605,-0.0034175670896235966
2019-06-03,0.00014753908788955883,-0.0026234161822517033
2019-06-04,0.009374000639590596,0.012193817944199159
2019-06-05,0.006440152748215855,0.0021964778602807655
2019-06-06,0.0012257801741692997,0.005265176610063316
2019-06-07,0.004062126642771613,0.005980255178025695
2019-06-10,0.005948519928877349,-0.0013275628601014944
2019-06-11,0.006977070997489454,-0.00718143689086026
2019-06-12,-0.0009497614199313054,-0.0008746111782912402
2019-06-13,0.0034900892123130856,0.0006637310789232576
2019-06-14,-0.001121909064721982,0.0
2019-06-17,0.0009106776959852958,-0.0005269542800817595
2019-06-18,0.007055048342253123,0.0033483866350785263
2019-06-19,0.0005330530425315949,0.001767142406915445
2019-06-20,0.010217113665389466,-0.0006413797450052217
2019-06-21,-0.001064705925997278,-0.0004270790393321455
2019-06-24,0.000787647312339379,-0.0020195420391434515
2019-06-25,0.0002045948278428522,-0.010000781020459093
2019-06-26,0.0034561779180284358,-0.004417655647486085
2019-06-27,0.0028466137705411843,0.0006749485351742468
2019-06-28,0.0037734152218147354,0.0013887126036866704
2019-07-01,0.012633925575777472,-0.0035562427522226603
2019-07-02,-0.00014039287838651937,0.002823032099057432
2019-07-03,0.0024687263951068683,0.005454578869020121
2019-07-05,-0.0045512869723522975,0.0034520242082380914
2019-07-08,-0.004871104214548283,-0.0005663576217392885
2019-07-09,-0.004360481161617469,0.0055474657579810405
2019-07-10,0.003980520077184746,0.0008383426441838093
2019-07-11,0.002381239780969935,-3.649128952920577e-05
2019-07-12,0.0018136832732420505,0.002586285402058186
2019-07-15,0.0016349664831869504,-0.001291328871719566
2019-07-16,-0.0003414097316301046,-0.0030265046233219906
2019-07-17,0.00013483866735675143,-0.0067300930261371406
2019-07-18,-0.0018966073839290498,0.005527887531011633
2019-07-19,0.004093881474820815,-0.009625080542703168
2019-07-22,0.0015217511165022124,0.0009468967111854187
2019-07-23,0.004209337542671054,0.00297215883158386
2019-07-24,-0.0027886082078277807,0.0074765536300347435
2019-07-25,-0.001695830358987016,-0.0030598577873923727
2019-07-26,0.002472147382218015,0.00424204344462642
2019-07-29,-0.0004484515762711583,-0.0014219398443463538
2019-07-30,-0.005098010797492614,0.002607590418925998
2019-07-31,0.0009117359670758329,-0.011816367265469196
2019-08-01,0.0006096351737459038,-0.00928209645452538
2019-08-02,-0.0033601179560701633,-0.004166914476031791
2019-08-05,-0.015501879411578101,-0.014847393364928907
2019-08-06,0.007370090134470653,0.006662871682413085
2019-08-07,-0.011810560432345518,0.012520114754916989
2019-08-08,0.0057881740700420625,0.013715884706618775
2019-08-09,-0.0034597699438994045,-0.0033224575733369344
2019-08-12,-0.005625805291702646,-0.006410980782124764
2019-08-13,-0.001315490181211576,0.01674429551347023
2019-08-14,-0.015355953465450045,-0.014480664009919209
2019-08-15,0.003497337560405267,-0.0008089839391767217
2019-08-16,0.006431065576915751,0.008204784090649175
2019-08-19,0.0116208714330015,0.0004971758170690954
2019-08-20,-0.0019279341214449852,-0.005738821838219721
2019-08-21,0.008219281236468978,-0.00010082979184267149
2019-08-22,0.0026405130139572908,-0.002957632106325936
2019-08-23,-0.0049315559806324405,-0.02084522271949063
2019-08-26,0.008474186324733957,0.0025056843674191587
2019-08-27,0.005412252854991806,-0.009242213906325625
2019-08-28,-0.002543424790015014,0.009569798068481017
2019-08-29,0.009842065661664456,0.0029728920173732742
2019-08-30,0.0055436511195561256,-0.005969728132343866
2019-09-03,-0.006476166288827967,0.0005826695286392791
2019-09-04,0.008269089160392484,0.003051722788805167
2019-09-05,0.009435644447086222,0.0034151296130009445
2019-09-06,0.0011259443996183283,-0.0003956522216971292
2019-09-09,0.0037235348659931944,-0.00320949338201737
2019-09-10,-0.0028205541473134144,0.0026118004892994318
2019-09-11,0.0011577763366636962,0.0060273812181383946
2019-09-12,0.0032702801018551497,0.0001341556713405634
2019-09-13,0.0016350295102884882,-0.002320051251054056
2019-09-16,-0.004099460902752039,0.0010819041513061567
2019-09-17,-0.0007277676092469765,0.0031717362251604264
2019-09-18,-0.0014302101029460834,0.002057508451779544
2019-09-19,0.001451083959717936,-0.0015214304344044471
2019-09-20,0.0022166915787487085,-0.0068887625928970575
2019-09-23,-0.0024786399556760985,0.002239973105706339
2019-09-24,0.003981376491649202,-0.011816871180125643
2019-09-25,0.00028296859783538686,0.005661444862450127
2019-09-26,3.2878754114396e-05,-0.0021333956791431685
2019-09-27,0.002833524919643615,-0.008133405370675972
2019-09-30,0.0018328769543325407,0.0027369380092725493
2019-10-01,0.0032973434403014146,-0.015099672444832346
2019-10-02,-0.005961914931482459,-0.011782741025870513
2019-10-03,-0.0008982996470965343,0.00910818376544631
2019-10-04,0.0024708181402977036,0.010971775127157635
2019-10-07,-0.0029699020375597573,-0.0013115385755356757
2019-10-08,-0.006955831398066437,-0.00858104549037464
2019-10-09,0.007645467356981905,0.0017874838733802356
2019-10-10,-0.00028742818961302596,0.007079487409266116
2019-10-11,0.010292460105594259,3.302897742285538e-05
2019-10-14,-0.001222031802185053,6.981084934087889e-05
2019-10-15,0.003931178655536938,0.006060317727527353
2019-10-16,-0.0017387571887425013,0.00010202928969405001
2019-10-17,0.00421556589508798,-0.001346075699523941
2019-10-18,-0.0018819597086233708,-0.0024387846844320382
2019-10-21,0.004823814024089934,0.001910094814782326
2019-10-22,0.0020079375147243894,-0.005262986554968263
2019-10-23,-0.0008727145786970869,0.003803263891921871
2019-10-24,0.0034697925013325026,-0.0018390987332259634
2019-10-25,-0.0021031141292348066,0.006177541751911875
2019-10-28,0.004477628082875551,0.0012095283557236325
2019-10-29,-0.0010037353293328444,0.0006889671951140208
2019-10-30,0.0007602108509341399,0.0023326477522735978
2019-10-31,-3.217353690843083e-05,-0.0026418898628647325
2019-11-01,0.005222503001953482,0.0040222220637422534
2019-11-04,0.005540362964804535,-0.0015152050294916508
2019-11-05,0.0007428343019655337,-0.0018274298277549672
2019-11-06,0.0,0.00023725716552047693
2019-11-07,0.004775880564042323,-0.0012825481836439279
2019-11-08,-0.0012877232347607848,0.003762174077384106
2019-11-11,-0.004920005912453562,0.0030451143774667955
2019-11-12,0.001279931172847082,0.000802896060174918
2019-11-13,-0.0035608726249120037,0.003916126389536423
2019-11-14,-0.0010095076627611999,0.002390760888701271
2019-11-15,0.004812268826684507,0.0024120898136399394
2019-11-18,-0.0007741962482870068,0.0015391219675633394
2019-11-19,0.0021291572579520412,-0.0024236818404681504
2019-11-20,-0.0020356801751242326,-0.0016067174761960068
2019-11-21,0.00040582427808755206,-0.0020772571812249785
2019-11-22,0.0026843285674233996,-0.0004019208320807932
2019-11-25,0.0032201558681308473,0.004495838735310009
2019-11-26,0.00010061688559503956,0.002154372404605809
2019-11-27,0.0016581738624719122,0.0028477523837830976
2019-11-29,-0.0020504867752219047,-0.0017473582429724521
2019-12-02,0.0008925050333132845,-0.009328384001769607
2019-12-03,-0.009611593919750971,0.002856861045942294
2019-12-04,0.003804151196568739,0.0024460059068067697
2019-12-05,0.0024400375605209135,-0.0007034160949960233
2019-12-06,0.00676382035627654,0.0023571435988494205
2019-12-09,-0.001353637901861271,-0.0017496663185775363
2019-12-10,-0.00020437005528395336,-0.0009250501501907316
2019-12-11,0.0015917271800420796,0.001222193369687652
2019-12-12,3.458077723750286e-05,0.008610315780737787
2019-12-13,-0.0008502526758960016,0.001475482963318786
2019-12-16,0.005930925786335806,0.0008787735318860346
2019-12-17,0.0013033905168982063,-0.0010739824356291727
2019-12-18,0.0013439213925066085,-0.0012741623656608025
2019-12-19,0.0006532034184312252,0.0034814774519937863
2019-12-20,0.0034626226486691447,0.0008812387312864267
2019-12-23,0.002678496128999619,-0.0011270771021669734
2019-12-24,0.0007679508511455602,-0.000733705346625313
2019-12-26,0.0012596664241641964,0.004050081068898592
2019-12-27,0.0024758611909594386,-0.00272708132116406
2019-12-30,0.00029155007456327375,-0.005805850743068497
2019-12-31,-0.0017421544081224205,0.004172264567481987
2020-01-02,0.005210469345632296,0.004160145538210314
2020-01-03,-0.011442958384398128,0.0039011440660836616
2020-01-06,-0.0060101881245933075,0.009858104070519236
2020-01-07,-0.0018821688736739839,-0.0009043408360127625
2020-01-08,0.000643668912803097,0.004653546947554377
2020-01-09,0.005325623351374542,0.0014296708108323397
2020-01-10,0.0019973567318871677,-0.004836331660617144
2020-01-13,0.0020661774720218684,0.004813350085029144
2020-01-14,-0.001477996654712821,-6.607965902905022e-05
2020-01-15,-0.0002841613111069785,0.0025945352807219546
2020-01-16,0.004582256448124822,0.003668773422066396
2020-01-17,0.002412931744765423,0.00068495384715761
2020-01-21,-0.0031518904823989446,0.0012228896162282954
2020-01-22,0.0028085576097216514,-0.0026834534482702566
2020-01-23,-0.002122497493820208,0.003324683484241975
2020-01-24,0.002116702379904023,-0.01108840127840438
2020-01-27,-0.017380229125459556,0.0014000066985966342
2020-01-28,0.004869760659290678,0.005575082211660032
2020-01-29,0.004627315726584369,-0.005426384683559715
2020-01-30,-0.00691357206744625,0.01028076975679082
2020-01-31,-0.0021131527248113846,-0.0161270576557202
2020-02-03,0.005057995433006779,0.0023355808000533607
2020-02-04,0.012274956351630673,0.0029614484055007217
2020-02-05,0.009759048821548877,0.0018137650767187097
2020-02-06,0.003136650707127764,0.00021709686408444284
2020-02-07,-0.003440400408183164,-0.00192768421086853
2020-02-10,-0.0029019965475685083,0.010478900107467437
2020-02-11,0.004318774709306972,-0.002639346214630356
2020-02-12,0.004721441411204452,0.0017537886331369101
2020-02-13,-0.004700646419043775,0.0036436151363052893
2020-02-14,0.0013481544728235484,0.0002820901598619141
2020-02-18,-0.0032847826435290495,0.0006784129637966707
2020-02-19,0.003168064877856036,0.0015373922624328795
2020-02-20,-0.0016917335311819048,-0.00235770482560671
2020-02-21,-0.004427932903491083,-0.005957046053416626
2020-02-24,-0.030930611344360592,-0.002243256002383953
2020-02-25,0.004664382573329684,-0.034817113292561874
2020-02-26,0.004900179604040655,-0.008536942335175657
2020-02-27,-0.019377852493522196,-0.026005305904146514
2020-02-28,-0.02964888993945136,0.02621874437848537
2020-03-02,0.0065296463473421,0.03653996865203779
2020-03-03,0.0013021243528756887,-0.02994137573018152
2020-03-04,0.019625649563594028,0.0219799250724535
2020-03-05,-0.025183376619783537,-0.008219897331105397
2020-03-06,-0.030809128630705396,0.01473350876739743
2020-03-09,-0.07450743619493783,-0.003977143216455592
2020-03-10,0.038052098705029236,0.013212409630311006
2020-03-11,-0.02675175006189945,-0.02261102181312169
2020-03-12,-0.06685070889121125,-0.030822352016364185
2020-03-13,0.06039132918485435,0.023658346013077258
2020-03-16,-0.10442184932690024,-0.0056295698201228594
2020-03-17,0.02162625465208068,0.0317394433675251
2020-03-18,-0.06553623473724313,0.01590609313743463
2020-03-19,-0.003142229856142653,0.005322901591895857
2020-03-20,0.014381660571217703,-0.05671104330935639
2020-03-23,-0.0026092352825024534,-0.023007197703522442
2020-03-24,0.051435325903411044,0.037250322349734466
2020-03-25,0.007113501939844946,0.007858313164102126
2020-03-26,0.011013484654341488,0.04683303660339777
2020-03-27,-0.030390755939169067,0.0006115766360736963
2020-03-30,0.009023730799105234,0.023308248537187604
2020-03-31,-0.004258677672361322,-0.010700485484989697
2020-04-01,-0.037944416624937416,-0.007334730011667956
2020-04-02,-0.0039020169888488443,0.027043862381175954
2020-04-03,-0.004296794915601643,-0.010183509063923735
2020-04-06,0.03886057517291586,0.027269882986046046
2020-04-07,0.03529311437064475,-0.03315250859996155
2020-04-08,0.010685988535078295,0.022703462117410922
2020-04-09,0.012928750574022319,0.0021815363750847805
2020-04-13,-0.003773614086097221,-0.005351972739480293
2020-04-14,0.019310683892415748,0.009968150915661056
2020-04-15,-0.021873436528752732,0.0006936236994556921
2020-04-16,0.004972041944827366,-0.00018495114207328633
2020-04-17,0.02253738245722192,0.004334257975034728
2020-04-20,-0.014012413782751199,-0.0036499406266176093
2020-04-21,-0.017216418052982463,-0.013347429628650875
2020-04-22,0.019452892327571192,0.002697250967996334
2020-04-23,0.005017727763218627,-0.005065533664133093
2020-04-24,0.005904548275077914,0.008019372167069605
2020-04-27,0.007609678964292987,0.006710978995654315
2020-04-28,0.013853342676314329,-0.018184237370825418
2020-04-29,0.02032419328123347,0.005751854871736128
2020-04-30,-0.005124687273020734,-0.004196087830239059
2020-05-01,-0.017799286843635187,-0.008832843248133937
2020-05-04,-0.007283667469201172,0.010072719749273817
2020-05-05,0.010799185224803054,-0.0015085673113727216
2020-05-06,0.006468076790089983,-0.013189094724735617
2020-05-07,0.012351238340302384,-0.0002467022266744445
2020-05-08,0.011810979462579807,0.004630074421148267
2020-05-11,-0.0071503448275862524,0.007416710196309406
2020-05-12,0.004398142189436571,-0.024248615123256934
2020-05-13,-0.0020862569698242295,-0.01562323745064853
2020-05-14,-0.00938520598177961,0.021620433565462616
2020-05-15,-0.009137745569835265,0.01385778062196219
2020-05-18,0.023624709763226948,0.0066691135988254935
2020-05-19,-0.002198587507793559,-0.008075596351730496
2020-05-20,0.013077722192341934,0.0038253989032885904
2020-05-21,-0.0004817863042280157,-0.006414833123733699
2020-05-22,-0.0010140323104252946,0.002935645823824551
2020-05-26,0.021952897746096545,-0.009472442992565222
2020-05-27,0.010181622010429603,0.004667457036966027
2020-05-28,0.0036996087770029273,-0.005543080681834178
2020-05-29,-0.0016686430027051946,0.006166517304655672
2020-06-01,-0.0023044569328102282,0.006376692480462465
2020-06-02,0.0032315068396708835,0.005038667209364522
2020-06-03,0.006985951290358505,0.006303023579132816
2020-06-04,-0.0034935280154071435,0.0007917382630853176
2020-06-05,0.018883046713603635,0.0066523808877978485
2020-06-08,0.0027720331161962264,0.009324291189283906
2020-06-09,-0.008995217858652205,0.0015245642902717016
2020-06-10,0.0019547752846662547,-0.007559557871276712
2020-06-11,-0.023626959078524967,-0.034797503807487806
2020-06-12,0.02537524375190081,-0.013102935685696981
2020-06-15,-0.02026362871346643,0.030228336539259493
2020-06-16,0.027460266860968252,-0.008032566670985286
2020-06-17,0.0035848083863208036,-0.007671416780539286
2020-06-18,-0.005318322847390644,0.005745770474511858
2020-06-19,0.012088260863565514,-0.017588590594876163
2020-06-22,-0.002130376250815247,0.00858837683154956
2020-06-23,0.009215080601789882,-0.0046115849846791734
2020-06-24,-0.007066107052036696,-0.018559993364024696
2020-06-25,-0.0020178756312463353,0.012756317288250552
2020-06-26,-0.0038257306518376666,-0.020024063853154583
2020-06-29,0.004582751863973611,0.010097170163253066
2020-06-30,-0.0015441054915988905,0.014394014119238463
2020-07-01,0.0038895101300902013,0.003113389651092646
2020-07-02,0.011911412747349859,-0.0063593113131670265
2020-07-06,0.013263045252810635,0.0021764958754897368
2020-07-07,-0.0052791212948201105,-0.0050592681378158755
2020-07-08,0.0025766247239940032,0.005014058425864887
2020-07-09,0.0021371936039993322,-0.007827550544481032
2020-07-10,-0.00022482473889684496,0.010432850873606458
2020-07-13,0.008035527620229299,-0.01654841590815559
2020-07-14,-0.0048538405545691665,0.017954861621440443
2020-07-15,0.010902558592438494,-0.0016873320556552995
2020-07-16,-0.006441330986595051,0.003084156277312733
2020-07-17,0.003481959244718613,-0.0005056772248965835
2020-07-20,-0.0009253249454957979,0.008988629284008232
2020-07-21,0.006541084017103849,-0.004359721292760743
2020-07-22,-0.0012322615293881567,0.0069210544546454145
2020-07-23,-0.0012318539073684631,-0.010769054140493117
2020-07-24,-0.0062107888000212386,-0.0002268943172984983
2020-07-27,0.0023962807586666024,0.004900965210471897
2020-07-28,-0.002435218225372071,-0.003915824714533445
2020-07-29,0.003007599022363694,0.009318205239869704
2020-07-30,-0.009900794435002691,0.0063671383804713155
2020-07-31,0.005956630966547749,0.001912447999158795
2020-08-03,0.005562406527956476,0.001369863013698458
2020-08-04,-0.002804377564979421,0.006686068350105767
2020-08-05,0.004347741445656306,0.0018575591349911935
2020-08-06,-0.001821869528345399,0.008596182920053153
2020-08-07,-0.0031868860440014135,0.003903965657954922
2020-08-10,0.0013730768122852677,0.001562969450179974
2020-08-11,0.003880582725662718,-0.012111733122252222
2020-08-12,0.007951448219049473,0.0059572457475609575
2020-08-13,-0.00239925356555748,0.0006648809258704702
2020-08-14,-0.0012684747465434576,0.0013019175431001617
2020-08-17,0.00319492880554173,-9.189836674416973e-05
2020-08-18,0.001277187778295552,0.0009052351712350859
2020-08-19,0.0012111591077266226,-0.00538519119797598
2020-08-20,-0.005554073622437428,0.008708147722374049
2020-08-21,-0.0010605226002113888,0.0046427315106782885
2020-08-24,0.007728414066344502,0.0023946510070054217
2020-08-25,0.001795601245366818,0.0016988672140447747
2020-08-26,0.0018235738936414059,0.008141445580291506
2020-08-27,0.0027422247145314493,-0.0005315814702375743
2020-08-28,0.003209631353548126,0.003254524002880732
2020-08-31,-0.0006720081129707456,-0.002958824050837805
2020-09-01,0.0025874569651336277,0.006821941516605312
2020-09-02,0.005834224209145145,0.008529975693343461
2020-09-03,-0.005044759138947974,-0.02949221394719026
2020-09-04,0.002170381118924425,-0.010308640447491468
2020-09-08,-0.017049504207670152,-0.010444030301681062
2020-09-09,0.013009635100303951,0.006652876568042032
2020-09-10,0.005940768801666607,-0.023146523635270033
2020-09-11,0.005737725949017891,-0.005191574852113412
2020-09-14,0.010212946014995561,0.002900270670775029
2020-09-15,0.007871997772553652,-0.0027688395674080324
2020-09-16,0.00390980378577277,-0.007883225411956407
2020-09-17,-0.015490326842419688,0.006789945102571471
2020-09-18,0.002656207649750497,-0.014126791291128926
2020-09-21,-0.014938902437450663,0.00391334959802192
2020-09-22,0.0048734342379956885,0.005249079706804771
2020-09-23,0.0018212877537775451,-0.024955275839283142
2020-09-24,-0.0044001018205380715,0.007122412522164279
2020-09-25,-0.0028782718499738014,0.01905209070408742
2020-09-28,0.013699074614855311,0.0028775550704505104
2020-09-29,-0.00067663101587212,-0.004736430270995351
2020-09-30,0.002185339931070285,0.005360179056877357
2020-10-01,0.008354115110342564,-0.0019330385344283885
2020-10-02,-0.015845538438168605,0.006440907965438392
2020-10-05,0.006661682386320145,0.011032503991189158
2020-10-06,0.00040810560517345884,-0.014616772573939008
2020-10-07,0.009505854778562917,0.007791748947955979
2020-10-08,0.006138253117644155,0.0027066293753286175
2020-10-09,0.005206281046096439,0.003719353912729373
2020-10-12,0.007918545078816619,0.008109567642275772
2020-10-13,-0.0004237044479886709,-0.006119069029517532
2020-10-14,0.0017729956314849193,-0.008031261403722012
2020-10-15,-0.012139828754839987,0.011075630199944841
2020-10-16,0.004171168295437733,-0.004768207062448071
2020-10-19,0.003906549920609681,-0.019028447835437667
2020-10-20,0.004203842711416161,-0.00022980866875565997
2020-10-21,-0.00014909934675844116,-0.0017273249763113396
2020-10-22,0.0006535357841961353,0.004848556473709298
2020-10-23,0.0037976093940537137,-0.0004439990750019218
2020-10-26,-0.01051264571335131,-0.008027483609905017
2020-10-27,0.0010905159680452137,-0.004548807860741855
2020-10-28,-0.018070237404445355,-0.0163890726668936
2020-10-29,0.0007836402046608182,0.009399581733294804
2020-10-30,-0.005197424559770347,-0.005286312123102599
2020-11-02,0.01122655961639607,0.0
2020-11-03,0.01050112085171806,0.00704839900651133
2020-11-04,0.014366338456459848,0.007841836479246966
2020-11-05,0.016648347895204196,0.0028310876018520226
2020-11-06,-0.0009014413926050624,0.0006705947260772227
2020-11-09,0.039474606061159934,-0.025834735059165448
2020-11-10,-0.0030803477423818615,0.0015962293983813325
2020-11-11,0.006627803636254148,0.0007691501937838741
2020-11-12,-0.0030323691954353693,-0.006692103258163384
2020-11-13,0.005867484833019798,0.007964814314449509
2020-11-16,0.008038886886696073,0.004355251416786388
2020-11-17,-0.007148825003824522,0.0018341501573400087
2020-11-18,0.0007896955087915991,-0.012864539619117488
2020-11-19,-0.0018591756756352051,0.0061458077133036415
2020-11-20,-0.000804896153490664,-0.006047550995444295
2020-11-23,0.005450998048927014,0.0005194557059522431
2020-11-24,0.007677388554037323,0.008368052162635031
2020-11-25,-0.0002613503886486068,-0.00131884270818039
2020-11-27,0.0033264608045271427,-0.0004778209021727431
2020-11-30,-0.002360918441265958,-0.00213720440728582
2020-12-01,0.00970135842586406,0.0012546319260058336
2020-12-02,-0.003234642732253268,0.005373483408858348
2020-12-03,-0.00030823989205785995,2.908820124369882e-05
2020-12-04,0.0017219714245824136,0.006896371492287612
2020-12-07,-0.0022984262845378023,0.00019944386955805804
2020-12-08,-0.003652851912111954,0.006636366009507899
2020-12-09,0.001930529743124243,-0.010870659285354911
2020-12-10,-0.004093677768247872,0.003774774695872285
2020-12-11,-0.004985021667684553,0.0038320335792538796
2020-12-14,0.006356518270258293,-0.01074332339920725
2020-12-15,0.007496409737435483,0.005957150322243532
2020-12-16,0.0006291268412061957,0.0009373287572462807
2020-12-17,0.004742764115198028,0.0008230547087619833
2020-12-18,0.0008481666991415615,-0.004821291556441065
2020-12-21,-0.011395281933256673,0.007906553097873026
2020-12-22,0.0009701001281918753,-0.0026796118745169295
2020-12-23,0.002880585834805993,-0.0019581323051457433
2020-12-24,0.0014071890892279892,0.0025161079964335364
2020-12-28,0.007408494728570858,0.0011456717321929322
2020-12-29,0.004400509112078899,-0.006256463876166296
2020-12-30,0.002355941604670564,-0.0009555648101134961
2020-12-31,-0.0005481908275112302,0.005633464837980773
2021-01-04,0.0038236137979621443,-0.017355795216898007
2021-01-05,-0.00187480560771347,0.008785723559877168
2021-01-06,-0.004381775019306033,0.010390752029600714
2021-01-07,0.0068350795388312235,0.007974720362363907
2021-01-08,0.003916591724729246,0.0017553112817121352
2021-01-11,-0.008956180182188023,0.002265604137678956
2021-01-12,0.0005048224567465454,-0.00029713433555433877
2021-01-13,-0.00020749505797246215,0.002891510849476031
2021-01-14,0.002094565873957066,-0.005584066573459445
2021-01-15,-0.00459392714822926,-0.0027008511346111597
2021-01-19,0.007010699797877162,0.0008337427187872226
2021-01-20,0.006465239171776327,0.007284847572785802
2021-01-21,0.001582554275801673,-0.0006574349539933966
2021-01-22,-0.00515513786193067,0.0016448556583590346
2021-01-25,0.0020471453695125597,0.0018824050492747268
2021-01-26,0.0026663351016797954,-0.004218967441475985
2021-01-27,-0.009295593794450774,-0.01526278299976258
2021-01-28,0.005176849695487817,0.003411823138312897
2021-01-29,-0.0053070465315765425,-0.01482704607015417
2021-02-01,0.009918664653851161,0.006658330728352757
2021-02-02,0.009112646196147711,0.00500194426804601
2021-02-03,0.0023187260089798656,-0.0015163212823745553
2021-02-04,0.002906523964220531,0.008439157914587936
2021-02-05,0.00518392625349251,-0.0012667266743090488
2021-02-08,0.004018671619467007,0.0031867901002147203
2021-02-09,-0.002292748333473704,0.0016219693706758243
2021-02-10,0.004792710507766085,-0.005219478106361475
2021-02-11,0.0030005418401326533,-0.0013491906213606297
2021-02-12,-0.0021855427974948327,0.007143090653502826
2021-02-16,0.0033622765019341028,-0.004227178493151018
2021-02-17,-0.004792007905459306,0.005054475713760942
2021-02-18,-0.007129458956890211,0.0028951608286373887
2021-02-19,0.003438611942448988,-0.005209320973273424
2021-02-22,-0.007616625320309489,-8.232123942852887e-05
2021-02-23,-0.006086784706747617,0.007369304596082538
2021-02-24,-0.003017703311251063,0.01410874621301672
2021-02-25,-0.003505223949381686,-0.020675490022715737
2021-02-26,0.005266886120254943,-0.01036528582600349
2021-03-01,0.01373523580822611,0.01035672870604265
2021-03-02,0.0006243031114285813,-0.008418746832753121
2021-03-03,-0.0019425852044797631,-0.011331319977645693
2021-03-04,-0.0005318482422553839,-0.011843402965447725
2021-03-05,0.009986382206082611,0.00831041942912969
2021-03-08,0.00270208913571901,-0.007631606558101245
2021-03-09,0.010803697129216028,0.003402175079893377
2021-03-10,0.0065426175407987675,-0.0002970690999077874
2021-03-11,0.006785547791902546,0.00331981218419819
2021-03-12,-0.0037190573350174283,0.005106380673229438
2021-03-15,0.0006684077610765726,0.005262888555506828
2021-03-16,0.0016906329290282684,-0.002915498684013418
2021-03-17,-0.003500780633842515,0.006934629807601844
2021-03-18,-0.00701252523092144,-0.007600519086107038
2021-03-19,-0.0008301704562410084,-0.0010127805850232985
2021-03-22,0.0014051967819090905,0.006573715452031115
2021-03-23,-0.0017580805643114816,-0.006129003503445363
2021-03-24,0.0038240138284169056,-0.008886000893473689
2021-03-25,-0.003977457432190579,0.009665201161798809
2021-03-26,0.003115738690846692,0.012936053596477315
2021-03-29,-0.003991391640266739,0.003521561511909521
2021-03-30,-0.0034583843754848465,0.0007998260780877064
2021-03-31,0.0015420551975304786,0.002509010480541196
2021-04-01,0.005213800545418978,0.005540158844458354
2021-04-05,0.007113638525690469,0.007178841309823714
2021-04-06,-0.0014745112750613742,0.0009053197317956396
2021-04-07,-0.00045094711928206355,0.0015985855256295256
2021-04-08,0.0033118359079038484,0.001416897409880269
2021-04-09,-0.00032133093198916107,0.007589995100720337
2021-04-12,-0.0015281747573314686,0.0019015472616945583
2021-04-13,-0.00027003186375995636,0.0032515473146437213
2021-04-14,-7.435859303284165e-05,-0.003366899759726927
2021-04-15,0.00559100499150933,0.005142861529092935
2021-04-16,0.003339756594873622,2.2833656810217207e-05
2021-04-19,-0.0024050902669954244,-0.0025304158528646203
2021-04-20,-0.0031206896112140337,-0.004214866098716907
2021-04-21,-0.001620653963410601,0.01110316476211537
2021-04-22,-0.00043507686357924236,-0.008695143090593938
2021-04-23,0.0014507750733732117,0.009366378470406111
2021-04-26,0.0016816328604269959,0.0004158984801954091
2021-04-27,0.0007528688867426414,-0.0009752069465130964
2021-04-28,0.000702327314954454,-0.000995743387047776
2021-04-29,0.007020266962897592,-0.0006296356927881774
2021-04-30,-0.005783697282040312,-0.000780715317735936
2021-05-03,0.0050710042059656235,-0.0029177109598410578
2021-05-04,-0.005090559303370545,-0.0010736984586574572
2021-05-05,0.0042433751388137875,-0.003931236335783406
2021-05-06,0.00019606445173248055,0.007795216456002452
2021-05-07,0.0019602543278423035,0.005307039327556495
2021-05-10,0.0008877787474794729,-0.010786716177819122
2021-05-11,-0.011565437427336178,0.0026958391311813212
2021-05-12,-0.007186614291957549,-0.014194109727624471
2021-05-13,0.004123178320281307,0.007887427965131977
2021-05-14,0.0071393738921328165,0.008139141662567573
2021-05-17,-0.002846157560233098,0.00032110664563345104
2021-05-18,0.0006547453753831256,-0.009280098580361384
2021-05-19,-0.012175848236198106,0.009682798594147224
2021-05-20,0.002269945763497816,0.008460241236413646
2021-05-21,0.003836476865152205,-0.004644583942791991
2021-05-24,0.005809221788791286,0.0043678977272727515
2021-05-25,0.0027856208424041906,-0.004991626056187193
2021-05-26,0.0014984193194846895,0.0004852467302711716
2021-05-27,0.0026347232782728547,-0.0020911541659319743
2021-05-28,0.004009291052312625,-0.002215415874548654
2021-06-01,0.006008261359369271,-0.0068592157245892516
2021-06-02,0.0016925937043585915,-9.821104798735103e-05
2021-06-03,-0.005905834057396087,0.0022066274827725607
2021-06-04,0.004711937329211269,0.004390434137197863
2021-06-07,-2.505010020037446e-05,-0.0009419073624088448
2021-06-08,0.0021889903564067392,-0.001986554478879854
2021-06-09,0.002153459699719029,-0.0036097380375832433
2021-06-10,0.0030955865923187886,0.0015367595897304298
2021-06-11,0.0014094503143773363,0.0002645238570573305
2021-06-14,0.000259464206413762,0.0019330057616042673
2021-06-15,0.00038336590283916117,-0.002189822798543739
2021-06-16,0.0003591210512270404,-0.005945807146436333
2021-06-17,-0.0010282441101676643,0.0006954068004259017
2021-06-18,-0.008306468809974876,-0.005213840837452577
2021-06-21,0.004536750476180851,0.009736289830564182
2021-06-22,-2.2564138563940794e-05,0.005375400522497076
2021-06-23,0.00018952712981112896,-0.0013837845385140657
2021-06-24,0.005402989620966858,0.0004966685953964323
2021-06-25,0.0019012964061526638,0.0016326065467771045
2021-06-28,0.0013059350791970736,0.0007064589117569131
2021-06-29,0.0009700781492980592,-0.0004266180042661327
2021-06-30,-0.001157047628915775,0.002010506998491035
2021-07-01,0.0019128046991891967,0.0036018038542253716
2021-07-02,0.0029098343576177133,0.0047248444198928485
2021-07-06,0.0001435358973547185,-0.0019581324524575727
2021-07-07,0.001679254985973655,0.0018589260079320269
2021-07-08,-0.013061196733972325,0.004970765990117698
2021-07-09,0.00374636382334792,0.006915882378770943
2021-07-12,-0.00021077572735805905,0.0037850700552979344
2021-07-13,-0.0019409225658802987,-0.0014609415816870808
2021-07-14,0.004147005532570525,-0.0026728421865199747
2021-07-15,-0.00324358056463947,-0.00014317226049587184
2021-07-16,0.002883271202236859,-0.010701321330042202
2021-07-19,-0.01191542032984505,-0.002889135908221152
2021-07-20,0.0016858675141524504,0.012619008078048832
2021-07-21,0.002978973392407047,0.005112911137848508
2021-07-22,0.00043706081458427803,0.0016503973088815016
2021-07-23,0.004734651152647595,0.00551541518752896
2021-07-26,-0.0014222567593171753,0.0038813498258676304
2021-07-27,-0.002519343678672459,-0.002014808845010929
2021-07-28,0.0014949299762301305,-0.001910270101633027
2021-07-29,0.002233715397247815,0.0019072615083439715
2021-07-30,-0.006213738228018961,0.0013589444567594366
2021-08-02,0.004169955148318527,-0.006232552566944216
2021-08-03,0.0019362274669418866,0.0061752906549996656
2021-08-04,-0.003114139677057537,-0.00179466447212151
2021-08-05,0.002807402119492375,0.003513809559191783
2021-08-06,0.0007714777740357448,0.0008496420047732212
2021-08-09,-4.5307566840624425e-05,-0.0007344927826544723
2021-08-10,0.0010524331251537955,0.00015734140701351151
2021-08-11,0.0025814232866787634,-9.034304204047494e-05
2021-08-12,-0.00034476117561188513,0.0033703108201963428
2021-08-13,0.0010927977281185441,0.00069853237164752
2021-08-16,-0.0031045245132024224,0.005475946897319339
2021-08-17,-0.006097676131481267,-0.00045603425957374544
2021-08-18,-0.002435668644508948,-0.00850635058265281
2021-08-19,-0.0066621339490141596,0.00823537948048192
2021-08-20,0.000851594640950859,0.007111356119073875
2021-08-23,0.004076756301361062,0.004697795686181561
2021-08-24,0.0015995017481280627,0.0
2021-08-25,0.00045694365931803205,0.001619761085239979
2021-08-26,-0.0006299331048651435,-0.005266079299298565
2021-08-27,0.0019222812016030932,0.007001802958362058
2021-08-30,0.00161700432372891,0.0027725459458827206
2021-08-31,-0.0001983247392612908,-0.001253194245107947
2021-09-01,0.002168386421414592,-0.0016251025889726378
2021-09-02,0.0033278919380941296,-0.00028629685492442825
2021-09-03,-0.002654242947047858,0.0024161863474967404
2021-09-07,-0.000829071533037129,-0.0027176953197837195
2021-09-08,-0.001278413738624029,4.680256571654162e-05
2021-09-09,-0.00046800375339006717,-0.0038370865299299783
2021-09-10,0.004610959135903592,-0.012405548927410193
2021-09-13,0.007193835614816013,-0.004642477493156161
2021-09-14,0.003487465444321103,-0.008836701153268511
2021-09-15,0.0010262428347107555,0.00733296154348162
2021-09-16,-0.0012603804699924392,-0.000339670708119133
2021-09-17,-0.0018310696655938763,-0.007919247316911626
2021-09-20,-0.014775895346343604,-0.0019227559986360054
2021-09-21,0.005750301690923276,-0.006637802465744969
2021-09-22,0.005568868665897009,0.004131812787634859
2021-09-23,0.004551994830663375,0.0075801777157120664
2021-09-24,-0.003934821509091746,0.005615809086316981
2021-09-27,-0.0024972456849062796,-0.0003871632807693759
2021-09-28,-0.006660361935900805,-0.013558348981568935
2021-09-29,0.00336827708625842,-0.0016893606531228622
2021-09-30,0.003609583917379089,-0.015790311608990804
2021-10-01,0.004298893169808693,0.007560412528125671
2021-10-04,-0.0028459734924817237,-0.010090140858755037
2021-10-05,0.00375673255057829,0.006641959977118805
2021-10-06,-0.008851749586554214,0.013103411101147211
2021-10-07,0.008038966252787327,0.0006165878937645086
2021-10-08,0.0018582146273860012,-0.0036879968983490885
2021-10-11,-0.001587793447529573,-0.005661149071311766
2021-10-12,0.0022744485067278664,-0.004693078915666948
2021-10-13,0.0024837308353728993,0.001086359534196113
2021-10-14,0.008973887991956753,0.007773032249101197
2021-10-15,0.005096098537248572,0.0025114813956459425
2021-10-18,-0.004246084166823927,0.0072585994503933104
2021-10-19,0.0038453939941296422,0.003861121458978989
2021-10-20,0.0010455881083024643,0.0028560437382696424
2021-10-21,-0.0014251174036360448,0.004057952119424391
2021-10-22,-0.00102256127252065,-2.0889958661118868e-05
2021-10-25,0.0025300589573371557,0.0028130860595956264
2021-10-26,0.003608658008658061,-0.0026915856890459278
2021-10-27,0.0010841533684875504,-0.0055324110344064925
2021-10-28,0.0033689615303520437,0.006278851194228663
2021-10-29,-0.005340095465393824,0.007419831900201457
2021-11-01,0.0022832984845952975,-0.0005666680376377187
2021-11-02,0.00039094828965846595,0.003654280810569288
2021-11-03,-0.0013115709705625589,0.00742147599591414
2021-11-04,0.0013647257987494665,0.0033314498813425963
2021-11-05,0.0050864562402574975,-0.0016114500360838724
2021-11-08,0.002523217416485757,-0.0016547727542449708
2021-11-09,0.0008343650750928244,-0.0041369727936891865
2021-11-10,-0.0038571113521492784,-0.004197352369764595
2021-11-11,0.003411962740640817,-0.0030928813988505555
2021-11-12,0.002907438233946902,0.004631179051150847
2021-11-15,0.0029306634733989867,-0.002576475076867757
2021-11-16,-0.0006030304530378894,0.004565983870459478
2021-11-17,-0.000602892989856163,-0.0018434089160890288
2021-11-18,0.0023613148771823855,0.0010557176862970863
2021-11-19,-0.00025749362423399536,-0.0015431200139753853
2021-11-22,0.0042484561774212,-0.007033680810715981
2021-11-23,-0.0007490653553898774,0.0020642878207017823
2021-11-24,-0.004533425589367757,0.007262141180718551
2021-11-26,-0.015149953622590973,-0.007266092780315647
2021-11-29,0.01109578305246317,0.0011536090511850006
2021-11-30,-0.005598404466046314,-0.013943905659518308
2021-12-01,0.01335380424117183,-0.024122901947739694
2021-12-02,0.000497278973504045,0.014784946236559238
2021-12-03,0.003893027961736628,-0.012515661756453134
2021-12-06,0.005970647794409256,0.005822224989220359
2021-12-07,0.012244158749953993,0.008322972082373647
2021-12-08,0.0009074084056563958,0.001752582871812347
2021-12-09,-0.00293004845332423,-0.0038216045347011507
2021-12-10,0.006161479476770371,0.003203087875337296
2021-12-13,-0.0011573841331125045,-0.007683824598528566
2021-12-14,-0.007466051108185656,0.0005836982393663259
2021-12-15,0.00013392259274147555,0.01548527956569501
2021-12-16,0.004195022740733245,-0.012953137240937274
2021-12-17,-0.007012527847176542,-0.0036536461526582853
2021-12-20,-0.01170764837398841,0.0011000009224326757
2021-12-21,0.007981792759028217,0.009689701036158072
2021-12-22,-0.000586214233009863,0.010601074828052282
2021-12-23,0.002252151308712813,0.00395756240986489
2021-12-27,0.0030912107613332296,0.011027901679162788
2021-12-28,0.0009728352768079152,-0.0017880139443148257
2021-12-29,0.00022637462142682807,0.0010525136178562988
2021-12-30,0.0009504368058299573,-0.0037169992960727205
2021-12-31,-0.0010961485127157777,-0.001434489445154452
2022-01-03,0.0028311733591661614,0.002972811209984716
2022-01-04,0.0031460960107765334,-0.0034774088711106987
2022-01-05,-0.0008142268027661048,-0.018397631326931396
2022-01-06,-0.0010539270530319778,0.00010975989463068991
2022-01-07,2.239752014654428e-05,-0.003982189890881727
2022-01-10,-0.007278900856737991,0.006072851567366477
2022-01-11,-0.0006078972608599686,0.009725513872993918
2022-01-12,0.003931271907023914,-0.0012134331044998392
2022-01-13,0.002472091620922212,-0.016212088926770396
2022-01-14,-0.007185982708517558,0.007658412095291611
2022-01-18,-0.010732754635111141,-0.007064858087313275
2022-01-19,0.003600037653455068,-0.01392526977779518
2022-01-20,0.004419625457042775,-0.015434116280197863
2022-01-21,-0.0026509952962427974,-0.0170185239635402
2022-01-24,-0.01358252171624108,0.018065858995570228
2022-01-25,-0.01541720579229433,0.003264833938783962
2022-01-26,0.014387031408308104,-0.01666809352586418
2022-01-27,0.011277040834834828,-0.016027434606058044
2022-01-28,0.0033588038575205204,0.021420024319466657
2022-01-31,-0.0016125934059159075,0.019638908221120577
2022-02-01,0.0017238607959111363,0.005023150678241439
2022-02-02,0.005652881164544432,0.004049589058746639
2022-02-03,-0.013990356851493746,-0.009656794502018395
2022-02-04,-0.0005585386001801806,0.005278556568374615
2022-02-07,0.001786873835028402,-0.004996654130342004
2022-02-08,-0.0011927525635978542,0.009436109188593056
2022-02-09,0.009496649676821178,0.005088144623028201
2022-02-10,-0.01354703781671407,-0.004488678452253536
2022-02-11,0.00019827107621539497,-0.019907134244888547
2022-02-14,-0.0012302054704881327,-0.0020298376606359136
2022-02-15,0.010718906814741747,0.0053309587695098415
2022-02-16,-0.004856296386793302,0.006010869616541514
2022-02-17,-0.007568432712526385,-0.013897329546663784
2022-02-18,0.0006186901992757399,-0.007091365740962474
2022-02-22,-0.005377628774658527,-0.005365449996481253
2022-02-23,0.00719740405494429,-0.02476866430889968
2022-02-24,-0.025909412685204858,0.04204873471302828
2022-02-25,0.003068610609464395,0.018938395932745822
2022-02-28,-0.013065307383083757,0.01063525256298914
2022-03-01,-0.00363179852039619,-0.01164098919498413
2022-03-02,0.005577046359197979,0.012759943860125356
2022-03-03,0.005887914218355439,-0.01079556946212501
2022-03-04,-0.009094888965862302,0.0009758536899164838
2022-03-07,-0.0014429524504726565,-0.02807501566469295
2022-03-08,0.0004497818558000244,-0.008024996628152703
2022-03-09,0.02134650683224182,0.005337258005270629
2022-03-10,-0.011434414571705909,0.007004993290188777
2022-03-11,0.006200041875531248,-0.01879152569758291
2022-03-14,0.0019360987609966518,-0.009253402791957854
2022-03-15,0.006668074175727456,0.015247716088375274
2022-03-16,0.008705788611648169,0.013345816084219475
2022-03-17,-0.004672312578192672,0.017261383908068195
2022-03-18,-0.0038684627612934896,0.014887491024806021
2022-03-21,-0.00040427592301839343,0.00011051542513174084
2022-03-22,0.0033080429881009454,0.008372897402128876
2022-03-23,-0.005967832268589768,-0.0069551759367276755
2022-03-24,0.004816792383535384,0.010203603476957035
2022-03-25,0.001488989134090124,0.003390403583082291
2022-03-28,-0.0013871226091752842,0.008512261076571104
2022-03-29,0.009013344700277148,0.003325111404859582
2022-03-30,-0.0026213921901527826,-0.0035633874423502965
2022-03-31,-0.0017630095986078675,-0.01364752377649181
2022-04-01,0.0036991026379529224,-0.0008689318821940573
2022-04-04,0.00047060017670585985,0.008095588353973948
2022-04-05,-0.0034606270756901703,-0.00920147535753535
2022-04-06,-0.009180368882649725,-0.0008229702211030032
2022-04-07,-0.0020871990584204747,0.007135236532035849
2022-04-08,-0.0017764098361418013,-0.0008956163776515647
2022-04-11,-0.00773161581899795,-0.009429279229471788
2022-04-12,0.007179652821154736,-0.010814150360550334
2022-04-13,-0.0005935807460524245,0.012055176164431414
2022-04-14,0.0005373645099022717,-0.012984045547805634
2022-04-18,-0.002231455648924019,0.0026478565995493586
2022-04-19,-0.00024571724386368565,0.016397902061191516
2022-04-20,0.004223500410846404,-0.004946826292989703
2022-04-21,0.008608355085249597,-0.0233614490667301
2022-04-22,-0.0026236202142780884,-0.02487995255495401
2022-04-25,-0.0055620407882991385,0.011423047329690128
2022-04-26,-0.006256583310576103,-0.022845603859044883
2022-04-27,0.0027369673899124702,7.261964085825134e-05
2022-04-28,0.012033953476725756,0.013068564189858023
2022-04-29,-0.009861817329249956,-0.027361748310394174
2022-05-02,0.0001699097449578968,0.005846944933239229
2022-05-03,0.0012730022687168496,0.003308115456754024
2022-05-04,0.0016837340252284783,0.028723164407925994
2022-05-05,-0.010514883503467631,-0.025294213191973225
2022-05-06,-0.006552037570065172,0.0005794670428118653
2022-05-09,-0.015169180046381237,-0.017099924946030742
2022-05-10,0.01586760117662167,-0.013349244972077012
2022-05-11,-0.002557792496792999,-0.013362450228744382
2022-05-12,-0.00860596644870204,0.007626111246769929
2022-05-13,0.011136883536746023,0.012633957612901092
2022-05-16,-0.0043538419924678,0.0002951825168358013
2022-05-17,0.016097062886659907,0.004402569064820172
2022-05-18,-0.011803870994155585,-0.02884841956441231
2022-05-19,-0.008268230902546359,0.0021642752097734697
2022-05-20,0.009730277877634919,-0.009200783248888622
2022-05-23,0.00820823880853161,0.010412815609382564
2022-05-24,-0.010987275397874141,0.0033881613967847724
2022-05-25,-0.004010684548519494,0.012892796173441523
2022-05-26,0.0032735418934481952,0.016657625004258714
2022-05-27,0.006416221775970898,0.018016864235730568
2022-05-31,-0.004111250333378669,-0.0015057653633543389
2022-06-01,0.005429942107606944,-0.013446177540882176
2022-06-02,-0.00041069437960916666,0.019468787162696843
2022-06-03,-0.011957835924573335,-0.004509639988852454
2022-06-06,0.010373348942559701,-0.007256817277320637
2022-06-07,-0.008959086584205522,0.018717645432341445
2022-06-08,-0.0043553109410536806,-0.006540088648364861
2022-06-09,-0.00457593227315356,-0.019299096431670826
2022-06-10,-0.016342242314929756,-0.012861829920093104
2022-06-13,-0.025525424910005756,-0.012762820583348877
2022-06-14,0.004923157507606302,-0.007904447950139004
2022-06-15,0.009333989134566067,0.004878562014774213
2022-06-16,-0.02292152292152294,-0.010411291118537003
2022-06-17,0.001205392635991398,0.0009534760606353387
2022-06-21,0.016486531828560524,0.008548753912817286
2022-06-22,-0.01186292592952154,0.010169596191524022
2022-06-23,0.006007541381734649,0.0037702703822475314
2022-06-24,0.008835798881697832,0.02275932234826894
2022-06-27,0.0024829116472824264,-0.0062890070072947335
2022-06-28,0.004219205954006489,-0.024547727842263223
2022-06-29,0.0015222821660680896,-0.0023331650543721993
2022-06-30,-0.010779540481400507,0.0026820845050172792
2022-07-01,-0.0018283148893222245,0.012429344192548486
2022-07-05,-0.014058641343648093,0.016177109597495853
2022-07-06,0.0003867544762745645,0.002986659406479575
2022-07-07,0.004880604348026729,0.010051459366009707
2022-07-08,-0.004420778998491692,0.003607664473772587
2022-07-11,-0.007253630830339919,-0.004200638453906169
2022-07-12,-0.0015053961412041517,-0.007351226469838434
2022-07-13,-0.015040798096544239,0.009937181922815563
2022-07-14,-0.013774619110911046,0.011505518862145347
2022-07-15,0.012277572233967415,0.006744188576214727
2022-07-18,0.00843859061490404,-0.0165511293018471
2022-07-19,0.01081032496343437,0.016029941959161187
2022-07-20,0.0005118453749597407,0.005863330329215932
2022-07-21,-0.0015495214403169477,0.011747658914073922
2022-07-22,0.0003286942230686929,-0.009602019501331327
2022-07-25,0.0016667588255274701,-0.00044688390481884
2022-07-26,-0.004378790349303885,-0.007491210506713308
2022-07-27,0.008875794762881917,0.016941193850309677
2022-07-28,0.0021193365464931,0.010400838693812142
2022-07-29,0.0037173387850886197,0.010819737406325913
2022-08-01,-0.006891013905758081,0.003958870463317554
2022-08-02,-0.004019237636475492,-0.0025885918873835845
2022-08-03,0.0054914517930073625,0.01011409736308333
2022-08-04,-0.0002183795235309871,-0.0004644716822913564
2022-08-05,-0.010881223358962244,0.009294411925289126
2022-08-08,0.004310030318660507,-0.005443959534820797
2022-08-09,-0.001866569265841278,-0.0021123348239974193
2022-08-10,0.018062401525516636,0.0028915734482013455
2022-08-11,0.007146165716734432,-0.007095460381015162
2022-08-12,0.004857411081634622,0.012012108244551234
2022-08-15,-0.005465878449970485,0.009639899780310213
2022-08-16,-0.002634394125737627,0.004606557656152255
2022-08-17,-0.008814977472297425,0.0017317772577831736
2022-08-18,0.0004949831144922534,0.002415199918112343
2022-08-19,-0.006807533995122905,-0.006675495521518582
2022-08-22,-0.012063127492101589,-0.008870330043129315
2022-08-23,-0.0010897715003359565,-0.0013303166052739401
2022-08-24,-0.0005777430178872667,0.003778957492407864
2022-08-25,0.0037974237874651706,0.010281900447954184
2022-08-26,-0.00028518147461142895,-0.03357419438057041
2022-08-29,-0.0077181328637941915,0.0011174484926084194
2022-08-30,0.003033380100096572,-0.01396956731177923
2022-08-31,0.004321042484155324,-0.011879864319307432
2022-09-01,-0.005794163716057121,0.008984176410777867
2022-09-02,0.009736076230065338,-0.020090080490270834
2022-09-06,0.0022756387304163628,-0.006033421982296616
2022-09-07,-0.0008412869560587843,0.018830319292084452
2022-09-08,-0.006012563878587507,0.012621458848045108
2022-09-09,0.005890392450320192,0.00958848555140257
2022-09-12,0.005360208574798575,0.005359624164626542
2022-09-13,-0.02224562327234436,-0.021721345428938332
2022-09-14,0.0034853625359254625,0.0003296561290986322
2022-09-15,-0.004160207535828353,-0.007224737246181223
2022-09-16,-0.011269303281857934,0.0036949632526463994
2022-09-19,-0.008566553359577567,0.016462623015690125
2022-09-20,-0.00898059093781578,-0.002521101105033341
2022-09-21,0.005257251986642508,-0.022577312671899108
2022-09-22,-0.002155048166012863,-0.006264512650078657
2022-09-23,-0.009725940548008238,-0.007101200494288196
2022-09-26,-0.004187010412619152,-0.005723026983619817
2022-09-27,0.010178167702304952,-0.012606485104753817
2022-09-28,0.0027485059988139326,0.016880864373045146
2022-09-29,-0.010038111269247807,-0.010961821453083997
2022-09-30,-0.0027558358035901787,-0.012746240703778167
2022-10-03,0.01092095721537345,0.015322152561582758
2022-10-04,0.015786127085953172,0.014959339641276381
2022-10-05,-0.01211563025947171,0.00991126476839499
2022-10-06,-0.0039041679259280704,-0.006440508731233474
2022-10-07,-0.01133492868128394,-0.01674945455464416
2022-10-10,0.0032270408891783564,-0.010825628529786857
2022-10-11,-0.004958373262195281,-0.001379529745206276
2022-10-12,0.001193189552061602,-0.00449226942045966
2022-10-13,-0.020630419117134147,0.04802226362697737
2022-10-14,0.007043409825669977,-0.029629546336225165
2022-10-17,0.017842554448906034,0.007716062559592229
2022-10-18,0.022657432722507087,-0.01066344820729237
2022-10-19,-0.005770245409905228,-0.0013280920960268006
2022-10-20,-0.0012736274766150801,-0.00711945138841974
2022-10-21,-0.0007938870695642919,0.025115276024005873
2022-10-24,0.004273859150874859,0.00792701413963215
2022-10-25,-0.00021056316074441472,0.016183956084232065
2022-10-26,-0.008572751301389459,0.0010479419885376373
2022-10-27,0.002752714067589368,-0.00807049239740154
2022-10-28,-0.0002862923235483761,0.024085443184700406
2022-10-31,-0.006636767478773953,-0.0005898249828415469
2022-11-01,0.01017512044896085,-0.014403887775018887
2022-11-02,-0.0016139418711488274,-0.023519601016888658
2022-11-03,-0.00908445196184915,-0.0012271991967423013
2022-11-04,0.016146327841385144,-0.001723086055369638
2022-11-07,0.003614540749611095,0.005924820609598314
2022-11-08,0.003059488231059504,0.002329753975805371
2022-11-09,-0.005418936987906409,-0.015260056338950001
2022-11-10,0.037204420776876024,0.017103281822356653
2022-11-11,0.0022889902717913024,0.007380325069534344
2022-11-14,-0.004645854348436451,-0.0038813447318452043
2022-11-15,0.015263352483539716,-0.0066323684373643665
2022-11-16,-0.004289903906152581,-0.0033527080167321532
2022-11-17,-0.012614949304409317,0.009684908789386437
2022-11-18,0.008871953222521656,-0.00430319275021418
2022-11-21,-0.0035081844556820174,-0.00012076406901406767
2022-11-22,0.005164600301421407,0.008243889569494511
2022-11-23,-0.0008756816974753168,0.007182734469605601
2022-11-25,-0.0014649204334515886,0.0012427548936695398
2022-11-28,-0.008052429634589187,-0.007964631635786756
2022-11-29,0.0003454276629986097,-0.002061386413161559
2022-11-30,0.0006553440687429024,0.030825533297182073
2022-12-01,0.0026683879886961748,-0.003401377786113602
2022-12-02,-0.01259142836797189,0.011585229219091664
2022-12-05,-0.007276875170273311,-0.010792704665126052
2022-12-06,-0.00042262468076281756,-0.013999201083206625
2022-12-07,-0.0022545215389675466,0.0005589714924540967
2022-12-08,0.005035838515863755,0.0027845439457143684
2022-12-09,-0.0032814489623561593,-0.004205163720690908
2022-12-12,0.0021075093191427197,0.012284598903770982
2022-12-13,0.02824695897867402,-0.02010885350238034
2022-12-14,-0.0008943690831814122,-0.005502584899235496
2022-12-15,-0.012765140608503645,-0.011847643871754299
2022-12-16,-0.006881642659802623,-0.004956022330214083
2022-12-19,0.0005193281561965968,-0.00899611916294396
2022-12-20,-0.002081512801168195,0.0034537617448295865
2022-12-21,0.00712495087876186,0.0077715048410449405
2022-12-22,-0.008234935995001358,-0.006079403798415761
2022-12-23,-0.0028090800736808585,0.008586803867185688
2022-12-27,-0.000317816011462857,-0.003623715534289196
2022-12-28,-0.00018387273843301077,-0.01224601287886773
2022-12-29,0.007880073927031273,0.01003795133427321
2022-12-30,-0.007302352352621555,0.004703549066199075
2023-01-03,0.005069858879938716,-0.009235334680264828
2023-01-04,0.006198934617353213,0.001512598709177304
2023-01-05,-0.005315661044642983,-0.006130278550779522
2023-01-06,0.008514085483375622,0.014296765707169756
2023-01-09,0.0058995952665048534,-0.006427716588686905
2023-01-10,-0.0015741164207995206,0.008599384274498467
2023-01-11,0.0042221054549391734,0.008387673538073237
2023-01-12,0.0029099632343354553,0.0007305798359964477
2023-01-13,-0.008415019732039064,0.012400830040768529
2023-01-17,-4.6583730373472854e-05,-0.0017909690643739262
2023-01-18,0.00312166993785179,-0.01884749092130933
2023-01-19,-0.005439893783768857,-0.001848820516080596
2023-01-20,0.003754909245303084,0.014818046027150977
2023-01-23,0.0021231699056947217,0.009857672060830547
2023-01-24,-0.004373601876092481,0.0033094775162372247
2023-01-25,-0.010617243227641904,0.011116667708528816
2023-01-26,0.006937217281991481,0.004019043769458719
2023-01-27,-0.0027060082556182863,0.0050179101579466145
2023-01-30,-0.007097787788347687,-0.00548685254883885
2023-01-31,0.0013464563482969982,0.013341046406993184
2023-02-01,-0.0031258007961658674,0.013797158106116703
2023-02-02,0.009881303850093559,0.004626315056778685
2023-02-03,-0.012454067429631954,0.0018491976787307074
2023-02-06,-0.006207638246254588,0.00010066742502790049
2023-02-07,-0.0023453149063382694,0.01545442621627613
2023-02-08,-0.004957983819485756,-0.006003689585533212
2023-02-09,0.009156616823462471,-0.017664274266601554
2023-02-10,-0.0030223190535303424,0.00536671265980071
2023-02-13,0.0016706727427593382,0.010055259771391212
2023-02-14,-0.003852159032713409,0.003405617011031925
2023-02-15,-0.00555095960870855,0.00884917942144825
2023-02-16,-0.01253578003592326,-0.0012513276434927834
2023-02-17,-0.005435949510335103,0.0029487137157093724
2023-02-21,-0.010306615479675485,-0.009851031927578302
2023-02-22,0.0010801815118406388,-0.0024574717984460204
2023-02-23,0.007579482349044486,-0.002236964098138894
2023-02-24,-0.013081215765413323,0.002428184677659262
2023-02-27,0.008801987797421473,-0.005349110716791228
2023-02-28,-0.0012550109683809874,-0.0024482695952438016
2023-03-01,-0.0021419629541911123,-0.001695339641735516
2023-03-02,-0.005214837728671817,0.013060789267723916
2023-03-03,0.004777941104033623,0.011210762331838486
2023-03-06,0.0021228876374965733,-0.0014283859239059282
2023-03-07,-0.0001223896580738737,-0.015211326509274592
2023-03-08,0.00030296988168632133,0.0013305927609541524
2023-03-09,0.0020526979793591416,-0.020461710723886806
2023-03-10,-0.0014591580605313181,-0.012985437213314133
2023-03-13,-0.010625504417494658,0.009294523767077623
2023-03-14,0.013338364658685986,0.003148084079198643
2023-03-15,-0.014903839825187282,0.008782010508479932
2023-03-16,-0.006315901022624804,0.024016465996224756
2023-03-17,-0.0035070453338331697,-0.008217130823515939
2023-03-20,0.0020732786781598733,0.007524074672891956
2023-03-21,0.008892576733700253,0.004205364555449398
2023-03-22,-0.0004532869744381385,-0.016601434170147256
2023-03-23,0.007598465633974039,-0.0048575500057208565
2023-03-24,-0.0033787314992892448,0.009973911561504512
2023-03-27,0.005989112121267182,-0.004098001063209233
2023-03-28,-0.0018138568296891533,-0.0004309248269810384
2023-03-29,0.010933588190685795,0.0035631528379342914
2023-03-30,0.006827100542942555,-0.0009636017858413171
2023-03-31,0.0023795163092301674,0.011686537758459625
2023-04-03,-0.0013175230566535578,0.005133810780248771
2023-04-04,0.0016300285254990943,-0.0071634489385865585
2023-04-05,-0.0018603481867889293,-0.0007606382308864568
2023-04-06,-0.0020391547968029444,0.005953162728200345
2023-04-10,-0.0063045939926835715,0.00737802258887732
2023-04-11,0.001585191502169625,-0.0013197369541372295
2023-04-12,0.005248310535488132,-0.009269421883418727
2023-04-13,0.0027670631363740927,0.010482811954674043
2023-04-14,-0.0015952450763582204,-0.0008486724870830908
2023-04-17,-0.00021670739271129058,0.0038044128198997385
2023-04-18,0.003968697180214642,-0.0033028266856529598
2023-04-19,-0.004804472599375997,0.00466317240279257
2023-04-20,-0.007077648226246569,0.0016264956389429042
2023-04-21,0.0007508144216235024,2.492528645392511e-05
2023-04-24,-0.0005084631700684739,0.0015560903230633638
2023-04-25,-0.004967270789708933,-0.010962530715604824
2023-04-26,0.0015736755951252235,-0.005799810546258222
2023-04-27,0.006529819934498526,0.01329297814711139
2023-04-28,-0.002232103932339413,0.010790998679213626
2023-05-01,-0.0011066072853294084,9.644083849136287e-05
2023-05-02,-0.0017827471614511037,-0.00947459940402906
2023-05-03,0.001265360627778822,-0.008117045295610303
2023-05-04,-0.0026690705087852873,-0.004428375942355456
2023-05-05,0.009334868434399901,0.009095271714961273
2023-05-08,0.0008216538148391184,-0.0005572707664214249
2023-05-09,-0.003898092025838018,-0.00048479517403887673
2023-05-10,0.0071754484655290884,-0.0024848266703074717
2023-05-11,-0.0021849274842973276,0.00044143393704199063
2023-05-12,0.0031310530160069128,-0.004433410619807732
2023-05-15,0.0015326435605256261,0.0019166112120510004
2023-05-16,-0.0027835959382881414,-0.0039089101699016915
2023-05-17,0.005118804343470673,0.006986316387446623
2023-05-18,-0.0007942399049881699,0.010434851512607812
2023-05-19,0.0022399051103654255,-0.0036848938911941964
2023-05-22,4.908457271879385e-05,0.0003509374693235756
2023-05-23,-0.004079750161301021,-0.007168193910730092
2023-05-24,-0.004031757846421069,-0.003226007348819837
2023-05-25,0.008877114937645425,-0.0002155161736218103
2023-05-26,0.001637780448221493,0.01129482308240326
2023-05-30,0.004786924382738755,-0.004386787055813524
2023-05-31,-0.004518591510035863,-0.0010316140584434308
2023-06-01,0.0005778087035201995,0.008920146260910533
2023-06-02,0.006352082693984462,0.0080545619121839
2023-06-05,0.0008427168615399161,-0.0027539155737763554
2023-06-06,-0.0010079068973066763,0.0031881028861482363
2023-06-07,0.0009577118607453361,-0.004409892162669626
2023-06-08,0.00016619377712689953,0.005880837188468657
2023-06-09,0.0019320594988136985,-0.0001385915277565264
2023-06-12,0.00237311142869423,0.00668286321230438
2023-06-13,0.003505165382228892,0.0030799076735723574
2023-06-14,0.0007976114009020652,0.0003902594990572439
2023-06-15,-0.00194113610513158,0.014370211303090796
2023-06-16,0.004661084816423466,-0.008031256281639254
2023-06-20,-0.004574537713150417,-0.0006153932550092556
2023-06-21,-0.002334315134884579,-0.002797406297449734
2023-06-22,-0.002275738556000273,0.005899280575539567
2023-06-23,-0.008200238714412666,0.0006454602628180872
2023-06-26,-0.0013609717716496217,-0.0027327511350973
2023-06-27,0.0021115265625297752,0.008837887619381313
2023-06-28,-0.0025673579446118255,0.0030798188341862875
2023-06-29,-0.0009851431037637415,0.004928224946820325
2023-06-30,0.007602572819049858,0.0041691110147541455
2023-07-03,-0.0008105018877073711,0.001962034969980042
2023-07-05,-0.004232372227334857,0.0027563651187785254
2023-07-06,-0.008373410207013765,0.0005450822631629659
2023-07-07,-0.002339783063695644,-0.00018202099308783914
2023-07-10,-0.0008425838616015202,0.003373177631440516
2023-07-11,0.0018019821803985092,0.0045619229330167155
2023-07-12,0.008881146706642307,-0.0008300791326819601
2023-07-13,0.004215807096417334,0.003709053014548269
2023-07-14,0.002030960767393397,-0.0026494400047262223
2023-07-17,-0.00033718591018561117,0.0038082952921629776
2023-07-18,-0.0007537745487569136,0.008190985144892915
2023-07-19,0.0018029266006045486,0.0004229252479623913
2023-07-20,-0.0022666405823108526,-0.004383562878772507
2023-07-21,0.003938808125715898,-0.003923354784012623
2023-07-24,0.0026349268151342198,0.001831022166431051
2023-07-25,-0.0006197420520898111,0.0033509374055715746
2023-07-26,-0.00212835772591613,0.002290556017270351
2023-07-27,0.00770312844090304,-0.014227034934283567
2023-07-28,0.007496685985223683,0.002274482684293755
2023-07-31,0.0010752953141766053,0.0008324587295156505
2023-08-01,-0.003324829342569169,0.00046438169932283557
2023-08-02,-0.007076852011723034,-0.006883391108953196
2023-08-03,-0.0046411995715816,0.0017819773551799312
2023-08-04,0.004191600379479077,-0.008677503894770844
2023-08-07,0.0042518779509430615,0.004459713164023826
2023-08-08,-0.005834340167694685,0.0014917019794178366
2023-08-09,0.00062498859509863,-0.007305975626991867
2023-08-10,0.00547216041260512,-0.005083816745078296
2023-08-11,-0.004354572875395424,0.00378800978473115
2023-08-14,-0.002131471358353565,0.007667130085717178
2023-08-15,-0.004104773369454806,-0.007571344033982741
2023-08-16,-0.0009729942105688449,-0.006373419947069414
2023-08-17,0.0034551080419733537,-0.011039622453264841
2023-08-18,-0.006691144556406736,0.007225136578464575
2023-08-21,0.0024012644157940244,0.004091553480276788
2023-08-22,0.004189042787414277,-0.006867542278307104
2023-08-23,0.002509035096121215,0.008603513645144778
2023-08-24,0.003749835381533506,-0.017542042436044403
2023-08-25,0.0041000794243957195,0.0029400029400028505
2023-08-28,0.0051601676007546615,0.0011734780082814922
2023-08-29,-0.0002496786543245699,0.014709282965813308
2023-08-30,0.0007793823736523819,0.003338259505272667
2023-08-31,0.001418465470011343,-0.0028782391522113038
2023-09-01,0.006261762112134361,-0.00437289797098428
2023-09-05,-0.0010163546896374553,-0.0033042423746943994
2023-09-06,-0.0018683582143963484,-0.004866824328643049
2023-09-07,-0.006968912867943766,0.003929332082846182
2023-09-08,0.00011044664161685702,0.001396535579447189
2023-09-11,0.0061021840120940585,0.0004681327213353903
2023-09-12,-0.0033461534072104504,-0.002148178514092547
2023-09-13,0.0005163973367667829,0.0006491778609705179
2023-09-14,0.005735651129364028,0.002874264053920328
2023-09-15,-0.0036501493242906413,-0.00842883734511013
2023-09-18,-0.000722368817592578,0.0013122543839656498
2023-09-19,-0.00214513826140339,6.681966064836509e-05
2023-09-20,0.0029375646552221024,-0.012092587317485526
2023-09-21,-0.006703965175656412,-0.009890884233345276
2023-09-22,0.002456636465091755,-0.004693672976000984
2023-09-25,-0.0029029467872081494,0.007129955318946779
2023-09-26,-0.0072682650556918915,-0.007483122563468725
2023-09-27,0.0028452908998592985,-0.0024336071837982587
2023-09-28,-0.0013382778590427247,0.007143850295582732
2023-09-29,0.007350245880958228,-0.009704402069894313
2023-10-02,-0.0020162108121393185,0.001618618173471864
2023-10-03,-0.005260959337367366,-0.008168338808487996
2023-10-04,0.0011395335896275949,0.006135844059178552
2023-10-05,-0.0007061587127734636,0.0003316964832962288
2023-10-06,-0.00596134854786734,0.01794053662073969
2023-10-09,-0.004566372690099296,0.011016247653262479
2023-10-10,0.0015053667030817675,0.0036965049298511854
2023-10-11,0.0025327211612491407,0.001559342828310717
2023-10-12,0.001444704969270738,-0.0075329083282171805
2023-10-13,0.0035751246589519337,-0.008523952376488286
2023-10-16,0.005377703921350729,0.005116171899613997
2023-10-17,-0.007405951896401031,0.007414075903546369
2023-10-18,-0.004194407145229895,-0.009168837697712484
2023-10-19,0.0017212846568575024,-0.010487474674796049
2023-10-20,-0.0010572316317963848,-0.011244376016148139
2023-10-23,-0.0037487740201241904,0.0020248573727414954
2023-10-24,0.005208383872689293,0.0023143734901669433
2023-10-25,-0.004102801173054393,-0.010287170411631852
2023-10-26,-0.002638219494976446,-0.009361062193995906
2023-10-27,0.0039756221181066476,-0.008476308447003422
2023-10-30,0.00701634995815037,0.004908054141509854
2023-10-31,0.0014161385803272974,0.004855118461459362
2023-11-01,0.002392659583808854,0.00825090940058626
2023-11-02,0.009274185763654241,0.009803476169184089
2023-11-03,0.005524260097224953,0.00357704661699465
2023-11-06,0.0017927076220578542,0.0005059318163187498
2023-11-07,0.0,0.0028467684729756026
2023-11-08,0.0014170092467440387,-0.0006853562220553444
2023-11-09,0.0027013156666977345,-0.01047138689459759
2023-11-10,0.004932559358814315,0.010621498005544794
2023-11-13,-0.0031321257017188353,0.002182888937397598
2023-11-14,0.013928473776653183,0.005397956455265751
2023-11-15,0.0030777273915465475,-0.0009585555044426819
2023-11-16,-0.0010184500505823202,0.002245599057257186
2023-11-17,2.265488008768024e-05,0.001221070373525146
2023-11-20,-0.0005747191456142442,0.008281620372152076
2023-11-21,-0.002373366205690175,0.00019356203663267735
2023-11-22,0.00376922869204388,8.518976019078472e-05
2023-11-24,0.0001098405966362126,0.0005065560910006983
2023-11-27,-0.00142480778536469,-0.0003746578723022864
2023-11-28,-0.0008820103552055203,0.0018756458061908177
2023-11-29,0.0048765176059102355,-0.005553448314330911
2023-11-30,0.0019138390984088094,0.002017673114561802
2023-12-01,-0.001378909611022272,0.007304660749533287
2023-12-04,-0.007622716628675197,0.002391021579641439
2023-12-05,-0.0031268216527932102,0.002939469775215642
2023-12-06,0.004840824660282239,-0.008828014886020585
2023-12-07,0.0047303222854477855,0.0028886765664484226
2023-12-08,-0.001682804674457361,0.00599116153170387
2023-12-11,-0.0011082026947056844,0.005001320224282901
2023-12-12,-0.0007771534546898717,0.005349295046433555
2023-12-13,0.0008395530588742872,0.012940670112827402
2023-12-14,0.004249055343945818,-0.001036182186732848
2023-12-15,-0.001305215025531714,-0.0003418766431174669
2023-12-18,0.0035151743409589375,0.002103010864477728
2023-12-19,0.0011859766334620936,0.004888777096272889
2023-12-20,-0.0018527194969845118,-0.01202430581603453
2023-12-21,0.006553927258132752,0.002909695969101067
2023-12-22,0.002452097069518322,-0.00044377080845603434
2023-12-26,0.000887935656836536,0.0033321618980679535
2023-12-27,-0.00044210081179962835,0.002247805611822029
2023-12-28,0.0007781454129924814,-0.00039622605335409844
2023-12-29,-0.0004219562145838518,-0.0024752422475455838
2024-01-02,-0.006627711142077941,0.0010391946349157521
2024-01-03,-0.00469838758903518,-0.003485358901269664
2024-01-04,-0.001044497319412585,-0.0021779497769987
2024-01-05,0.00044784555850241325,0.000921366577862015
2024-01-08,0.0010876880658257093,0.013172533294586453
2024-01-09,-0.005753609383862934,0.004260522672912881
2024-01-10,0.0005916703110127042,0.00506050322226792
2024-01-11,0.0021615215064993976,-0.0025950379471122442
2024-01-12,0.0031242802426061367,-0.002423608497936769
2024-01-16,-0.0029814612356761083,-0.0006946908518833395
2024-01-17,-0.006547467535384377,0.0009968823205181998
2024-01-18,0.0036415572012706843,0.005231416790254739
2024-01-19,0.0024368663987464068,0.010004508834764003
2024-01-22,0.003276534454149438,-0.0011564745785479502
2024-01-23,0.0011578135604972672,0.0017567499496273786
2024-01-24,0.006082319787967361,-0.004960557115129882
2024-01-25,0.004503920001004635,0.0009292479758644667
2024-01-26,-0.0008971615556906398,-0.0003729376444092658
2024-01-29,0.000656531761547674,0.007260851181710937
2024-01-30,-0.0014454243737012096,0.0006730227626652319
2024-01-31,-0.004623143447821998,-0.011750837340718245
2024-02-01,0.0036248119747126495,0.009432815297091723
2024-02-02,0.0009157775387389488,0.00960167967153458
2024-02-05,-0.0013275054610615289,-0.002316963008841877
2024-02-06,0.0019675985603944124,0.0009324652281039736
2024-02-07,0.004676491274251404,0.0036455859957096326
2024-02-08,0.0,0.00044257082662846337
2024-02-09,0.0010457990679546558,0.004728671593554168
2024-02-12,-5.8779534182429316e-05,-0.00037904893177109766
2024-02-13,-0.012874300673421879,-0.0009100171732360218
2024-02-14,0.005483581125953929,0.003584661818955226
2024-02-15,0.0014425986336064067,0.00544874859864608
2024-02-16,-0.0006172002582122138,-0.004365592007483876
2024-02-20,-0.0035854758737945414,-0.0019287957986949822
2024-02-21,-0.0026953075472700982,0.003613024934383313
2024-02-22,0.013676799293889763,0.006923504845445683
2024-02-23,0.0034869918389976995,-0.002786682172614685
2024-02-26,0.0008841485369541768,-0.004542747392866753
2024-02-27,0.0014053826154172278,0.0004510961636776667
2024-02-28,-0.003156249373760023,0.001839436308261444
2024-02-29,0.0035758001404635475,1.999472139346814e-05
2024-03-01,0.0017714968948818743,0.007604365424686899
2024-03-04,-0.00159853259857623,0.0005257613123001992
2024-03-05,-0.004019464758792446,-0.005998777547489564
2024-03-06,0.006645889082955492,-0.001569918061817721
2024-03-07,0.006652251462279546,0.0032546528271331088
2024-03-08,0.0012609345123104632,-0.007254545669542645
2024-03-11,-0.0024219564246364955,0.0015641635406613563
2024-03-12,0.004246052482559826,0.006483613887635853
2024-03-13,0.0006388771488385903,-0.0022002632457810423
2024-03-14,0.0019373511055107429,-0.0039084760284067155
2024-03-15,-0.006127380870182719,-0.0007443444707115887
2024-03-18,0.008179983473175723,-0.002218535608875638
2024-03-19,-0.0013862121259992088,0.006954523703120774
2024-03-20,0.00011193348401805636,0.009132357330233543
2024-03-21,0.005594049099212128,-0.002273545221298079
2024-03-22,-0.00017260137421737376,-0.0017243720298710796
2024-03-25,-0.002706636018660613,-5.4552397577900535e-05
2024-03-26,0.002807653339568228,-0.004643653058885033
2024-03-27,0.005588620530128319,0.002799162968743385
2024-03-28,7.549419662566947e-05,-0.0002651775431395942
2024-04-01,0.0014501508234299187,-0.003186098711060459
2024-04-02,-0.00750777251313528,0.0011588187474596001
2024-04-03,-0.002158802781849767,0.0032647711823792225
2024-04-04,0.007910170720864862,-0.019959724610739027
2024-04-05,0.002710101989052971,0.007714627674233698
2024-04-08,0.0013908559038120494,-0.0008290628468651251
2024-04-09,0.003430287269475585,-0.0022647720927155834
2024-04-10,-0.01124620949892241,0.0012464794843678462
2024-04-11,0.0030354961982428375,0.0044992056182135975
2024-04-12,-0.007006952210396267,-0.006845727966482196
2024-04-15,0.008375773891771132,-0.020729137177188495
2024-04-16,0.0009696614416034866,-0.002789839448851361
2024-04-17,0.005003982268847462,-0.010868695116191596
2024-04-18,0.0028547670158074467,-0.004898400555205851
2024-04-19,-0.00016016413783037642,-0.00856914014579302
2024-04-22,0.00539126557709646,0.0037959619590093308
2024-04-23,0.004122073358314493,0.007711791715020899
2024-04-24,0.0018005351534962077,-0.002269115045132386
2024-04-25,-0.012327175089167586,0.008634471341507854
2024-04-26,0.005680218197616993,0.0037720905301728003
2024-04-29,0.003600505306112556,-5.95615081767642e-05
2024-04-30,-0.002940528262626252,-0.012939841089670834
2024-05-01,-0.0011943381913847029,-0.002054213460450871
2024-05-02,0.007596197246100056,0.0017436161151913598
2024-05-03,0.01213794707670579,0.0002555786478897204
2024-05-06,0.004809196895809942,0.005489913147011416
2024-05-07,0.0019173500575400126,-0.0008120424923248049
2024-05-08,-0.0036346403155244067,0.003744206798143024
2024-05-09,0.0003681286727199584,0.005390708954566614
2024-05-10,0.0031540029554175675,-0.0018592807805098976
2024-05-13,0.0033054958729912265,-0.0031589453386176025
2024-05-14,0.00038299651026019177,0.004201631678981466
2024-05-15,0.004838172796309159,0.007509283083986906
2024-05-16,0.00018733643904011998,-0.002243793731520727
2024-05-17,0.0002279488245311434,0.0012103430709773377
2024-05-20,0.00022379580641085361,0.0009274929959937062
2024-05-21,-0.0014730607565914822,0.00393013016881949
2024-05-22,-0.0013341388991068293,-0.0015477601372562155
2024-05-23,0.005908190805318236,-0.013134117351970453
2024-05-24,0.0035967967713550486,0.003010250969362138
2024-05-28,0.001566600610572566,-0.0008670625106232954
2024-05-29,-0.007795042750399883,0.0007994991089919079
2024-05-30,-0.0030048701611196105,-0.00364335652183978
2024-05-31,0.0018758163095251579,0.007220363242490535
2024-06-03,0.003130142891983212,-0.0023048664460071366
2024-06-04,-0.002538523972070439,0.0036645468080931387
2024-06-05,0.004504064199206237,0.007347820362868962
2024-06-06,0.0005795981452860755,-0.0005981925498526053
2024-06-07,-0.0018695235461470006,0.0006547048609462092
2024-06-10,-0.0015550919780009664,0.004651648685610077
2024-06-11,-0.0029663716680309316,0.005391004247572662
2024-06-12,0.008717415782257154,-0.0005010984901603344
2024-06-13,0.003307411557607498,-0.0012883978930686713
2024-06-14,-0.0028937670125497306,0.0035125560773212605
2024-06-17,-0.0012911411299351139,0.009262649738075002
2024-06-18,0.00010921355136539468,0.002430198876518963
2024-06-20,0.0017319118608265516,-0.004440258342303549
2024-06-21,-0.0015422298829719239,0.00020211609993814328
2024-06-24,-0.0003318483582774867,-0.002920864056496053
2024-06-25,0.0023026175069607024,0.0015439229374620833
2024-06-26,-0.0020918292667110316,0.0033476299225756456
2024-06-27,-0.0002553697031605351,0.00183246800122161
2024-06-28,0.00144666463431542,-0.005374261108282208
2024-07-01,0.0025912838633685986,-0.0005309780356401728
2024-07-02,-0.003008005923457846,0.009766060155959932
2024-07-03,-0.0005810318832052408,0.005046509574202052
2024-07-05,0.0005619756648063134,0.00520313066005107
2024-07-08,0.0014414729232417045,-0.0002871526452574713
2024-07-09,0.00176340551782328,-0.0007894135111299327
2024-07-10,0.0022484276443999196,0.007628953782311987
2024-07-11,0.00021400760716128175,-0.008835364472269402
2024-07-12,0.00206798969633204,0.004232440260680814
2024-07-15,0.003643161276133844,-0.0008908701969793098
2024-07-16,0.0023765736710872343,0.0035438543002412892
2024-07-17,-0.01072626576905833,-0.0033293650721963886
2024-07-18,0.0028202915993011946,-0.010475859974840684
2024-07-19,-0.000434722252664832,-0.00620753675731589
2024-07-22,0.007303605281690828,0.0029845951081846067
2024-07-23,-0.0001983809204872955,-0.0013707382872871765
2024-07-24,-0.008884659834556552,-0.013902580778058948
2024-07-25,0.0002219515697945429,-0.00543008025777969
2024-07-26,0.007186515674216132,0.003985532201648212
2024-07-29,0.0028998728060907197,-0.0023054254221684944
2024-07-30,0.0027536315137004497,-0.0078002428220578235
2024-07-31,0.012880972070118846,0.0033300725223965877
2024-08-01,0.0031980617363367436,-0.017302169576242088
2024-08-02,-0.013370092412026358,-0.005321023128739166
2024-08-05,-0.03989384373206328,0.011218508368502134
2024-08-06,0.0035568857835781564,0.005642072518712737
2024-08-07,0.01210435145731692,-0.018563053830564002
2024-08-08,0.010120768010587922,0.012867175984354384
2024-08-09,-0.0015827329918028932,0.006001817693358502
2024-08-12,0.0022898117581551247,-0.0017611489040060269
2024-08-13,0.006114320761431813,0.010269088500803436
2024-08-14,0.0014936046901421474,0.0016587386891500078
2024-08-15,0.01057458460967231,0.006495868436619201
2024-08-16,-0.0029842192296881676,0.005243049389745069
2024-08-19,0.0007557670489208856,0.008798491791107255
2024-08-20,-0.0008207648084912478,-0.0008051907724413443
2024-08-21,0.0019134174104722401,0.0015202364571818006
2024-08-22,0.0034590051173830627,-0.011268960294859132
2024-08-23,0.0059491509120639385,0.0046492663468529205
2024-08-26,0.0018658257580927984,-0.0042427186380282755
2024-08-27,-0.0023185066513059516,0.0037005495794257826
2024-08-28,-0.0006237720050404905,-0.00518575545106903
2024-08-29,0.0036017596548674202,-0.0034987523758904793
2024-08-30,0.0043336533402758,0.00518982556569636
2024-09-03,-0.005694913797271939,-0.014970831014403552
2024-09-04,-0.0034046381337755616,0.0013650399329223628
2024-09-05,-0.00010993380152923837,-0.002323523106044445
2024-09-06,0.0006006006006005205,-0.017421647558105824
2024-09-09,0.00793960668122562,0.0032323771502071885
2024-09-10,0.0035692842033310246,0.0007823761038407984
2024-09-11,-0.00016371067724729738,0.01042400649062758
2024-09-12,0.001065148875038835,0.007351710791482002
2024-09-13,0.0011104169751159354,0.004108494555974174
2024-09-16,-0.0004813745758784904,0.0019569752961070552
2024-09-17,0.004015711313580583,-0.0035905744740523104
2024-09-18,0.0011904142964453968,-0.004150752167147442
2024-09-19,0.01711634764940162,-5.303595484162926e-05
2024-09-20,-0.0024486231135878445,0.0007213255375824179
2024-09-23,0.0019197869107370202,0.0005797818747459438
2024-09-24,0.0014203491515003552,0.001437739696787066
2024-09-25,-0.0002800888533444068,-0.0019259301026576248
2024-09-26,0.0076144237983848395,-0.003621626735910377
2024-09-27,0.0019044403530334986,-0.0033488136985435624
2024-09-30,-0.0018385266427869418,0.005855660354056491
2024-10-01,-0.0006261828629360311,-0.008336785054864793
2024-10-02,-0.0015999603549646801,0.0020244278598144927
2024-10-03,-0.002635992442308943,0.0008106257605160483
2024-10-04,0.007979171208342795,0.0010989571336383896
2024-10-07,-0.0029314336097908678,-0.006126723471269857
2024-10-08,0.004613620371535676,0.004821789619655403
2024-10-09,-1.755818343029958e-05,0.0069426276282869015
2024-10-10,-0.0023732342422303487,0.0006257450386109031
2024-10-11,-0.00013799705140471463,0.006126866493010974
2024-10-14,0.00283033283324996,0.00533301935470476
2024-10-15,0.00046330264168625845,-0.0082288515931781
2024-10-16,0.0,0.004346444993343246
2024-10-17,0.006199371939848541,-0.0060752944894655325
2024-10-18,0.002953390350414642,0.0008908171739903104
2024-10-21,-0.0012670365633010716,-0.0003757668315100826
2024-10-22,-0.004421230874813942,0.003907406926294321
2024-10-23,-0.003531618074569476,-0.005625253214306625
2024-10-24,0.003442301832585981,-0.0012771081828624187
2024-10-25,0.003919619991451739,-0.004246982634790508
2024-10-28,0.006112609668942115,-0.0030040508909369157
2024-10-29,-0.0016876145723957459,0.003313246738821052
2024-10-30,-0.0008251438812207912,-0.002202200815783928
2024-10-31,-0.007672660896844263,-0.01202287073140873
2024-11-01,0.004712990722682164,-0.0004896978493809101
2024-11-04,0.0002432065193447297,-0.0023979970293732666
2024-11-05,0.0016319437085390298,0.010443997742981992
2024-11-06,0.021673766192065846,0.003124023208981752
2024-11-07,0.0034514347207179608,0.004265940857158812
2024-11-08,0.0009394542041420983,0.0033879764816699964
2024-11-11,0.002708631955800511,-0.0017499823827277217
2024-11-12,-0.0001344621430239279,-0.002973693986884851
2024-11-13,0.0007890557295897604,-0.00030324369674272766
2024-11-14,0.00021907576988278166,-0.006646650896666162
2024-11-15,-0.006117841811301705,-0.00673060514010726
2024-11-18,0.0008006377612381765,0.003292692557278709
2024-11-19,-0.005848533588857285,0.009559347472125834
2024-11-20,0.00013638936435733662,0.00020285151269283652
2024-11-21,0.004911760445160063,0.000454516931603699
2024-11-22,-1.6951882082727465e-05,0.0031158087456242267
2024-11-25,0.006732766298313653,-0.0033186899148420768
2024-11-26,0.00212719372115755,0.0030890600551594094
2024-11-27,-0.0003166672530874326,-0.002713474521161441
2024-11-29,0.0013847971457043862,0.004818270155423132
2024-12-02,0.0006981467377507045,0.0010948917292279425
2024-12-03,-0.0003984648267262303,0.0008622947046432738
2024-12-04,0.002847953606185838,0.003351673094722729
2024-12-05,0.0,-0.0016462241183426984
2024-12-06,0.0012873001864592837,0.0006096874026655374
2024-12-09,-0.0001986899707925316,-0.004953331699335539
2024-12-10,0.0011417254033900814,-0.00424583271685075
2024-12-11,0.004943428545670425,0.0027743721114132924
2024-12-12,-0.00144961630727225,-0.0037097686703730925
2024-12-13,0.0034254958809118996,-0.0036112945893644888
2024-12-16,0.0029631332260675602,0.0013036467233626947
2024-12-17,-0.004283994148690851,0.00016323566399423228
2024-12-18,-0.0005129426420209526,-0.02930438940996316
2024-12-19,0.008665172119019182,-0.008895355763176238
2024-12-20,-0.004047164838259509,0.016123415157251797
2024-12-23,-0.0004411430355391044,0.006431648668008716
2024-12-24,0.0023039026356579395,0.008790572682925157
2024-12-26,-0.0029941767848712386,0.0030700917848693887
2024-12-27,-0.006319876838293492,-0.004233333557141727
2024-12-30,-0.011966771517094799,0.0005613117976139836
2024-12-31,0.002864665038809333,-0.006483194363208544
2025-01-02,0.005647561365888398,-0.008059589226425912
2025-01-03,0.004942638967758928,0.007523456385463145
2025-01-06,0.007297835387808815,-0.0015256980026306932
2025-01-07,0.0034603883249799683,-0.014713857115754903
2025-01-08,0.00011927785776966182,0.0013425677460026098
2025-01-10,-0.006125334553862771,-0.009200117098624783
2025-01-13,-0.008129603679660868,0.009760575844360408
2025-01-14,0.005108281419553551,-0.003714332793233188
2025-01-15,0.013973785584828091,0.004159339399036677
2025-01-16,0.002351933915732962,-0.004265749257671869
2025-01-17,0.008991872730416794,0.0010383587882454304
2025-01-21,0.005171302543858003,0.003962469254544798
2025-01-22,0.004758483272958358,0.0008591250167604425
2025-01-23,-0.0010552047394899455,0.0065200402659673085
2025-01-24,9.869687229602242e-05,-0.0030181814593194245
2025-01-27,-0.021644914517435554,0.007665755522092477
2025-01-28,0.0020851008998064025,0.006492779955211914
2025-01-29,-0.0013223672530765507,-0.003163263610838851
2025-01-30,0.003571630950357285,0.0017885938530164402
2025-01-31,0.004066469283485752,-0.009349837124945748
2025-02-03,-0.015204594544145356,0.008605618953008376
2025-02-04,0.00010067485712572655,0.006606961301125036
2025-02-05,-0.0018950758030320536,0.005959865673411224
2025-02-06,0.0029299079693496655,0.0005445460157933457
2025-02-07,0.0009396164115256234,-0.010083130877419189
2025-02-10,0.005425990326711316,0.0013566493252452627
2025-02-11,-0.0038024263891374144,0.004580993869258476
2025-02-12,-0.010094532680469559,0.00694338662510896
2025-02-13,0.0018568666663341116,0.008684715299302592
2025-02-14,0.00034380541600453896,-0.0003930203531921084
2025-02-18,0.001934617814276729,0.0009999211884779147
2025-02-19,-0.0023062148060303267,0.004670769139713649
2025-02-20,-0.002268070928763577,-0.0018959957750129819
2025-02-21,-0.0003598718264726797,-0.01675074918095587
2025-02-24,0.0034674098582108126,-0.008023791474721653
2025-02-25,-6.550229342006109e-05,-0.004874361730717647
2025-02-26,0.0028440834624565703,-0.0023327717401367964
2025-02-27,0.0038852345902282703,-0.019769435014956316
2025-02-28,0.0008709128812813827,0.014720693931524975
2025-03-03,0.0033659803037822122,-0.020814546629160713
2025-03-04,-0.006955087454039388,-0.004917193220432825
2025-03-05,-0.0002938466085927738,0.011045966595995216
2025-03-06,-0.012999903666189638,-0.004813901403909249
2025-03-07,-0.003161159593900509,0.008793228247960139
2025-03-10,-0.01446377785866415,-0.012350500452386393
2025-03-11,-0.0021041368834083807,-0.006221726556014162
2025-03-12,0.011242158364501487,-0.0058699267062040095
2025-03-13,-0.0006801939719377481,-0.012657704982803941
2025-03-14,0.008505421387605905,0.01204812758029239
2025-03-17,-3.564280915258067e-05,0.007745458498707114
2025-03-18,-0.004141841262430335,-0.006693221714523134
2025-03-19,0.003225241267355461,0.007641559533950293
2025-03-20,-0.006701094742054714,0.0038334095979459804
2025-03-21,-0.008006470448426173,0.008403661850951316
2025-03-24,0.012092627398134548,0.0057463209530486115
2025-03-25,0.002125139353400085,0.00027811576568770313
2025-03-26,-0.00046918986549882025,-0.011474469305794655
2025-03-27,-0.002479818498390851,-0.00017631087132818912
2025-03-28,-0.0027333004161671504,-0.017452655031563347
2025-03-31,-0.010492027498830048,0.017387192404925145
2025-04-01,-0.003468063426232071,0.006314467665261336
2025-04-02,-0.010553149009751128,0.01706152598864974
2025-04-03,-0.03438319280096358,-0.015428078736401729
2025-04-04,-0.0242779951555806,-0.035117535852731696
2025-04-07,-0.031843730208993004,0.031051329749177237
2025-04-08,0.03465640984971663,-0.04863373318514541
2025-04-09,-0.006123106670963607,0.11182717250324248
2025-04-10,-0.029984324304618948,-0.014262359772253097
2025-04-11,-0.0029928704868658063,0.020898261983518518
2025-04-14,0.018934711765366652,-0.00906166712618317
2025-04-15,0.0010294554088141616,-0.0038263769861489605
2025-04-16,-0.011030300775655366,-0.011322600060186594
2025-04-17,0.0037666932998516867,-0.0023311348646805063
2025-04-21,-0.009973214794551821,-0.013968838744339518
2025-04-22,0.01218183233439718,0.013669396700888292
2025-04-23,0.024997629208155514,-0.009270395795940245
2025-04-24,0.002418661984983972,0.018585282691931493
2025-04-25,-7.316760869979788e-05,0.00729900301838482
2025-04-28,0.0013620514310619392,-0.0009793431146737364
2025-04-29,-0.0035218298992467645,0.009855896230711814
2025-04-30,-0.012177081829989889,0.012728966159577526
2025-05-01,0.010513218162801596,-0.0033906169138248066
2025-05-02,0.011209196554873069,0.00359463814566241
2025-05-05,-0.007392899992942237,0.0016709031764934323
2025-05-06,-0.00990222001384189,0.0015593354004983517
2025-05-07,0.002415891195418851,0.0017852360974739412
2025-05-08,0.007288603760135404,-0.00031844880050968527
2025-05-09,0.0025130074682335746,-0.003777715012003968
2025-05-12,0.03035404188964108,0.0026140643541368025
2025-05-13,0.0007204240209950363,0.005879227301554657
2025-05-14,0.0016529207279665226,-0.0003742705976419458
2025-05-15,-0.0034547899045254127,0.00836805792745432
2025-05-16,0.0013379399112556367,0.004989429175475735
2025-05-19,-0.0102659037361158,0.01147763985716721
2025-05-20,-0.002958729091367518,-0.0004046603382286129
2025-05-21,-0.007438643839082326,-0.009482700020392976
2025-05-22,-0.0003431355728649166,0.0007379947138983489
2025-05-23,-0.012193657925877677,0.005434216465849406
2025-05-27,0.012018442092176063,0.008667906564062244
2025-05-28,0.0006935633933857765,-0.006474406653593778
2025-05-29,0.00906879009068784,-0.005075371800492334
2025-05-30,-0.0018981442250657343,0.0007810775474166309
2025-06-02,-0.002765571183766302,0.008421804818293355
2025-06-03,-0.0006242513202071587,0.006330823513522654
2025-06-04,0.0014595111476454203,-0.0017254087376039617
2025-06-05,0.0028526840400719955,-0.00766360457139037
2025-06-06,0.009459573391788156,0.0008017906658204232
2025-06-09,0.0009680542110359625,-6.669779230317197e-05
2025-06-10,0.0009004802561367597,0.004764919529505862
2025-06-11,0.0018405518339192906,-0.0046839570333836456
2025-06-12,-0.0022449115338566417,0.006233229446175992
2025-06-13,-0.008695652173912993,-0.0025062656641604564
2025-06-16,0.005695142378559392,0.0037974683544304
2025-06-17,-0.004098360655737543,-0.00446510388030863
2025-06-18,0.0015229360868911357,-0.0016710112960363066
2025-06-20,0.0015733797536152672,-0.00685183328319805
2025-06-23,0.0012788584505620815,0.008587657972573215
2025-06-24,0.0069649254353079115,0.0040540764152035
2025-06-25,0.0018622894624080732,-0.0012995344705629686
2025-06-26,0.0030801159573066172,0.004729141693623928
2025-06-27,0.0016506774314806183,0.0033122307792716743
2025-06-30,0.004016847994015471,0.0007612815445916521
2025-07-01,-0.0024115885732782782,0.0020929327016678823
2025-07-02,-0.0006638063628268132,0.0052005702806039444
2025-07-03,0.0032234668385848764,0.004642943208289729
2025-07-07,-0.003166277545015528,-0.004299281314168457
2025-07-08,0.001079461236063839,-0.001625492878409851
2025-07-09,0.003917206693103692,0.002071390722096389
2025-07-10,0.000224337403454955,0.002595322012175494
2025-07-11,-0.004921542935668488,0.0014131098050551572
2025-07-14,-0.000737628684134628,0.0026477951088001994
2025-07-15,0.004337318544837654,-0.008573431922488495
2025-07-16,0.0025717684122545936,0.0007695514156540462
2025-07-17,0.00028835987312159084,0.005829596412556093
2025-07-18,0.002006241640659878,-0.0027331956141742886
2025-07-21,0.0018961725995090273,0.0
2025-07-22,0.0005248342001049622,-0.0003814973772054975
2025-07-23,0.0042775816556943624,0.004211859710236743
2025-07-24,0.000614938269658305,-0.00028364323983620654
2025-07-25,0.001056082721225815,0.0031649057613880593
2025-07-28,0.0005964526761890188,-0.0008470853987575522
2025-07-29,0.002213709297578914,-0.0048406046839508665
2025-07-30,0.0010389446840664007,-0.0022958862750029896
2025-07-31,0.007872836743057166,-0.011533258790688894
2025-08-01,-0.009144412099734378,-0.007312789398051911
2025-08-04,0.006353342340603474,0.008790576501989777
2025-08-05,0.0009823027076698576,-0.006046312857120095
2025-08-06,0.001719827380288752,0.005929576345282683
2025-08-07,0.005467935143335767,-0.006271218408147927
2025-08-08,0.0028627916172399015,0.004920669968141889
2025-08-11,0.0004394362660473661,-0.0024158378564931304
2025-08-12,0.0037268838847654973,0.006893418352159841
2025-08-13,0.003454231433505983,-3.101207920486182e-05
2025-08-14,-0.003256369303292095,0.0033603509699904333
2025-08-15,0.0016125281029537586,-0.003947429526772739
2025-08-18,-0.0009014049484024067,0.0006844414024824719
2025-08-19,-0.0002798072438985333,-0.005146784425923756
2025-08-20,-0.0006408152420249724,-0.0020175164216452712
2025-08-21,-0.0028678441021141587,-0.0011472936443075454
2025-08-22,0.0034773031232790963,0.01183830908178618
2025-08-25,-0.001968046365312781,-0.0024377367865349164
2025-08-26,-0.0004202530857471132,0.004609156026159855
2025-08-27,-0.0009145018290035445,0.0031959290689915765
2025-08-28,0.0009433524581290431,0.0025956368580433153
2025-08-29,-0.0022344819084015866,-0.003737624909262327
2025-09-02,-0.011704519029532512,0.004345098039215678
2025-09-03,0.00374841863588804,0.0016649291238117758
2025-09-04,0.001056327088575948,0.007293380093727819
2025-09-05,0.0036356913975843508,-0.0065082581199730205
2025-09-08,0.0021321302762498107,0.0003237642995899126
2025-09-09,0.00021577300679687106,0.0020956284574018547
2025-09-10,0.005058970061353474,-0.0021572167314340973
2025-09-11,0.0030204995323590556,0.005273777859304829
2025-09-12,-4.561835682670434e-05,-0.00028892944038938495
2025-09-15,0.0033920992987632737,0.00192529258383356
2025-09-16,0.000847316578656887,-0.002222323007846194
2025-09-17,1.5151515151412553e-05,-0.0012575567036863244
2025-09-18,0.004111168421372158,0.0005590052727795225
2025-09-19,0.00010569866819687412,0.002068455301737826
2025-09-22,-0.0022600572547838427,0.007006946541830317
2025-09-23,-0.0001799532121647962,-0.005264578833693245
2025-09-24,0.0019601634474750718,-0.005131600728356167
2025-09-25,-0.0047799122674330174,0.00016718849743124764
2025-09-26,0.002218676392371499,0.003502600415460133
2025-09-29,0.003837901544226474,-0.0010235414534289777
2025-09-30,-0.0011300626808100622,0.004902478391383802
2025-10-01,-0.004518298357801154,0.007961759428201098
2025-10-02,0.002991996409604347,-0.001834588709076046
2025-10-03,0.0011505932279369802,-0.0011641964805444438
2025-10-06,0.00360126118856563,-1.4889371966253506e-05
2025-10-07,0.0013847322106579352,-0.005085199393344619
2025-10-08,0.0016887852702056616,0.0042670645281610575
2025-10-09,0.0006239693363638832,-0.003518774219411158
2025-10-10,0.0014452589546456451,-0.028431999761950877
2025-10-13,0.011684175063550795,0.0036176492847952435
2025-10-14,-0.008853161196911152,0.007699681969657757
2025-10-15,0.006931126647841346,-0.0024744308808974935
2025-10-16,0.002480568877129219,-0.009267868390270384
2025-10-17,-0.0017255994187453938,0.007414708112206236
2025-10-20,0.00441006035611613,0.005964155127974546
2025-10-21,0.00020855057351432116,-0.00022340045275837106
2025-10-22,0.0010576650925830933,-0.006250000000000089
2025-10-23,0.00047918538484581497,0.005448123091660095
2025-10-24,0.0069965463856138665,0.0011678443662594962
2025-10-27,0.008091546696197938,0.003676416738681354
2025-10-28,0.002641410308796832,1.4554981442316262e-05
2025-10-29,0.002416091753267624,-0.0019311185968173827
2025-10-30,-0.005077175984521176,-0.005951162450650638
2025-10-31,0.007663680626038838,-0.004350110942426766
2025-11-03,0.005292789490660699,-0.003398136129624918
2025-11-04,-0.010580384581613811,-0.0012867728624040842
2025-11-05,-0.0003850482791303289,0.0038519659841773635
2025-11-06,-0.0016381829451872498,-0.009106094874865245
2025-11-07,-0.003580432934015554,0.004581455585333405
2025-11-10,0.009337228192020541,0.006209070706623354
2025-11-11,-0.00218654613759095,0.004485623942936945
2025-11-12,0.0026207906295754313,-0.0020590253946465298
2025-11-13,-0.004214346337323316,-0.01243203526818526
2025-11-14,-0.009910124397357278,0.009843998917911545
2025-11-17,-0.0033187980890865276,-0.0060176198297746675
2025-11-18,-0.005370528940766395,-0.003043369909151994
2025-11-19,0.0010604775178764125,0.0027997215412089993
2025-11-20,0.01551393688785585,-0.030286368162161348
2025-11-21,0.003861891407291651,0.006075872070834265
2025-11-24,0.005553616679058848,0.009114367200349971
2025-11-25,-0.0001495371824203895,0.009556855061842784
2025-11-26,0.0038665521021599147,0.0030252497675722356
2025-11-28,0.0017361111111111605,0.003715888728960337
2025-12-01,-0.0067018832584615495,0.002150822763365312
2025-12-02,0.0024255075190733333,-0.0005719145940872306
2025-12-03,-0.0014085953663079964,0.0048782638082782714
2025-12-04,0.002061735074353921,-0.0013278855975484838
2025-12-05,0.001578047604436028,0.00032094767094115184
2025-12-08,0.0013125464860213043,-0.004311160954863946
2025-12-09,-0.0007021341953981075,-0.00016101880992458462
2025-12-10,-0.0007027406886859211,0.007340014064697753
2025-12-11,-0.003534185610192475,0.005882009516303244
2025-12-12,-0.0014510207931279773,-0.009314558902596692
2025-12-15,0.005837831494954315,-0.007305976025898997
2025-12-16,-0.0022035168128332616,-0.0005300119252683588
2025-12-17,0.0015024967961465574,-0.012487314124343674
2025-12-18,0.009234435507893934,-0.0016676505312869239
2025-12-19,0.00017739145860118377,0.005911999881760055
2025-12-22,0.004922199856007392,0.0013012837383397091
2025-12-23,-0.0013287969277048228,0.005907123640191969
2025-12-24,-1.453572882148535e-05,0.0035322334471981076
2025-12-26,0.0003766041889974314,-0.0004778176763582387
2025-12-29,-0.004012689950891657,0.0004508828577247659
2025-12-30,-0.0005887911608635221,-0.0006327778949589691
2025-12-31,0.00018922577546187647,-0.007596705183805397
2026-01-02,0.005557836696386875,-0.003704189817853143
2026-01-05,0.004932886397236436,0.0017187636554316654
2026-01-06,0.00030535683126853286,0.005640108731993054
2026-01-07,0.0005492837628831015,-0.0037706410089715092
2026-01-08,-0.0011021201310942308,0.0010017130745332281
2026-01-09,0.0016243419239749812,0.0049809594138685576
2026-01-12,-0.004884233578745789,0.00648636126715707
2026-01-13,0.000474710857931937,-0.002473076535967511
2026-01-14,-0.003992677688571145,-0.0009261939218523363
2026-01-15,0.006098267570542992,-0.003354593489497182
2026-01-16,0.0020513116838090095,-0.0028832569270247355
2026-01-20,-0.014703756180782457,-0.005737428282146406
2026-01-21,0.003054989816700493,0.008460236886632888
2026-01-22,0.0064925590895827945,-0.0012611437268971182
2026-01-23,-0.0012046793811141265,0.0015694252706532907
2026-01-26,0.0018281270403204264,0.003244073049573526
2026-01-27,0.002093167612200908,0.0018871186147686458
2026-01-28,0.0022430229047145644,-0.002338426224804513
2026-01-29,0.0013948405280261866,-0.0033745458722842514
2026-01-30,-0.003241888075615207,0.00026019456771564364
2026-02-02,-0.0034539069612844475,0.008454421531946865
2026-02-03,0.00115040048316839,-0.00959480616480668
2026-02-04,0.0011892158426756172,-0.006025928876656761
2026-02-05,-0.007650942158877294,-0.00487561312303586
2026-02-06,0.005666892948850366,0.013441728054471191
2026-02-09,-0.001737569140772166,0.006570740622552362
2026-02-10,0.0014410260105195416,-0.004072235412619696
2026-02-11,0.006169450384326369,-0.006361377963497339
2026-02-12,0.00329498814960405,-0.0186823000691404
2026-02-13,0.0006164956625127616,8.80165471108807e-05
2026-02-17,-0.0023615694902824336,0.0039844737848091505
2026-02-18,0.0017134070440065763,0.003318616414724751
2026-02-19,-0.0035699194218186125,0.0009358914365933391
2026-02-20,-0.003155680224403934,0.010420330636651265
2026-02-23,-0.0023207577273978153,-0.007908930985854101
2026-02-24,-0.0007180644499480415,0.007992374248423584
2026-02-25,0.00411726194806139,0.004303225245588127
2026-02-26,0.0001875495924403836,-0.005740826217401351
2026-02-27,-0.009009139706948943,0.004245414220673593
2026-03-02,-0.010626977069636556,0.011315750699867344
2026-03-03,-0.01649232203735551,0.007806713477320759
2026-03-04,0.00191083738773834,0.005134750524478093
2026-03-05,-0.004451709894472522,-0.0011288998357965596
2026-03-06,-0.011595309037002233,-0.0015295288160258602
2026-03-09,-0.008908652845117326,0.017827398370323655
2026-03-10,-0.0008108865201172932,-0.0007967892344922234
2026-03-11,0.0005906848991406033,-0.0018448006139496487
2026-03-12,-0.007644197359277349,-0.0075987841945288626
2026-03-13,0.004819385640933316,-0.010429273686255236
2026-03-16,0.009195367588216596,0.000972500673269705
2026-03-17,0.00502219631406664,-0.0023795713797052365
2026-03-18,-0.003622594254535594,-0.010368663594470195
2026-03-19,-0.006742965997913464,0.004307654839642572
2026-03-20,-0.004986359502879623,-0.012094255990007685
2026-03-23,0.014647609355967761,-0.004087711033780694
2026-03-24,-0.006194879306661738,0.0028557391144137245
2026-03-25,0.008405033834471443,-0.0028086902394217628
2026-03-26,-0.0072470387625226396,-0.010689200380332942
2026-03-27,-0.004014943651273528,-0.013089494163424087
2026-03-30,0.0094939204213913,-0.012716564340503944
2026-03-31,0.011029004541354803,0.0178420508967978
2026-04-01,0.005474059722606617,0.002049243003517498
2026-04-02,-0.013460716683963203,0.014557099099656634
2026-04-06,4.5743561593702964e-05,0.00468087701643638
2026-04-07,-0.003460155099934692,0.003913804918906694
2026-04-08,0.02604593307241876,-0.0005618060586347617
2026-04-09,-0.001730743628052811,0.007512891944757127
2026-04-10,0.0020738038858085783,-0.002729994716139328
2026-04-13,-0.0030171018161482266,0.012828272390428275
2026-04-14,0.0023174464363795444,0.009844552051069488
2026-04-15,0.0011519741957779495,0.006731294767425178
2026-04-16,0.001600137154613046,0.0008558468604684677
2026-04-17,0.006384858763503809,0.0056645990879995445
2026-04-20,-0.0019151153293717194,-8.465250148137482e-05
2026-04-21,0.002201151371486576,-0.008728951962606146
2026-04-22,0.007200886262924477,0.0029048861312839236
2026-04-23,-0.002404353144640825,-0.0014799154334037556
2026-04-24,0.003246524101912618,0.004488216672529077
2026-04-27,-0.0010785220046504174,0.0028043804422508423
2026-04-28,-0.0046911923039275605,-0.00017560742608679902
2026-04-29,-0.0009695232474814519,0.0008157524613221501
2026-04-30,0.004286236262964094,0.005639281866140378
2026-05-01,0.003603929535524575,-0.0008318890814558166
2026-05-04,-0.0008048289738429304,-0.0028608329745719585
2026-05-05,0.0052366958677456665,0.002770965820136695
2026-05-06,0.006065462785138864,0.007786750164799017
2026-05-07,0.0016625103906897643,-0.00472076729474169
2026-05-08,0.004579130101970863,0.003660212537248464
2026-05-11,-0.0015861825872399704,0.00386991649127566
2026-05-12,-0.0032598403895576222,0.0017506004966818534
2026-05-13,0.0003928581104881701,0.00519994041734928
2026-05-14,0.0018051757352051112,0.006078128151684181
2026-05-15,-0.008527473702500732,-0.003531996926353864
2026-05-18,0.0008928933804133177,-0.00159496100455514
2026-05-19,-0.005239287890069777,-0.0014289991562099758
2026-05-20,0.00269854033500061,0.007530140952277442
2026-05-21,-0.0035210792580101513,0.005523665114264054
2026-05-22,0.004739336492890933,-0.0008040308747856439
2026-05-26,0.005860737084920409,0.0007733230223596621
2026-05-27,0.0003863627279871995,-0.0005593437033879489
2026-05-28,-0.0002798283719319672,0.005798067310896382
2026-05-29,0.0017227670288895158,0.0007672972615426765
2026-06-01,-0.0014805414551607443,0.0042099131539927725
2026-06-02,-0.001990666279958808,0.0033552170983977003
2026-06-03,-0.0018694787840489724,-0.005157290773593615
2026-06-04,-0.0028372931692829395,0.00663475601648722
2026-06-05,-0.006313648311297326,-0.01961957171910511
2026-06-08,0.007877432038505994,-0.005569306930693019
2026-06-09,0.005965747679987032,-0.00884848647849068
2026-06-10,-0.0049657418085611305,-0.010853706759023196
2026-06-11,0.004590380877548483,0.012349744771941396
2026-06-12,0.003998590327477736,0.0014040582684180514
2026-06-15,0.013616447590158343,0.003963556560484083
2026-06-16,-0.00037094445106855556,-0.0055927373931481394
2026-06-17,0.0012794370476989503,-0.013749683877064656
2026-06-18,0.009177283524076874,-0.0013640740344494917
2026-06-22,0.0012855880226050331,-0.004426909188177119
2026-06-23,-0.014212979755235833,-0.00031343263242511465
2026-06-24,0.0021674527658877007,-0.0026252431410421773
